gene	transcript	n_cds_exons	dead_10x_n	dead_10x_exons	dead_20x_n	dead_20x_exons	dead_30x_n	dead_30x_exons
A2M	ENST00000318602	36	0		0		11	3,4,5,6,14,15,22,23,25,30,34
A2ML1	ENST00000299698	35	0		0		6	5,19,21,27,29,31
A4GALT	ENST00000642412	1	0		0		1	3
AAAS	ENST00000209873	16	0		0		1	14
AAGAB	ENST00000261880	10	0		0		3	1,4,6
AANAT	ENST00000392492	3	0		0		0	
AAR2	ENST00000320849	3	0		0		1	2
AARS1	ENST00000261772	20	0		0		9	4,5,8,9,12,14,16,17,21
AARS2	ENST00000244571	22	0		0		4	1,6,14,16
AASS	ENST00000417368	23	0		0		10	3,7,15,16,17,18,19,20,21,23
ABAT	ENST00000268251	15	0		0		6	4,7,9,12,14,15
ABCA1	ENST00000374736	49	0		0		17	2,10,11,13,17,21,23,25,27,28,29,30,35,36,41,48,49
ABCA12	ENST00000272895	53	0		1	26	28	2,4,6,7,9,10,12,14,15,17,18,19,20,21,22,25,26,30,31,32,37,38,41,43,45,46,47,53
ABCA13	ENST00000435803	62	0		0		26	2,6,11,13,14,17,18,19,20,22,24,28,30,31,32,37,39,40,42,43,45,48,51,52,58,60
ABCA2	ENST00000341511	49	0		0		3	14,18,24
ABCA3	ENST00000301732	30	0		0		18	5,6,7,9,10,11,12,13,14,16,18,21,22,24,25,30,31,33
ABCA4	ENST00000370225	50	0		0		16	3,6,9,11,14,15,19,20,21,22,29,36,41,46,47,48
ABCA5	ENST00000392676	38	0		0		8	4,7,8,12,14,19,26,36
ABCA7	ENST00000263094	46	0		0		5	4,7,12,18,23
ABCB1	ENST00000622132	27	0		0		14	3,4,5,7,8,9,11,12,13,16,18,19,21,27
ABCB11	ENST00000650372	27	0		7	22,23,24,25,26,27,28	12	2,6,7,8,20,22,23,24,25,26,27,28
ABCB4	ENST00000649586	27	0		0		13	2,5,6,7,9,10,11,14,20,22,23,25,27
ABCB5	ENST00000404938	27	0		0		10	8,9,11,14,15,16,17,18,21,24
ABCB6	ENST00000265316	19	0		0		3	3,5,15
ABCB7	ENST00000373394	16	0		3	10,13,14	16	1,2,3,4,5,6,7,8,9,10,11,12,13,14,15,16
ABCC1	ENST00000399410	31	5	13,17,19,21,22	27	1,2,4,5,6,7,8,9,10,12,13,14,16,17,18,19,20,21,22,23,24,25,26,27,29,30,31	31	1,2,3,4,5,6,7,8,9,10,11,12,13,14,15,16,17,18,19,20,21,22,23,24,25,26,27,28,29,30,31
ABCC11	ENST00000356608	29	0		0		13	3,6,8,10,12,15,16,21,24,25,26,29,30
ABCC2	ENST00000647814	32	0		0		16	1,7,8,9,10,12,16,17,22,23,25,27,28,29,30,31
ABCC4	ENST00000645237	31	0		0		9	4,6,8,11,15,18,27,28,30
ABCC6	ENST00000205557	31	9	10,12,18,19,20,21,22,23,26	28	1,2,3,4,6,7,8,9,10,11,12,13,16,17,18,19,20,21,22,23,24,25,26,27,28,29,30,31	31	1,2,3,4,5,6,7,8,9,10,11,12,13,14,15,16,17,18,19,20,21,22,23,24,25,26,27,28,29,30,31
ABCC8	ENST00000302539	39	0		0		0	
ABCC8	ENST00000389817	39	0		0		13	2,4,5,6,8,9,10,19,23,25,26,29,36
ABCC9	ENST00000261200	38	0		0		13	3,5,12,17,22,24,25,27,30,32,35,37,38
ABCD1	ENST00000218104	10	0		1	3	10	1,2,3,4,5,6,7,8,9,10
ABCD3	ENST00000370214	23	0		0		6	2,3,4,10,11,13
ABCD4	ENST00000356924	19	0		0		10	1,5,7,8,9,11,13,16,18,19
ABCG2	ENST00000237612	15	0		0		5	2,9,12,13,16
ABCG5	ENST00000405322	13	0		0		8	1,3,5,7,8,10,12,13
ABCG8	ENST00000272286	13	0		0		8	3,4,5,6,7,9,11,12
ABHD12	ENST00000339157	13	0		0		7	1,3,4,7,9,10,12
ABHD16A	ENST00000395952	20	20	1,2,3,4,5,6,7,8,9,10,11,12,13,14,15,16,17,18,19,20	20	1,2,3,4,5,6,7,8,9,10,11,12,13,14,15,16,17,18,19,20	20	1,2,3,4,5,6,7,8,9,10,11,12,13,14,15,16,17,18,19,20
ABHD5	ENST00000644371	7	0		0		3	1,3,6
ABL1	ENST00000318560	11	0		0		6	3,4,5,6,10,11
ABL2	ENST00000502732	12	0		0		8	1,3,4,6,7,8,11,12
ACACA	ENST00000616317	56	1	1	47	1,2,3,4,5,6,8,9,11,12,13,14,15,17,18,19,20,21,22,23,25,26,27,28,29,31,32,33,34,35,37,38,39,40,41,42,45,47,48,49,50,51,52,53,54,55,56	56	1,2,3,4,5,6,7,8,9,10,11,12,13,14,15,16,17,18,19,20,21,22,23,24,25,26,27,28,29,30,31,32,33,34,35,36,37,38,39,40,41,42,43,44,45,46,47,48,49,50,51,52,53,54,55,56
ACACB	ENST00000338432	52	0		1	4	26	2,4,10,11,14,15,16,17,19,22,23,24,28,29,31,34,35,36,37,39,40,45,47,49,51,53
ACAD8	ENST00000281182	11	0		0		4	1,3,8,9
ACAD9	ENST00000308982	18	0		0		5	1,2,3,9,16
ACADL	ENST00000233710	11	0		0		4	1,2,4,6
ACADM	ENST00000370841	12	0		0		6	2,3,4,8,11,12
ACADS	ENST00000242592	10	0		0		6	2,3,4,5,7,8
ACADSB	ENST00000358776	11	0		0		3	2,7,8
ACADVL	ENST00000356839	20	0		0		4	6,7,10,18
ACAN	ENST00000560601	18	0		1	12	8	3,4,7,8,9,11,12,18
ACAT1	ENST00000265838	12	0		0		2	7,9
ACAT2	ENST00000367048	9	0		0		3	3,5,7
ACBD5	ENST00000396271	13	0		0		3	5,7,13
ACBD6	ENST00000367595	8	0		0		6	2,3,5,6,7,8
ACD	ENST00000620761	12	0		0		3	5,7,12
ACE	ENST00000290866	25	0		1	1	15	1,2,5,6,7,8,14,16,17,19,20,21,22,23,24
ACER3	ENST00000532485	11	0		0		3	1,5,6
ACHE	ENST00000241069	4	0		0		2	2,3
ACKR1	ENST00000368122	2	0		0		1	2
ACKR3	ENST00000272928	1	0		0		1	2
ACMSD	ENST00000356140	10	0		0		5	3,5,6,7,8
ACO2	ENST00000216254	18	0		0		5	7,13,14,15,16
ACOX1	ENST00000293217	14	0		0		5	1,2,6,9,12
ACOX2	ENST00000302819	14	0		0		6	4,6,10,11,13,14
ACP2	ENST00000672073	11	0		0		5	1,5,9,10,11
ACP4	ENST00000270593	11	0		0		1	6
ACP5	ENST00000648477	4	0		0		3	2,4,5
ACR	ENST00000216139	5	0		0		4	2,3,4,5
ACSF3	ENST00000614302	9	0		0		3	3,4,8
ACSL4	ENST00000672401	14	0		4	3,4,15,16	14	3,4,5,6,7,8,9,10,11,12,13,14,15,16
ACSL5	ENST00000354655	20	0		0		7	8,9,10,11,12,16,21
ACSL6	ENST00000651883	21	0		0		6	3,7,17,18,20,21
ACSM3	ENST00000289416	13	0		0		5	2,3,10,13,14
ACTA1	ENST00000366684	6	0		0		6	2,3,4,5,6,7
ACTA2	ENST00000224784	8	0		0		1	2
ACTB	ENST00000646664	5	0		0		3	3,4,5
ACTC1	ENST00000290378	6	0		0		2	3,5
ACTG1	ENST00000573283	5	0		0		5	2,3,4,5,6
ACTG2	ENST00000345517	8	0		0		2	4,6
ACTL6A	ENST00000429709	14	0		0		1	14
ACTL6B	ENST00000160382	14	0		0		1	7
ACTL7A	ENST00000333999	1	0		0		1	1
ACTL9	ENST00000324436	1	0		0		1	1
ACTN1	ENST00000394419	22	0		0		6	3,6,9,10,17,21
ACTN2	ENST00000366578	21	0		0		9	1,5,9,10,15,16,17,20,21
ACTN3	ENST00000513398	21	0		0		6	8,10,11,15,18,20
ACTN4	ENST00000252699	21	0		0		4	10,11,17,18
ACVR1	ENST00000434821	9	0		0		4	4,5,9,11
ACVR1B	ENST00000257963	9	0		0		5	2,4,6,7,8
ACVR2B	ENST00000352511	11	0		0		7	2,5,6,7,8,9,10
ACVRL1	ENST00000388922	9	0		0		3	2,4,8
ACY1	ENST00000636358	14	0		0		1	11
ADA	ENST00000372874	12	0		0		5	3,6,7,9,12
ADA2	ENST00000399837	9	0		0		4	2,3,4,9
ADAM10	ENST00000260408	16	0		0		6	3,4,8,9,12,14
ADAM17	ENST00000310823	19	0		0		5	2,12,13,17,19
ADAM20	ENST00000256389	1	0		0		1	2
ADAM22	ENST00000413139	32	0		0		8	2,3,6,11,13,17,20,29
ADAM9	ENST00000487273	22	0		1	21	7	1,3,4,6,16,21,22
ADAMTS1	ENST00000284984	9	0		0		3	1,7,9
ADAMTS10	ENST00000597188	24	0		0		9	4,7,8,9,10,11,12,17,24
ADAMTS13	ENST00000355699	29	0		0		12	5,6,8,14,16,20,21,22,23,24,26,29
ADAMTS15	ENST00000299164	8	0		0		5	1,4,5,6,8
ADAMTS17	ENST00000268070	22	0		0		14	2,3,4,6,9,11,12,13,14,16,17,19,20,22
ADAMTS18	ENST00000282849	23	0		0		12	1,3,4,5,7,8,10,12,15,16,18,22
ADAMTS19	ENST00000274487	23	0		0		10	1,2,6,7,8,11,14,18,20,21
ADAMTS2	ENST00000251582	22	0		0		8	3,4,6,11,12,13,15,19
ADAMTS3	ENST00000286657	22	0		0		8	1,2,3,6,13,15,19,22
ADAMTS6	ENST00000381055	24	0		0		11	3,4,6,7,9,13,14,15,19,23,25
ADAMTS9	ENST00000498707	39	0		1	13	20	2,3,6,8,10,11,12,13,14,17,19,20,22,23,26,27,29,32,36,37
ADAMTSL2	ENST00000651351	18	0		0		7	4,6,8,10,11,12,14
ADAMTSL4	ENST00000271643	17	0		0		5	6,8,10,11,17
ADAR	ENST00000368474	15	0		0		9	2,3,6,7,8,9,11,12,15
ADARB1	ENST00000348831	9	0		0		5	4,6,8,9,10
ADAT3	ENST00000329478	1	0		0		0	
ADCY1	ENST00000297323	20	0		0		7	1,8,9,15,16,17,18
ADCY10	ENST00000367851	32	0		0		10	6,20,21,25,26,27,28,30,32,33
ADCY3	ENST00000679454	21	0		0		7	2,4,5,13,14,17,22
ADCY5	ENST00000462833	21	0		0		7	1,2,3,5,15,18,19
ADCY6	ENST00000357869	21	0		0		4	2,3,6,20
ADD1	ENST00000683351	15	0		0		8	2,5,7,10,11,12,15,16
ADD3	ENST00000356080	14	0		0		6	3,4,11,12,14,15
ADGRA3	ENST00000334304	19	0		0		6	1,4,5,13,16,19
ADGRE2	ENST00000315576	20	0		0		7	5,6,7,11,13,15,19
ADGRG1	ENST00000562631	13	0		0		4	2,3,12,13
ADGRG2	ENST00000379869	27	0		5	4,5,8,11,13	25	4,5,6,7,8,9,10,11,12,13,14,15,16,17,18,19,20,21,22,23,24,26,27,28,29
ADGRG4	ENST00000394143	23	0		2	6,23	21	4,5,6,7,8,10,11,12,13,14,15,16,17,18,19,20,21,22,23,24,25
ADGRG6	ENST00000367609	25	0		0		16	3,4,5,6,7,8,9,12,13,14,15,16,20,22,23,25
ADGRL1	ENST00000361434	22	0		0		9	3,5,8,10,12,17,18,20,23
ADGRV1	ENST00000405460	90	0		0		38	1,2,3,4,7,11,12,14,15,17,19,20,21,23,24,28,31,33,35,42,44,46,47,49,58,63,67,70,71,72,74,76,78,79,80,81,82,84
ADH1B	ENST00000305046	9	0		0		4	1,4,6,8
ADH1C	ENST00000515683	9	0		0		5	3,4,6,7,8
ADH5	ENST00000296412	9	0		0		1	5
ADIPOQ	ENST00000320741	2	0		0		1	3
ADIPOR1	ENST00000340990	7	0		0		3	2,3,6
ADK	ENST00000539909	11	0		0		3	9,10,11
ADNP	ENST00000621696	3	0		0		2	4,6
ADPRS	ENST00000373178	6	0		0		3	1,3,4
ADRA2A	ENST00000280155	1	0		0		1	1
ADRA2B	ENST00000620793	1	0		0		1	1
ADRA2C	ENST00000330055	1	0		0		1	1
ADRB1	ENST00000369295	1	0		0		1	1
ADRB2	ENST00000305988	1	0		0		1	1
ADRB3	ENST00000345060	2	0		0		2	1,2
ADSL	ENST00000623063	13	0		0		2	1,9
ADSS1	ENST00000330877	13	0		0		1	12
AEBP1	ENST00000223357	21	0		0		3	1,11,18
AFDN	ENST00000683244	34	0		0		7	5,6,19,21,22,30,32
AFF2	ENST00000370460	21	0		4	3,11,15,20	21	1,2,3,4,5,6,7,8,9,10,11,12,13,14,15,16,17,18,19,20,21
AFF3	ENST00000672756	22	0		0		12	4,6,7,8,13,14,15,16,17,20,24,25
AFF4	ENST00000265343	20	0		0		9	2,3,7,10,11,13,14,15,19
AFG2A	ENST00000274008	16	0		0		6	1,3,5,10,13,16
AFG2B	ENST00000305560	8	0		0		6	1,2,3,5,7,8
AFG3L2	ENST00000269143	17	0		0		9	3,6,8,12,13,14,15,16,17
AFP	ENST00000395792	14	0		0		6	6,9,10,11,12,13
AGA	ENST00000264595	9	0		0		4	1,4,8,9
AGAP1	ENST00000304032	18	0		0		8	1,9,12,13,14,16,17,18
AGBL1	ENST00000614907	23	0		0		11	1,2,4,5,7,9,11,14,15,21,22
AGBL2	ENST00000525123	18	0		0		9	2,3,4,10,12,14,15,17,19
AGBL5	ENST00000360131	14	0		0		4	6,7,9,11
AGK	ENST00000649286	15	0		7	10,11,12,13,14,15,16	9	3,8,10,11,12,13,14,15,16
AGL	ENST00000361915	33	0		0		11	3,7,8,16,17,19,20,21,22,31,32
AGMO	ENST00000342526	13	0		0		5	1,2,5,7,9
AGO1	ENST00000373204	19	0		0		4	6,8,12,14
AGO2	ENST00000220592	19	0		0		10	2,4,5,6,9,11,12,14,15,18
AGO3	ENST00000373191	19	0		0		3	6,7,12
AGPAT2	ENST00000371696	6	0		0		1	3
AGPAT3	ENST00000291572	8	0		0		1	3
AGPAT5	ENST00000285518	8	0		0		4	1,4,5,6
AGPS	ENST00000264167	20	0		0		11	1,2,3,4,5,7,8,11,18,19,20
AGR2	ENST00000419304	7	0		0		2	2,8
AGRN	ENST00000379370	36	0		0		4	5,6,7,25
AGRP	ENST00000290953	3	0		0		0	
AGT	ENST00000366667	4	0		0		3	2,3,5
AGTPBP1	ENST00000357081	25	0		0		8	3,4,7,13,14,20,21,25
AGTR1	ENST00000349243	1	0		0		1	3
AGTR2	ENST00000371906	1	0		1	3	1	3
AGXT	ENST00000307503	11	0		0		1	10
AGXT2	ENST00000231420	14	0		0		5	3,5,6,7,14
AHCY	ENST00000217426	10	0		0		4	1,2,9,10
AHDC1	ENST00000673934	1	0		0		1	8
AHI1	ENST00000265602	26	0		0		10	7,8,9,10,11,17,18,21,23,25
AHNAK2	ENST00000333244	7	0		0		4	3,5,6,7
AHR	ENST00000242057	11	0		0		6	3,5,7,8,10,11
AHSG	ENST00000411641	7	0		0		3	2,5,7
AICDA	ENST00000229335	5	0		0		2	2,3
AIFM1	ENST00000287295	16	0		5	1,5,10,11,12	16	1,2,3,4,5,6,7,8,9,10,11,12,13,14,15,16
AIMP1	ENST00000672341	6	0		0		2	4,5
AIMP2	ENST00000223029	4	0		0		2	1,2
AIP	ENST00000279146	6	0		0		0	
AIPL1	ENST00000381129	6	0		0		6	1,2,3,4,5,6
AIRE	ENST00000291582	14	0		0		1	5
AJAP1	ENST00000378191	5	0		0		2	1,2
AK1	ENST00000644144	6	0		0		1	6
AK2	ENST00000672715	6	0		0		2	1,2
AK7	ENST00000267584	18	0		0		9	1,2,3,5,9,10,14,15,18
AK9	ENST00000424296	40	0		0		19	2,11,12,13,16,18,21,22,23,25,26,27,28,30,32,33,34,36,37
AKAP10	ENST00000225737	15	0		0		8	4,5,7,9,10,11,13,14
AKAP3	ENST00000228850	3	0		0		3	4,5,6
AKAP6	ENST00000280979	12	0		0		3	4,12,13
AKAP9	ENST00000356239	50	0		1	23	17	7,8,10,17,20,21,23,31,33,39,41,42,43,44,45,46,50
AKNA	ENST00000374088	21	0		0		9	3,5,6,9,12,16,20,21,22
AKR1C2	ENST00000380753	9	0		1	7	4	1,2,6,7
AKR1C4	ENST00000263126	9	0		0		5	1,3,6,7,8
AKR1D1	ENST00000242375	9	0		0		3	3,4,7
AKR1E2	ENST00000298375	10	0		0		2	5,6
AKT1	ENST00000649815	13	0		0		0	
AKT2	ENST00000392038	13	0		0		5	4,5,10,11,12
AKT3	ENST00000673466	13	0		12	2,3,4,5,6,7,9,10,11,12,13,14	13	2,3,4,5,6,7,8,9,10,11,12,13,14
ALAD	ENST00000409155	11	0		0		1	5
ALAS2	ENST00000650242	10	0		2	3,7	10	2,3,4,5,6,7,8,9,10,11
ALB	ENST00000295897	14	0		0		5	4,5,6,8,9
ALDH18A1	ENST00000371224	17	0		0		4	2,3,4,13
ALDH1A2	ENST00000249750	13	0		0		7	1,2,4,7,8,9,11
ALDH1A3	ENST00000329841	13	0		0		4	2,6,8,13
ALDH1B1	ENST00000377698	1	0		0		1	2
ALDH1L2	ENST00000258494	23	0		0		4	7,11,12,21
ALDH2	ENST00000261733	13	0		0		7	6,7,8,9,11,12,13
ALDH3A2	ENST00000176643	10	0		0		5	2,3,4,6,7
ALDH4A1	ENST00000375341	15	0		0		2	10,12
ALDH5A1	ENST00000357578	10	0		0		4	3,6,7,10
ALDH6A1	ENST00000553458	12	0		0		7	1,2,3,5,6,9,10
ALDH7A1	ENST00000409134	18	0		0		2	1,6
ALDOA	ENST00000642816	9	0		0		6	3,4,6,8,9,10
ALDOB	ENST00000647789	8	0		0		3	4,6,7
ALG1	ENST00000262374	13	0		0		3	1,7,12
ALG10	ENST00000266483	3	0		0		2	1,3
ALG10B	ENST00000308742	3	0		0		2	1,3
ALG11	ENST00000521508	4	0		0		3	1,3,4
ALG12	ENST00000330817	9	0		0		4	3,5,7,10
ALG13	ENST00000394780	27	0		7	1,12,14,16,17,20,25	27	1,2,3,4,5,6,7,8,9,10,11,12,13,14,15,16,17,18,19,20,21,22,23,24,25,26,27
ALG14	ENST00000370205	4	0		0		2	1,4
ALG2	ENST00000476832	2	0		0		2	1,2
ALG3	ENST00000397676	9	0		0		3	1,6,9
ALG5	ENST00000239891	10	0		0		5	2,3,4,5,8
ALG6	ENST00000263440	14	0		0		7	3,6,9,11,13,14,15
ALG8	ENST00000299626	13	0		0		6	1,2,3,8,10,12
ALG9	ENST00000616540	15	0		0		8	1,3,7,9,10,12,14,15
ALK	ENST00000389048	29	0		0		8	1,2,3,16,18,20,24,29
ALKBH8	ENST00000428149	11	0		0		3	4,11,12
ALMS1	ENST00000613296	23	0		0		9	4,5,8,9,10,14,16,18,19
ALOX12B	ENST00000647874	15	0		0		3	2,6,9
ALOX15	ENST00000293761	14	0		0		10	2,3,4,6,7,8,9,10,13,14
ALOX5	ENST00000374391	14	0		14	1,2,3,4,5,6,7,8,9,10,11,12,13,14	14	1,2,3,4,5,6,7,8,9,10,11,12,13,14
ALOX5AP	ENST00000380490	5	0		0		1	3
ALOXE3	ENST00000448843	15	0		0		7	2,3,8,10,12,13,16
ALPI	ENST00000295463	11	0		0		5	4,5,8,9,11
ALPK1	ENST00000650871	14	0		0		3	5,7,11
ALPK3	ENST00000258888	14	0		0		6	3,4,5,6,9,14
ALPL	ENST00000374840	11	0		0		4	3,7,10,12
ALS2	ENST00000264276	33	0		0		8	4,5,6,7,11,13,19,34
ALX1	ENST00000316824	4	0		0		3	1,2,4
ALX3	ENST00000647563	4	0		0		2	1,2
ALX4	ENST00000652299	4	0		0		3	1,3,4
AMACR	ENST00000335606	5	0		0		4	1,2,4,5
AMBN	ENST00000322937	13	0		0		4	5,11,12,13
AMBRA1	ENST00000683756	17	0		0		6	5,7,9,13,14,17
AMELX	ENST00000380714	5	0		2	5,6	5	2,3,4,5,6
AMER1	ENST00000374869	1	0		1	2	1	2
AMFR	ENST00000290649	14	0		0		6	4,6,9,10,13,14
AMH	ENST00000221496	5	0		0		1	5
AMHR2	ENST00000257863	11	0		0		3	6,9,11
AMIGO2	ENST00000550413	1	0		0		1	3
AMMECR1	ENST00000262844	6	0		2	1,2	6	1,2,3,4,5,6
AMN	ENST00000299155	12	0		0		1	5
AMOTL1	ENST00000433060	13	0		0		5	1,3,5,9,11
AMPD1	ENST00000520113	16	0		0		9	4,6,7,8,10,11,13,15,16
AMPD2	ENST00000528667	18	0		0		3	11,12,15
AMPD3	ENST00000396553	14	0		0		7	2,3,5,6,7,10,11
AMT	ENST00000273588	9	0		0		3	2,3,4
AMTN	ENST00000339336	8	0		0		2	3,5
ANAPC1	ENST00000341068	47	0		0		17	2,3,10,15,16,19,23,25,26,27,33,34,37,38,45,46,47
ANAPC7	ENST00000455511	11	0		0		3	1,4,7
ANG	ENST00000397990	1	0		0		0	
ANGPT1	ENST00000517746	9	0		0		5	1,2,3,4,7
ANGPT2	ENST00000629816	9	0		0		3	7,8,9
ANGPTL3	ENST00000371129	7	0		0		4	1,3,6,7
ANGPTL4	ENST00000301455	7	0		0		2	1,7
ANGPTL6	ENST00000253109	5	0		0		2	2,5
ANGPTL8	ENST00000252453	4	0		0		0	
ANK1	ENST00000289734	42	0		0		21	2,3,6,7,9,13,17,20,23,25,26,27,28,31,32,33,34,36,38,39,40
ANK2	ENST00000357077	46	0		0		9	3,6,12,15,31,38,39,42,43
ANK3	ENST00000280772	43	0		0		13	4,5,17,22,27,28,29,33,37,38,39,40,42
ANKDD1B	ENST00000601380	14	0		0		5	1,5,11,13,14
ANKFY1	ENST00000341657	25	0		0		7	4,12,18,19,20,21,23
ANKH	ENST00000284268	12	0		0		3	1,10,11
ANKLE2	ENST00000357997	13	0		0		8	2,3,4,5,8,9,11,13
ANKRD1	ENST00000371697	9	0		0		7	2,3,4,5,7,8,9
ANKRD11	ENST00000301030	11	0		0		6	4,5,8,9,12,13
ANKRD17	ENST00000358602	34	0		0		8	3,6,7,17,18,26,29,33
ANKRD24	ENST00000318934	21	0		0		6	4,5,6,9,10,18
ANKRD26	ENST00000376087	34	0		0		13	1,8,9,12,15,17,21,23,24,28,29,31,32
ANKRD31	ENST00000506364	26	0		0		16	1,4,5,7,8,9,10,13,14,15,16,19,21,22,23,26
ANKS1B	ENST00000683438	27	0		0		13	2,4,5,8,9,10,13,15,18,21,25,26,27
ANKS3	ENST00000304283	15	0		0		7	3,5,6,7,8,9,16
ANKS6	ENST00000353234	15	0		0		8	2,4,5,6,7,8,11,13
ANKZF1	ENST00000323348	13	0		0		1	10
ANLN	ENST00000265748	24	0		0		6	5,9,12,14,15,21
ANO1	ENST00000355303	26	0		0		9	1,2,3,4,5,11,22,25,26
ANO10	ENST00000292246	12	0		0		5	2,3,4,6,11
ANO3	ENST00000256737	27	0		0		4	3,4,23,24
ANO4	ENST00000392977	26	0		3	25,26,27	12	2,6,8,11,12,14,16,19,24,25,26,27
ANO5	ENST00000324559	22	0		0		6	3,7,10,12,13,16
ANO6	ENST00000320560	20	0		0		6	3,4,5,7,17,20
ANOS1	ENST00000262648	14	0		9	1,4,7,8,9,11,12,13,14	14	1,2,3,4,5,6,7,8,9,10,11,12,13,14
ANTXR1	ENST00000303714	18	0		0		4	1,10,12,15
ANTXR2	ENST00000403729	17	0		0		5	1,2,7,9,10
ANXA11	ENST00000422982	14	0		0		7	3,7,9,10,11,13,15
ANXA5	ENST00000296511	12	0		0		5	2,5,8,9,13
AOPEP	ENST00000375315	15	0		0		7	2,3,8,11,12,13,14
AP1B1	ENST00000357586	22	0		0		7	3,6,11,13,14,19,21
AP1G1	ENST00000299980	22	0		0		7	4,6,7,8,12,13,19
AP1S1	ENST00000337619	5	0		0		0	
AP1S2	ENST00000672987	5	0		0		4	2,3,5,6
AP1S3	ENST00000396654	5	0		0		2	4,5
AP2A2	ENST00000448903	22	16	2,3,4,5,6,8,9,10,12,13,14,15,17,18,19,21	21	2,3,4,5,6,7,8,9,10,11,12,13,14,15,16,17,18,19,20,21,22	21	2,3,4,5,6,7,8,9,10,11,12,13,14,15,16,17,18,19,20,21,22
AP2M1	ENST00000292807	11	0		0		6	3,6,7,9,10,12
AP2S1	ENST00000263270	5	0		0		1	5
AP3B1	ENST00000255194	27	0		0		9	1,8,11,14,15,16,17,24,27
AP3B2	ENST00000535359	27	0		0		8	1,7,8,10,14,15,23,25
AP3D1	ENST00000643116	32	0		0		8	6,7,13,14,15,21,30,31
AP4B1	ENST00000369569	10	0		0		6	1,2,4,5,8,10
AP4E1	ENST00000261842	21	0		0		8	1,2,7,9,14,18,19,21
AP4M1	ENST00000359593	15	0		0		0	
AP4S1	ENST00000542754	5	0		0		1	3
AP5Z1	ENST00000649063	17	0		0		3	3,10,12
APAF1	ENST00000551964	26	0		0		9	3,7,9,11,16,20,22,23,25
APBA2	ENST00000683413	12	4	7,8,10,13	12	4,5,6,7,8,9,10,11,12,13,14,15	12	4,5,6,7,8,9,10,11,12,13,14,15
APC	ENST00000257430	15	0		0		4	3,8,14,16
APC2	ENST00000590469	14	0		0		2	11,15
APCDD1	ENST00000355285	5	0		0		4	1,3,4,5
APCS	ENST00000255040	2	0		0		1	2
APEX1	ENST00000216714	4	0		0		1	5
APOA1	ENST00000236850	3	0		0		1	4
APOA2	ENST00000367990	3	0		0		0	
APOA4	ENST00000357780	3	0		0		1	3
APOA5	ENST00000227665	3	0		0		1	3
APOB	ENST00000233242	29	0		0		20	3,4,6,9,10,13,15,16,17,18,19,21,22,23,24,25,26,27,28,29
APOC2	ENST00000252490	3	0		0		0	
APOC3	ENST00000227667	3	0		0		0	
APOE	ENST00000252486	3	0		0		1	4
APOL1	ENST00000397278	5	0		0		1	6
APOL2	ENST00000358502	3	0		0		1	5
APOL4	ENST00000683024	4	0		0		2	1,4
APOLD1	ENST00000356591	2	0		0		2	1,2
APOO	ENST00000379226	8	0		2	1,8	8	1,2,3,4,5,6,7,8
APP	ENST00000346798	18	0		0		8	2,3,5,7,9,11,14,18
APPL1	ENST00000288266	22	0		0		7	3,4,12,14,15,17,20
APRT	ENST00000378364	5	0		0		1	3
APTX	ENST00000379817	7	0		0		3	2,4,6
AQP1	ENST00000311813	4	0		0		0	
AQP2	ENST00000199280	4	0		0		2	1,3
AQP3	ENST00000297991	6	0		0		0	
AQP4	ENST00000383168	5	0		0		3	2,3,4
AQP5	ENST00000293599	4	0		0		1	1
AQP7	ENST00000297988	7	0		0		3	4,7,8
AR	ENST00000374690	8	0		5	1,2,3,4,5	7	1,2,3,4,5,7,8
ARAF	ENST00000377045	15	0		2	5,9	15	2,3,4,5,6,7,8,9,10,11,12,13,14,15,16
ARAP3	ENST00000239440	32	0		0		7	2,10,18,19,20,26,33
ARCN1	ENST00000264028	10	0		0		3	1,2,6
ARF1	ENST00000272102	4	0		0		0	
ARF3	ENST00000256682	4	0		0		1	2
ARFGEF1	ENST00000262215	39	0		0		15	6,9,10,11,14,16,20,23,24,26,28,30,35,36,39
ARFGEF2	ENST00000371917	39	0		0		18	1,2,4,8,11,12,15,19,20,26,27,28,30,31,34,36,37,39
ARFGEF3	ENST00000251691	34	0		0		17	1,8,10,11,12,13,14,17,18,19,20,21,24,26,27,31,33
ARG1	ENST00000368087	8	0		0		3	4,5,7
ARHGAP24	ENST00000395184	9	0		0		4	3,5,9,10
ARHGAP26	ENST00000645722	23	0		0		5	1,5,17,18,22
ARHGAP29	ENST00000260526	22	0		0		13	2,4,5,7,8,9,11,12,15,18,19,21,23
ARHGAP31	ENST00000264245	12	0		0		5	6,7,10,11,12
ARHGAP33	ENST00000007510	21	0		0		3	7,8,21
ARHGAP35	ENST00000672722	6	0		0		3	2,3,6
ARHGAP39	ENST00000377307	11	0		0		8	2,3,4,5,6,7,9,12
ARHGAP4	ENST00000350060	22	0		2	6,7	21	1,2,3,4,5,6,7,8,9,10,11,12,14,15,16,17,18,19,20,21,22
ARHGAP42	ENST00000298815	24	0		0		12	3,4,5,6,8,12,13,14,17,20,22,23
ARHGDIA	ENST00000269321	5	0		0		0	
ARHGEF1	ENST00000354532	27	0		0		1	15
ARHGEF10	ENST00000349830	28	0		28	2,3,4,5,6,7,8,9,10,11,12,13,14,15,16,17,18,19,20,21,22,23,24,25,26,27,28,29	28	2,3,4,5,6,7,8,9,10,11,12,13,14,15,16,17,18,19,20,21,22,23,24,25,26,27,28,29
ARHGEF15	ENST00000361926	15	0		0		1	9
ARHGEF18	ENST00000668164	28	0		0		16	3,4,5,8,9,10,11,12,14,17,20,21,23,27,28,29
ARHGEF2	ENST00000361247	22	0		0		7	1,8,9,11,15,18,20
ARHGEF28	ENST00000513042	35	0		0		15	3,4,8,9,13,19,22,23,26,27,29,30,31,34,35
ARHGEF38	ENST00000420470	14	0		0		6	2,3,5,8,10,13
ARHGEF40	ENST00000298694	23	0		0		4	3,13,15,16
ARHGEF6	ENST00000250617	22	0		4	6,13,14,18	20	1,2,4,5,6,7,8,9,10,11,13,14,15,16,17,18,19,20,21,22
ARHGEF9	ENST00000671741	10	0		2	3,4	10	1,2,3,4,5,6,7,8,9,10
ARID1A	ENST00000324856	20	0		0		10	1,2,6,8,10,11,12,16,18,20
ARID1B	ENST00000636930	20	0		0		8	1,4,8,13,16,17,18,20
ARID2	ENST00000334344	21	0		0		10	1,2,3,7,8,12,13,15,18,20
ARIH1	ENST00000379887	14	0		0		5	1,3,6,8,13
ARL11	ENST00000282026	1	0		0		1	2
ARL13B	ENST00000394222	10	0		0		5	2,3,6,7,10
ARL14EP	ENST00000282032	3	0		0		2	2,3
ARL2	ENST00000246747	5	0		0		1	3
ARL2BP	ENST00000219204	6	0		0		3	1,2,6
ARL3	ENST00000260746	6	0		0		1	3
ARL6	ENST00000463745	7	0		0		3	2,4,6
ARL6IP1	ENST00000304414	6	0		0		2	1,4
ARL6IP6	ENST00000326446	4	0		0		2	1,2
ARMC12	ENST00000373866	6	0		0		2	1,2
ARMC2	ENST00000392644	17	0		0		7	2,7,9,10,12,13,16
ARMC5	ENST00000268314	6	0		0		4	1,3,4,6
ARMC9	ENST00000611582	24	0		0		8	7,11,16,18,19,20,22,23
ARMS2	ENST00000528446	2	0		0		1	1
ARNT2	ENST00000303329	19	0		0		4	2,15,16,17
ARPC1B	ENST00000646101	9	0		0		4	3,6,8,9
ARPC3	ENST00000228825	7	0		0		1	1
ARPC4	ENST00000397261	6	0		0		2	3,5
ARPC5	ENST00000359856	4	0		0		3	1,3,4
ARPP21	ENST00000684406	19	0		0		9	5,6,8,10,11,14,15,16,21
ARR3	ENST00000307959	16	0		2	6,10	15	3,4,5,6,7,8,9,10,11,12,13,14,15,16,17
ARSA	ENST00000216124	8	0		0		2	1,7
ARSB	ENST00000264914	8	0		0		5	1,2,3,5,8
ARSG	ENST00000621439	11	0		0		6	2,3,5,9,10,12
ARSI	ENST00000328668	2	0		0		2	1,2
ARSK	ENST00000380009	8	0		0		3	1,5,6
ARSL	ENST00000381134	10	0		2	4,9	9	3,4,5,6,7,8,9,10,11
ART4	ENST00000228936	3	0		0		2	2,3
ARV1	ENST00000310256	5	0		0		3	1,3,4
ARX	ENST00000379044	5	0		3	1,2,5	5	1,2,3,4,5
ASAH1	ENST00000637790	14	0		0		4	1,5,6,11
ASB10	ENST00000420175	5	0		0		0	
ASB17	ENST00000284142	3	0		0		3	1,2,3
ASCC1	ENST00000672957	9	0		0		1	8
ASCC3	ENST00000369162	41	0		0		21	3,4,6,7,12,13,16,17,19,22,23,25,30,31,32,33,36,39,40,41,42
ASCL1	ENST00000266744	1	0		0		1	1
ASH1L	ENST00000392403	27	0		0		7	3,4,5,8,9,24,25
ASIP	ENST00000374954	3	0		0		1	3
ASL	ENST00000304874	16	0		0		0	
ASNS	ENST00000394308	11	0		0		7	4,5,6,7,11,12,13
ASPA	ENST00000263080	6	0		0		3	1,3,5
ASPH	ENST00000379454	25	0		0		5	3,8,13,15,25
ASPM	ENST00000367409	28	0		0		15	1,3,4,7,12,13,17,18,19,20,21,22,23,24,27
ASPN	NM_017680.6	7	0		0		2	1,3
ASPRV1	ENST00000320256	1	0		0		1	1
ASPSCR1	ENST00000306739	16	0		0		2	4,7
ASRGL1	ENST00000415229	6	0		0		2	2,3
ASS1	ENST00000352480	14	0		0		3	4,9,14
ASTE1	ENST00000264992	4	0		0		3	3,4,6
ASTL	ENST00000342380	9	0		0		3	3,5,8
ASTN1	ENST00000361833	23	0		0		9	1,2,3,7,9,13,17,21,22
ASTN2	ENST00000313400	23	0		0		13	1,2,3,4,7,10,11,13,15,16,17,18,23
ASXL1	ENST00000375687	13	0		0		3	7,12,13
ASXL2	ENST00000435504	13	0		0		6	4,7,9,11,12,13
ASXL3	ENST00000269197	12	0		0		6	2,7,8,10,11,12
ASZ1	ENST00000284629	13	0		0		6	1,2,4,5,7,10
ATAD1	ENST00000680024	9	0		0		6	2,5,6,7,8,10
ATAD2B	ENST00000238789	28	0		0		12	1,2,8,9,10,11,13,15,20,21,25,27
ATAD3A	ENST00000378756	16	0		0		6	1,2,6,8,10,15
ATAD3C	ENST00000378785	12	0		0		7	2,4,6,7,8,10,11
ATCAY	ENST00000450849	12	0		0		5	2,3,4,6,7
ATF6	ENST00000367942	16	0		0		4	1,4,6,16
ATG12	ENST00000509910	4	0		0		2	1,4
ATG16L1	ENST00000392017	18	0		0		4	1,2,11,15
ATG4A	ENST00000372232	13	0		0		13	1,2,3,4,5,6,7,8,9,10,11,12,13
ATG4D	ENST00000309469	10	0		0		5	1,2,4,5,10
ATG5	ENST00000369076	7	0		0		3	3,4,8
ATG7	ENST00000693202	18	0		0		6	7,8,13,15,16,20
ATG9A	ENST00000361242	14	0		0		5	7,8,9,10,12
ATIC	ENST00000236959	16	0		0		6	1,2,4,6,9,12
ATL1	ENST00000358385	14	0		0		6	2,7,8,10,11,12
ATL3	ENST00000398868	13	0		1	9	7	3,6,8,9,10,12,13
ATM	ENST00000675843	62	0		0		24	3,8,9,12,13,14,16,21,22,23,25,28,29,31,34,36,37,41,43,49,51,52,54,62
ATN1	ENST00000396684	9	0		0		3	5,6,7
ATOH1	ENST00000306011	1	0		0		1	1
ATOH7	ENST00000373673	1	0		0		1	1
ATP11A	ENST00000375645	29	0		0		6	2,13,14,18,19,22
ATP11C	ENST00000682941	29	0		8	1,5,8,12,13,14,19,25	29	1,2,3,4,5,6,7,8,9,10,11,12,13,14,15,16,17,18,19,20,21,22,23,24,25,26,27,28,29
ATP13A1	ENST00000357324	26	0		0		7	1,8,10,13,14,15,23
ATP13A2	ENST00000326735	29	0		0		4	3,8,12,16
ATP13A3	ENST00000645319	32	0		0		11	3,5,6,11,13,20,21,22,28,29,30
ATP1A1	ENST00000295598	23	0		0		7	2,4,5,6,8,18,19
ATP1A2	ENST00000361216	23	0		0		3	4,12,22
ATP1A3	ENST00000648268	23	0		0		9	4,6,7,8,9,11,13,16,19
ATP1A4	ENST00000368081	22	0		0		1	4
ATP1B1	ENST00000367815	6	0		0		3	1,2,4
ATP2A1	ENST00000395503	22	0		0		6	6,9,12,13,14,15
ATP2A2	ENST00000539276	20	0		0		8	1,4,8,14,15,18,19,20
ATP2B1	ENST00000428670	20	0		0		13	3,6,9,10,11,12,13,16,17,18,19,20,21
ATP2B2	ENST00000360273	22	0		0		13	2,3,4,6,10,11,12,13,14,15,16,19,20
ATP2B3	ENST00000263519	20	0		4	11,14,18,22	20	3,4,5,6,7,8,9,10,11,12,13,14,15,16,17,18,19,20,21,22
ATP2B4	ENST00000357681	20	0		0		8	5,8,9,11,12,13,17,21
ATP2C1	ENST00000510168	27	0		0		4	12,13,17,24
ATP2C2	ENST00000262429	27	0		0		9	1,3,6,14,19,21,22,24,26
ATP4A	ENST00000262623	22	0		0		6	2,7,10,14,15,16
ATP5F1A	ENST00000398752	12	0		0		3	7,8,9
ATP5F1B	ENST00000262030	10	0		0		4	1,2,6,7
ATP5F1D	ENST00000215375	4	0		0		1	2
ATP5F1E	ENST00000243997	2	0		0		0	
ATP5MC3	ENST00000284727	4	0		0		1	2
ATP5MK	ENST00000369815	2	0		0		1	3
ATP5PB	ENST00000369722	7	0		0		0	
ATP5PO	ENST00000290299	7	0		0		2	1,6
ATP6AP1	ENST00000369762	10	0		1	10	10	1,2,3,4,5,6,7,8,9,10
ATP6AP2	ENST00000636580	9	0		1	4	9	1,2,3,4,5,6,7,8,9
ATP6V0A1	ENST00000343619	21	0		0		6	4,5,7,15,20,21
ATP6V0A2	ENST00000330342	20	0		0		10	2,9,11,12,13,14,15,16,18,19
ATP6V0A4	ENST00000310018	20	0		0		8	5,9,11,14,15,18,19,21
ATP6V0C	ENST00000330398	3	0		0		1	3
ATP6V0D2	ENST00000285393	8	0		0		4	2,3,4,6
ATP6V1A	ENST00000273398	14	0		0		6	2,3,9,10,12,13
ATP6V1B1	ENST00000234396	14	0		0		2	12,13
ATP6V1B2	ENST00000276390	14	0		0		3	2,3,4
ATP6V1C1	ENST00000518738	12	0		0		2	5,7
ATP6V1C2	ENST00000272238	13	0		0		6	4,6,7,8,11,12
ATP6V1E1	ENST00000253413	9	0		0		3	1,4,8
ATP7A	ENST00000341514	22	0		5	3,4,10,13,17	20	2,3,4,5,6,8,9,10,11,12,13,14,15,16,17,18,19,20,22,23
ATP7B	ENST00000242839	21	0		0		8	2,3,7,8,9,10,15,18
ATP8A2	ENST00000381655	37	0		4	25,26,27,28	16	2,6,8,12,14,15,17,23,25,26,27,28,32,33,35,37
ATP8B1	ENST00000648908	27	0		0		12	3,4,6,11,14,15,16,17,18,22,25,26
ATP9A	ENST00000338821	28	0		0		10	2,4,13,15,17,20,21,22,26,27
ATPAF2	ENST00000474627	8	0		0		4	1,4,6,8
ATR	ENST00000350721	47	0		1	34	19	4,5,6,7,10,14,15,20,22,24,25,29,32,34,35,36,37,38,43
ATRIP	ENST00000320211	13	0		0		4	1,3,8,9
ATRX	ENST00000373344	35	0		8	2,5,9,13,16,20,27,30	35	1,2,3,4,5,6,7,8,9,10,11,12,13,14,15,16,17,18,19,20,21,22,23,24,25,26,27,28,29,30,31,32,33,34,35
ATXN1	ENST00000436367	2	0		0		1	7
ATXN10	ENST00000252934	12	0		0		4	1,2,4,11
ATXN2	ENST00000673436	25	0		0		10	1,2,5,9,12,14,15,16,22,24
ATXN2L	ENST00000336783	22	0		0		4	1,7,9,14
ATXN3	ENST00000644486	11	0		0		4	4,5,6,9
ATXN7	ENST00000674280	11	0		0		9	3,4,6,7,8,9,10,11,12
ATXN7L3	ENST00000587097	12	0		0		2	4,12
AUH	ENST00000375731	10	0		0		4	1,4,6,7
AURKA	ENST00000395915	8	0		0		4	3,5,7,8
AURKC	ENST00000302804	7	0		0		4	3,4,6,7
AUTS2	ENST00000342771	19	0		0		8	4,6,7,13,14,17,18,19
AVIL	ENST00000549994	19	0		0		8	2,3,6,11,13,15,19,20
AVP	ENST00000380293	3	0		0		0	
AVPR1A	ENST00000299178	2	0		0		1	1
AVPR2	ENST00000646375	3	0		2	3,4	3	2,3,4
AXIN1	ENST00000262320	10	0		0		5	2,3,4,5,8
AXIN2	ENST00000307078	10	0		0		7	2,3,5,6,7,10,11
AXL	ENST00000301178	20	0		0		6	2,15,17,18,19,20
B2M	ENST00000648006	3	0		2	1,2	3	1,2,3
B3GALNT1	ENST00000320474	1	0		0		1	5
B3GALNT2	ENST00000366600	12	0		0		3	2,10,12
B3GALT6	ENST00000379198	1	0		0		1	1
B3GAT3	ENST00000265471	5	0		0		3	1,3,5
B3GLCT	ENST00000343307	15	0		0		4	1,7,8,10
B3GNT2	ENST00000301998	1	0		0		1	2
B4GALNT1	ENST00000341156	10	0		0		4	7,8,10,11
B4GALNT2	ENST00000393354	11	0		0		3	2,9,11
B4GALT1	ENST00000379731	6	0		0		2	1,2
B4GALT7	ENST00000029410	6	0		0		4	3,4,5,6
B4GAT1	ENST00000311181	2	0		0		2	1,2
B9D1	ENST00000261499	7	0		0		2	4,7
B9D2	ENST00000243578	3	0		0		1	4
BAAT	ENST00000259407	3	0		3	2,3,4	3	2,3,4
BACH2	ENST00000257749	4	0		0		3	7,8,9
BAG3	ENST00000369085	4	0		0		4	1,2,3,4
BAG5	ENST00000299204	1	0		0		1	2
BANF1	ENST00000312175	2	0		0		0	
BANK1	ENST00000322953	16	0		0		5	1,3,4,7,11
BAP1	ENST00000460680	17	0		0		4	12,13,14,17
BARD1	ENST00000260947	11	0		0		5	1,4,5,9,11
BAX	ENST00000345358	6	0		0		4	2,3,4,6
BAZ1A	ENST00000360310	26	0		0		14	2,3,4,5,6,7,8,11,15,18,19,24,26,27
BAZ1B	ENST00000339594	19	0		0		9	4,5,7,8,10,13,17,18,19
BAZ2B	ENST00000392783	35	0		1	36	16	9,10,11,13,15,17,20,23,24,25,28,30,34,35,36,37
BBIP1	ENST00000448814	3	0		0		0	
BBS1	ENST00000318312	17	0		0		4	2,8,9,17
BBS10	ENST00000650064	2	0		0		2	1,2
BBS12	ENST00000314218	1	0		0		1	2
BBS2	ENST00000245157	17	0		0		3	1,2,8
BBS4	ENST00000268057	16	0		0		5	1,4,5,6,15
BBS5	ENST00000295240	12	0		0		5	1,3,5,7,12
BBS7	ENST00000264499	19	0		0		4	1,4,6,16
BBS9	ENST00000242067	22	0		0		8	4,5,6,7,18,19,21,22
BCAM	ENST00000270233	15	0		0		1	6
BCAP31	ENST00000345046	7	0		0		7	2,3,4,5,6,7,8
BCAS3	ENST00000407086	23	0		0		9	4,7,15,16,17,20,21,23,24
BCAT1	ENST00000261192	11	0		0		1	9
BCAT2	ENST00000316273	11	0		0		3	5,6,9
BCHE	ENST00000264381	3	0		0		2	2,3
BCKDHA	ENST00000269980	9	0		0		2	1,4
BCKDHB	ENST00000320393	10	0		0		5	1,3,4,7,8
BCKDK	ENST00000219794	11	0		0		4	2,3,4,12
BCL10	ENST00000648566	3	0		0		1	2
BCL11A	ENST00000642384	4	0		0		2	2,4
BCL11B	ENST00000357195	4	0		0		2	2,4
BCL2	ENST00000333681	2	0		0		1	2
BCL3	ENST00000164227	9	0		0		3	4,5,7
BCL6	ENST00000406870	8	0		0		7	3,4,5,6,7,9,10
BCL7A	ENST00000261822	6	0		0		5	1,2,3,5,6
BCL9	ENST00000234739	7	0		0		3	5,8,10
BCL9L	ENST00000683865	8	0		0		2	6,8
BCO1	ENST00000258168	11	0		0		3	4,6,9
BCOR	ENST00000378444	14	0		4	4,7,11,14	13	2,3,4,6,7,8,9,10,11,12,13,14,15
BCORL1	ENST00000540052	13	0		3	4,5,9	13	2,3,4,5,6,7,8,9,10,11,12,13,14
BCR	ENST00000305877	23	0		0		7	1,2,10,11,20,22,23
BCS1L	ENST00000359273	7	0		0		5	2,5,6,7,8
BDH1	ENST00000392379	6	0		6	3,4,5,6,7,8	6	3,4,5,6,7,8
BDP1	ENST00000358731	39	26	1,2,3,4,5,6,7,8,9,11,12,13,15,17,22,23,24,25,28,29,30,31,34,35,36,37	39	1,2,3,4,5,6,7,8,9,10,11,12,13,14,15,16,17,18,19,20,21,22,23,24,25,26,27,28,29,30,31,32,33,34,35,36,37,38,39	39	1,2,3,4,5,6,7,8,9,10,11,12,13,14,15,16,17,18,19,20,21,22,23,24,25,26,27,28,29,30,31,32,33,34,35,36,37,38,39
BEAN1	ENST00000536005	4	0		0		3	3,4,5
BEST1	ENST00000378043	10	0		0		4	2,5,9,10
BET1	ENST00000222547	4	0		0		1	4
BFSP1	ENST00000377873	8	0		0		5	1,2,3,5,8
BFSP2	ENST00000302334	7	0		0		2	1,6
BGN	ENST00000331595	7	0		2	2,4	7	2,3,4,5,6,7,8
BHLHA9	ENST00000391429	1	0		0		0	
BHLHE22	ENST00000321870	1	0		0		1	1
BHLHE41	ENST00000242728	5	0		1	5	2	1,5
BICC1	ENST00000373886	21	0		0		9	4,5,8,9,12,14,15,19,20
BICD2	ENST00000356884	7	0		0		5	1,3,4,5,7
BICRA	ENST00000594866	13	0		0		3	5,6,15
BIK	ENST00000216115	4	0		0		1	4
BIN1	ENST00000316724	19	0		0		3	4,7,12
BLK	ENST00000259089	12	0		0		6	2,3,6,11,12,13
BLM	ENST00000355112	21	0		0		10	3,5,6,7,10,13,14,15,17,20
BLNK	ENST00000224337	17	0		0		6	2,4,9,11,12,17
BLOC1S1	ENST00000548925	4	0		0		0	
BLOC1S3	ENST00000433642	1	0		0		0	
BLOC1S5	ENST00000397457	5	0		0		2	1,2
BLOC1S6	ENST00000220531	5	0		0		2	1,2
BLTP1	ENST00000679879	86	0		0		33	4,5,6,7,8,9,11,12,13,21,22,29,32,33,35,36,47,55,56,57,59,60,61,64,68,69,72,73,77,82,83,85,86
BLVRA	ENST00000265523	7	0		0		2	5,6
BMP1	ENST00000306349	16	0		0		0	
BMP1	ENST00000306385	20	0		0		3	12,18,19
BMP10	ENST00000295379	2	0		0		1	1
BMP15	ENST00000252677	2	0		2	1,2	2	1,2
BMP2	ENST00000378827	2	0		0		2	2,3
BMP3	ENST00000282701	3	0		0		2	1,2
BMP4	ENST00000245451	2	0		0		2	3,4
BMP5	ENST00000370830	7	0		0		3	1,5,7
BMP6	ENST00000283147	7	0		0		5	1,2,4,5,6
BMP7	ENST00000395863	7	0		0		3	2,3,7
BMPER	ENST00000649409	15	0		0		7	1,5,7,9,12,14,15
BMPR1A	ENST00000372037	11	0		0		5	7,8,11,12,13
BMPR1B	ENST00000515059	10	0		0		5	4,7,8,10,11
BMPR2	ENST00000374580	13	0		0		4	1,4,5,12
BMS1	ENST00000374518	22	0		0		13	2,5,6,7,8,10,11,12,13,15,16,19,21
BNC1	ENST00000345382	5	0		0		2	4,5
BNC2	ENST00000380672	7	0		0		3	1,6,7
BNIP1	ENST00000351486	6	0		0		3	1,5,6
BOD1	ENST00000311086	3	0		0		3	1,2,3
BOLA3	ENST00000327428	4	0		0		0	
BORCS5	ENST00000314565	4	0		0		1	3
BORCS8	ENST00000462790	5	0		0		1	4
BPGM	ENST00000344924	2	0		0		2	2,3
BPIFC	ENST00000300399	15	0		0		3	4,10,12
BPNT2	ENST00000262644	5	0		0		2	1,5
BPTF	ENST00000306378	28	0		0		15	1,2,4,7,8,10,11,12,13,15,16,19,20,26,27
BRAF	ENST00000644969	20	0		0		1	20
BRAF	ENST00000646891	18	0		1	1	7	1,3,6,12,13,16,17
BRAP	ENST00000419234	12	0		0		3	1,2,12
BRAT1	ENST00000340611	13	0		0		3	2,3,14
BRCA1	ENST00000357654	22	0		0		6	7,8,10,12,13,14
BRCA2	ENST00000380152	26	0		0		10	2,5,8,10,11,17,18,20,21,27
BRCC3	ENST00000330045	10	0		1	1	10	1,2,3,4,5,6,7,8,9,10
BRD4	ENST00000679869	19	0		0		6	2,6,7,8,11,17
BRDT	ENST00000399546	18	0		0		11	2,4,5,6,8,11,12,13,15,17,19
BRF1	ENST00000547530	18	0		0		7	3,10,11,13,14,15,17
BRIP1	ENST00000259008	19	0		0		9	4,5,6,10,11,13,15,19,20
BRPF1	ENST00000383829	13	0		0		7	2,3,4,6,7,10,14
BRSK2	ENST00000528841	20	0		0		1	3
BRWD1	ENST00000342449	41	0		0		10	9,14,24,25,26,32,35,37,40,41
BRWD3	ENST00000373275	41	0		8	4,13,14,15,16,17,25,32	41	1,2,3,4,5,6,7,8,9,10,11,12,13,14,15,16,17,18,19,20,21,22,23,24,25,26,27,28,29,30,31,32,33,34,35,36,37,38,39,40,41
BSCL2	ENST00000360796	11	0		0		3	2,5,10
BSG	ENST00000333511	8	0		0		2	2,5
BSN	ENST00000296452	10	0		0		4	2,3,5,6
BSND	ENST00000651561	4	0		0		2	1,4
BTD	ENST00000643237	3	0		0		2	2,4
BTG4	ENST00000692032	4	0		0		3	2,4,5
BTK	ENST00000308731	18	0		6	2,3,6,8,9,15	17	2,3,4,6,7,8,9,10,11,12,13,14,15,16,17,18,19
BTNL2	ENST00000454136	7	7	1,2,3,4,5,6,7	7	1,2,3,4,5,6,7	7	1,2,3,4,5,6,7
BUB1	ENST00000302759	25	0		0		9	1,3,5,6,9,14,20,24,25
BUB1B	ENST00000287598	23	0		0		10	2,3,5,7,8,11,15,16,21,23
BUB3	ENST00000368865	7	0		0		2	2,6
BUD13	ENST00000260210	10	0		0		2	1,4
C10orf71	ENST00000374144	1	0		0		1	3
C12orf57	ENST00000229281	3	0		0		3	1,2,3
C14orf39	ENST00000321731	17	0		0		8	2,4,8,9,10,13,15,16
C16orf90	ENST00000437192	3	0		0		0	
C18orf32	ENST00000318240	2	0		0		0	
C19orf12	ENST00000323670	2	0		0		2	2,3
C19orf44	ENST00000221671	7	0		0		2	2,5
C1GALT1C1	ENST00000304661	1	0		1	2	1	2
C1QA	ENST00000374642	2	0		0		1	3
C1QB	ENST00000509305	2	0		0		1	3
C1QBP	ENST00000225698	6	0		0		5	1,2,3,4,5
C1QC	ENST00000374640	2	0		0		1	3
C1QTNF5	ENST00000528368	2	0		0		2	2,3
C1R	ENST00000647956	11	0		0		4	2,3,4,11
C1S	ENST00000360817	11	0		0		3	4,9,12
C2	ENST00000299367	18	18	1,2,3,4,5,6,7,8,9,10,11,12,13,14,15,16,17,18	18	1,2,3,4,5,6,7,8,9,10,11,12,13,14,15,16,17,18	18	1,2,3,4,5,6,7,8,9,10,11,12,13,14,15,16,17,18
C2CD3	ENST00000334126	33	0		0		9	2,4,12,14,16,21,23,31,33
C2orf69	ENST00000319974	2	0		0		2	1,2
C3	ENST00000245907	41	0		0		14	2,5,6,7,8,9,12,13,21,24,26,39,40,41
C3orf52	ENST00000264848	6	0		0		2	1,5
C4A	ENST00000428956	41	41	1,2,3,4,5,6,7,8,9,10,11,12,13,14,15,16,17,18,19,20,21,22,23,24,25,26,27,28,29,30,31,32,33,34,35,36,37,38,39,40,41	41	1,2,3,4,5,6,7,8,9,10,11,12,13,14,15,16,17,18,19,20,21,22,23,24,25,26,27,28,29,30,31,32,33,34,35,36,37,38,39,40,41	41	1,2,3,4,5,6,7,8,9,10,11,12,13,14,15,16,17,18,19,20,21,22,23,24,25,26,27,28,29,30,31,32,33,34,35,36,37,38,39,40,41
C4B	ENST00000435363	41	41	1,2,3,4,5,6,7,8,9,10,11,12,13,14,15,16,17,18,19,20,21,22,23,24,25,26,27,28,29,30,31,32,33,34,35,36,37,38,39,40,41	41	1,2,3,4,5,6,7,8,9,10,11,12,13,14,15,16,17,18,19,20,21,22,23,24,25,26,27,28,29,30,31,32,33,34,35,36,37,38,39,40,41	41	1,2,3,4,5,6,7,8,9,10,11,12,13,14,15,16,17,18,19,20,21,22,23,24,25,26,27,28,29,30,31,32,33,34,35,36,37,38,39,40,41
C5	ENST00000223642	41	0		0		13	1,4,7,13,16,17,18,22,23,30,31,35,40
C5orf47	ENST00000340147	4	0		0		2	1,3
C6	ENST00000337836	17	0		0		7	6,9,11,12,13,14,17
C7	ENST00000313164	18	0		0		8	1,5,7,9,10,12,15,18
C8A	ENST00000361249	11	0		0		5	1,2,7,10,11
C8B	ENST00000371237	12	0		0		6	4,5,6,9,10,12
C9	ENST00000263408	11	0		0		8	1,3,5,6,7,8,9,10
C9orf72	ENST00000380003	10	0		0		2	2,7
CA12	ENST00000178638	11	0		0		0	
CA2	ENST00000285379	7	0		0		1	4
CA4	ENST00000300900	8	0		0		3	3,4,8
CA5A	ENST00000649794	7	0		0		4	2,3,6,7
CA8	ENST00000317995	8	0		0		2	3,5
CABIN1	ENST00000263119	36	0		0		13	5,7,11,12,17,18,20,22,23,25,29,31,32
CABP2	ENST00000294288	7	0		0		3	4,5,6
CABP4	ENST00000325656	6	0		0		2	1,3
CACNA1A	ENST00000360228	47	0		0		1	47
CACNA1A	ENST00000638009	47	0		0		17	1,3,4,5,13,14,16,17,19,26,29,31,34,39,40,45,46
CACNA1B	ENST00000371372	47	0		1	37	19	3,4,6,8,11,12,13,18,19,20,23,28,31,35,37,40,44,46,47
CACNA1C	ENST00000399603	47	0		0		0	
CACNA1C	ENST00000399655	47	0		0		21	1,2,6,10,12,14,16,19,23,24,26,27,29,32,35,36,37,42,45,46,47
CACNA1D	ENST00000288139	49	0		0		0	
CACNA1D	ENST00000350061	48	0		0		19	1,2,6,7,9,10,13,18,19,20,27,31,34,36,40,42,44,47,48
CACNA1E	ENST00000367573	48	0		0		12	3,6,11,18,21,23,34,37,38,45,47,48
CACNA1F	ENST00000323022	48	0		2	36,37	47	1,2,3,4,5,6,7,8,9,10,11,12,13,14,15,16,17,18,19,20,21,22,23,24,25,26,27,28,29,30,31,33,34,35,36,37,38,39,40,41,42,43,44,45,46,47,48
CACNA1G	ENST00000359106	38	0		0		12	1,6,7,10,13,16,17,25,28,33,36,38
CACNA1H	ENST00000348261	34	0		0		6	5,9,10,24,25,27
CACNA1I	ENST00000402142	37	0		0		15	3,8,9,10,13,17,19,20,22,25,26,31,32,33,37
CACNA1S	ENST00000362061	44	0		0		17	2,3,5,6,8,10,11,14,18,21,22,24,25,26,30,36,41
CACNA2D1	ENST00000356860	39	0		0		16	3,5,7,10,12,13,16,19,23,25,26,28,29,30,31,38
CACNA2D2	ENST00000424201	38	0		0		0	
CACNA2D4	ENST00000382722	38	0		0		9	1,4,6,7,10,14,22,37,38
CACNB2	ENST00000324631	14	0		0		0	
CACNB2	ENST00000377329	13	0		0		4	1,2,4,7
CACNB4	ENST00000539935	14	0		0		6	2,3,5,8,11,14
CACNG2	ENST00000300105	4	0		0		3	2,3,4
CAD	ENST00000264705	44	0		0		22	2,4,5,12,13,16,17,18,20,22,24,25,26,29,31,33,34,37,39,40,41,42
CADM1	ENST00000331581	12	0		0		3	1,3,7
CADM3	ENST00000368125	9	0		0		3	2,4,9
CALCR	ENST00000426151	12	0		0		3	6,11,14
CALCRL	ENST00000392370	12	0		0		8	4,5,6,7,8,9,11,14
CALM1	ENST00000356978	6	0		0		1	4
CALM2	ENST00000272298	6	0		0		0	
CALM3	ENST00000291295	6	0		0		2	4,5
CALR	ENST00000316448	9	0		0		2	1,7
CAMK2A	ENST00000671881	19	0		0		6	3,5,11,12,17,18
CAMK2B	ENST00000395749	23	0		0		3	20,22,23
CAMK2D	ENST00000511664	20	0		0		8	1,2,3,7,8,12,13,17
CAMK2G	ENST00000423381	22	0		0		5	7,15,20,21,22
CAMK4	ENST00000282356	11	0		0		5	1,4,5,8,11
CAMLG	ENST00000297156	4	0		0		3	1,2,3
CAMSAP1	ENST00000389532	17	0		0		9	2,10,11,12,13,14,15,16,17
CAMTA1	ENST00000303635	23	0		0		11	1,8,9,11,12,15,16,17,18,20,21
CANT1	ENST00000392446	3	0		0		3	3,4,5
CAP2	ENST00000229922	12	0		0		3	5,7,12
CAPN1	ENST00000279247	21	0		0		4	5,13,18,19
CAPN10	ENST00000391984	12	0		0		4	3,4,7,8
CAPN15	ENST00000219611	11	0		0		2	9,13
CAPN3	ENST00000397163	24	0		0		5	1,2,9,21,24
CAPN5	ENST00000648180	12	0		0		4	2,5,8,10
CAPNS1	ENST00000246533	10	0		0		2	8,9
CAPRIN1	ENST00000341394	18	0		0		9	2,4,5,6,9,10,12,15,19
CAPS2	ENST00000699294	16	0		1	13	8	3,5,9,10,12,13,14,16
CAPZA2	ENST00000361183	10	0		0		3	1,9,10
CARD10	ENST00000251973	20	0		0		5	3,4,5,19,20
CARD11	ENST00000396946	24	0		0		10	5,6,9,13,17,19,20,21,23,25
CARD14	ENST00000648509	20	0		0		7	6,7,9,11,12,13,16
CARD8	ENST00000651546	11	0		0		4	9,10,12,13
CARD9	ENST00000371732	12	0		0		0	
CARMIL2	ENST00000334583	38	0		0		4	26,27,28,31
CARS1	ENST00000380525	23	1	9	23	1,2,3,4,5,6,7,8,9,10,11,12,13,14,15,16,17,18,19,20,21,22,23	23	1,2,3,4,5,6,7,8,9,10,11,12,13,14,15,16,17,18,19,20,21,22,23
CARS2	ENST00000257347	15	0		0		6	2,3,6,9,11,13
CARTPT	ENST00000296777	3	0		0		2	1,3
CASK	ENST00000378163	27	0		4	14,15,18,27	27	1,2,3,4,5,6,7,8,9,10,11,12,13,14,15,16,17,18,19,20,21,22,23,24,25,26,27
CASP10	ENST00000286186	9	0		0		2	2,4
CASP14	ENST00000427043	6	0		0		3	4,5,7
CASP2	ENST00000310447	11	0		0		5	3,4,8,10,11
CASP8	ENST00000673742	8	0		0		2	2,8
CASQ1	ENST00000368078	11	0		0		2	5,11
CASQ2	ENST00000261448	11	0		0		1	1
CASR	ENST00000639785	6	0		0		4	3,4,6,7
CAST	ENST00000675179	31	0		0		5	2,7,9,15,31
CASZ1	ENST00000377022	18	0		0		10	6,9,10,11,14,15,17,18,20,21
CAT	ENST00000241052	13	0		0		5	3,7,8,9,10
CATIP	ENST00000289388	10	0		0		3	3,7,10
CATSPER1	ENST00000312106	12	0		0		4	1,2,11,12
CATSPERT	ENST00000439140	16	0		0		5	4,5,12,13,15
CAV1	ENST00000341049	3	0		0		0	
CAV2	ENST00000222693	3	0		0		1	2
CAV3	ENST00000343849	2	0		0		1	2
CAVIN1	ENST00000357037	2	0		0		2	1,2
CBFB	ENST00000412916	6	0		0		3	1,2,3
CBL	ENST00000264033	16	0		0		6	1,3,9,11,14,16
CBLB	ENST00000394030	18	0		0		5	10,11,13,16,17
CBLIF	ENST00000257248	9	0		0		1	8
CBS	ENST00000398165	15	0		12	3,4,7,9,10,11,12,13,14,15,16,17	15	3,4,5,6,7,8,9,10,11,12,13,14,15,16,17
CBX1	ENST00000225603	4	0		0		0	
CBX2	ENST00000310942	5	0		0		1	5
CBY1	ENST00000216029	4	0		0		1	4
CC2D1A	ENST00000318003	29	0		0		3	2,5,17
CC2D2A	ENST00000424120	36	0		0		19	2,3,4,6,7,12,13,14,17,18,20,21,26,28,29,30,33,34,35
CCBE1	ENST00000439986	11	0		0		3	1,2,6
CCDC120	ENST00000603986	10	0		1	6	9	2,3,4,5,6,7,8,9,10
CCDC134	ENST00000255784	6	0		0		2	2,5
CCDC141	ENST00000443758	24	0		0		7	4,5,9,12,19,21,23
CCDC146	ENST00000285871	18	0		0		7	4,9,11,14,15,18,19
CCDC158	ENST00000682701	23	0		0		8	4,5,6,7,16,17,19,23
CCDC174	ENST00000383794	11	0		0		4	1,2,7,9
CCDC22	ENST00000376227	17	0		1	9	17	1,2,3,4,5,6,7,8,9,10,11,12,13,14,15,16,17
CCDC28B	ENST00000373602	5	0		0		2	2,3
CCDC32	ENST00000416810	3	0		0		2	3,4
CCDC34	ENST00000328697	6	0		0		2	1,2
CCDC39	ENST00000476379	20	0		0		14	1,3,6,8,9,10,11,13,14,15,16,17,18,19
CCDC40	ENST00000397545	20	0		0		14	3,4,5,7,8,9,10,11,12,13,14,18,19,20
CCDC47	ENST00000225726	12	0		0		1	12
CCDC50	ENST00000392455	12	0		0		5	5,6,7,10,12
CCDC62	ENST00000253079	12	0		0		7	1,2,3,5,8,9,11
CCDC78	ENST00000345165	14	0		0		2	1,12
CCDC8	ENST00000307522	1	0		0		1	1
CCDC82	ENST00000646818	7	0		0		2	9,10
CCDC88A	ENST00000436346	32	0		1	23	17	2,3,5,7,11,12,13,14,15,17,20,21,22,23,29,30,31
CCDC88C	ENST00000389857	30	0		0		15	7,10,12,13,15,18,20,21,22,24,25,26,27,29,30
CCDC91	ENST00000536442	12	0		0		4	5,6,7,10
CCIN	ENST00000335119	1	0		0		1	1
CCL11	ENST00000305869	3	0		0		2	2,3
CCL2	ENST00000225831	3	0		0		1	2
CCL3	ENST00000613922	3	1	3	3	1,2,3	3	1,2,3
CCL5	ENST00000605140	3	0		3	1,2,3	3	1,2,3
CCM2	ENST00000258781	10	0		0		4	4,5,7,10
CCN2	ENST00000367976	5	0		0		2	3,4
CCN6	ENST00000368666	5	0		0		2	2,5
CCNA2	ENST00000274026	8	0		0		3	1,4,5
CCND1	ENST00000227507	5	0		0		4	1,2,3,4
CCND2	ENST00000261254	5	0		0		0	
CCNF	ENST00000397066	17	0		0		7	4,5,8,9,12,14,17
CCNK	ENST00000389879	10	0		0		3	6,7,11
CCNO	ENST00000282572	3	0		0		3	1,2,3
CCNQ	ENST00000576892	5	0		1	2	5	1,2,3,4,5
CCP110	ENST00000694978	13	0		0		6	3,4,8,9,12,14
CCR2	ENST00000445132	1	0		0		1	2
CCR5	ENST00000292303	1	0		0		1	2
CCT2	ENST00000299300	16	0		0		4	2,4,9,10
CCT3	ENST00000295688	14	0		0		2	11,12
CCT4	ENST00000394440	14	0		0		4	1,7,11,12
CCT5	ENST00000280326	11	0		0		3	1,8,11
CCT6A	ENST00000275603	14	0		0		4	1,2,4,11
CCT7	ENST00000258091	12	0		0		5	3,4,7,11,12
CCT8	ENST00000286788	15	0		0		7	3,4,6,7,9,14,15
CD151	ENST00000397420	7	0		0		0	
CD164	ENST00000310786	6	0		0		3	1,2,6
CD19	ENST00000538922	14	0		0		5	2,3,4,11,12
CD207	ENST00000410009	6	0		0		1	5
CD209	ENST00000315599	7	0		0		2	5,6
CD244	ENST00000368034	9	0		0		2	2,3
CD247	ENST00000362089	8	0		0		4	2,3,7,8
CD27	ENST00000266557	6	0		0		2	1,4
CD274	ENST00000381577	6	0		0		2	3,4
CD28	ENST00000324106	4	0		0		3	1,2,4
CD2AP	ENST00000359314	18	0		0		12	3,5,6,7,8,9,10,11,13,14,16,17
CD320	ENST00000301458	5	0		0		2	2,3
CD36	ENST00000447544	12	0		0		4	4,7,11,14
CD3D	ENST00000300692	5	0		0		1	2
CD3E	ENST00000361763	8	0		0		1	4
CD3G	ENST00000532917	6	0		0		0	
CD4	ENST00000011653	9	0		0		1	3
CD40	ENST00000372285	9	0		0		2	1,9
CD40LG	ENST00000370629	5	0		2	2,5	5	1,2,3,4,5
CD44	ENST00000428726	18	0		0		3	2,5,6
CD46	ENST00000367042	12	0		0		5	1,6,7,10,11
CD55	ENST00000367064	10	0		0		2	1,2
CD59	ENST00000642928	3	0		0		2	2,4
CD70	ENST00000245903	3	0		0		2	1,3
CD79A	ENST00000221972	5	0		0		2	2,5
CD79B	ENST00000006750	6	0		0		2	3,6
CD81	ENST00000263645	8	0		0		1	6
CD8A	ENST00000283635	6	0		0		4	1,2,4,6
CD96	ENST00000352690	14	0		0		5	2,6,8,13,14
CDAN1	ENST00000356231	28	0		0		11	1,3,4,8,13,14,15,17,18,22,23
CDC14A	ENST00000336454	16	0		0		4	7,8,11,14
CDC20	ENST00000310955	10	0		0		9	2,3,4,5,6,7,8,9,11
CDC40	ENST00000307731	15	0		0		2	5,7
CDC42	ENST00000656825	5	0		0		0	
CDC42BPB	ENST00000361246	37	0		0		13	1,9,10,13,15,20,22,25,26,30,32,33,37
CDC45	ENST00000263201	18	0		0		6	1,6,7,10,11,13
CDC6	ENST00000209728	11	0		0		2	6,9
CDC73	ENST00000367435	17	0		0		4	8,9,15,17
CDCA7	ENST00000306721	10	0		0		6	2,3,4,6,9,10
CDH1	ENST00000261769	16	0		0		6	2,3,6,7,9,16
CDH11	ENST00000268603	11	0		0		7	3,4,8,10,11,12,13
CDH15	ENST00000289746	14	0		0		3	3,7,13
CDH2	ENST00000269141	16	0		0		4	1,10,11,16
CDH23	ENST00000224721	69	0		0		22	4,8,10,11,14,18,25,28,30,32,38,42,48,50,53,54,55,61,62,68,69,70
CDH3	ENST00000264012	16	0		0		8	2,5,8,9,10,12,13,16
CDH4	ENST00000614565	16	2	10,12	8	8,9,10,11,12,13,14,16	11	3,6,8,9,10,11,12,13,14,15,16
CDHR1	ENST00000623527	17	0		0		6	2,9,12,13,16,17
CDIN1	ENST00000566621	11	0		0		3	1,3,11
CDK10	ENST00000353379	13	0		0		3	1,3,5
CDK13	ENST00000181839	14	0		0		10	1,2,3,4,6,9,10,11,13,14
CDK16	ENST00000357227	15	0		1	12	15	2,3,4,5,6,7,8,9,10,11,12,13,14,15,16
CDK19	ENST00000368911	13	0		0		5	1,5,6,7,12
CDK20	ENST00000325303	8	0		0		5	1,4,5,6,7
CDK4	ENST00000257904	7	0		0		0	
CDK5	ENST00000485972	12	0		0		0	
CDK5RAP2	ENST00000349780	38	0		0		10	13,14,18,21,25,26,31,32,34,35
CDK6	ENST00000424848	7	0		0		4	2,5,6,7
CDK8	ENST00000381527	13	0		0		4	2,5,6,11
CDK9	ENST00000373264	7	0		0		2	5,7
CDKL5	ENST00000623535	17	0		4	12,14,16,18	17	2,3,4,5,6,7,8,9,10,11,12,13,14,15,16,17,18
CDKN1B	ENST00000228872	2	0		0		1	1
CDKN1C	ENST00000440480	2	0		2	2,3	2	2,3
CDKN2A	ENST00000304494	3	0		0		2	2,3
CDKN2A	ENST00000579755	2	0		0		2	1,2
CDKN2B	ENST00000276925	2	0		0		2	1,2
CDO1	ENST00000250535	5	0		0		1	1
CDON	ENST00000531738	19	0		0		8	3,4,5,6,9,12,15,17
CDSN	ENST00000376288	2	2	1,2	2	1,2	2	1,2
CDT1	ENST00000301019	10	0		0		3	4,7,10
CEACAM16	ENST00000587331	6	0		0		2	4,6
CEACAM3	ENST00000357396	7	0		0		2	2,6
CEACAM6	ENST00000199764	5	0		0		2	2,3
CEBPA	ENST00000498907	1	0		0		1	1
CEBPE	ENST00000206513	2	0		0		1	1
CEL	ENST00000372080	11	0		0		2	9,11
CELA2A	ENST00000359621	8	0		0		3	3,6,7
CELF2	ENST00000633077	13	0		0		5	3,4,7,8,9
CELF4	ENST00000420428	12	0		0		2	1,7
CELSR1	ENST00000674500	35	0		0		17	1,2,4,6,7,8,9,12,15,16,20,21,22,27,30,31,32
CELSR3	ENST00000164024	35	0		0		7	1,2,18,21,29,30,33
CENATAC	ENST00000334418	11	0		0		4	1,2,3,9
CENPE	ENST00000265148	49	0		0		31	1,2,6,7,9,13,14,15,19,21,22,23,24,25,26,28,30,31,33,35,36,37,38,39,40,41,42,43,44,45,46
CENPF	ENST00000366955	19	0		0		9	3,6,9,10,12,13,16,17,20
CENPI	ENST00000682095	20	0		2	6,13	19	3,4,5,6,7,8,9,10,11,12,13,14,15,16,17,18,19,20,22
CENPT	ENST00000562787	13	0		0		5	4,5,6,11,15
CEP104	ENST00000378230	21	0		0		6	2,4,5,9,11,14
CEP112	ENST00000535342	26	0		0		10	2,3,5,7,9,14,15,16,21,23
CEP120	ENST00000306467	20	0		0		6	3,6,7,9,12,19
CEP131	ENST00000450824	25	0		0		7	2,3,5,6,13,17,18
CEP135	ENST00000257287	24	0		0		11	3,4,6,8,10,11,15,20,21,22,23
CEP152	ENST00000380950	26	0		0		14	7,9,11,12,13,14,16,17,19,20,21,23,25,27
CEP164	ENST00000278935	31	0		0		8	6,10,12,14,15,17,24,27
CEP19	ENST00000409690	2	0		0		1	3
CEP250	ENST00000397527	32	0		0		15	4,16,18,19,20,21,22,23,24,26,27,29,30,33,34
CEP290	ENST00000552810	53	0		0		24	5,7,9,10,11,14,15,23,25,26,27,29,31,34,35,36,38,40,41,45,47,50,51,54
CEP295	ENST00000325212	29	0		0		13	2,4,5,7,8,10,12,15,17,21,24,25,27
CEP41	ENST00000223208	11	0		0		2	9,11
CEP43	ENST00000366847	13	0		0		4	2,4,5,10
CEP55	ENST00000371485	8	0		0		3	3,6,8
CEP57	ENST00000325542	11	0		0		6	1,3,4,6,7,11
CEP63	ENST00000675561	14	0		0		5	4,5,7,12,13
CEP78	ENST00000643273	17	0		0		6	1,8,9,11,13,17
CEP83	ENST00000397809	15	0		0		8	4,7,8,10,11,12,13,17
CEP85L	ENST00000368491	13	0		0		10	1,2,3,4,5,6,8,9,11,12
CEP89	ENST00000305768	19	0		0		9	2,3,5,7,9,13,15,17,19
CERKL	ENST00000410087	13	0		0		7	1,3,6,7,11,12,13
CERS1	ENST00000623882	7	0		0		0	
CERS3	ENST00000679737	10	0		0		4	3,6,9,12
CERT1	ENST00000643780	17	0		0		7	1,5,8,9,10,14,17
CES1	ENST00000360526	14	1	12	11	2,3,5,6,7,8,9,10,11,12,13	14	1,2,3,4,5,6,7,8,9,10,11,12,13,14
CETP	ENST00000200676	16	0		0		4	3,7,8,11
CFAP206	ENST00000369562	12	0		0		6	3,7,8,9,10,11
CFAP221	ENST00000413369	23	0		0		6	7,8,11,16,18,20
CFAP251	ENST00000288912	21	0		0		12	3,6,7,12,13,14,15,17,18,20,21,22
CFAP276	ENST00000369948	5	0		0		1	1
CFAP298	ENST00000290155	7	0		0		3	2,4,6
CFAP300	ENST00000434758	7	0		0		2	1,3
CFAP410	ENST00000339818	7	0		0		1	3
CFAP418	ENST00000286688	6	0		0		5	1,2,4,5,6
CFAP43	ENST00000357060	38	0		0		15	1,11,12,20,21,22,23,24,26,31,32,33,34,36,38
CFAP44	ENST00000393845	34	0		0		17	4,11,12,13,14,16,18,19,21,24,25,26,27,28,30,32,35
CFAP45	ENST00000368099	12	0		0		3	5,9,11
CFAP46	ENST00000368586	58	0		0		27	2,3,5,6,7,8,14,15,16,17,18,19,20,22,23,24,25,27,31,32,36,38,42,44,50,57,58
CFAP47	ENST00000378653	64	0		17	1,3,7,8,9,13,16,29,32,34,38,44,47,51,58,60,61	64	1,2,3,4,5,6,7,8,9,10,11,12,13,14,15,16,17,18,19,20,21,22,23,24,25,26,27,28,29,30,31,32,33,34,35,36,37,38,39,40,41,42,43,44,45,46,47,48,49,50,51,52,53,54,55,56,57,58,59,60,61,62,63,64
CFAP52	ENST00000352665	14	0		0		4	1,6,9,10
CFAP53	ENST00000398545	8	0		0		2	4,7
CFAP54	ENST00000524981	67	0		1	47	28	1,2,3,4,13,14,16,19,20,21,23,26,28,30,31,33,35,36,37,41,44,46,47,48,49,51,62,65
CFAP57	ENST00000372492	22	0		0		9	3,10,12,17,18,20,21,22,23
CFAP58	ENST00000369704	18	0		0		10	2,4,6,9,10,11,13,16,17,18
CFAP61	ENST00000245957	26	0		0		9	2,3,9,17,20,22,24,25,27
CFAP65	ENST00000341552	33	0		0		16	4,6,10,11,13,14,15,16,20,24,25,26,27,31,32,34
CFAP69	ENST00000389297	23	0		0		10	1,5,7,8,9,12,14,15,17,19
CFAP70	ENST00000355577	27	0		0		8	3,5,13,14,15,18,23,28
CFAP74	ENST00000682832	38	0		1	34	13	3,4,5,11,17,23,24,26,34,35,36,37,38
CFAP91	ENST00000273390	17	0		0		10	1,2,3,4,6,7,10,13,16,17
CFB	ENST00000425368	18	18	1,2,3,4,5,6,7,8,9,10,11,12,13,14,15,16,17,18	18	1,2,3,4,5,6,7,8,9,10,11,12,13,14,15,16,17,18	18	1,2,3,4,5,6,7,8,9,10,11,12,13,14,15,16,17,18
CFC1	ENST00000259216	6	0		0		0	
CFD	ENST00000327726	5	0		5	1,2,3,4,5	5	1,2,3,4,5
CFH	ENST00000367429	22	0		0		8	2,5,12,13,14,16,18,21
CFHR1	ENST00000320493	6	0		0		6	1,2,3,4,5,6
CFHR3	ENST00000367425	6	0		0		5	1,2,3,4,5
CFHR5	ENST00000256785	10	0		0		4	2,4,5,10
CFI	ENST00000394634	13	0		0		9	1,2,3,4,5,6,8,12,13
CFL2	ENST00000298159	4	0		0		0	
CFP	ENST00000396992	9	0		0		9	1,2,3,4,5,6,7,8,9
CFTR	ENST00000003084	27	0		1	20	12	2,3,5,8,9,11,12,13,14,15,20,22
CHAF1A	ENST00000301280	15	0		0		6	2,3,8,9,12,13
CHAF1B	ENST00000314103	13	0		0		3	2,9,14
CHAMP1	ENST00000361283	1	0		0		1	3
CHAT	ENST00000337653	15	0		0		9	4,7,8,9,11,12,13,14,15
CHCHD10	ENST00000484558	4	0		4	1,2,3,4	4	1,2,3,4
CHCHD2	ENST00000395422	4	0		0		3	1,2,4
CHD1	ENST00000614616	35	0		0		15	4,5,7,9,12,18,19,21,26,27,30,33,34,35,36
CHD1L	ENST00000369258	23	0		0		10	1,3,4,6,13,14,15,16,18,21
CHD2	ENST00000394196	38	0		0		7	2,4,8,13,21,31,35
CHD3	ENST00000330494	40	0		0		8	6,7,8,15,19,22,28,39
CHD4	ENST00000544040	39	0		0		9	3,7,8,15,16,24,26,30,39
CHD5	ENST00000262450	41	0		0		16	2,5,8,9,11,13,14,15,16,17,19,21,26,35,39,40
CHD7	ENST00000423902	37	0		0		13	2,4,10,15,16,20,23,24,29,30,32,34,38
CHD8	ENST00000646647	37	0		0		14	2,3,5,12,14,16,17,19,20,21,24,28,32,36
CHEK1	ENST00000438015	12	0		0		5	3,7,8,11,12
CHEK2	ENST00000404276	14	0		0		3	4,8,12
CHI3L1	ENST00000255409	10	0		0		3	8,9,10
CHIC2	ENST00000263921	6	0		0		4	1,3,4,5
CHIT1	ENST00000367229	11	0		0		6	2,3,5,6,8,11
CHKA	ENST00000265689	12	0		0		5	1,5,6,8,9
CHKB	ENST00000406938	11	0		0		4	4,7,8,11
CHL1	ENST00000256509	26	0		0		9	9,10,14,17,18,20,22,23,24
CHM	ENST00000357749	15	0		4	9,13,14,15	15	1,2,3,4,5,6,7,8,9,10,11,12,13,14,15
CHMP1A	ENST00000397901	7	0		0		1	5
CHMP2B	ENST00000263780	6	0		0		4	1,3,4,6
CHMP4B	ENST00000217402	5	0		0		4	1,3,4,5
CHN1	ENST00000409900	13	0		0		3	2,3,8
CHP1	ENST00000334660	7	0		0		2	1,6
CHRD	ENST00000204604	23	0		0		6	2,3,7,13,16,19
CHRDL1	ENST00000372042	11	0		2	9,11	11	2,3,4,5,6,7,8,9,10,11,12
CHRM1	ENST00000306960	1	0		0		1	2
CHRM3	ENST00000676153	1	0		0		1	7
CHRNA1	ENST00000348749	9	0		0		5	3,4,6,8,9
CHRNA2	ENST00000407991	6	0		0		4	2,3,5,6
CHRNA3	ENST00000326828	6	0		0		4	2,3,4,5
CHRNA4	ENST00000370263	6	0		0		1	5
CHRNA5	ENST00000299565	6	0		0		4	1,4,5,6
CHRNA7	ENST00000306901	10	0		10	1,2,3,4,5,6,7,8,9,10	10	1,2,3,4,5,6,7,8,9,10
CHRNB1	ENST00000306071	11	0		0		4	2,8,9,11
CHRNB2	ENST00000368476	6	0		0		1	5
CHRNB4	ENST00000261751	6	0		0		3	3,5,6
CHRND	ENST00000258385	12	0		0		3	2,8,11
CHRNE	ENST00000649488	12	0		0		2	6,12
CHRNG	ENST00000651502	12	0		0		2	10,11
CHST11	ENST00000303694	3	0		0		2	1,3
CHST14	ENST00000306243	1	0		0		1	1
CHST3	ENST00000373115	2	0		0		2	2,3
CHST6	ENST00000332272	1	0		0		1	3
CHST8	ENST00000650847	3	0		0		2	4,5
CHSY1	ENST00000254190	3	0		0		3	1,2,3
CHUK	ENST00000370397	21	0		0		6	2,8,9,11,14,20
CIAO1	ENST00000488633	7	0		0		2	3,7
CIAO3	ENST00000251588	11	0		0		2	3,6
CIB1	ENST00000328649	7	0		0		5	1,2,4,5,6
CIB2	ENST00000258930	6	0		0		1	4
CIBAR1	ENST00000518322	9	0		0		5	2,3,4,6,9
CIC	ENST00000681038	20	0		0		8	2,4,6,9,10,11,14,20
CIDEC	ENST00000336832	5	0		0		2	5,6
CIITA	ENST00000324288	19	0		0		6	2,5,11,15,17,18
CILK1	ENST00000676107	13	0		0		6	3,7,8,9,10,11
CILP	ENST00000261883	8	0		0		4	3,5,6,9
CIROP	ENST00000637218	16	0		0		0	
CIROZ	ENST00000377004	12	0		0		3	5,7,12
CISD2	ENST00000273986	3	0		0		1	2
CISH	ENST00000348721	3	0		0		1	3
CIT	ENST00000392521	47	0		0		16	3,7,8,9,14,15,21,23,25,26,27,31,34,37,45,47
CITED2	ENST00000367651	1	0		0		1	2
CIZ1	ENST00000372938	16	0		0		4	7,8,11,17
CKAP2L	ENST00000302450	9	0		0		5	1,4,7,8,9
CLASP1	ENST00000696935	40	0		0		13	2,10,11,13,16,17,20,22,25,30,31,36,39
CLCA2	ENST00000370565	14	0		0		7	1,5,6,9,10,11,14
CLCA4	ENST00000370563	14	0		0		7	4,5,6,8,9,11,14
CLCC1	ENST00000369969	10	0		0		7	3,5,6,8,10,11,12
CLCF1	ENST00000312438	3	0		0		1	3
CLCN1	ENST00000343257	23	0		0		8	1,2,12,14,15,16,17,18
CLCN2	ENST00000265593	24	0		0		6	5,11,15,16,22,24
CLCN3	ENST00000513761	12	0		0		6	2,4,6,7,10,11
CLCN4	ENST00000380833	11	0		2	5,9	10	3,4,5,6,7,9,10,11,12,13
CLCN5	ENST00000376091	13	0		3	9,11,13	13	3,4,5,6,7,8,9,10,11,12,13,14,15
CLCN6	ENST00000346436	23	0		0		9	2,6,11,16,17,18,19,20,23
CLCN7	ENST00000382745	25	0		0		6	6,8,9,11,12,13
CLCNKA	ENST00000331433	19	0		0		3	6,8,15
CLCNKB	ENST00000375679	19	0		0		3	8,9,15
CLDN1	ENST00000295522	4	0		0		1	1
CLDN10	ENST00000299339	5	0		0		2	1,2
CLDN11	ENST00000064724	3	0		0		2	1,3
CLDN14	ENST00000399135	1	0		0		1	2
CLDN16	ENST00000264734	5	0		0		1	4
CLDN19	ENST00000296387	5	0		0		2	3,4
CLDN2	ENST00000336803	1	0		0		1	2
CLDN5	ENST00000618236	1	0		0		1	1
CLDN9	ENST00000445369	1	0		0		1	1
CLEC1A	ENST00000315330	6	0		0		1	2
CLEC3B	ENST00000296130	3	0		0		1	3
CLEC4C	ENST00000360345	6	0		0		1	3
CLEC4M	ENST00000327325	7	0		0		3	1,4,6
CLEC7A	ENST00000304084	6	0		0		1	1
CLIC2	ENST00000369449	6	0		0		6	1,2,3,4,5,6
CLIC5	ENST00000339561	6	0		0		5	1,2,3,4,5
CLIP1	ENST00000620786	25	0		0		10	3,4,6,10,18,19,20,23,25,26
CLMP	ENST00000448775	7	0		0		3	3,6,7
CLN3	ENST00000636147	15	0		0		5	2,6,11,12,15
CLN5	ENST00000377453	4	0		0		1	4
CLN6	ENST00000249806	7	0		0		1	4
CLN8	ENST00000331222	2	0		2	2,3	2	2,3
CLP1	ENST00000533682	2	0		0		2	2,3
CLPB	ENST00000294053	17	0		0		0	
CLPB	ENST00000538039	16	0		0		5	1,6,12,14,16
CLPP	ENST00000245816	6	0		0		2	4,6
CLPX	ENST00000300107	14	0		0		6	3,7,8,10,12,13
CLRN1	ENST00000327047	3	0		0		2	1,3
CLRN2	ENST00000511148	3	0		0		2	1,3
CLTC	ENST00000269122	32	0		0		14	1,5,7,8,12,13,16,17,18,20,21,24,26,30
CLTCL1	ENST00000427926	32	0		0		15	2,3,6,7,8,12,17,20,21,22,23,26,28,30,31
CLTRN	ENST00000380342	6	0		1	6	6	1,2,3,4,5,6
CLXN	ENST00000262103	6	0		0		3	1,2,5
CMAS	ENST00000229329	8	0		0		4	3,4,5,6
CMPK2	ENST00000256722	5	0		0		2	1,2
CMTR2	ENST00000434935	1	0		0		1	3
CNBP	ENST00000422453	4	0		0		1	4
CNGA1	ENST00000514170	8	0		0		2	10,11
CNGA2	ENST00000329903	6	0		2	6,7	6	2,3,4,5,6,7
CNGA3	ENST00000272602	7	0		0		3	6,7,8
CNGB1	ENST00000251102	32	0		0		10	7,13,15,19,21,28,29,30,31,33
CNGB3	ENST00000320005	18	0		0		11	1,4,5,7,10,11,13,14,15,16,17
CNKSR1	ENST00000361530	21	0		0		4	9,11,12,18
CNKSR2	ENST00000379510	22	0		4	5,18,20,22	21	1,2,3,4,5,6,7,8,9,10,11,12,13,14,15,16,17,18,19,20,22
CNNM2	ENST00000369878	8	0		0		3	1,2,7
CNNM4	ENST00000377075	7	0		0		4	1,3,4,7
CNOT1	ENST00000317147	48	0		0		16	3,4,6,7,8,12,19,21,25,29,31,34,36,38,39,48
CNOT2	ENST00000229195	15	0		0		6	3,8,10,12,14,15
CNOT3	ENST00000221232	17	16	2,3,4,5,6,7,8,10,11,12,13,14,15,16,17,18	17	2,3,4,5,6,7,8,9,10,11,12,13,14,15,16,17,18	17	2,3,4,5,6,7,8,9,10,11,12,13,14,15,16,17,18
CNOT9	ENST00000273064	8	0		0		3	1,4,8
CNP	ENST00000393892	4	0		0		3	2,3,4
CNPY3	ENST00000372836	6	0		0		2	1,3
CNTN1	ENST00000551295	23	0		0		10	6,7,8,9,11,12,20,21,22,23
CNTN2	ENST00000331830	22	0		0		11	3,6,7,8,11,12,16,18,20,22,23
CNTN6	ENST00000446702	22	0		0		8	8,11,12,17,18,19,21,23
CNTNAP1	ENST00000264638	24	0		0		7	2,3,5,7,9,14,19
CNTNAP2	ENST00000361727	24	1	22	5	19,21,22,23,24	18	1,2,4,5,6,7,8,9,10,15,16,18,19,20,21,22,23,24
COA3	ENST00000328434	2	0		0		2	1,2
COA5	ENST00000328709	3	0		0		0	
COA6	ENST00000366615	3	0		0		1	1
COA7	ENST00000371538	3	0		0		2	2,3
COA8	ENST00000409074	5	0		0		1	5
COASY	ENST00000393818	9	0		0		2	1,9
COCH	ENST00000396618	11	0		0		2	11,12
COG1	ENST00000299886	14	0		0		11	1,2,3,4,5,6,7,8,9,11,14
COG2	ENST00000366669	18	0		0		9	2,5,8,10,13,14,15,16,17
COG3	ENST00000349995	23	0		0		5	1,7,8,16,17
COG4	ENST00000323786	19	0		0		8	1,2,5,11,12,14,16,19
COG5	ENST00000297135	22	0		0		11	1,2,3,4,6,10,11,12,15,16,22
COG6	ENST00000455146	19	0		0		5	1,2,8,13,18
COG7	ENST00000307149	17	0		0		6	1,3,6,8,12,13
COG8	ENST00000306875	5	0		0		4	1,2,3,5
COL10A1	ENST00000651968	2	0		0		1	3
COL11A1	ENST00000370096	67	0		1	67	24	4,6,7,8,12,15,20,26,27,31,33,34,41,44,48,51,52,56,57,59,63,65,66,67
COL11A2	ENST00000341947	66	66	1,2,3,4,5,6,7,8,9,10,11,12,13,14,15,16,17,18,19,20,21,22,23,24,25,26,27,28,29,30,31,32,33,34,35,36,37,38,39,40,41,42,43,44,45,46,47,48,49,50,51,52,53,54,55,56,57,58,59,60,61,62,63,64,65,66	66	1,2,3,4,5,6,7,8,9,10,11,12,13,14,15,16,17,18,19,20,21,22,23,24,25,26,27,28,29,30,31,32,33,34,35,36,37,38,39,40,41,42,43,44,45,46,47,48,49,50,51,52,53,54,55,56,57,58,59,60,61,62,63,64,65,66	66	1,2,3,4,5,6,7,8,9,10,11,12,13,14,15,16,17,18,19,20,21,22,23,24,25,26,27,28,29,30,31,32,33,34,35,36,37,38,39,40,41,42,43,44,45,46,47,48,49,50,51,52,53,54,55,56,57,58,59,60,61,62,63,64,65,66
COL12A1	ENST00000322507	65	0		0		19	2,5,8,14,18,19,20,24,31,33,34,40,42,46,49,51,52,60,63
COL13A1	ENST00000645393	41	0		0		5	9,12,13,27,30
COL14A1	ENST00000297848	47	0		0		15	3,6,7,8,12,13,19,21,33,35,38,44,45,46,47
COL17A1	ENST00000648076	55	0		0		7	2,17,18,23,37,45,52
COL18A1	ENST00000651438	42	0		1	34	2	20,34
COL1A1	ENST00000225964	51	0		0		4	2,3,6,50
COL1A2	ENST00000297268	52	0		0		17	4,5,6,9,11,16,17,20,25,32,36,38,40,42,43,44,52
COL20A1	ENST00000358894	34	0		0		3	5,8,25
COL25A1	ENST00000399132	37	0		0		7	2,4,10,11,14,32,36
COL27A1	ENST00000356083	61	0		0		13	3,7,10,13,22,24,25,26,27,31,43,50,61
COL2A1	ENST00000380518	54	0		0		7	1,30,38,46,51,53,54
COL3A1	ENST00000304636	51	0		1	44	25	1,2,3,4,11,12,18,19,21,24,26,31,33,34,39,40,41,42,43,44,45,46,47,48,49
COL4A1	ENST00000375820	52	0		0		21	4,5,10,11,13,15,20,23,24,26,27,28,30,32,34,37,40,42,48,51,52
COL4A2	ENST00000360467	47	0		0		21	2,12,13,19,20,22,23,27,29,30,31,33,38,40,41,42,43,44,45,46,48
COL4A3	ENST00000396578	52	0		0		22	3,5,10,19,21,25,26,28,30,31,32,34,36,38,42,43,45,47,48,50,51,52
COL4A4	ENST00000396625	47	0		0		21	3,8,10,15,17,18,20,21,22,28,29,30,31,32,33,36,39,40,41,46,48
COL4A5	ENST00000328300	53	0		10	10,25,31,32,33,34,38,45,47,48	51	1,2,3,4,5,6,7,8,9,10,11,12,13,14,15,16,17,18,19,20,21,22,24,25,26,27,28,29,30,31,32,33,34,35,36,37,38,39,40,41,42,44,45,46,47,48,49,50,51,52,53
COL4A6	ENST00000334504	45	0		13	1,6,14,20,23,28,29,30,31,33,41,42,45	44	1,2,3,4,5,6,7,8,9,10,11,12,13,14,15,16,17,18,19,20,21,22,23,24,25,26,27,28,29,30,31,33,34,35,36,37,38,39,40,41,42,43,44,45
COL5A1	ENST00000371817	66	0		0		13	1,2,3,4,7,13,16,27,31,39,55,64,66
COL5A2	ENST00000374866	54	0		0		21	1,2,5,8,10,13,14,17,19,21,23,28,36,37,40,44,46,50,51,52,53
COL6A1	ENST00000361866	35	0		0		4	15,25,33,35
COL6A2	ENST00000300527	27	0		0		0	
COL6A2	ENST00000397763	27	0		0		3	3,4,26
COL6A3	ENST00000295550	43	0		0		22	2,3,4,5,6,7,8,9,10,11,12,15,19,20,22,25,31,36,38,40,42,44
COL6A6	ENST00000358511	36	0		0		15	2,3,4,5,6,7,8,9,10,13,26,28,30,33,35
COL7A1	ENST00000681320	118	0		0		3	3,86,117
COL8A2	ENST00000397799	2	0		0		1	4
COL9A1	ENST00000357250	38	0		0		12	3,5,8,10,11,12,29,30,33,34,35,36
COL9A2	ENST00000372748	32	0		0		2	30,32
COL9A3	ENST00000649368	32	0		0		4	6,28,31,32
COLEC10	ENST00000332843	6	0		0		4	1,2,5,6
COLEC11	ENST00000349077	6	0		0		1	7
COLGALT1	ENST00000252599	12	0		0		4	1,5,7,9
COLQ	ENST00000383788	17	0		0		4	3,6,11,15
COMP	ENST00000222271	19	0		0		4	5,7,12,17
COMT	ENST00000361682	4	0		0		0	
COPA	ENST00000241704	33	0		0		6	5,9,18,20,31,32
COPB1	ENST00000439561	21	0		0		9	3,4,9,10,11,15,16,19,21
COPB2	ENST00000333188	22	0		0		7	4,9,14,16,17,18,22
COPG1	ENST00000314797	24	0		0		10	4,8,9,10,11,12,13,16,20,22
COQ2	ENST00000647002	7	0		0		1	1
COQ4	ENST00000300452	7	0		0		3	2,3,6
COQ5	ENST00000288532	7	0		0		2	3,7
COQ6	ENST00000334571	12	0		0		6	1,5,9,10,11,12
COQ7	ENST00000321998	6	0		0		2	1,2
COQ8A	ENST00000366777	14	0		0		4	3,7,13,15
COQ8B	ENST00000324464	14	0		0		4	2,3,12,15
COQ9	ENST00000262507	9	0		0		2	1,7
CORIN	ENST00000273857	22	0		0		6	11,14,16,18,19,20
CORO1A	ENST00000219150	10	0		0		3	3,5,8
COX10	ENST00000261643	7	0		0		2	1,7
COX11	ENST00000299335	4	0		0		3	1,3,4
COX14	ENST00000550487	1	0		0		0	
COX15	ENST00000016171	9	0		0		3	1,7,8
COX16	ENST00000389912	4	0		0		3	1,3,4
COX18	ENST00000507544	6	0		0		3	1,4,6
COX20	ENST00000411948	4	0		0		1	4
COX4I1	ENST00000253452	4	0		0		2	3,4
COX4I2	ENST00000376075	4	0		0		2	4,5
COX5A	ENST00000322347	4	0		0		1	1
COX6A1	ENST00000229379	3	0		0		1	1
COX6A2	ENST00000287490	3	0		0		2	2,3
COX6B1	ENST00000649813	3	0		0		0	
COX7B	ENST00000650309	3	0		0		3	1,2,3
COX8A	ENST00000314133	2	0		0		1	1
COXFA4	ENST00000339600	4	0		0		3	1,3,4
CP	ENST00000264613	19	0		0		7	4,5,10,11,14,16,18
CPA1	ENST00000011292	10	0		0		3	3,4,10
CPA6	ENST00000297770	11	0		0		3	1,4,6
CPAMD8	ENST00000443236	42	0		0		16	2,4,9,10,11,13,15,17,19,20,24,25,26,37,41,42
CPAP	ENST00000381884	16	0		0		4	4,6,7,9
CPE	ENST00000402744	9	0		0		3	1,2,6
CPLANE1	ENST00000651892	52	0		1	4	20	2,4,11,12,17,18,19,24,25,26,29,30,32,33,34,38,42,44,45,46
CPLX1	ENST00000304062	3	0		0		0	
CPN1	ENST00000370418	9	0		0		5	2,3,4,6,9
CPNE6	ENST00000689861	15	0		0		1	6
CPOX	ENST00000647941	7	0		0		2	1,6
CPS1	ENST00000233072	38	0		0		13	1,4,8,12,14,15,16,17,19,26,30,31,36
CPSF1	ENST00000616140	37	0		0		6	4,8,12,13,29,35
CPSF3	ENST00000238112	18	0		0		3	3,12,16
CPSF6	ENST00000435070	9	0		0		4	1,3,4,8
CPT1A	ENST00000265641	18	0		0		13	2,3,4,6,7,8,10,12,13,14,17,18,19
CPT1C	ENST00000598293	18	0		1	7	6	4,7,9,12,16,20
CPT2	ENST00000371486	5	0		0		4	1,3,4,5
CR1	ENST00000367049	47	0		12	7,8,9,11,13,14,15,16,17,19,20,21	26	5,6,7,8,9,10,11,12,13,14,15,16,17,18,19,20,21,22,23,26,27,29,33,37,39,41
CR2	ENST00000367057	19	0		0		8	1,6,7,8,10,11,14,19
CRACR2A	ENST00000440314	17	0		0		7	4,10,11,13,14,15,16
CRADD	ENST00000332896	2	0		0		1	2
CRAT	ENST00000318080	14	0		0		5	7,8,10,13,14
CRB1	ENST00000367400	12	0		0		8	2,3,4,5,6,7,9,12
CRB2	ENST00000373631	13	0		0		2	7,13
CRBN	ENST00000231948	11	0		0		8	1,2,3,5,7,8,9,11
CREB1	ENST00000353267	7	0		0		1	8
CREB3L1	ENST00000621158	12	0		0		5	3,6,9,10,11
CREB3L3	ENST00000078445	10	0		0		4	3,4,7,10
CREBBP	ENST00000262367	31	0		0		10	1,2,5,10,14,17,19,24,27,31
CREBRF	ENST00000296953	8	0		0		2	4,8
CRELD1	ENST00000452070	10	0		0		4	6,7,9,11
CRH	ENST00000276571	1	0		0		1	2
CRIM1	ENST00000280527	17	0		1	1	6	1,2,7,11,13,14
CRIPT	ENST00000238892	5	0		0		1	4
CRIPTO	ENST00000296145	6	0		0		0	
CRLF1	ENST00000392386	9	0		1	7	6	1,2,3,7,8,9
CRLS1	ENST00000378863	7	0		0		2	1,4
CRPPA	ENST00000407010	10	0		0		4	2,6,8,9
CRTAP	ENST00000320954	7	0		0		3	1,4,5
CRTC1	ENST00000321949	14	0		0		1	14
CRX	ENST00000221996	3	0		0		1	3
CRY1	ENST00000008527	12	0		0		8	1,2,5,6,7,8,10,12
CRYAA	ENST00000291554	3	0		3	1,2,3	3	1,2,3
CRYAB	ENST00000650687	3	0		0		1	2
CRYBA1	ENST00000225387	6	0		0		3	1,3,4
CRYBA2	ENST00000295728	4	0		0		1	1
CRYBA4	ENST00000354760	5	0		0		2	4,6
CRYBB1	ENST00000647684	5	0		0		2	4,5
CRYBB2	ENST00000398215	5	0		0		2	3,5
CRYBB3	ENST00000215855	5	0		0		3	2,4,6
CRYGB	ENST00000260988	3	0		0		0	
CRYGC	ENST00000282141	3	0		0		2	2,3
CRYGD	ENST00000264376	3	0		0		1	2
CRYGS	ENST00000307944	3	0		0		0	
CRYM	ENST00000572914	8	0		0		2	2,5
CSDE1	ENST00000358528	18	0		0		7	4,9,10,11,12,14,19
CSF1R	ENST00000675795	21	0		0		8	2,6,8,10,11,16,17,21
CSF2RA	ENST00000381529	11	0		0		5	3,5,7,11,13
CSF2RB	ENST00000403662	13	0		0		4	6,7,8,14
CSF3	ENST00000394149	5	0		0		1	5
CSF3R	ENST00000373106	15	0		0		3	4,5,17
CSGALNACT1	ENST00000692225	7	0		0		2	3,6
CSH1	ENST00000316193	5	0		1	2	4	2,3,4,5
CSMD1	ENST00000635120	70	0		1	51	26	12,14,16,17,18,20,27,29,31,34,36,40,42,44,47,49,51,52,54,59,61,62,63,64,65,66
CSMD3	ENST00000297405	71	0		0		33	1,2,3,4,6,7,8,9,13,14,15,17,18,20,21,22,23,26,27,28,29,31,37,39,43,47,50,52,53,57,58,59,70
CSNK1D	ENST00000314028	9	0		0		3	3,4,5
CSNK1E	ENST00000396832	9	0		0		5	3,5,7,8,9
CSNK1G1	ENST00000303052	11	0		0		4	2,3,4,12
CSNK1G3	ENST00000696905	13	0		0		4	2,3,7,8
CSNK2A1	ENST00000217244	12	0		0		2	7,13
CSNK2B	ENST00000375882	6	6	2,3,4,5,6,7	6	2,3,4,5,6,7	6	2,3,4,5,6,7
CSPG4	ENST00000308508	10	0		0		3	3,4,10
CSPP1	ENST00000678616	30	0		0		8	6,7,16,19,23,26,27,31
CSRP3	ENST00000265968	5	0		0		1	3
CST1	ENST00000304749	3	0		0		1	1
CST3	ENST00000376925	3	0		0		1	1
CST6	ENST00000312134	3	0		0		1	2
CSTA	ENST00000264474	3	0		0		2	2,3
CSTB	ENST00000291568	3	0		0		1	1
CSTF2	ENST00000372972	13	0		0		12	1,2,3,4,5,6,7,8,9,10,11,12
CT55	ENST00000276241	6	0		2	1,3	6	1,2,3,4,5,6
CTBP1	ENST00000382952	9	0		0		2	3,6
CTC1	ENST00000651323	23	0		0		8	3,4,6,9,12,13,14,20
CTCF	ENST00000264010	10	0		0		4	3,5,9,12
CTDP1	ENST00000613122	13	0		9	1,2,3,4,5,7,8,9,10	12	1,2,3,4,5,6,7,8,9,10,11,13
CTF1	ENST00000279804	3	0		0		1	3
CTH	ENST00000370938	12	0		0		4	2,4,5,8
CTHRC1	ENST00000330295	4	0		0		2	3,4
CTLA4	ENST00000648405	4	0		0		1	1
CTNNA1	ENST00000302763	17	0		0		10	3,7,8,9,10,11,14,16,17,18
CTNNA2	ENST00000402739	18	0		0		7	2,5,6,9,12,13,16
CTNNA3	ENST00000433211	17	0		0		9	2,3,4,5,11,12,13,15,18
CTNNB1	ENST00000349496	14	0		0		5	4,6,9,11,12
CTNNBL1	ENST00000361383	16	0		0		0	
CTNND1	ENST00000399050	19	0		0		9	3,6,7,9,12,13,14,15,16
CTNND2	ENST00000304623	22	0		0		8	1,7,8,9,11,12,18,19
CTNS	ENST00000046640	10	0		0		2	7,10
CTPS1	ENST00000650070	17	0		0		3	3,4,14
CTR9	ENST00000361367	25	0		0		9	1,2,4,6,7,11,15,20,25
CTRC	ENST00000375949	8	0		0		2	4,5
CTSA	ENST00000646241	14	0		0		3	2,6,12
CTSB	ENST00000353047	9	0		1	2	7	2,5,6,7,8,9,10
CTSC	ENST00000227266	7	0		0		4	1,2,5,7
CTSD	ENST00000236671	9	0		0		0	
CTSF	ENST00000310325	13	0		0		3	1,3,6
CTSK	ENST00000271651	7	0		0		1	6
CTTNBP2	ENST00000160373	23	0		0		9	2,3,4,5,6,12,17,18,20
CTU2	ENST00000453996	15	0		1	10	2	1,10
CUBN	ENST00000377833	67	0		0		19	12,14,15,17,18,19,20,21,24,26,27,43,49,50,54,56,62,63,64
CUL3	ENST00000264414	16	0		0		6	3,5,7,12,13,14
CUL4B	ENST00000371322	20	0		6	1,2,5,9,11,12	17	1,2,3,5,6,7,8,9,10,11,12,13,14,15,17,18,19
CUL7	ENST00000265348	25	0		0		7	4,9,10,17,18,20,26
CUX1	ENST00000292535	24	0		0		9	1,15,17,18,19,21,22,23,24
CUX1	ENST00000622516	23	0		1	1	5	1,2,7,11,12
CUX2	ENST00000261726	22	0		0		12	1,5,11,12,14,15,16,17,19,20,21,22
CWC27	ENST00000381070	14	0		0		4	4,6,9,12
CWF19L1	ENST00000354105	14	0		0		4	1,3,7,9
CX3CR1	ENST00000399220	1	0		0		1	2
CXCL12	ENST00000343575	3	0		0		1	2
CXCR1	ENST00000295683	1	0		0		1	2
CXCR2	ENST00000318507	1	0		0		1	3
CXCR4	ENST00000241393	2	0		0		2	1,2
CYB561	ENST00000360793	5	0		0		1	2
CYB5A	ENST00000340533	5	0		0		1	1
CYB5R3	ENST00000352397	9	0		0		1	7
CYBA	ENST00000261623	6	0		0		1	4
CYBB	ENST00000378588	13	0		2	5,9	13	1,2,3,4,5,6,7,8,9,10,11,12,13
CYBC1	ENST00000306645	6	0		0		1	5
CYBRD1	ENST00000321348	4	0		0		0	
CYC1	ENST00000318911	7	0		0		5	2,3,4,6,7
CYCS	ENST00000305786	2	0		0		0	
CYFIP2	ENST00000620254	30	0		0		13	3,7,8,10,11,12,14,15,20,21,26,29,30
CYLC1	ENST00000329312	5	0		1	2	5	1,2,3,4,5
CYLC2	ENST00000374798	5	0		0		1	2
CYLD	ENST00000427738	17	0		0		7	3,4,9,10,14,16,18
CYP11A1	ENST00000268053	9	0		0		3	3,8,9
CYP11B1	ENST00000292427	9	0		0		5	1,2,3,4,8
CYP11B2	ENST00000323110	9	0		0		6	1,3,4,6,8,9
CYP17A1	ENST00000369887	8	0		0		5	1,2,5,6,8
CYP19A1	ENST00000396402	9	0		0		2	7,10
CYP1B1	ENST00000610745	2	0		0		2	2,3
CYP21A2	ENST00000644719	10	10	1,2,3,4,5,6,7,8,9,10	10	1,2,3,4,5,6,7,8,9,10	10	1,2,3,4,5,6,7,8,9,10
CYP24A1	ENST00000216862	11	0		0		4	2,4,7,10
CYP26B1	ENST00000001146	6	0		0		3	2,3,4
CYP26C1	ENST00000651965	6	0		0		6	1,2,3,4,5,6
CYP27A1	ENST00000258415	9	0		0		3	1,4,8
CYP27B1	ENST00000228606	9	0		0		2	1,8
CYP2A6	ENST00000301141	9	0		1	9	6	1,2,3,4,5,9
CYP2B6	ENST00000324071	9	0		0		0	
CYP2C19	ENST00000371321	9	0		0		7	1,3,5,6,7,8,9
CYP2C8	ENST00000371270	9	0		0		5	3,4,5,6,8
CYP2C9	ENST00000260682	9	0		0		6	1,3,4,6,8,9
CYP2D6	ENST00000645361	9	6	1,2,3,5,7,9	9	1,2,3,4,5,6,7,8,9	9	1,2,3,4,5,6,7,8,9
CYP2R1	ENST00000334636	5	0		0		4	1,2,3,4
CYP2U1	ENST00000332884	5	0		1	2	3	1,2,5
CYP3A4	ENST00000651514	13	0		0		7	2,4,5,8,10,11,13
CYP3A5	ENST00000222982	13	0		0		7	2,4,5,7,8,11,13
CYP4F22	ENST00000269703	12	0		0		4	3,7,8,14
CYP4V2	ENST00000378802	11	0		0		5	1,4,5,6,8
CYP51A1	ENST00000003100	10	0		0		2	1,4
CYP7A1	ENST00000301645	6	0		0		4	1,2,3,6
CYP7B1	ENST00000310193	6	0		0		4	1,4,5,6
CYS1	ENST00000381813	3	0		0		1	3
D2HGDH	ENST00000321264	9	0		0		6	2,4,6,7,8,9
DAAM2	ENST00000274867	24	0		0		8	2,5,6,9,13,20,24,25
DAB1	ENST00000371236	13	0		0		2	4,12
DACH2	ENST00000373125	12	0		1	1	12	1,2,3,4,5,6,7,8,9,10,11,12
DACT1	ENST00000395153	4	0		0		1	4
DAG1	ENST00000308775	2	0		0		2	2,3
DAGLA	ENST00000257215	19	0		0		5	3,5,12,13,20
DALRD3	ENST00000341949	12	0		0		8	1,2,3,5,7,8,9,10
DAND5	ENST00000317060	2	0		0		1	1
DAO	ENST00000228476	10	0		0		1	2
DAOA	ENST00000375936	4	0		0		2	2,5
DAP3	ENST00000368336	12	0		0		2	9,12
DAPK1	ENST00000408954	25	0		0		13	3,4,10,12,13,15,16,17,19,21,23,25,26
DARS1	ENST00000264161	16	0		0		6	2,4,5,8,9,12
DARS2	ENST00000649689	17	0		0		6	1,3,4,5,10,13
DAW1	ENST00000309931	13	0		0		3	1,3,4
DAZL	ENST00000399444	11	0		0		5	1,5,7,10,11
DBH	ENST00000393056	12	0		0		4	2,3,4,6
DBR1	ENST00000260803	8	0		0		3	4,5,7
DBT	ENST00000370132	11	0		0		5	1,3,5,6,7
DCAF13	ENST00000612750	11	0		0		3	1,8,11
DCAF15	ENST00000254337	13	0		0		0	
DCAF17	ENST00000375255	14	0		0		4	1,3,11,12
DCAF8	ENST00000368074	12	0		0		4	4,10,12,14
DCC	ENST00000442544	29	0		0		12	2,4,5,7,8,14,15,18,20,24,26,27
DCDC2	ENST00000378454	10	0		0		3	1,5,6
DCHS1	ENST00000299441	20	0		0		10	2,3,6,7,10,11,12,14,18,21
DCLRE1B	ENST00000650450	4	0		0		1	4
DCLRE1C	ENST00000378278	14	0		0		6	1,2,3,4,12,14
DCN	ENST00000052754	7	0		0		2	2,4
DCPS	ENST00000263579	6	0		0		5	1,2,3,4,6
DCT	ENST00000377028	8	0		1	4	6	1,2,4,5,6,7
DCTN1	ENST00000628224	32	0		0		4	21,26,28,32
DCTN4	ENST00000447998	13	0		0		1	13
DCX	ENST00000636035	6	0		1	5	6	2,3,4,5,6,7
DCXR	ENST00000306869	8	0		0		0	
DDB1	ENST00000301764	27	0		0		4	3,11,12,24
DDB2	ENST00000256996	10	0		0		4	1,2,3,8
DDC	ENST00000444124	13	0		0		5	2,5,9,13,14
DDHD1	ENST00000673822	13	0		1	1	7	1,2,5,7,8,9,10
DDHD2	ENST00000397166	16	0		0		0	
DDOST	ENST00000602624	11	0		0		5	1,2,3,7,9
DDR1	ENST00000376568	17	17	2,3,4,5,6,7,8,9,10,11,12,13,14,15,16,17,18	17	2,3,4,5,6,7,8,9,10,11,12,13,14,15,16,17,18	17	2,3,4,5,6,7,8,9,10,11,12,13,14,15,16,17,18
DDR2	ENST00000367921	16	0		0		8	4,5,6,9,12,13,14,16
DDRGK1	ENST00000354488	9	0		0		5	1,2,3,5,9
DDX11	ENST00000542838	26	0		0		5	8,9,12,20,21
DDX17	ENST00000403230	13	0		0		3	1,10,13
DDX23	ENST00000308025	16	0		0		2	10,13
DDX25	ENST00000263576	12	0		0		2	4,9
DDX39B	ENST00000396172	10	10	2,3,4,5,6,7,8,9,10,11	10	2,3,4,5,6,7,8,9,10,11	10	2,3,4,5,6,7,8,9,10,11
DDX3X	ENST00000644876	17	0		3	1,5,12	17	1,2,3,4,5,6,7,8,9,10,11,12,13,14,15,16,17
DDX41	ENST00000330503	17	0		0		4	3,4,8,9
DDX53	ENST00000327968	1	0		0		1	1
DDX54	ENST00000306014	20	0		0		8	1,4,11,13,14,16,19,20
DDX59	ENST00000331314	7	0		0		3	2,6,8
DDX6	ENST00000534980	12	0		0		2	2,10
DEAF1	ENST00000382409	12	0		3	10,11,12	9	1,3,5,7,8,9,10,11,12
DECR1	ENST00000220764	10	0		0		3	1,3,5
DEF6	ENST00000316637	11	0		0		7	1,4,6,7,8,9,11
DEGS1	ENST00000323699	3	0		0		1	2
DEK	ENST00000652689	10	0		0		5	5,6,7,9,10
DENND4B	ENST00000361217	27	0		0		5	4,14,15,20,26
DENND5A	ENST00000328194	23	0		0		9	1,4,6,12,17,19,21,22,23
DENND5B	ENST00000389082	21	0		0		9	2,3,4,7,9,13,16,17,20
DEPDC5	ENST00000651528	42	0		0		12	4,12,13,14,17,23,27,30,34,37,38,40
DES	ENST00000373960	9	0		0		3	1,5,6
DGAT1	ENST00000528718	17	0		0		0	
DGAT2	ENST00000228027	8	0		0		4	1,5,6,7
DGCR2	ENST00000263196	10	0		0		6	3,4,6,7,9,10
DGCR8	ENST00000351989	13	0		0		7	2,3,4,5,6,7,12
DGKE	ENST00000284061	11	0		0		5	2,3,4,5,8
DGUOK	ENST00000264093	7	0		0		2	1,3
DHCR24	ENST00000371269	9	0		0		6	1,2,5,6,7,8
DHCR7	ENST00000355527	7	0		0		4	4,6,8,9
DHDDS	ENST00000236342	8	0		0		1	5
DHFR	ENST00000439211	6	0		0		3	3,4,6
DHH	ENST00000649637	3	0		0		3	1,2,3
DHODH	ENST00000219240	9	0		0		6	1,2,3,5,7,9
DHPS	ENST00000210060	9	0		0		2	3,6
DHRS3	ENST00000616661	6	0		0		3	2,4,5
DHRSX	ENST00000334651	7	0		0		3	1,5,7
DHTKD1	ENST00000263035	17	0		0		5	3,4,8,11,15
DHX16	ENST00000376442	20	20	1,2,3,4,5,6,7,8,9,10,11,12,13,14,15,16,17,18,19,20	20	1,2,3,4,5,6,7,8,9,10,11,12,13,14,15,16,17,18,19,20	20	1,2,3,4,5,6,7,8,9,10,11,12,13,14,15,16,17,18,19,20
DHX30	ENST00000445061	20	0		0		11	4,5,6,7,8,9,11,13,14,15,17
DHX32	ENST00000284690	11	0		0		9	1,2,3,4,5,7,8,9,10
DHX34	ENST00000328771	16	0		0		5	2,3,4,7,17
DHX37	ENST00000308736	27	0		0		13	1,2,4,5,6,8,10,11,12,17,20,21,24
DHX38	ENST00000268482	26	0		0		5	7,9,12,14,26
DHX9	ENST00000367549	27	0		0		13	2,4,5,6,10,12,17,19,21,22,24,26,27
DIABLO	ENST00000464942	6	0		0		3	1,2,6
DIAPH1	ENST00000389054	28	0		0		9	1,8,11,12,14,15,22,23,28
DIAPH2	ENST00000324765	27	0		7	3,4,6,12,13,17,19	27	1,2,3,4,5,6,7,8,9,10,11,12,13,14,15,16,17,18,19,20,21,22,23,24,25,26,27
DIAPH3	ENST00000400324	28	0		0		11	1,4,5,6,8,9,13,15,21,25,26
DICER1	ENST00000343455	26	0		0		8	4,6,9,12,21,23,24,26
DIO1	ENST00000361921	4	0		0		2	1,2
DIP2A	ENST00000417564	38	0		0		17	2,3,5,6,9,11,12,13,19,20,23,24,25,29,34,35,37
DIP2B	ENST00000301180	38	0		0		12	1,7,11,14,19,26,28,29,31,33,36,37
DIP2C	ENST00000280886	37	0		1	13	18	2,3,5,8,11,12,13,18,20,21,22,25,27,29,30,31,35,37
DIS3L2	ENST00000325385	20	0		0		6	4,7,12,13,17,21
DISC1	ENST00000439617	13	0		0		8	1,2,5,6,8,10,11,13
DISP1	ENST00000675850	7	0		0		2	3,9
DKC1	ENST00000369550	15	0		1	2	12	2,3,4,6,7,8,9,10,12,13,14,15
DLAT	ENST00000280346	14	0		0		5	1,6,8,9,13
DLC1	ENST00000276297	17	0		0		9	2,3,5,7,9,11,12,13,16
DLD	ENST00000205402	14	0		0		7	3,5,7,8,9,10,14
DLG1	ENST00000667157	24	0		0		5	12,16,17,22,25
DLG2	ENST00000376104	26	0		0		6	4,5,7,10,27,28
DLG3	ENST00000374360	19	0		2	8,16	18	1,2,3,4,5,6,7,8,9,10,11,12,14,15,16,17,18,19
DLG4	ENST00000399506	20	0		0		0	
DLG4	ENST00000648172	22	0		0		5	3,8,9,11,14
DLG5	ENST00000372391	32	0		32	1,2,3,4,5,6,7,8,9,10,11,12,13,14,15,16,17,18,19,20,21,22,23,24,25,26,27,28,29,30,31,32	32	1,2,3,4,5,6,7,8,9,10,11,12,13,14,15,16,17,18,19,20,21,22,23,24,25,26,27,28,29,30,31,32
DLGAP2	ENST00000637795	15	7	4,5,6,9,12,14,15	15	1,2,3,4,5,6,7,8,9,10,11,12,13,14,15	15	1,2,3,4,5,6,7,8,9,10,11,12,13,14,15
DLK1	ENST00000341267	5	0		0		3	2,4,5
DLL1	ENST00000366756	11	0		11	1,2,3,4,5,6,7,8,9,10,11	11	1,2,3,4,5,6,7,8,9,10,11
DLL3	ENST00000356433	9	0		0		5	2,4,6,7,8
DLL4	ENST00000249749	11	0		0		2	9,10
DLST	ENST00000334220	15	0		1	2	6	1,2,8,9,12,14
DLX3	ENST00000434704	3	0		0		2	1,2
DLX4	ENST00000240306	3	0		0		2	2,3
DLX5	ENST00000648378	3	0		0		2	1,3
DLX6	ENST00000518156	3	0		0		2	1,2
DMAP1	ENST00000372289	10	0		0		4	2,3,4,9
DMBX1	ENST00000360032	4	0		0		3	3,4,6
DMC1	ENST00000216024	13	0		0		3	2,3,10
DMD	ENST00000357033	79	0		18	1,6,10,11,21,23,27,28,40,44,45,48,52,53,54,55,65,73	75	1,2,3,4,5,6,7,8,9,10,11,12,13,14,15,16,17,18,19,20,21,22,23,24,25,27,28,29,30,31,32,33,34,35,36,37,38,39,40,41,42,43,44,45,46,47,48,49,50,51,52,53,54,55,56,57,58,59,60,61,62,63,64,65,66,67,68,69,70,72,73,74,76,77,79
DMGDH	ENST00000255189	16	0		0		4	3,5,12,16
DMP1	ENST00000339673	5	0		0		2	3,6
DMPK	ENST00000291270	15	0		0		5	2,6,7,8,11
DMRT1	ENST00000382276	5	0		0		2	2,3
DMRT2	ENST00000358146	3	0		0		3	2,3,4
DMRTA2	ENST00000404795	2	0		0		2	2,3
DMXL2	ENST00000560891	44	0		0		21	1,3,4,8,9,10,12,13,18,22,23,24,25,26,28,30,31,33,36,38,42
DNA2	ENST00000358410	21	0		0		8	1,8,9,11,14,15,17,20
DNAAF1	ENST00000378553	12	0		0		4	1,8,9,11
DNAAF11	ENST00000620350	12	0		0		3	1,3,6
DNAAF19	ENST00000417826	3	0		0		1	4
DNAAF2	ENST00000298292	3	0		0		2	1,3
DNAAF3	ENST00000524407	11	0		0		4	2,5,7,12
DNAAF4	ENST00000321149	9	0		0		5	2,3,4,7,8
DNAAF5	ENST00000297440	13	0		0		11	2,3,4,5,6,7,8,9,10,11,12
DNAAF6	ENST00000372453	6	0		1	7	6	2,3,4,5,6,7
DNAH1	ENST00000420323	77	0		0		31	2,5,8,10,11,14,17,18,19,20,23,24,26,29,34,37,38,44,45,46,48,49,51,52,56,62,65,66,67,73,77
DNAH10	ENST00000673944	79	0		54	25,26,27,28,29,30,31,32,33,34,35,36,37,38,39,40,41,42,43,44,45,46,47,48,49,50,52,53,54,55,56,57,58,59,60,61,62,63,64,65,66,67,68,69,70,71,72,73,74,75,76,77,78,79	65	1,5,8,10,12,15,17,19,20,22,25,26,27,28,29,30,31,32,33,34,35,36,37,38,39,40,41,42,43,44,45,46,47,48,49,50,51,52,53,54,55,56,57,58,59,60,61,62,63,64,65,66,67,68,69,70,71,72,73,74,75,76,77,78,79
DNAH11	ENST00000409508	82	0		0		39	1,3,4,6,7,8,9,11,13,14,15,21,22,23,24,25,26,28,30,31,34,36,38,39,49,50,53,54,57,59,61,62,63,68,70,75,76,77,78
DNAH12	ENST00000495027	73	0		0		33	2,4,6,8,9,11,12,14,16,17,18,21,25,27,28,29,33,34,35,41,43,45,48,50,51,53,56,57,58,65,68,69,74
DNAH14	ENST00000682510	85	0		0		39	3,4,9,11,19,23,29,31,32,33,34,35,36,39,41,43,44,47,48,51,52,54,56,57,60,61,62,63,67,72,73,74,76,78,79,80,81,85,86
DNAH17	ENST00000389840	80	0		0		45	2,3,5,10,11,12,13,17,20,21,22,24,25,27,28,30,31,34,35,36,39,40,45,47,48,52,55,57,58,61,62,64,66,67,68,69,70,71,72,73,74,78,79,80,81
DNAH2	ENST00000572933	85	0		0		34	2,7,10,14,15,17,18,19,21,23,25,26,29,33,36,40,41,42,44,47,48,55,59,62,63,64,66,68,69,72,75,76,80,85
DNAH3	ENST00000698260	61	0		0		27	3,5,6,7,10,12,15,23,24,25,33,34,35,36,37,44,47,48,50,51,52,53,54,58,59,61,62
DNAH5	ENST00000265104	79	0		0		37	3,4,5,7,10,11,14,15,17,20,21,22,23,24,29,31,34,37,38,39,42,43,44,46,50,53,55,56,59,60,63,64,65,70,71,77,79
DNAH6	ENST00000389394	76	0		0		34	2,5,13,14,15,16,17,19,22,25,26,27,31,33,34,36,39,40,43,46,49,50,51,54,55,56,61,62,66,67,69,73,74,77
DNAH7	ENST00000312428	65	0		0		29	2,3,4,5,6,10,11,12,13,16,17,18,19,20,25,31,37,41,42,43,44,45,48,50,51,52,60,62,64
DNAH8	ENST00000327475	92	0		0		38	2,3,4,7,11,12,13,15,18,21,23,27,28,29,30,32,33,35,37,40,41,44,47,49,50,51,60,61,62,65,70,72,73,81,82,86,87,91
DNAH9	ENST00000262442	69	0		0		46	1,2,4,5,6,10,11,13,14,15,16,19,20,21,24,26,29,31,32,35,36,37,38,39,41,42,43,44,45,46,48,49,50,52,54,55,56,57,58,59,60,63,65,67,68,69
DNAI1	ENST00000242317	20	0		0		1	3
DNAI2	ENST00000311014	12	0		0		8	2,3,4,7,8,9,11,13
DNAJA1	ENST00000330899	8	0		0		1	9
DNAJA3	ENST00000262375	11	0		11	1,2,3,4,5,6,7,8,9,10,11	11	1,2,3,4,5,6,7,8,9,10,11
DNAJB11	ENST00000265028	10	0		0		3	2,4,5
DNAJB13	ENST00000339764	8	0		0		2	5,6
DNAJB2	ENST00000336576	8	0		0		2	2,9
DNAJB4	ENST00000370763	3	0		0		3	1,2,3
DNAJB6	ENST00000262177	9	0		0		3	2,5,9
DNAJC12	ENST00000225171	5	0		0		4	1,2,3,4
DNAJC13	ENST00000260818	55	0		0		20	3,6,8,10,11,17,19,20,26,29,32,34,37,41,42,44,46,48,53,55
DNAJC16	ENST00000375847	14	0		0		6	2,3,4,5,8,15
DNAJC19	ENST00000382564	6	0		0		1	1
DNAJC21	ENST00000648817	12	0		0		4	1,3,7,10
DNAJC3	ENST00000602402	12	0		0		5	3,7,10,11,12
DNAJC30	ENST00000395176	1	0		0		1	1
DNAJC5	ENST00000360864	4	0		0		2	3,5
DNAJC6	ENST00000371069	19	0		0		8	3,7,10,11,12,15,16,17
DNAJC7	ENST00000457167	14	0		0		3	9,11,12
DNAL1	ENST00000553645	8	0		0		1	7
DNAL4	ENST00000216068	3	0		0		0	
DNALI1	ENST00000652629	6	0		0		3	3,4,6
DNASE1	ENST00000246949	8	0		0		5	2,3,4,6,8
DNASE1L3	ENST00000394549	8	0		0		2	1,5
DNASE2	ENST00000222219	6	0		0		2	1,5
DNHD1	ENST00000254579	41	0		0		22	3,4,6,8,11,12,13,14,18,21,22,25,29,30,31,32,34,35,36,38,39,42
DNM1	ENST00000372923	22	0		0		0	
DNM1	ENST00000486160	22	0		0		5	1,6,8,9,19
DNM1L	ENST00000549701	20	0		0		0	
DNM1L	ENST00000553257	21	0		0		4	1,9,17,21
DNM2	ENST00000389253	21	0		0		8	1,2,3,4,6,9,10,17
DNMBP	ENST00000324109	16	0		0		7	3,4,5,7,13,16,17
DNMT1	ENST00000359526	41	0		0		10	7,15,17,20,22,30,36,38,39,40
DNMT3A	ENST00000321117	22	0		0		5	3,6,15,19,20
DNMT3B	ENST00000328111	22	0		0		10	2,7,9,10,11,14,19,20,21,23
DOCK11	ENST00000276202	53	0		9	4,10,15,39,41,42,44,47,51	53	1,2,3,4,5,6,7,8,9,10,11,12,13,14,15,16,17,18,19,20,21,22,23,24,25,26,27,28,29,30,31,32,33,34,35,36,37,38,39,40,41,42,43,44,45,46,47,48,49,50,51,52,53
DOCK2	ENST00000520908	52	0		0		13	5,6,7,26,28,32,39,40,41,43,45,49,52
DOCK3	ENST00000266037	53	0		0		15	4,6,18,20,27,31,35,38,39,40,41,42,43,45,53
DOCK4	ENST00000428084	53	0		0		15	3,5,6,7,8,9,11,15,22,25,27,31,39,41,53
DOCK6	ENST00000294618	48	0		0		16	3,5,6,10,20,25,27,28,29,30,31,32,36,39,42,46
DOCK7	ENST00000635253	50	0		0		19	5,6,7,8,10,12,20,21,22,24,25,35,37,38,39,41,42,46,50
DOCK8	ENST00000432829	48	0		0		22	2,3,4,5,6,12,16,18,20,21,22,23,25,26,28,29,32,34,38,40,44,48
DOCK9	ENST00000682017	53	0		0		25	1,6,7,8,9,10,11,14,19,21,22,23,24,28,33,36,37,38,40,42,43,49,50,52,53
DOHH	ENST00000427575	4	0		0		1	2
DOK7	ENST00000340083	7	0		0		2	6,7
DOLK	ENST00000372586	1	0		0		1	1
DONSON	ENST00000303071	10	0		0		1	2
DOP1A	ENST00000349129	37	0		0		17	3,4,9,11,13,15,16,17,19,20,21,22,23,25,28,29,36
DOT1L	ENST00000398665	28	0		0		4	5,20,24,26
DPAGT1	ENST00000354202	9	0		0		2	1,6
DPF2	ENST00000528416	11	0		0		4	4,5,6,9
DPH1	ENST00000263083	12	0		0		2	10,11
DPH2	ENST00000255108	6	0		0		2	1,4
DPH5	ENST00000370109	7	0		0		0	
DPM1	ENST00000371588	9	0		0		4	1,2,7,8
DPM2	ENST00000314392	4	0		0		0	
DPM3	ENST00000368400	1	0		0		1	2
DPP6	ENST00000377770	26	0		0		7	1,8,13,16,17,20,26
DPP9	ENST00000262960	20	0		0		9	3,4,5,8,9,10,11,13,18
DPY19L2	ENST00000324472	22	0		0		8	1,3,5,8,9,12,14,19
DPYD	ENST00000370192	23	0		0		10	3,5,6,8,9,11,13,16,17,19
DPYS	ENST00000351513	9	0		0		4	1,4,6,8
DPYSL2	ENST00000521913	14	0		0		5	1,3,6,7,11
DPYSL5	ENST00000288699	12	0		0		8	2,3,4,6,8,10,11,12
DRAM2	ENST00000484310	7	0		0		3	5,8,10
DRC1	ENST00000288710	17	0		0		8	1,2,5,7,10,12,13,16
DRC2	ENST00000320516	8	0		0		4	1,2,7,8
DRC4	ENST00000268699	11	0		0		3	6,9,11
DRD2	ENST00000362072	7	0		0		1	2
DRD3	ENST00000383673	6	0		0		3	2,6,7
DRD4	ENST00000176183	4	2	2,3	4	1,2,3,4	4	1,2,3,4
DRD5	ENST00000304374	1	0		0		1	1
DRG1	ENST00000331457	9	0		0		0	
DROSHA	ENST00000344624	33	0		0		12	5,9,10,12,14,21,24,29,30,31,32,35
DRP2	ENST00000395209	22	0		8	3,5,7,16,18,22,23,24	22	3,4,5,6,7,8,9,10,11,12,13,14,15,16,17,18,19,20,21,22,23,24
DSC2	ENST00000280904	16	0		0		7	3,7,8,9,11,13,16
DSC3	ENST00000360428	16	0		0		10	4,6,8,9,10,11,12,14,15,16
DSCAM	ENST00000400454	33	0		0		13	2,5,6,7,17,20,22,26,29,30,31,32,33
DSCAML1	ENST00000651296	33	0		0		11	2,5,6,8,9,15,16,17,21,32,33
DSE	ENST00000644252	5	0		0		5	2,3,4,5,6
DSG1	ENST00000257192	15	0		0		6	1,5,8,9,11,15
DSG2	ENST00000261590	15	0		0		8	1,2,4,6,9,10,12,15
DSG3	ENST00000257189	16	0		0		9	4,5,8,9,11,12,14,15,16
DSG4	ENST00000308128	16	0		0		12	2,3,4,6,7,9,11,12,13,14,15,16
DSP	ENST00000379802	24	0		0		10	1,2,8,11,12,13,16,18,23,24
DSPP	ENST00000651931	4	0		0		1	5
DST	ENST00000370765	24	0		0		3	1,23,24
DST	ENST00000680361	104	0		0		45	1,2,5,9,14,18,20,21,22,23,27,29,31,32,38,39,40,41,42,43,44,46,47,50,53,54,55,57,59,60,61,62,64,67,72,73,74,77,79,81,82,88,89,95,104
DSTYK	ENST00000367162	13	0		0		6	1,3,4,6,7,11
DTHD1	ENST00000639862	10	0		0		7	1,3,4,5,7,8,10
DTNA	ENST00000444659	21	0		0		3	3,6,18
DTNBP1	ENST00000344537	10	0		0		4	3,5,8,10
DTYMK	ENST00000305784	5	0		0		1	5
DUOX1	ENST00000389037	33	0		0		9	5,12,19,21,22,24,25,32,34
DUOX2	ENST00000389039	33	0		0		10	3,7,10,12,18,19,21,25,30,34
DUOXA1	ENST00000560572	6	0		0		2	4,9
DUOXA2	ENST00000323030	6	0		0		2	1,4
DUSP6	ENST00000279488	3	0		0		3	1,2,3
DUSP8	ENST00000397374	6	5	2,3,5,6,7	6	2,3,4,5,6,7	6	2,3,4,5,6,7
DUT	ENST00000331200	7	0		0		2	1,7
DUX4	ENST00000565211	1	0		0		0	
DVL1	ENST00000378888	15	0		0		1	1
DVL2	ENST00000005340	15	0		0		1	1
DVL3	ENST00000313143	15	0		0		3	1,5,15
DYM	ENST00000675505	17	0		0		7	3,4,5,9,10,12,17
DYNC1H1	ENST00000360184	78	0		0		40	1,2,4,5,8,16,17,20,21,22,23,25,26,27,29,35,38,39,42,47,48,52,53,54,55,56,59,61,63,65,66,67,68,69,71,72,73,75,76,77
DYNC1I1	ENST00000447467	16	0		0		3	10,15,16
DYNC1I2	ENST00000397119	17	0		0		3	3,15,18
DYNC2H1	ENST00000375735	89	0		0		0	
DYNC2H1	ENST00000650373	90	0		0		44	1,3,6,8,9,10,13,15,17,19,20,22,23,24,25,26,27,29,30,31,33,35,36,38,39,40,42,45,48,50,51,53,57,58,63,64,65,68,71,72,73,76,77,82
DYNC2I1	ENST00000407559	25	0		0		7	7,10,11,18,22,23,24
DYNC2I2	ENST00000372715	9	0		0		3	1,2,8
DYNC2LI1	ENST00000260605	13	0		0		2	2,10
DYNLT2B	ENST00000325318	5	0		0		3	1,3,4
DYRK1A	ENST00000647188	11	0		0		3	5,7,9
DYRK1B	ENST00000323039	10	0		0		2	5,6
DYSF	ENST00000258104	55	0		0		0	
DYSF	ENST00000410020	56	0		0		12	6,8,13,14,21,24,25,34,36,45,49,54
DZIP1	ENST00000376829	20	0		0		11	4,5,6,8,15,16,17,19,20,21,23
DZIP1L	ENST00000327532	15	0		0		6	2,5,10,12,13,15
EARS2	ENST00000449606	9	0		0		7	1,2,3,4,6,7,8
EBF2	ENST00000520164	16	0		0		7	2,3,6,7,8,15,16
EBF3	ENST00000440978	17	0		0		11	1,2,3,5,6,7,9,10,12,13,16
EBP	ENST00000495186	4	0		0		4	2,3,4,5
ECE1	ENST00000374893	19	0		0		10	2,3,6,8,13,14,15,16,18,19
ECE2	ENST00000404464	19	0		0		6	2,4,5,10,11,15
ECEL1	ENST00000304546	17	0		0		0	
ECHS1	ENST00000368547	8	0		0		5	2,3,4,6,7
ECM1	ENST00000369047	10	0		0		4	6,7,8,10
EDA	ENST00000374552	8	0		2	4,8	7	1,2,4,5,6,7,8
EDA2R	ENST00000374719	5	0		1	3	5	2,3,4,5,6
EDAR	ENST00000258443	11	0		0		4	4,7,10,12
EDARADD	ENST00000334232	6	0		0		1	5
EDC3	ENST00000315127	6	0		0		5	3,4,5,6,7
EDEM3	ENST00000318130	20	0		0		7	1,9,14,15,16,17,20
EDN1	ENST00000379375	5	0		0		1	2
EDN3	ENST00000337938	5	0		0		1	3
EDNRA	ENST00000651419	7	0		0		3	6,7,8
EDNRB	ENST00000646607	7	0		0		2	1,4
EED	ENST00000263360	12	0		0		7	1,2,4,7,8,10,11
EEF1A2	ENST00000217182	7	0		0		1	7
EEF1B2	ENST00000392222	6	0		0		5	1,3,4,5,6
EEF1D	ENST00000618139	8	0		8	3,4,5,6,7,8,9,10	8	3,4,5,6,7,8,9,10
EEF2	ENST00000309311	15	0		0		10	2,3,6,7,8,9,10,12,14,15
EEFSEC	ENST00000254730	7	0		0		2	3,5
EFCAB7	ENST00000371088	13	0		0		8	2,3,5,7,8,9,13,14
EFEMP1	ENST00000355426	10	0		0		2	5,10
EFEMP2	ENST00000307998	10	0		0		3	3,9,11
EFHC1	ENST00000371068	11	0		0		4	3,4,7,8
EFL1	ENST00000268206	19	0		0		7	2,3,6,11,17,18,19
EFNA4	ENST00000368409	4	0		0		1	1
EFNB1	ENST00000204961	5	0		2	2,5	5	1,2,3,4,5
EFNB2	ENST00000646441	5	0		0		2	1,5
EFTUD2	ENST00000426333	27	0		0		6	9,16,18,22,24,26
EGF	ENST00000265171	24	0		0		10	1,2,4,8,13,16,19,20,21,23
EGFR	ENST00000275493	28	0		0		9	3,7,8,10,11,14,15,19,28
EGLN1	ENST00000366641	5	0		1	1	3	1,2,3
EGR2	ENST00000242480	2	0		0		2	1,2
EHBP1	ENST00000431489	22	0		0		15	2,3,4,6,8,10,13,14,15,16,17,18,19,22,23
EHBP1L1	ENST00000309295	19	0		0		3	12,18,19
EHD1	ENST00000320631	5	0		0		3	1,3,5
EHHADH	ENST00000231887	7	0		0		2	5,7
EHMT1	ENST00000460843	27	0		0		13	3,7,9,10,12,16,17,18,19,21,22,24,26
EHMT2	ENST00000375537	28	28	1,2,3,4,5,6,7,8,9,10,11,12,13,14,15,16,17,18,19,20,21,22,23,24,25,26,27,28	28	1,2,3,4,5,6,7,8,9,10,11,12,13,14,15,16,17,18,19,20,21,22,23,24,25,26,27,28	28	1,2,3,4,5,6,7,8,9,10,11,12,13,14,15,16,17,18,19,20,21,22,23,24,25,26,27,28
EIF2A	ENST00000460851	14	0		0		8	1,5,7,10,11,12,13,14
EIF2AK1	ENST00000199389	15	0		0		11	1,2,3,4,5,6,7,8,9,11,12
EIF2AK2	ENST00000233057	15	0		0		6	3,4,10,12,13,16
EIF2AK3	ENST00000303236	17	0		0		9	1,2,3,5,8,10,13,16,17
EIF2AK4	ENST00000263791	39	0		0		17	1,4,7,9,10,11,12,13,14,16,20,21,24,29,30,33,35
EIF2B1	ENST00000424014	9	0		0		3	1,4,8
EIF2B2	ENST00000266126	8	0		0		3	1,2,3
EIF2B3	ENST00000360403	11	0		0		2	2,8
EIF2B4	ENST00000347454	13	0		0		3	1,6,13
EIF2B5	ENST00000648915	16	0		0		7	1,3,4,7,8,9,15
EIF2S3	ENST00000253039	12	0		3	1,3,10	11	1,2,3,4,5,6,7,8,9,10,11
EIF3F	ENST00000651655	8	0		0		2	1,7
EIF3I	ENST00000677711	11	0		0		1	11
EIF4A2	ENST00000323963	11	0		0		5	1,7,8,9,10
EIF4A3	ENST00000649764	12	0		0		6	1,3,6,7,8,10
EIF4E	ENST00000450253	7	0		0		0	
EIF4ENIF1	ENST00000330125	18	0		0		8	2,6,12,13,14,16,17,19
EIF4G1	ENST00000346169	31	0		0		3	21,25,26
EIF5A	ENST00000336458	4	0		0		1	4
EIF6	ENST00000374450	6	0		0		1	4
ELAC2	ENST00000338034	24	0		0		10	1,12,13,14,16,18,19,20,21,23
ELANE	ENST00000263621	5	0		4	2,3,4,5	5	1,2,3,4,5
ELF4	ENST00000308167	8	0		2	6,9	8	2,3,4,5,6,7,8,9
ELFN1	ENST00000424383	1	0		0		1	4
ELMO1	ENST00000310758	21	0		0		8	2,6,9,10,15,17,21,22
ELMO2	ENST00000290246	20	0		0		7	4,11,14,16,17,19,20
ELMOD1	ENST00000265840	11	0		0		4	2,4,11,12
ELMOD3	ENST00000409013	11	0		0		2	11,14
ELN	ENST00000252034	33	0		0		9	5,6,16,17,20,22,25,26,27
ELOVL1	ENST00000372458	7	0		0		0	
ELOVL4	ENST00000369816	6	0		0		1	3
ELOVL5	ENST00000304434	7	0		0		4	2,5,7,8
ELP1	ENST00000374647	36	0		0		10	2,4,5,6,16,26,28,29,34,35
ELP2	ENST00000358232	22	0		0		7	1,2,3,8,10,13,18
ELP4	ENST00000640961	10	0		0		5	1,3,6,7,8
EMC1	ENST00000477853	23	0		0		7	2,3,5,14,17,19,23
EMC10	ENST00000334976	7	0		0		0	
EMD	ENST00000369842	6	0		1	5	6	1,2,3,4,5,6
EMG1	ENST00000599672	6	0		0		3	3,4,5
EMILIN1	ENST00000380320	8	0		0		1	8
EML1	ENST00000262233	22	0		0		11	2,4,6,7,8,11,14,19,20,21,22
EMP2	ENST00000359543	4	0		0		1	3
EMX2	ENST00000553456	3	0		0		2	1,2
EN1	ENST00000295206	2	0		0		2	1,2
ENAM	ENST00000396073	8	0		0		2	4,9
ENG	ENST00000373203	15	0		1	6	4	3,4,6,10
ENO1	ENST00000234590	11	0		0		2	8,11
ENO3	ENST00000519602	11	0		0		2	9,11
ENPP1	ENST00000647893	25	0		0		10	4,9,10,11,14,15,17,19,21,23
ENTPD1	ENST00000371205	10	0		0		4	4,6,7,8
EOGT	ENST00000383701	15	0		0		8	5,6,8,11,13,15,17,18
EOMES	ENST00000449599	6	0		0		3	1,4,6
EP300	ENST00000263253	31	0		0		13	1,2,3,4,5,6,9,12,15,22,24,30,31
EP400	ENST00000389561	52	0		0		27	2,5,6,8,14,16,19,20,21,22,23,25,27,28,29,32,34,35,37,38,39,42,47,48,51,52,53
EPAS1	ENST00000263734	16	0		0		5	2,3,4,10,12
EPB41	ENST00000343067	19	0		0		7	2,4,8,9,12,14,17
EPB41L1	ENST00000338074	21	0		0		5	3,12,15,16,18
EPB41L3	ENST00000341928	21	0		0		7	2,9,10,11,13,14,18
EPB42	ENST00000441366	13	0		0		3	2,9,13
EPCAM	ENST00000263735	9	0		0		2	4,7
EPG5	ENST00000282041	44	0		0		21	1,2,3,7,8,11,15,16,19,22,25,26,28,32,33,37,38,39,40,42,44
EPHA10	ENST00000373048	17	0		0		7	3,7,8,10,12,13,16
EPHA2	ENST00000358432	17	0		0		8	3,5,6,8,11,13,15,17
EPHA4	ENST00000281821	17	0		0		5	3,5,7,15,16
EPHA7	ENST00000369303	17	0		0		8	1,2,3,6,7,11,15,17
EPHB2	ENST00000374630	16	0		0		7	3,4,5,6,8,10,14
EPHB4	ENST00000358173	17	0		0		10	3,4,6,7,9,12,13,14,16,17
EPHX1	ENST00000272167	8	0		0		3	2,4,8
EPHX2	ENST00000521400	19	0		0		7	4,5,7,14,15,17,18
EPM2A	ENST00000367519	4	0		0		4	1,2,3,4
EPO	ENST00000252723	5	0		0		2	4,5
EPOR	ENST00000222139	8	0		0		6	1,2,3,5,7,8
EPRS1	ENST00000366923	32	0		0		13	1,5,7,8,17,18,19,22,25,27,28,30,31
EPS15L1	ENST00000455140	24	0		0		10	7,9,11,12,14,15,19,21,22,24
EPS8	ENST00000281172	20	0		0		8	2,3,5,8,10,11,13,14
EPS8L2	ENST00000318562	20	0		0		2	5,6
EPS8L3	ENST00000361965	18	0		0		0	
EPX	ENST00000225371	12	0		0		7	3,5,6,7,9,10,11
ERAL1	ENST00000254928	10	0		0		3	1,7,10
ERBB2	ENST00000269571	27	0		0		3	3,20,21
ERBB3	ENST00000267101	28	0		0		6	5,6,7,11,26,28
ERBB4	ENST00000342788	28	0		0		10	1,2,3,4,6,19,21,22,27,28
ERBIN	ENST00000284037	24	0		0		11	3,4,5,7,10,11,12,20,21,24,25
ERCC1	ENST00000300853	9	0		0		4	2,3,4,9
ERCC2	ENST00000391945	23	0		0		5	1,2,5,20,21
ERCC3	ENST00000285398	15	0		0		6	2,3,5,8,9,12
ERCC4	ENST00000311895	11	0		0		3	1,2,3
ERCC5	ENST00000652225	15	0		0		5	1,8,10,11,12
ERCC6	ENST00000355832	20	0		0		4	7,14,20,21
ERCC6	ENST00000447839	5	0		0		4	2,4,5,6
ERCC6L2	ENST00000653738	19	0		0		11	1,2,3,5,6,7,8,9,16,18,19
ERCC8	ENST00000676185	12	0		1	5	7	1,3,5,7,9,10,12
ERF	ENST00000222329	4	0		0		2	2,4
ERG	ENST00000288319	10	0		0		3	4,6,10
ERGIC1	ENST00000393784	10	0		0		3	4,5,7
ERGIC3	ENST00000348547	13	0		0		1	4
ERI1	ENST00000250263	7	0		0		4	1,3,5,7
ERLEC1	ENST00000185150	14	0		0		5	1,4,5,7,11
ERLIN1	ENST00000421367	11	0		0		5	1,2,6,8,11
ERLIN2	ENST00000519638	11	0		0		4	3,4,5,7
ERMAP	ENST00000372517	10	0		0		5	3,4,9,10,12
ERMARD	ENST00000366773	18	0		17	1,2,3,4,5,6,7,8,9,11,12,13,14,15,16,17,18	18	1,2,3,4,5,6,7,8,9,10,11,12,13,14,15,16,17,18
ESAM	ENST00000278927	7	0		0		4	1,3,4,7
ESCO2	ENST00000305188	10	0		0		7	2,3,4,6,7,9,10
ESPN	ENST00000645284	13	0		0		3	1,2,11
ESR1	ENST00000206249	8	0		0		4	1,4,5,7
ESR2	ENST00000341099	8	0		0		5	2,3,5,6,8
ESRP1	ENST00000433389	15	0		0		3	1,10,12
ESRP2	ENST00000473183	15	0		0		4	2,3,4,10
ESRRB	ENST00000644823	7	0		0		3	2,3,6
ETFA	ENST00000557943	12	0		0		4	3,8,10,11
ETFB	ENST00000309244	6	0		0		1	6
ETFDH	ENST00000511912	13	0		0		3	5,6,7
ETHE1	ENST00000292147	7	0		0		2	2,3
ETS1	ENST00000392668	9	0		0		1	2
ETV2	ENST00000402764	6	0		0		1	5
ETV6	ENST00000396373	8	0		0		4	2,4,5,8
EVC	ENST00000264956	21	0		0		8	4,6,9,10,12,14,19,20
EVC2	ENST00000344408	22	0		0		9	1,4,9,11,14,15,17,18,22
EWSR1	ENST00000397938	17	0		1	17	6	1,13,14,15,16,17
EXOC2	ENST00000230449	27	0		0		8	3,7,9,10,15,18,19,21
EXOC3L2	ENST00000413988	11	0		0		5	2,3,10,11,12
EXOC6B	ENST00000272427	22	0		0		8	2,5,8,9,10,12,19,22
EXOC7	ENST00000589210	19	0		0		7	2,3,4,6,12,14,18
EXOC8	ENST00000366645	1	0		0		1	1
EXOSC1	ENST00000370902	8	0		0		1	2
EXOSC2	ENST00000372358	9	0		0		2	1,7
EXOSC3	ENST00000327304	4	0		0		2	1,4
EXOSC4	ENST00000316052	3	0		0		3	1,2,3
EXOSC5	ENST00000221233	6	0		0		3	1,3,6
EXOSC8	ENST00000389704	11	0		0		6	1,5,8,9,10,11
EXOSC9	ENST00000243498	12	0		0		4	2,3,8,10
EXPH5	ENST00000265843	6	0		0		5	1,3,4,5,6
EXT1	ENST00000378204	11	0		0		3	1,10,11
EXT2	ENST00000533608	13	0		0		4	2,3,4,10
EXTL3	ENST00000220562	5	0		0		3	3,4,7
EYA1	ENST00000340726	16	0		0		5	4,13,16,17,18
EYA3	ENST00000373871	17	0		0		0	
EYA4	ENST00000355286	19	0		0		6	2,3,9,10,11,14
EYS	ENST00000503581	40	0		0		17	4,7,8,9,11,18,19,23,26,27,28,33,35,36,37,42,43
EZH1	ENST00000428826	19	0		0		4	4,12,13,15
EZH2	ENST00000320356	19	0		0		4	2,4,15,17
EZR	ENST00000367075	13	0		0		6	3,5,7,9,13,14
F10	ENST00000375559	8	0		0		5	2,4,5,6,8
F11	ENST00000403665	14	0		0		4	4,6,9,15
F12	ENST00000253496	14	0		0		5	6,8,10,12,13
F13A1	ENST00000264870	14	0		0		5	3,5,7,8,15
F13B	ENST00000367412	12	0		0		5	2,3,6,10,12
F2	ENST00000311907	14	0		0		8	5,6,7,8,10,11,12,14
F5	ENST00000367797	25	0		0		12	1,2,4,8,9,10,13,16,17,20,22,23
F7	ENST00000346342	8	0		0		0	
F7	ENST00000375581	9	0		0		3	7,8,9
F8	ENST00000360256	26	0		7	2,5,8,10,14,19,26	26	1,2,3,4,5,6,7,8,9,10,11,12,13,14,15,16,17,18,19,20,21,22,23,24,25,26
F9	ENST00000218099	8	0		3	2,3,6	8	1,2,3,4,5,6,7,8
FA2H	ENST00000219368	7	0		0		3	3,5,6
FAAH	ENST00000243167	15	0		0		4	1,3,4,8
FAAH2	ENST00000374900	11	0		2	3,9	10	1,2,3,4,5,6,7,9,10,11
FAAP100	ENST00000327787	9	0		0		2	3,7
FAAP24	ENST00000588258	4	0		0		2	3,5
FADD	ENST00000301838	2	0		0		2	1,2
FAH	ENST00000561421	14	0		0		5	3,8,11,13,14
FAM111A	ENST00000675163	2	0		0		2	5,6
FAM111B	ENST00000343597	2	0		0		2	3,4
FAM120A	ENST00000277165	18	0		0		10	1,3,7,9,10,11,13,15,16,18
FAM149B1	ENST00000242505	14	0		0		3	2,6,12
FAM161A	ENST00000404929	7	0		0		5	1,3,4,5,6
FAM177A1	ENST00000280987	5	0		0		2	1,2
FAM20A	ENST00000592554	11	0		0		5	1,2,4,6,10
FAM20B	ENST00000263733	7	0		0		4	2,4,5,6
FAM20C	ENST00000313766	10	2	1,2	2	1,2	6	1,2,5,6,7,8
FAM47C	ENST00000358047	1	0		1	1	1	1
FAM50A	ENST00000393600	13	0		0		13	1,2,3,4,5,6,7,8,9,10,11,12,13
FAN1	ENST00000362065	13	0		12	2,3,4,5,6,7,8,9,10,12,13,14	13	2,3,4,5,6,7,8,9,10,11,12,13,14
FANCA	ENST00000389301	43	0		0		15	2,7,13,15,16,17,18,21,23,27,28,32,33,39,41
FANCB	ENST00000650831	8	0		4	3,5,9,10	7	3,4,5,6,8,9,10
FANCC	ENST00000289081	14	0		0		8	2,4,5,6,7,10,13,15
FANCD2	ENST00000675286	43	0		0		11	3,12,13,15,18,28,31,33,41,42,43
FANCE	ENST00000229769	10	0		0		1	2
FANCF	ENST00000327470	1	0		0		1	1
FANCG	ENST00000378643	14	0		0		5	2,4,7,10,12
FANCI	ENST00000310775	37	0		0		11	3,4,5,11,18,19,22,23,25,26,37
FANCL	ENST00000233741	14	0		0		5	1,7,9,12,14
FANCM	ENST00000267430	23	0		0		14	1,3,5,6,8,9,11,14,17,18,19,20,21,22
FAR1	ENST00000354817	11	0		0		2	3,12
FARS2	ENST00000274680	6	0		0		3	2,4,5
FARSA	ENST00000314606	13	0		0		3	2,10,12
FARSB	ENST00000281828	17	0		0		4	3,9,13,17
FAS	ENST00000652046	9	0		0		3	2,7,9
FASLG	ENST00000367721	4	0		0		2	1,4
FASN	ENST00000306749	42	0		0		4	3,4,10,32
FASTKD2	ENST00000402774	11	0		0		6	2,4,5,7,8,9
FASTKD5	ENST00000380266	1	0		0		1	2
FAT1	ENST00000441802	26	0		0		14	2,3,4,8,9,10,13,14,16,17,19,20,25,27
FAT2	ENST00000261800	23	0		0		13	2,3,6,9,10,13,14,15,17,19,21,22,23
FAT4	ENST00000394329	17	0		1	14	11	2,5,6,7,10,11,12,14,16,17,18
FBLN1	ENST00000327858	17	0		0		6	2,5,7,11,13,16
FBLN2	ENST00000404922	17	0		0		4	2,3,5,12
FBLN5	ENST00000342058	11	0		0		4	4,5,7,9
FBN1	ENST00000316623	65	0		0		23	2,6,7,10,12,19,20,21,23,25,30,33,39,41,42,47,48,50,51,61,62,63,64
FBN2	ENST00000262464	65	0		0		17	1,9,10,12,15,19,22,24,25,27,33,35,42,43,57,62,65
FBP1	ENST00000375326	7	0		0		4	1,3,5,7
FBP2	ENST00000375337	7	0		0		4	1,3,6,7
FBRSL1	ENST00000680143	19	0		0		2	6,14
FBRSL1	ENST00000973242	3	0		1	3	2	1,3
FBXL3	ENST00000355619	4	0		0		1	5
FBXL4	ENST00000369244	7	0		0		2	4,5
FBXL7	ENST00000504595	4	0		0		4	1,2,3,4
FBXO11	ENST00000403359	23	0		0		13	1,3,4,5,8,9,11,12,13,14,17,19,21
FBXO22	ENST00000308275	7	0		0		4	1,4,5,7
FBXO28	ENST00000366862	5	0		0		2	1,3
FBXO31	ENST00000311635	9	0		0		4	1,3,8,9
FBXO32	ENST00000517956	9	0		0		2	2,7
FBXO38	ENST00000340253	21	0		0		7	2,7,12,14,15,16,22
FBXO43	ENST00000428847	5	0		0		3	2,4,5
FBXO7	ENST00000266087	9	0		0		4	4,5,8,9
FBXW11	ENST00000517395	13	0		1	7	9	1,2,4,6,7,9,10,11,13
FBXW4	ENST00000331272	9	0		0		4	1,5,6,9
FBXW7	ENST00000281708	11	0		0		5	4,7,8,10,13
FCGR1A	ENST00000369168	6	0		0		4	3,4,5,6
FCGR2A	ENST00000271450	7	0		0		3	1,3,4
FCGR2B	ENST00000358671	8	0		0		1	4
FCGR3A	ENST00000443193	5	0		0		1	4
FCGR3B	ENST00000650385	5	0		1	3	3	1,3,4
FCHO1	ENST00000596536	26	0		0		2	7,26
FCN3	ENST00000270879	8	0		0		1	8
FCSK	ENST00000288078	23	0		0		6	5,9,15,16,19,21
FDFT1	ENST00000220584	8	0		0		5	2,4,6,7,8
FDPS	ENST00000368356	10	0		0		0	
FDX2	ENST00000393708	5	0		0		0	
FDXR	ENST00000293195	12	0		0		4	3,5,9,10
FECH	ENST00000262093	11	0		0		2	5,11
FEM1B	ENST00000306917	2	0		0		2	1,2
FEM1C	ENST00000274457	2	0		0		2	2,3
FERMT1	ENST00000217289	14	0		0		7	2,3,6,8,10,12,14
FERMT3	ENST00000345728	14	0		0		5	3,7,9,14,15
FERRY3	ENST00000261250	13	0		0		7	3,4,7,9,10,11,14
FEZF1	ENST00000442488	4	0		0		3	1,3,4
FEZF2	ENST00000283268	4	0		0		3	2,3,4
FFAR4	ENST00000371481	3	0		0		2	1,2
FGA	ENST00000403106	5	0		0		3	2,3,5
FGB	ENST00000302068	8	0		0		3	1,2,4
FGD1	ENST00000375135	18	0		6	1,2,4,7,16,17	18	1,2,3,4,5,6,7,8,9,10,11,12,13,14,15,16,17,18
FGD4	ENST00000534526	17	0		0		8	4,6,7,8,11,14,15,17
FGF10	ENST00000264664	3	0		0		1	1
FGF12	ENST00000445105	5	0		0		1	3
FGF13	ENST00000315930	5	0		2	1,4	5	1,2,3,4,5
FGF14	ENST00000376131	5	0		0		0	
FGF14	ENST00000376143	5	0		0		1	4
FGF16	ENST00000439435	3	0		1	1	3	1,2,3
FGF17	ENST00000359441	5	0		0		1	5
FGF20	ENST00000180166	3	0		0		1	1
FGF23	ENST00000237837	3	0		0		1	3
FGF3	ENST00000334134	3	0		0		3	1,2,3
FGF4	ENST00000168712	3	0		0		2	2,3
FGF5	ENST00000312465	3	0		0		2	1,3
FGF8	ENST00000320185	6	0		0		3	3,4,5
FGF9	ENST00000382353	3	0		0		1	1
FGFR1	ENST00000447712	17	0		0		8	4,7,9,11,13,14,15,17
FGFR2	ENST00000358487	17	0		0		0	
FGFR2	ENST00000457416	17	0		0		7	10,11,12,13,16,17,18
FGFR3	ENST00000440486	17	0		0		2	12,14
FGFR4	ENST00000292408	17	0		0		6	10,12,15,16,17,18
FGG	ENST00000336098	9	0		0		5	2,3,6,7,9
FGL2	ENST00000248598	2	0		0		2	1,2
FH	ENST00000366560	10	0		0		3	3,5,6
FHL1	ENST00000370683	6	0		0		2	1,2
FHL1	ENST00000394155	6	0		2	4,6	5	3,4,5,6,7
FHL2	ENST00000530340	5	0		0		2	4,6
FHOD3	ENST00000590592	29	0		0		13	2,9,12,17,18,19,21,22,23,25,26,27,28
FIBCD1	ENST00000372338	7	0		0		3	4,5,7
FIBP	ENST00000357519	10	0		0		1	2
FICD	ENST00000552695	2	0		0		2	2,3
FIG4	ENST00000230124	23	0		0		10	1,3,8,12,16,17,18,19,20,23
FIGLA	ENST00000332372	5	0		0		2	1,2
FILIP1	ENST00000237172	5	0		0		2	5,6
FITM2	ENST00000396825	2	0		0		1	2
FKBP10	ENST00000321562	10	0		0		3	6,9,10
FKBP14	ENST00000222803	4	0		0		2	1,2
FKBP4	ENST00000001008	10	0		0		2	1,9
FKBP5	ENST00000357266	10	0		0		3	6,10,11
FKBP6	ENST00000252037	8	0		0		1	8
FKBP8	ENST00000608443	8	0		0		3	3,5,6
FKRP	ENST00000318584	1	0		0		1	4
FKTN	ENST00000357998	9	0		0		6	5,6,7,8,9,11
FLAD1	ENST00000292180	7	0		0		2	1,2
FLCN	ENST00000285071	11	0		0		5	6,7,9,12,14
FLG	ENST00000368799	2	0		0		2	2,3
FLG2	ENST00000388718	2	0		0		2	2,3
FLI1	ENST00000527786	9	0		0		3	2,4,9
FLII	ENST00000327031	30	0		0		9	13,18,20,21,24,26,27,28,30
FLNA	ENST00000369850	47	0		9	2,12,13,19,20,22,38,40,45	47	2,3,4,5,6,7,8,9,10,11,12,13,14,15,16,17,18,19,20,21,22,23,24,25,26,27,28,29,30,31,32,33,34,35,36,37,38,39,40,41,42,43,44,45,46,47,48
FLNB	ENST00000295956	46	0		0		26	1,2,5,6,9,11,17,18,19,20,21,22,23,25,28,29,34,35,36,37,38,39,41,42,44,45
FLNC	ENST00000325888	48	0		0		10	1,2,9,12,13,14,21,34,35,38
FLRT1	ENST00000682287	1	0		0		1	3
FLRT3	ENST00000341420	1	0		0		1	3
FLT3	ENST00000241453	24	0		0		9	2,3,4,8,16,18,19,21,22
FLT3LG	ENST00000597551	7	0		0		0	
FLT4	ENST00000261937	30	0		0		6	3,7,13,14,17,21
FLVCR1	ENST00000366971	10	0		0		2	1,2
FLVCR2	ENST00000238667	10	0		0		4	1,2,5,6
FMN1	ENST00000616417	18	0		11	10,11,13,14,15,16,17,18,19,20,21	13	4,10,11,12,13,14,15,16,17,18,19,20,21
FMN2	ENST00000319653	18	0		0		8	1,4,5,7,9,10,13,16
FMNL2	ENST00000288670	26	0		0		8	1,6,7,16,17,18,21,23
FMO3	ENST00000367755	8	0		0		3	2,3,7
FMR1	ENST00000370475	17	0		3	2,6,9	17	1,2,3,4,5,6,7,8,9,10,11,12,13,14,15,16,17
FN1	ENST00000354785	46	0		0		13	1,5,8,9,10,15,16,19,24,26,27,40,44
FNIP1	ENST00000510461	18	0		0		5	4,6,8,9,12
FOCAD	ENST00000338382	43	0		0		14	7,8,9,12,16,19,21,24,26,27,29,33,34,38
FOLR1	ENST00000393676	4	0		0		3	2,3,4
FOS	ENST00000303562	4	0		0		2	1,4
FOSL2	ENST00000264716	4	0		0		2	1,4
FOXA2	ENST00000419308	2	0		0		1	2
FOXC1	ENST00000645831	1	0		0		1	1
FOXC2	ENST00000649859	1	0		0		1	1
FOXD3	ENST00000371116	1	0		1	1	1	1
FOXE1	ENST00000375123	1	0		0		1	1
FOXE3	ENST00000335071	1	0		0		1	1
FOXF1	ENST00000262426	2	0		0		1	1
FOXF2	ENST00000645481	2	0		0		1	1
FOXG1	ENST00000313071	1	0		0		1	1
FOXH1	ENST00000377317	3	0		0		0	
FOXI1	ENST00000306268	2	0		0		2	1,2
FOXI3	ENST00000428390	2	0		0		2	1,2
FOXJ1	ENST00000322957	2	0		0		1	2
FOXL1	ENST00000320241	1	0		0		1	1
FOXL2	ENST00000648323	1	0		0		1	1
FOXN1	ENST00000579795	8	0		0		1	3
FOXO1	ENST00000379561	2	0		1	1	2	1,2
FOXP1	ENST00000649528	16	0		0		3	6,10,15
FOXP2	ENST00000350908	16	0		0		6	6,7,8,9,12,17
FOXP3	ENST00000376207	11	0		0		10	2,3,4,5,6,7,8,10,11,12
FOXP4	ENST00000307972	16	0		0		2	2,8
FOXR1	ENST00000317011	6	0		0		2	3,5
FOXRED1	ENST00000263578	11	0		0		4	1,6,7,11
FPR1	ENST00000304748	1	0		0		1	2
FRA10AC1	ENST00000359204	13	0		0		1	8
FRAS1	ENST00000512123	74	0		0		31	6,9,10,12,14,20,21,24,25,27,29,31,38,43,44,47,48,50,51,53,55,56,57,58,63,65,66,67,69,71,74
FREM1	ENST00000380880	36	0		0		15	2,3,6,9,10,11,16,21,25,26,28,30,31,34,37
FREM2	ENST00000280481	24	0		0		13	1,2,3,11,13,14,15,16,17,19,22,23,24
FRMD4A	ENST00000357447	23	0		0		10	6,7,11,14,16,17,18,20,21,22
FRMD5	ENST00000417257	14	0		0		5	3,4,5,6,14
FRMD7	ENST00000298542	12	0		3	6,10,12	12	1,2,3,4,5,6,7,8,9,10,11,12
FRMPD4	ENST00000675598	17	0		7	1,2,3,6,15,16,17	17	1,2,3,4,5,6,7,8,9,10,11,12,13,14,15,16,17
FRRS1L	ENST00000561981	5	0		0		3	2,3,4
FRY	ENST00000542859	61	0		0		16	4,5,8,10,16,17,21,26,28,32,34,37,44,47,60,61
FRYL	ENST00000358350	61	0		1	35	20	7,8,12,21,24,25,27,35,39,41,42,46,50,52,56,57,58,59,62,63
FRZB	ENST00000295113	6	0		0		4	1,3,4,5
FSCB	ENST00000340446	1	0		0		1	1
FSCN2	ENST00000417245	5	0		0		1	3
FSD1L	ENST00000481272	14	0		0		3	2,5,14
FSHB	ENST00000533718	2	0		0		1	3
FSHR	ENST00000406846	10	0		0		4	2,3,9,10
FSIP2	ENST00000424728	23	0		0		14	1,2,3,4,8,9,10,14,15,16,17,18,20,23
FST	ENST00000256759	6	0		0		2	2,3
FTCD	ENST00000397746	14	0		10	1,2,3,4,5,6,7,8,9,10	11	1,2,3,4,5,6,7,8,9,10,11
FTH1	ENST00000273550	4	0		0		2	2,4
FTL	ENST00000331825	4	0		0		4	1,2,3,4
FTO	ENST00000471389	9	0		0		5	1,3,4,7,9
FTSJ1	ENST00000348411	11	0		1	12	10	2,3,4,6,7,8,9,10,11,12
FUCA1	ENST00000374479	8	0		0		3	1,6,8
FUS	ENST00000254108	15	0		0		1	1
FUT1	ENST00000645652	1	0		0		1	2
FUT2	ENST00000425340	1	0		0		1	2
FUT3	NM_001382745.1	1	0		0		1	1
FUT6	ENST00000318336	1	0		0		1	3
FUT8	ENST00000673929	9	0		0		4	3,5,10,11
FUZ	ENST00000313777	11	0		0		0	
FXN	ENST00000484259	5	0		0		3	1,3,4
FXR1	ENST00000357559	17	0		0		2	12,13
FXR1	ENST00000482125	17	0		0		10	1,3,5,8,10,12,13,14,16,17
FXYD2	ENST00000292079	5	0		0		0	
FYB1	ENST00000512982	18	0		0		4	2,8,14,16
FYCO1	ENST00000296137	17	0		0		6	8,12,15,16,17,18
FZD2	ENST00000315323	1	0		0		1	1
FZD4	ENST00000531380	2	0		0		2	1,2
FZD5	ENST00000295417	1	0		0		1	2
FZD6	ENST00000358755	6	0		0		6	2,3,4,5,6,7
FZR1	ENST00000441788	13	0		0		2	6,14
G6PC1	ENST00000253801	5	0		0		2	1,5
G6PC3	ENST00000269097	6	0		0		2	1,4
G6PD	ENST00000393562	12	0		6	5,6,7,8,9,10	12	2,3,4,5,6,7,8,9,10,11,12,13
GAA	ENST00000302262	19	0		0		3	2,9,20
GAB1	ENST00000262994	10	0		0		5	2,3,4,7,10
GABBR1	ENST00000377034	22	22	2,3,4,5,6,7,8,9,10,11,12,13,14,15,16,17,18,19,20,21,22,23	22	2,3,4,5,6,7,8,9,10,11,12,13,14,15,16,17,18,19,20,21,22,23	22	2,3,4,5,6,7,8,9,10,11,12,13,14,15,16,17,18,19,20,21,22,23
GABBR2	ENST00000259455	19	0		0		12	1,2,3,5,6,7,10,12,13,16,17,18
GABRA1	ENST00000393943	9	0		0		5	2,3,4,5,10
GABRA2	ENST00000381620	9	0		0		5	3,5,7,8,10
GABRA3	ENST00000370314	9	0		3	3,5,9	9	2,3,4,5,6,7,8,9,10
GABRA4	ENST00000264318	9	0		0		4	1,7,8,9
GABRA5	ENST00000335625	9	0		0		5	5,6,7,8,11
GABRA6	ENST00000274545	9	0		0		3	2,7,8
GABRB1	ENST00000295454	9	0		0		2	8,9
GABRB2	ENST00000393959	10	0		0		4	4,7,8,10
GABRB3	ENST00000311550	9	0		0		4	2,6,8,9
GABRD	ENST00000378585	9	0		0		3	1,6,7
GABRG1	ENST00000295452	9	0		0		5	1,3,4,5,8
GABRG2	ENST00000639213	10	0		0		0	
GAD1	ENST00000358196	16	0		0		5	2,3,5,6,10
GAL	ENST00000265643	5	0		0		0	
GALC	ENST00000261304	17	0		0		6	1,8,11,13,14,16
GALE	ENST00000617979	10	0		0		3	6,7,11
GALK1	ENST00000588479	8	0		0		3	2,4,5
GALM	ENST00000272252	7	0		0		2	1,6
GALNS	ENST00000268695	14	0		0		6	5,7,8,11,12,14
GALNT12	ENST00000375011	10	0		0		5	3,5,7,9,10
GALNT2	ENST00000366672	16	0		0		5	5,11,12,13,16
GALNT3	ENST00000392701	10	0		0		6	2,4,5,6,9,11
GALT	ENST00000378842	11	0		0		4	2,3,4,5
GAMT	ENST00000252288	6	0		0		0	
GAN	ENST00000648994	11	0		0		4	1,3,4,8
GANAB	ENST00000356638	24	0		0		7	1,7,9,15,19,20,21
GAPVD1	ENST00000297933	25	0		0		8	5,8,10,14,17,23,25,27
GARS1	ENST00000389266	17	0		0		5	1,4,5,13,15
GAS1	ENST00000298743	1	0		0		1	1
GAS2	ENST00000454584	7	0		0		2	6,7
GAS2L2	ENST00000604641	6	0		0		2	1,6
GATA1	ENST00000376670	5	0		3	2,3,6	5	2,3,4,5,6
GATA2	ENST00000341105	5	0		0		0	
GATA2	ENST00000487848	5	0		0		0	
GATA3	ENST00000379328	5	0		0		2	2,3
GATA4	ENST00000532059	6	0		0		2	2,6
GATA5	ENST00000252997	6	0		0		0	
GATA6	ENST00000269216	6	0		0		4	2,3,5,7
GATAD1	ENST00000287957	5	0		0		0	
GATAD2A	ENST00000683918	11	0		0		4	8,9,11,12
GATAD2B	ENST00000368655	10	0		10	2,3,4,5,6,7,8,9,10,11	10	2,3,4,5,6,7,8,9,10,11
GATB	ENST00000263985	13	0		0		4	1,6,12,13
GATC	ENST00000551765	4	0		0		1	1
GATM	ENST00000396659	9	0		0		4	1,2,3,4
GBA1	ENST00000368373	11	0		10	1,2,3,4,5,6,7,8,9,10	11	1,2,3,4,5,6,7,8,9,10,11
GBA2	ENST00000378103	17	0		0		3	1,3,17
GBE1	ENST00000429644	16	0		0		4	4,5,6,13
GBF1	ENST00000369983	39	0		0		12	12,22,23,24,29,31,32,33,34,35,37,38
GCDH	ENST00000222214	11	0		0		3	6,8,11
GCG	ENST00000418842	5	0		0		3	3,4,5
GCGR	ENST00000400723	13	0		0		2	3,14
GCH1	ENST00000491895	6	0		0		3	1,4,5
GCK	ENST00000403799	10	0		0		3	1,4,10
GCKR	ENST00000264717	19	0		0		1	16
GCLC	ENST00000650454	16	0		0		6	1,2,3,13,15,16
GCLM	ENST00000370238	7	0		0		5	1,3,5,6,7
GCM2	ENST00000379491	5	0		0		2	1,5
GCNA	ENST00000373696	12	0		1	8	11	2,3,4,5,7,8,9,10,11,12,13
GCNT2	ENST00000316170	3	0		0		1	1
GCNT2	ENST00000495262	3	0		0		2	3,5
GCOM1	NM_001285900.3	15	0		0		0	
GCSH	ENST00000315467	5	0		0		1	4
GDAP1	ENST00000220822	6	0		0		3	1,4,6
GDAP2	ENST00000369443	13	0		0		4	2,6,7,13
GDF1	ENST00000247005	2	0		0		0	
GDF11	ENST00000257868	3	0		0		3	1,2,3
GDF15	ENST00000252809	2	0		0		0	
GDF2	ENST00000581492	2	0		0		2	1,2
GDF3	ENST00000329913	2	0		0		2	1,2
GDF5	ENST00000374369	2	0		0		2	1,2
GDF6	ENST00000287020	2	0		0		2	1,2
GDF9	ENST00000687138	2	0		0		2	1,2
GDI1	ENST00000447750	11	0		1	8	11	1,2,3,4,5,6,7,8,9,10,11
GDNF	ENST00000326524	2	0		0		0	
GDPD1	ENST00000284116	10	0		0		3	1,6,8
GEMIN4	ENST00000319004	2	0		0		1	2
GEMIN5	ENST00000285873	28	0		0		14	1,4,5,7,9,11,16,18,19,20,23,25,27,28
GET3	ENST00000357332	7	0		0		4	2,3,4,6
GET4	ENST00000265857	9	0		0		3	5,6,9
GFAP	ENST00000588735	9	0		0		2	1,6
GFER	ENST00000248114	3	0		0		1	2
GFI1	ENST00000294702	6	0		0		4	2,4,5,7
GFI1B	ENST00000372122	6	0		0		3	2,6,7
GFM1	ENST00000486715	18	0		0		10	3,4,5,6,7,8,10,12,14,18
GFM2	ENST00000296805	20	0		0		10	5,8,9,10,11,12,14,18,20,21
GFPT1	ENST00000357308	20	0		0		4	5,8,10,15
GFRA1	ENST00000355422	10	0		0		3	3,6,9
GFUS	ENST00000425753	10	2	8,9	10	2,3,4,5,6,7,8,9,10,11	10	2,3,4,5,6,7,8,9,10,11
GGCX	ENST00000233838	15	0		0		6	1,3,8,9,14,15
GGN	ENST00000334928	2	0		0		1	3
GGPS1	ENST00000282841	3	0		0		2	3,4
GGT1	ENST00000400382	12	0		0		4	7,9,10,13
GH1	ENST00000323322	5	0		0		2	3,5
GHR	ENST00000230882	9	0		0		3	2,3,10
GHRH	ENST00000373614	4	0		0		1	3
GHRHR	ENST00000326139	13	0		0		3	1,3,7
GHRL	ENST00000335542	4	0		0		1	4
GHSR	ENST00000241256	2	0		0		1	1
GIGYF1	ENST00000678049	24	0		0		2	13,14
GIGYF2	ENST00000373563	27	0		1	21	9	4,7,8,10,11,18,21,22,27
GIMAP5	ENST00000358647	2	0		0		0	
GIMAP6	ENST00000328902	2	0		0		1	3
GINS1	ENST00000262460	7	0		0		3	2,5,6
GINS2	ENST00000253462	5	0		0		1	1
GINS3	ENST00000318129	3	0		0		3	1,2,3
GIPC1	ENST00000393033	6	0		0		1	9
GIPC3	ENST00000644452	6	0		0		0	
GJA1	ENST00000282561	1	0		0		1	2
GJA3	ENST00000241125	1	0		0		1	2
GJA5	ENST00000579774	1	0		0		1	2
GJA8	ENST00000369235	1	0		0		1	2
GJB1	ENST00000361726	1	0		1	2	1	2
GJB2	ENST00000382848	1	0		0		1	2
GJB3	ENST00000373366	1	0		0		1	2
GJB4	ENST00000339480	1	0		0		1	2
GJB6	ENST00000647029	1	0		0		1	5
GJC2	ENST00000366714	1	0		0		1	2
GK	ENST00000427190	21	0		4	11,13,15,19	21	1,2,3,4,5,6,7,8,9,10,11,12,13,14,15,16,17,18,19,20,21
GLA	ENST00000218516	7	0		1	3	7	1,2,3,4,5,6,7
GLB1	ENST00000307363	16	0		0		5	1,2,6,7,10
GLCCI1	ENST00000223145	8	0		0		3	1,6,8
GLDC	ENST00000321612	25	0		0		10	2,12,13,15,16,19,20,22,23,25
GLDN	ENST00000335449	10	0		0		4	1,4,9,10
GLE1	ENST00000309971	16	0		0		4	1,7,9,13
GLI1	ENST00000228682	11	0		0		2	11,12
GLI2	ENST00000361492	13	0		0		7	2,3,6,10,11,12,13
GLI3	ENST00000395925	14	0		0		6	4,5,6,7,13,15
GLIS1	ENST00000628545	10	0		0		2	2,4
GLIS2	ENST00000433375	6	1	7	6	2,3,4,5,6,7	6	2,3,4,5,6,7
GLIS3	ENST00000381971	10	0		0		7	2,3,4,5,6,7,10
GLMN	ENST00000370360	18	0		0		5	4,12,15,18,19
GLRA1	ENST00000274576	9	0		0		4	3,7,8,9
GLRA2	ENST00000218075	9	0		1	1	8	1,2,3,4,5,6,7,9
GLRB	ENST00000264428	9	0		0		5	2,5,6,8,10
GLRX5	ENST00000331334	2	0		0		0	
GLS	ENST00000320717	18	0		0		4	1,7,9,13
GLT8D1	ENST00000266014	9	0		0		5	4,5,7,8,10
GLUD1	ENST00000277865	13	0		0		4	1,8,12,13
GLUD2	ENST00000328078	1	0		1	1	1	1
GLUL	ENST00000331872	6	0		0		2	4,7
GLYCTK	ENST00000436784	4	0		0		1	5
GM2A	ENST00000357164	4	0		0		1	1
GMNN	ENST00000230056	6	0		0		2	3,7
GMPPA	ENST00000313597	12	0		0		1	5
GMPPB	ENST00000308388	9	0		0		0	
GNA11	ENST00000078429	7	0		0		2	1,5
GNAI1	ENST00000649796	8	0		0		2	1,8
GNAI2	ENST00000313601	8	0		0		1	8
GNAI3	ENST00000369851	8	0		0		2	1,8
GNAL	ENST00000334049	12	0		0		1	1
GNAL	ENST00000423027	12	0		0		6	1,8,9,10,11,12
GNAO1	ENST00000262493	8	0		0		1	4
GNAQ	ENST00000286548	7	0		0		3	3,6,7
GNAS	ENST00000371075	1	0		0		1	1
GNAS	ENST00000371085	13	0		0		1	1
GNAS	ENST00000371100	13	0		0		4	1,8,9,10
GNAT1	ENST00000232461	8	0		0		1	1
GNAT2	ENST00000679935	8	0		0		4	5,6,8,9
GNB1	ENST00000378609	9	0		0		4	4,6,10,11
GNB2	ENST00000303210	9	0		0		0	
GNB3	ENST00000229264	9	0		0		2	7,9
GNB4	ENST00000232564	9	0		0		3	2,3,7
GNB5	ENST00000261837	12	0		0		4	2,3,10,12
GNE	ENST00000396594	12	0		0		1	2
GNE	ENST00000642385	11	0		0		4	2,3,7,8
GNMT	ENST00000372808	6	0		0		3	1,4,6
GNPAT	ENST00000366647	16	0		0		8	1,2,3,5,9,11,12,15
GNPNAT1	ENST00000216410	5	0		0		2	4,6
GNPTAB	ENST00000299314	21	0		0		9	2,4,5,10,13,14,15,16,18
GNPTG	ENST00000204679	11	0		0		3	2,9,10
GNRH1	ENST00000421054	3	0		0		0	
GNRHR	ENST00000226413	3	0		0		2	1,2
GNS	ENST00000258145	14	0		0		3	1,10,11
GOLGA2	ENST00000611957	27	0		0		6	11,15,16,19,26,27
GOLGA3	ENST00000450791	23	0		0		9	3,5,7,10,13,15,17,23,24
GON4L	ENST00000368331	31	0		0		8	2,12,17,18,21,24,29,30
GON7	ENST00000306954	2	0		1	1	2	1,2
GORAB	ENST00000367763	5	0		0		3	2,3,5
GOSR2	ENST00000640051	6	0		0		0	
GOT1	ENST00000370508	9	0		0		3	1,7,8
GOT2	ENST00000245206	10	0		0		6	1,2,3,5,6,7
GP1BA	ENST00000329125	1	0		0		1	2
GP1BB	ENST00000366425	2	0		0		1	2
GP6	ENST00000417454	8	8	1,2,3,4,5,6,7,8	8	1,2,3,4,5,6,7,8	8	1,2,3,4,5,6,7,8
GP9	ENST00000307395	1	0		0		0	
GPAA1	ENST00000355091	12	0		0		1	2
GPATCH11	ENST00000674370	8	0		0		3	5,6,9
GPATCH3	ENST00000361720	7	0		0		3	1,2,7
GPC3	ENST00000370818	8	0		3	3,6,7	8	1,2,3,4,5,6,7,8
GPC4	ENST00000370828	9	0		2	8,9	9	1,2,3,4,5,6,7,8,9
GPC6	ENST00000377047	9	0		0		2	1,7
GPD1	ENST00000301149	8	0		0		4	2,3,4,5
GPD1L	ENST00000282541	8	0		0		4	1,2,3,6
GPD2	ENST00000438166	16	0		0		3	8,12,16
GPHN	ENST00000478722	23	0		0		6	1,2,3,9,11,13
GPI	ENST00000356487	18	1	4	8	1,2,3,4,6,7,8,9	13	1,2,3,4,5,6,7,8,9,14,15,16,18
GPIHBP1	ENST00000622500	4	0		0		0	
GPKOW	ENST00000156109	11	0		2	4,11	10	1,2,3,4,5,6,7,8,10,11
GPN2	ENST00000374135	5	0		0		2	1,5
GPNMB	ENST00000258733	11	0		0		6	3,6,7,8,9,10
GPR101	ENST00000651716	1	0		1	2	1	2
GPR143	ENST00000467482	9	0		5	3,4,5,7,8	7	1,3,4,5,6,7,8
GPR156	ENST00000464295	9	0		0		5	4,6,8,9,10
GPR161	ENST00000682931	5	0		0		3	2,3,6
GPR179	ENST00000616987	11	5	3,6,7,8,10	11	1,2,3,4,5,6,7,8,9,10,11	11	1,2,3,4,5,6,7,8,9,10,11
GPR45	ENST00000258456	1	0		0		1	1
GPR68	ENST00000650645	1	0		0		1	2
GPR88	ENST00000315033	1	0		0		1	2
GPRASP1	ENST00000537097	1	0		1	6	1	6
GPRASP2	ENST00000483720	1	0		1	5	1	5
GPRC5B	ENST00000300571	3	0		0		2	2,3
GPSM2	ENST00000264126	14	0		0		6	3,7,9,10,12,15
GPT2	ENST00000340124	11	0		0		5	2,6,9,10,11
GPX1	ENST00000419783	2	0		0		2	1,2
GPX4	ENST00000354171	7	0		0		0	
GRAMD1B	ENST00000635736	20	0		0		7	1,5,9,11,16,18,20
GRAP	ENST00000284154	5	0		0		5	1,2,3,4,5
GREB1L	ENST00000424526	31	0		0		12	4,15,18,19,21,22,23,28,29,31,32,33
GREM1	ENST00000651154	1	0		1	2	1	2
GREM2	ENST00000318160	1	0		0		1	2
GRHL2	ENST00000646743	16	0		0		6	3,4,6,10,11,16
GRHL3	ENST00000361548	16	0		0		3	1,4,16
GRHPR	ENST00000318158	9	0		0		4	1,3,6,7
GRIA1	ENST00000285900	16	0		0		5	2,6,10,13,16
GRIA2	ENST00000264426	15	0		0		5	6,9,10,11,15
GRIA3	ENST00000620443	15	0		1	14	1	14
GRIA3	ENST00000622768	15	0		3	2,8,13	15	1,2,3,4,5,6,7,8,9,10,11,12,13,14,15
GRIA4	ENST00000282499	16	0		0		4	9,12,15,16
GRID2	ENST00000282020	16	0		0		7	1,2,4,10,11,14,15
GRIK2	ENST00000369134	16	0		0		8	2,9,10,11,14,15,16,17
GRIN1	ENST00000371561	20	0		0		2	11,18
GRIN2A	ENST00000330684	12	0		0		6	2,3,5,8,12,13
GRIN2B	ENST00000609686	12	0		0		3	3,4,14
GRIN2C	ENST00000293190	12	0		0		8	2,3,4,5,8,10,12,13
GRIN2D	ENST00000263269	12	0		0		8	3,4,6,10,11,12,13,14
GRIP1	ENST00000359742	25	0		0		6	2,3,4,5,6,14
GRK1	ENST00000335678	7	0		3	5,6,7	6	1,2,3,5,6,7
GRK2	ENST00000308595	21	0		0		3	1,14,20
GRM1	ENST00000282753	8	0		0		6	1,2,3,4,7,8
GRM6	ENST00000517717	10	0		0		3	8,9,11
GRM7	ENST00000357716	10	0		1	1	5	1,3,7,8,9
GRN	ENST00000053867	12	0		0		1	10
GRWD1	ENST00000253237	7	0		0		5	1,2,5,6,7
GRXCR1	ENST00000399770	4	0		0		4	1,2,3,4
GRXCR2	ENST00000377976	3	0		0		2	1,3
GSC	ENST00000238558	3	0		0		3	1,2,3
GSDME	ENST00000645220	9	0		0		7	2,4,5,6,7,8,10
GSK3B	ENST00000264235	11	0		0		1	8
GSN	ENST00000432226	16	0		0		7	3,6,7,9,10,11,13
GSPT2	ENST00000340438	1	0		1	1	1	1
GSR	ENST00000221130	13	0		0		3	1,5,8
GSS	ENST00000651619	12	0		0		5	2,5,8,9,10
GSTM3	ENST00000361066	8	0		0		0	
GSTZ1	ENST00000216465	9	0		0		5	1,3,4,5,9
GSX2	ENST00000326902	2	0		0		2	1,2
GTF2E2	ENST00000355904	7	0		0		7	2,3,4,5,6,7,8
GTF2H5	ENST00000607778	2	0		0		0	
GTF2IRD1	ENST00000424337	26	0		0		16	3,4,5,6,7,8,13,15,16,17,19,20,21,24,25,26
GTF3A	ENST00000381140	9	0		0		1	6
GTF3C3	ENST00000263956	18	0		0		6	1,2,4,14,16,17
GTF3C5	ENST00000372097	11	0		0		5	1,5,6,7,11
GTPBP1	ENST00000216044	12	0		0		4	1,4,9,10
GTPBP2	ENST00000307126	12	0		0		4	5,7,10,12
GTPBP3	ENST00000324894	9	0		0		6	1,2,4,6,8,9
GUCA1A	ENST00000372958	4	0		0		2	2,4
GUCA1B	ENST00000230361	4	0		0		2	2,3
GUCY1A1	ENST00000506455	8	0		0		5	6,7,8,9,10
GUCY2C	ENST00000261170	27	0		0		10	1,4,7,8,10,11,16,19,22,23
GUCY2D	ENST00000254854	18	0		0		4	3,4,9,13
GUF1	ENST00000281543	17	0		0		6	1,2,3,9,15,17
GUK1	ENST00000453943	8	0		0		0	
GUSB	ENST00000304895	12	0		0		5	4,6,7,10,12
GYG1	ENST00000345003	8	0		0		1	6
GYPA	ENST00000641688	7	0		0		1	2
GYPB	ENST00000502664	5	0		0		0	
GYPC	ENST00000259254	4	0		0		2	2,3
GYS1	ENST00000323798	16	0		0		4	1,4,5,16
GYS2	ENST00000261195	16	0		0		5	1,3,4,9,15
GZF1	ENST00000338121	5	0		0		5	2,3,4,5,6
H1-4	ENST00000304218	1	0		0		1	1
H2AC6	ENST00000377791	1	0		0		1	1
H3-3A	ENST00000366815	3	0		0		0	
H3-3B	ENST00000254810	3	0		0		2	2,3
H3-4	ENST00000366696	1	0		0		1	1
H4C11	ENST00000355057	1	0		0		1	1
H4C2	ENST00000377745	1	0		0		1	1
H4C3	ENST00000377803	1	0		0		0	
H4C4	ENST00000614247	1	0		0		1	1
H4C5	ENST00000615164	1	0		0		1	1
H4C6	ENST00000244537	1	0		0		1	1
H4C9	ENST00000615353	1	0		0		1	1
H6PD	ENST00000377403	4	0		0		2	2,5
HAAO	ENST00000294973	10	0		0		2	4,5
HABP2	ENST00000351270	13	0		0		5	4,6,9,12,13
HACD1	ENST00000361271	7	0		0		4	1,2,4,7
HACE1	ENST00000262903	24	0		0		9	1,3,7,9,12,14,16,21,23
HADH	ENST00000309522	8	0		0		2	1,8
HADHA	ENST00000380649	20	0		0		9	7,8,9,10,13,15,16,18,19
HADHB	ENST00000317799	15	0		0		5	4,5,9,12,13
HAGH	ENST00000397356	9	0		0		2	2,7
HAL	ENST00000261208	20	0		0		8	2,7,11,13,15,16,17,21
HAMP	ENST00000222304	3	0		0		1	3
HAND1	ENST00000231121	2	0		0		2	1,2
HAND2	ENST00000359562	2	0		0		2	1,2
HARS1	ENST00000504156	13	0		0		4	2,7,9,13
HARS2	ENST00000230771	13	0		0		5	1,5,6,7,10
HAS2	ENST00000303924	3	0		0		2	2,4
HAVCR2	ENST00000307851	7	0		0		3	2,6,7
HAX1	ENST00000328703	7	0		0		1	5
HBA1	ENST00000320868	3	0		0		0	
HBA2	ENST00000251595	3	0		1	1	2	1,2
HBB	ENST00000335295	3	0		0		1	1
HBD	ENST00000650601	3	0		0		2	1,3
HBEGF	ENST00000230990	5	0		0		2	1,2
HBG1	ENST00000330597	3	0		1	2	2	1,2
HBG2	ENST00000336906	3	0		0		0	
HBS1L	ENST00000367837	18	0		0		6	1,2,5,10,11,16
HCCS	ENST00000380762	6	0		1	7	6	2,3,4,5,6,7
HCFC1	ENST00000310441	26	0		7	1,4,12,17,20,22,24	26	1,2,3,4,5,6,7,8,9,10,11,12,13,14,15,16,17,18,19,20,21,22,23,24,25,26
HCK	ENST00000375852	13	0		0		6	5,7,8,9,11,13
HCN1	ENST00000303230	8	0		0		4	1,2,6,8
HCN2	ENST00000251287	8	0		0		4	1,2,6,7
HCN4	ENST00000261917	8	0		0		6	1,2,3,5,6,8
HCRT	ENST00000293330	2	0		0		1	2
HDAC2	ENST00000519065	14	0		0		6	4,5,8,9,11,13
HDAC3	ENST00000305264	15	0		0		1	15
HDAC4	ENST00000543185	26	0		0		10	4,5,8,11,12,13,14,15,18,26
HDAC6	ENST00000334136	28	0		3	5,10,22	27	2,3,4,5,6,7,8,9,10,12,13,14,15,16,17,18,19,20,21,22,23,24,25,26,27,28,29
HDAC8	ENST00000373573	11	0		4	3,4,7,9	10	1,3,4,5,6,7,8,9,10,11
HDAC9	ENST00000686413	25	0		0		7	3,4,6,12,14,19,23
HDC	ENST00000267845	12	0		0		6	6,7,8,9,10,12
HEATR3	ENST00000299192	15	0		0		6	1,2,7,10,11,14
HEATR5B	ENST00000233099	35	0		0		17	6,9,10,14,17,18,19,21,22,23,24,27,28,33,34,35,36
HECTD1	ENST00000399332	42	0		0		11	2,5,6,7,14,25,26,37,38,41,43
HECTD4	ENST00000682272	76	0		0		30	1,2,12,13,14,16,25,29,30,31,32,37,39,41,46,49,50,53,60,61,63,64,66,68,69,70,71,72,73,74
HECW2	ENST00000644978	28	0		0		10	2,7,9,10,11,14,17,22,26,27
HELB	ENST00000247815	13	0		0		9	1,3,4,7,8,10,11,12,13
HELLS	ENST00000348459	22	0		0		8	1,2,4,11,14,16,19,22
HELQ	ENST00000295488	18	0		0		8	1,2,4,5,8,12,13,14
HEPACAM	ENST00000298251	7	0		0		2	2,3
HEPH	ENST00000343002	20	0		5	3,6,13,15,17	19	2,3,4,5,6,7,8,10,11,12,13,14,15,16,17,18,19,20,21
HEPHL1	ENST00000315765	20	0		0		6	1,4,5,12,13,14
HERC1	ENST00000443617	77	0		0		28	2,5,9,10,12,15,17,19,20,22,30,32,34,37,39,41,44,45,47,49,50,53,56,61,68,72,73,75
HERC2	ENST00000261609	92	16	3,12,65,66,79,80,81,82,83,84,85,87,88,89,90,93	62	2,3,4,5,6,7,8,9,10,11,12,13,14,15,16,17,18,19,20,21,22,23,46,53,54,55,56,58,59,60,61,62,63,64,65,66,67,68,69,70,71,72,73,74,76,77,78,79,80,81,82,83,84,85,86,87,88,89,90,91,92,93	80	2,3,4,5,6,7,8,9,10,11,12,13,14,15,16,17,18,19,20,21,22,23,26,28,29,30,31,32,36,37,40,41,42,44,45,46,47,50,52,53,54,55,56,57,58,59,60,61,62,63,64,65,66,67,68,69,70,71,72,73,74,75,76,77,78,79,80,81,82,83,84,85,86,87,88,89,90,91,92,93
HES7	ENST00000541682	4	0		0		0	
HESX1	ENST00000295934	4	0		0		3	2,3,4
HEXA	ENST00000268097	14	0		0		7	1,3,5,8,9,10,11
HEXB	ENST00000261416	14	0		1	1	4	1,3,9,12
HEY2	ENST00000368364	5	0		0		3	1,3,5
HFE	ENST00000357618	6	0		0		4	1,2,3,4
HFM1	ENST00000370425	38	0		0		18	3,4,5,6,9,11,12,13,18,23,27,29,32,34,35,36,38,39
HGD	ENST00000283871	14	0		0		2	13,14
HGF	ENST00000222390	18	0		0		7	6,7,9,10,11,13,15
HGSNAT	ENST00000379644	18	0		0		4	2,8,16,18
HHAT	ENST00000261458	11	0		0		7	3,4,5,6,7,8,10
HIBADH	ENST00000265395	8	0		0		5	1,2,5,6,7
HIBCH	ENST00000359678	14	0		0		3	4,8,14
HID1	ENST00000425042	19	0		0		5	6,7,17,18,19
HIKESHI	ENST00000278483	5	0		0		3	1,2,4
HINT1	ENST00000304043	3	0		0		1	1
HIPK4	ENST00000291823	4	0		0		3	1,2,3
HIRA	ENST00000263208	25	0		0		9	1,8,10,12,18,19,22,23,25
HIVEP1	ENST00000379388	8	0		0		3	4,8,9
HIVEP2	ENST00000367603	6	0		0		4	5,6,7,10
HJV	ENST00000336751	3	0		0		2	3,4
HK1	ENST00000359426	18	0		0		1	1
HK1	ENST00000643399	19	0		0		5	4,6,11,16,19
HKDC1	ENST00000354624	18	0		0		10	1,2,3,5,8,9,10,11,16,17
HLA-A	ENST00000376809	8	8	1,2,3,4,5,6,7,8	8	1,2,3,4,5,6,7,8	8	1,2,3,4,5,6,7,8
HLA-B	ENST00000412585	7	7	1,2,3,4,5,6,7	7	1,2,3,4,5,6,7	7	1,2,3,4,5,6,7
HLA-C	ENST00000376228	8	8	1,2,3,4,5,6,7,8	8	1,2,3,4,5,6,7,8	8	1,2,3,4,5,6,7,8
HLA-DPB1	ENST00000418931	5	5	1,2,3,4,5	5	1,2,3,4,5	5	1,2,3,4,5
HLA-DQA1	ENST00000343139	4	4	1,2,3,4	4	1,2,3,4	4	1,2,3,4
HLA-DQB1	ENST00000434651	5	5	1,2,3,4,5	5	1,2,3,4,5	5	1,2,3,4,5
HLA-DRB1	ENST00000360004	6	6	1,2,3,4,5,6	6	1,2,3,4,5,6	6	1,2,3,4,5,6
HLA-G	ENST00000360323	6	6	1,2,3,4,5,6	6	1,2,3,4,5,6	6	1,2,3,4,5,6
HLCS	ENST00000674895	11	0		0		2	4,6
HMBS	ENST00000652429	14	0		0		2	7,14
HMCN1	ENST00000271588	107	0		0		35	1,5,8,11,24,27,28,32,33,34,37,39,42,44,46,49,50,51,54,56,57,65,69,72,74,79,80,81,82,89,90,91,105,106,107
HMGA1	ENST00000311487	4	0		0		1	3
HMGA2	ENST00000403681	5	0		0		1	4
HMGB1	ENST00000341423	4	0		0		1	3
HMGB3	ENST00000325307	4	0		0		4	2,3,4,5
HMGCL	ENST00000374490	9	0		0		3	3,6,7
HMGCR	ENST00000287936	19	0		0		6	3,5,11,13,18,19
HMGCS1	ENST00000325110	9	0		0		5	3,6,7,9,10
HMGCS2	ENST00000369406	9	0		0		4	1,2,6,8
HMGXB3	ENST00000502717	19	0		0		5	4,7,8,12,16
HMMR	ENST00000393915	18	0		0		9	1,6,9,10,11,13,14,15,16
HMOX1	ENST00000216117	5	0		0		3	3,4,5
HMX1	ENST00000400677	2	0		0		2	1,2
HNF1A	ENST00000257555	10	0		0		2	1,2
HNF1B	ENST00000617811	9	0		8	1,2,3,4,5,6,7,8	9	1,2,3,4,5,6,7,8,9
HNF4A	ENST00000316673	10	0		0		5	1,5,6,8,10
HNMT	ENST00000280097	6	0		0		3	1,3,6
HNRNPA0	ENST00000314940	1	0		0		1	1
HNRNPA1	ENST00000340913	10	0		0		3	1,2,4
HNRNPA2B1	ENST00000618183	10	0		0		2	1,3
HNRNPC	ENST00000553300	7	0		0		1	7
HNRNPD	ENST00000313899	8	0		0		4	1,4,7,8
HNRNPDL	ENST00000295470	7	0		1	1	2	1,4
HNRNPH1	ENST00000393432	12	0		0		2	2,9
HNRNPH2	ENST00000316594	1	0		1	2	1	2
HNRNPK	ENST00000376263	15	0		0		2	4,5
HNRNPL	ENST00000221419	13	0		0		4	1,10,11,12
HNRNPR	ENST00000302271	10	0		0		4	4,8,9,11
HNRNPU	ENST00000640218	14	0		0		3	1,6,12
HNRNPUL2	ENST00000301785	14	0		0		3	1,4,7
HOGA1	ENST00000370646	7	0		0		4	3,4,5,6
HOMER2	ENST00000450735	9	0		0		2	8,9
HORMAD1	ENST00000361824	14	0		0		5	4,6,10,13,15
HOXA1	ENST00000643460	2	0		0		2	1,2
HOXA10	ENST00000283921	2	0		0		2	1,2
HOXA11	ENST00000006015	2	0		0		1	1
HOXA13	ENST00000649031	2	0		1	1	2	1,2
HOXA2	ENST00000222718	2	0		0		2	1,2
HOXA4	ENST00000360046	2	0		0		1	1
HOXB1	ENST00000239174	2	0		0		2	1,2
HOXB13	ENST00000290295	2	0		0		2	1,2
HOXB6	ENST00000225648	2	0		0		2	3,4
HOXC13	ENST00000243056	2	0		0		2	1,2
HOXD10	ENST00000249501	2	0		0		1	1
HOXD12	ENST00000406506	2	0		0		2	1,2
HOXD13	ENST00000392539	2	0		0		1	1
HP	ENST00000355906	7	0		0		4	3,4,5,7
HPCA	ENST00000373467	3	0		0		1	2
HPD	ENST00000289004	14	0		0		6	7,10,11,12,13,14
HPDL	ENST00000334815	1	0		0		1	1
HPGD	ENST00000296522	7	0		0		2	1,2
HPRT1	ENST00000298556	9	0		0		9	1,2,3,4,5,6,7,8,9
HPS1	ENST00000361490	18	0		0		10	4,5,6,9,10,12,14,15,19,20
HPS3	ENST00000296051	17	0		0		7	1,2,8,9,12,16,17
HPS4	ENST00000398145	13	0		0		5	9,10,11,13,14
HPS5	ENST00000349215	22	0		0		6	2,5,11,13,18,22
HPS6	ENST00000299238	1	0		0		1	1
HPSE2	ENST00000370552	12	0		0		5	2,6,10,11,12
HR	ENST00000381418	18	0		0		1	3
HRAS	ENST00000311189	4	0		1	5	1	5
HRAS	ENST00000417302	4	0		4	2,3,4,5	4	2,3,4,5
HRG	ENST00000232003	7	0		0		1	7
HROB	ENST00000585683	10	0		0		5	3,4,6,9,10
HRURF	ENST00000518377	1	0		0		0	
HS2ST1	ENST00000370550	7	0		0		5	1,3,5,6,7
HS3ST6	ENST00000454677	2	0		2	1,2	2	1,2
HS6ST1	ENST00000259241	2	0		0		1	1
HS6ST2	ENST00000370833	5	0		3	1,2,5	4	1,2,4,5
HSCB	ENST00000216027	6	0		0		3	1,2,3
HSD11B1	ENST00000367027	6	0		0		2	1,6
HSD11B2	ENST00000326152	5	0		0		2	1,2
HSD17B10	ENST00000168216	6	0		0		6	1,2,3,4,5,6
HSD17B13	ENST00000328546	7	0		0		3	1,2,3
HSD17B3	ENST00000375263	11	0		0		3	3,8,9
HSD17B4	ENST00000510025	24	0		0		3	11,18,23
HSD3B2	ENST00000369416	3	0		0		2	2,4
HSD3B7	ENST00000297679	6	0		0		2	6,7
HSF2BP	ENST00000291560	8	0		1	9	3	6,7,9
HSF4	ENST00000521374	13	0		0		3	2,12,13
HSPA1L	ENST00000375654	1	1	2	1	2	1	2
HSPA9	ENST00000297185	17	0		0		5	1,4,6,13,14
HSPB1	ENST00000248553	3	0		0		2	1,3
HSPB3	ENST00000302005	1	0		0		1	1
HSPB8	ENST00000281938	3	0		0		1	1
HSPD1	ENST00000388968	11	0		0		6	2,3,4,6,10,11
HSPG2	ENST00000374695	97	0		0		13	1,7,13,14,15,16,56,58,64,65,74,75,79
HTR1A	ENST00000323865	1	0		0		1	1
HTR2A	ENST00000542664	3	0		0		2	2,4
HTR2C	ENST00000276198	4	0		2	4,6	4	3,4,5,6
HTRA1	ENST00000368984	9	0		0		2	3,4
HTRA2	ENST00000258080	8	0		0		3	1,2,3
HTT	ENST00000355072	67	0		0		24	1,4,7,8,12,14,22,30,35,37,40,42,43,46,49,51,52,53,54,61,62,63,65,66
HUWE1	ENST00000262854	81	0		16	6,9,25,26,30,33,36,37,42,49,55,57,61,64,65,83	80	4,6,7,8,9,10,11,12,13,14,15,16,17,18,19,20,21,22,23,24,25,26,27,28,29,30,31,32,33,34,35,36,37,38,39,40,41,42,43,44,45,46,47,48,49,50,51,52,53,54,55,56,57,58,59,60,61,62,63,64,65,66,67,68,69,70,71,72,73,74,75,76,77,78,79,80,81,82,83,84
HYAL1	ENST00000395144	3	0		0		3	2,3,4
HYAL2	ENST00000357750	3	0		0		1	2
HYCC1	ENST00000432176	10	0		0		2	8,11
HYDIN	ENST00000393567	85	0		0		40	4,14,15,18,19,20,26,28,30,31,32,33,34,35,38,39,40,41,42,44,46,47,48,49,51,52,54,56,57,61,62,64,68,74,75,79,83,84,85,86
HYKK	ENST00000388988	4	0		0		3	2,3,5
HYLS1	ENST00000425380	1	0		0		1	3
HYOU1	ENST00000617285	25	0		0		5	7,9,10,21,23
IARS1	ENST00000443024	33	0		0		6	2,8,23,24,29,31
IARS2	ENST00000366922	23	0		0		8	1,2,4,8,10,17,20,22
IBA57	ENST00000366711	3	0		0		1	1
ICAM1	ENST00000264832	7	0		0		5	2,3,4,6,7
ICAM4	ENST00000380770	3	0		0		2	1,2
ICE1	ENST00000296564	19	0		0		8	2,5,9,10,13,15,18,19
ICOS	ENST00000316386	5	0		0		1	1
ICOSLG	ENST00000407780	7	0		7	1,2,3,4,5,6,7	7	1,2,3,4,5,6,7
IDH1	ENST00000345146	8	0		0		2	4,8
IDH2	ENST00000330062	11	0		0		2	7,8
IDH3A	ENST00000299518	11	0		0		3	9,10,11
IDH3B	ENST00000380843	12	0		0		3	2,3,6
IDH3G	ENST00000217901	13	0		0		12	1,2,3,4,6,7,8,9,10,11,12,13
IDS	ENST00000340855	9	0		3	2,5,9	9	1,2,3,4,5,6,7,8,9
IDUA	ENST00000514224	14	0		0		2	6,13
IER3IP1	ENST00000256433	3	0		0		1	1
IFIH1	ENST00000649979	16	0		0		11	1,2,3,4,5,6,7,8,9,10,16
IFITM3	ENST00000399808	2	0		0		0	
IFITM5	ENST00000382614	2	0		0		1	2
IFNA1	ENST00000276927	1	0		0		1	1
IFNAR1	ENST00000270139	11	0		0		5	4,5,6,7,11
IFNAR2	ENST00000342136	8	0		0		2	6,9
IFNG	ENST00000229135	4	0		0		2	1,3
IFNGR1	ENST00000367739	7	0		0		3	3,6,7
IFNGR2	ENST00000290219	7	0		5	2,3,4,5,6	6	2,3,4,5,6,7
IFNL3	ENST00000413851	5	0		0		1	5
IFRD1	ENST00000403825	12	0		0		7	1,5,6,8,10,11,12
IFT122	ENST00000348417	30	0		0		11	1,4,10,12,13,14,15,16,17,19,20
IFT140	ENST00000426508	29	0		0		12	10,11,13,14,16,17,22,24,27,28,29,31
IFT172	ENST00000260570	48	0		0		8	4,14,22,27,28,29,30,33
IFT27	ENST00000433985	7	0		0		2	6,7
IFT43	ENST00000314067	9	0		0		3	1,3,8
IFT52	ENST00000373030	13	0		0		8	3,4,5,7,11,12,13,14
IFT56	ENST00000464848	18	0		0		6	3,4,5,14,15,18
IFT57	ENST00000264538	11	0		0		5	1,3,5,7,11
IFT74	ENST00000380062	19	0		0		8	2,5,6,7,14,15,16,18
IFT80	ENST00000326448	19	0		0		6	3,7,9,13,14,18
IFT81	ENST00000242591	18	0		0		9	2,3,6,7,10,12,14,17,19
IFT88	ENST00000351808	25	0		0		8	2,5,7,8,9,11,13,18
IGBP1	ENST00000356413	6	0		1	7	5	2,3,4,5,7
IGF1	ENST00000337514	4	0		0		3	2,3,4
IGF1R	ENST00000650285	21	0		0		12	2,3,5,6,7,8,10,11,12,16,18,21
IGF2	ENST00000416167	3	0		0		2	2,4
IGF2BP2	ENST00000382199	16	0		0		8	3,5,6,7,10,11,14,15
IGF2R	ENST00000356956	48	0		0		14	6,9,14,15,16,18,22,34,37,38,40,44,45,48
IGFALS	ENST00000215539	2	0		0		1	2
IGFBP7	ENST00000295666	5	0		0		2	1,4
IGHMBP2	ENST00000255078	15	0		0		5	5,9,13,14,15
IGLL1	ENST00000330377	3	0		0		1	3
IGSF1	ENST00000361420	19	0		5	5,7,13,16,18	19	2,3,4,5,6,7,8,9,10,11,12,13,14,15,16,17,18,19,20
IGSF10	ENST00000282466	6	0		0		3	6,7,8
IGSF3	ENST00000369486	10	0		0		8	2,4,5,6,7,8,9,10
IHH	ENST00000295731	3	0		0		2	1,3
IKBKB	ENST00000520810	21	0		0		5	2,8,9,13,19
IKBKE	ENST00000581977	20	0		0		3	4,15,19
IKBKG	ENST00000594239	9	0		2	3,8	8	2,3,4,5,6,8,9,10
IKZF1	ENST00000331340	7	0		0		3	3,5,8
IKZF2	ENST00000434687	7	0		0		4	3,5,8,9
IKZF3	ENST00000346872	8	0		0		4	1,5,7,8
IKZF5	ENST00000368886	3	0		0		1	5
IL10	ENST00000423557	5	0		0		1	5
IL10RA	ENST00000227752	7	0		0		3	4,6,7
IL10RB	ENST00000290200	7	0		0		3	2,6,7
IL11RA	ENST00000441545	12	0		0		4	2,8,9,13
IL12B	ENST00000231228	6	0		0		3	4,6,7
IL12RB1	ENST00000593993	17	0		0		6	6,7,8,9,12,14
IL12RB2	ENST00000674203	15	0		0		4	6,10,15,17
IL13	ENST00000304506	4	0		0		2	1,4
IL17F	ENST00000336123	3	0		0		1	3
IL17RA	ENST00000319363	13	0		0		2	3,13
IL17RC	ENST00000403601	19	0		0		1	11
IL17RD	ENST00000296318	13	0		0		6	2,3,5,10,11,12
IL18BP	ENST00000393703	5	0		0		0	
IL1B	ENST00000263341	6	0		0		3	3,5,6
IL1R1	ENST00000410023	10	0		0		2	4,12
IL1RAP	ENST00000447382	10	0		0		5	3,4,7,9,12
IL1RAPL1	ENST00000378993	10	0		4	5,6,7,11	10	2,3,4,5,6,7,8,9,10,11
IL1RN	ENST00000409930	4	0		0		3	1,2,4
IL21	ENST00000648588	5	0		0		2	1,4
IL21R	ENST00000337929	8	0		0		3	6,7,9
IL23R	ENST00000347310	10	0		0		5	3,7,9,10,11
IL27RA	ENST00000263379	14	0		0		6	3,4,7,8,9,14
IL2RA	ENST00000379959	8	0		0		3	4,5,7
IL2RB	ENST00000216223	9	0		0		1	10
IL2RG	ENST00000374202	8	0		1	5	8	1,2,3,4,5,6,7,8
IL31RA	ENST00000652347	15	0		0		6	4,6,12,13,14,15
IL36RN	ENST00000393200	4	0		0		1	2
IL37	ENST00000263326	5	0		0		1	5
IL4R	ENST00000395762	9	0		0		2	7,11
IL6	ENST00000258743	5	0		0		1	2
IL6R	ENST00000368485	10	0		0		3	2,3,10
IL6ST	ENST00000381298	15	0		0		5	5,8,9,13,17
IL7	ENST00000263851	6	0		0		3	1,5,6
IL7R	ENST00000303115	8	0		0		3	4,7,8
ILDR1	ENST00000344209	8	0		0		1	7
ILK	ENST00000299421	12	0		0		3	4,10,13
IMMP2L	ENST00000405709	5	0		0		1	5
IMPA1	ENST00000256108	8	0		0		5	3,4,5,7,9
IMPDH1	ENST00000338791	17	0		0		3	3,8,10
IMPDH2	ENST00000326739	14	0		0		4	5,8,10,11
IMPG1	ENST00000369950	17	0		0		7	1,3,6,8,13,15,16
IMPG2	ENST00000193391	19	0		0		9	2,3,5,6,7,10,12,13,15
INAVA	ENST00000413687	9	0		0		2	8,9
INF2	ENST00000392634	21	0		0		4	4,8,9,21
ING1	ENST00000333219	2	0		0		2	1,2
INO80	ENST00000648947	35	0		0		15	2,3,6,7,10,11,13,14,16,21,23,24,26,34,36
INPP4A	ENST00000409851	23	0		0		0	
INPP4A	ENST00000715854	24	0		0		9	3,4,7,8,13,16,21,22,23
INPP5E	ENST00000371712	10	0		0		5	1,2,3,7,8
INPP5K	ENST00000421807	12	0		0		7	4,5,6,9,10,11,12
INPPL1	ENST00000298229	28	0		0		3	1,26,27
INS	ENST00000381330	2	0		0		1	3
INSL3	ENST00000317306	2	0		0		0	
INSR	ENST00000302850	22	0		0		9	2,5,6,7,11,12,17,20,22
INTS1	ENST00000404767	47	0		0		6	3,5,11,15,17,28
INTS11	ENST00000435064	17	0		0		2	4,15
INTS13	ENST00000261191	16	0		0		6	2,3,7,8,10,11
INTS8	ENST00000523731	27	0		0		12	1,2,6,8,9,11,12,17,18,24,26,27
INTU	ENST00000335251	16	0		0		7	2,4,5,6,10,13,16
INVS	ENST00000262457	16	0		0		6	3,5,12,13,14,15
IPMK	ENST00000373935	6	0		0		3	1,3,6
IPO8	ENST00000256079	25	0		0		10	4,8,9,12,13,14,15,16,18,22
IQCB1	ENST00000310864	13	0		0		4	3,4,8,10
IQCE	ENST00000402050	22	0		0		11	5,7,11,13,14,15,17,18,19,20,21
IQCN	ENST00000392413	3	0		0		2	3,4
IQGAP3	ENST00000361170	38	0		0		10	7,13,17,18,19,20,23,26,27,36
IQSEC1	ENST00000613206	14	0		0		4	1,2,3,4
IQSEC2	ENST00000639161	3	0		0		3	1,2,3
IQSEC2	ENST00000642864	15	0		4	1,4,5,9	14	1,2,3,4,5,6,7,8,9,10,11,12,13,15
IQSEC3	ENST00000538872	14	0		11	2,3,4,5,6,7,9,10,11,12,13	14	1,2,3,4,5,6,7,8,9,10,11,12,13,14
IRAG1	ENST00000423302	21	0		0		8	1,2,5,8,9,14,15,18
IRAK1	ENST00000369980	14	0		0		14	1,2,3,4,5,6,7,8,9,10,11,12,13,14
IRAK2	ENST00000256458	13	0		0		7	2,3,4,5,9,11,12
IRAK3	ENST00000261233	12	0		0		5	1,4,5,11,12
IRAK4	ENST00000613694	11	0		0		6	2,3,4,5,7,9
IREB2	ENST00000258886	22	0		0		6	2,3,8,9,11,17
IRF1	ENST00000245414	9	0		0		4	2,4,7,9
IRF2BP2	ENST00000366609	2	0		0		2	1,2
IRF2BPL	ENST00000238647	1	0		1	1	1	1
IRF3	ENST00000377139	7	0		0		0	
IRF4	ENST00000380956	8	0		0		4	2,3,5,7
IRF5	ENST00000357234	8	0		0		5	3,6,7,8,9
IRF6	ENST00000367021	7	0		0		3	5,7,8
IRF7	ENST00000525445	10	1	4	10	2,3,4,5,6,7,8,9,10,11	10	2,3,4,5,6,7,8,9,10,11
IRF8	ENST00000268638	8	0		0		4	2,3,7,9
IRF9	ENST00000396864	8	0		0		1	7
IRGM	ENST00000522154	1	0		0		1	2
IRS1	ENST00000305123	1	0		0		1	1
IRS2	ENST00000375856	2	0		0		1	1
IRS4	ENST00000372129	2	0		2	1,2	2	1,2
IRX4	ENST00000231357	5	0		0		2	2,4
IRX5	ENST00000394636	3	0		0		2	2,3
IRX6	ENST00000290552	6	0		0		4	2,3,4,5
ISCA1	ENST00000375991	4	0		0		1	3
ISCA2	ENST00000556816	4	0		0		1	3
ISCU	ENST00000311893	5	0		0		2	2,4
ISG15	ENST00000649529	2	0		0		1	2
ISL1	ENST00000230658	6	0		0		2	3,4
ISLR2	ENST00000453268	1	0		0		1	3
ITCH	ENST00000374864	23	0		0		10	3,6,8,10,16,19,21,22,23,24
ITFG2	ENST00000228799	12	0		0		4	2,3,4,12
ITGA2	ENST00000296585	30	0		0		15	2,3,4,5,8,9,13,14,15,16,19,20,22,24,27
ITGA2B	ENST00000262407	30	0		0		7	1,8,9,11,12,16,17
ITGA3	ENST00000320031	25	0		0		4	1,3,4,12
ITGA6	ENST00000442250	26	0		0		0	
ITGA6	ENST00000684293	25	0		0		4	3,7,21,23
ITGA7	ENST00000257879	25	0		0		6	1,4,6,10,14,25
ITGA8	ENST00000378076	30	0		0		7	12,13,15,17,18,19,29
ITGAM	ENST00000544665	30	0		1	6	9	6,7,9,12,13,16,19,26,27
ITGAV	ENST00000261023	30	0		0		8	7,14,15,20,24,25,26,28
ITGB2	ENST00000652462	15	0		0		3	9,10,15
ITGB3	ENST00000559488	15	0		0		6	1,6,10,11,13,14
ITGB4	ENST00000200181	39	0		0		9	11,24,25,27,28,29,30,31,32
ITGB6	ENST00000283249	15	0		0		5	4,5,7,8,10
ITK	ENST00000422843	17	0		0		5	4,7,8,10,16
ITM2B	ENST00000647800	6	0		0		2	1,3
ITPA	ENST00000380113	8	0		0		3	3,5,6
ITPKB	ENST00000429204	7	0		0		2	2,6
ITPKC	ENST00000263370	7	0		0		3	1,4,7
ITPR1	ENST00000649015	60	0		0		11	8,13,16,18,20,29,37,47,50,51,59
ITPR2	ENST00000381340	57	0		0		16	3,4,6,11,14,19,20,27,28,32,37,39,42,44,54,56
ITPR3	ENST00000605930	58	0		0		15	8,10,11,13,15,18,19,20,32,35,42,50,55,56,57
ITSN1	ENST00000381318	39	0		0		12	6,14,16,17,21,23,25,26,28,32,33,34
ITSN2	ENST00000355123	39	0		0		15	5,8,10,14,16,21,23,25,26,27,28,35,37,39,40
IVD	ENST00000487418	12	0		0		3	1,6,7
IVNS1ABP	ENST00000367498	13	0		0		5	3,5,9,12,13
IYD	ENST00000344419	5	0		0		4	1,2,3,5
JAG1	ENST00000254958	26	0		0		10	2,6,9,10,11,13,18,22,25,26
JAG2	ENST00000331782	26	0		0		3	2,16,26
JAGN1	ENST00000647897	2	0		0		2	1,2
JAK1	ENST00000342505	24	0		0		12	3,5,7,8,15,17,18,19,20,23,24,25
JAK2	ENST00000381652	23	0		0		9	5,7,8,15,17,18,19,23,24
JAK3	ENST00000458235	23	0		0		9	2,6,7,8,15,16,17,20,21
JAKMIP1	ENST00000409021	20	0		0		6	3,4,7,9,10,19
JAM2	ENST00000480456	10	0		0		4	1,3,8,9
JAM3	ENST00000299106	9	0		0		4	1,4,6,8
JARID2	ENST00000341776	18	0		0		7	2,7,8,9,10,14,16
JAZF1	ENST00000283928	5	0		0		3	2,3,4
JMJD1C	ENST00000399262	26	0		0		11	1,3,5,8,10,11,18,19,21,23,26
JPH1	ENST00000342232	5	0		0		3	2,4,5
JPH2	ENST00000372980	5	0		0		4	1,2,3,4
JPH3	ENST00000284262	5	0		0		3	1,2,4
JUP	ENST00000393931	13	0		0		6	2,4,5,8,11,12
KALRN	ENST00000682506	60	0		1	33	22	1,3,5,8,9,11,12,14,15,16,21,27,30,33,35,38,43,46,47,48,56,60
KANK1	ENST00000382297	11	0		0		7	3,4,6,7,10,11,12
KANK2	ENST00000586659	11	0		0		6	4,6,9,10,11,13
KANK4	ENST00000371153	9	0		0		3	3,5,7
KANSL1	ENST00000432791	14	0		14	2,3,4,5,6,7,8,9,10,11,12,13,14,15	14	2,3,4,5,6,7,8,9,10,11,12,13,14,15
KARS1	ENST00000302445	14	0		0		7	1,2,4,6,9,11,13
KASH5	ENST00000447857	19	0		0		5	6,15,17,18,19
KAT14	ENST00000688188	10	0		0		4	2,4,5,7
KAT2B	ENST00000263754	18	0		0		7	1,2,5,7,10,11,13
KAT5	ENST00000341318	13	0		0		6	3,5,7,8,9,12
KAT6A	ENST00000265713	16	0		0		7	2,3,7,11,15,16,17
KAT6B	ENST00000287239	16	0		0		6	3,8,11,12,14,18
KAT8	ENST00000219797	11	0		0		2	3,10
KATNAL2	ENST00000683218	16	0		1	11	6	5,6,11,13,15,17
KATNB1	ENST00000379661	19	0		0		1	12
KATNIP	ENST00000261588	28	0		0		11	4,6,7,11,13,14,15,16,18,20,27
KBTBD13	ENST00000432196	1	0		0		1	1
KBTBD2	ENST00000304056	3	0		0		3	2,3,4
KCNA1	ENST00000382545	1	0		0		1	2
KCNA2	ENST00000316361	1	0		0		1	3
KCNA3	ENST00000369769	1	0		0		1	1
KCNA4	ENST00000328224	1	0		0		1	2
KCNA5	ENST00000252321	1	0		0		1	1
KCNA6	ENST00000280684	1	0		0		1	1
KCNAB3	ENST00000303790	14	0		0		3	1,5,10
KCNB1	ENST00000371741	2	0		0		2	1,2
KCNB2	ENST00000523207	2	0		0		2	2,3
KCNC1	ENST00000265969	4	0		0		2	1,2
KCNC2	ENST00000549446	4	0		0		2	2,3
KCNC3	ENST00000477616	4	0		0		3	1,2,4
KCND1	ENST00000218176	6	0		1	1	6	1,2,3,4,5,6
KCND2	ENST00000331113	6	0		0		5	1,2,3,5,6
KCND3	ENST00000302127	7	0		0		2	2,5
KCNE1	ENST00000399286	1	1	4	1	4	1	4
KCNE2	ENST00000290310	1	0		0		1	2
KCNE3	ENST00000310128	1	0		0		1	3
KCNE5	ENST00000372101	1	0		1	1	1	1
KCNH1	ENST00000271751	11	0		0		8	1,3,5,6,7,8,9,11
KCNH2	ENST00000262186	15	0		0		5	3,5,7,8,9
KCNH3	ENST00000257981	15	0		0		5	4,8,9,13,15
KCNH5	ENST00000322893	11	0		0		9	2,3,4,5,6,8,9,10,11
KCNH7	ENST00000332142	16	0		0		10	1,2,4,6,7,8,9,13,14,16
KCNJ1	ENST00000392666	1	0		0		1	3
KCNJ10	ENST00000644903	1	0		0		1	2
KCNJ11	ENST00000339994	1	0		0		1	1
KCNJ13	ENST00000233826	2	0		0		1	3
KCNJ16	ENST00000392671	1	0		0		1	4
KCNJ18	ENST00000567955	1	0		0		0	
KCNJ2	ENST00000243457	1	0		0		1	2
KCNJ3	ENST00000295101	3	0		0		3	1,2,3
KCNJ5	ENST00000529694	2	0		0		2	2,3
KCNJ6	ENST00000609713	3	0		0		1	3
KCNJ8	ENST00000240662	2	0		0		2	2,3
KCNK17	ENST00000373231	5	0		0		1	4
KCNK18	ENST00000334549	3	0		0		2	1,3
KCNK3	ENST00000302909	2	0		0		2	1,2
KCNK4	ENST00000422670	6	0		0		3	2,5,6
KCNK9	ENST00000520439	2	0		0		2	1,2
KCNMA1	ENST00000286628	28	0		0		7	1,6,10,11,19,22,28
KCNMB1	ENST00000274629	3	0		0		2	3,4
KCNN2	ENST00000673685	8	0		0		6	1,2,3,4,7,8
KCNN3	ENST00000271915	8	0		0		2	1,3
KCNN4	ENST00000648319	8	0		0		1	3
KCNQ1	ENST00000155840	16	0		5	12,13,14,15,16	9	1,6,10,11,12,13,14,15,16
KCNQ2	ENST00000359125	17	0		10	2,3,4,6,7,8,10,11,12,13	12	2,3,4,5,6,7,8,9,10,11,12,13
KCNQ3	ENST00000388996	15	0		0		4	3,4,12,15
KCNQ4	ENST00000347132	14	0		0		2	13,14
KCNQ5	ENST00000370398	14	0		0		8	1,3,4,5,7,9,10,14
KCNT1	ENST00000371757	31	0		0		7	3,12,14,15,25,27,29
KCNT2	ENST00000294725	28	0		0		10	5,10,14,15,16,17,18,21,26,28
KCNU1	ENST00000399881	27	0		0		12	1,2,5,8,9,11,12,17,19,25,26,27
KCNV2	ENST00000382082	2	0		0		2	1,2
KCTD1	ENST00000580059	5	0		0		2	1,4
KCTD10	ENST00000228495	7	0		0		3	3,6,7
KCTD13	ENST00000568000	6	0		0		4	2,3,5,6
KCTD15	ENST00000683859	5	0		0		3	4,5,6
KCTD17	ENST00000403888	9	0		0		1	1
KCTD3	ENST00000259154	18	0		0		9	1,2,6,8,11,12,13,15,18
KCTD7	ENST00000639828	4	0		0		2	3,4
KDELR2	ENST00000258739	5	0		0		2	1,4
KDF1	ENST00000320567	3	0		0		1	2
KDM1A	ENST00000400181	21	0		0		6	1,2,5,7,11,19
KDM2A	ENST00000529006	20	0		0		5	2,12,15,17,18
KDM2B	ENST00000377071	23	0		0		10	2,4,5,8,11,13,16,19,20,21
KDM3A	ENST00000312912	25	0		0		8	2,10,16,18,19,21,25,26
KDM3B	ENST00000314358	24	0		0		7	7,8,12,14,15,21,24
KDM4B	ENST00000159111	21	0		0		6	4,6,9,13,21,23
KDM5A	ENST00000399788	28	0		0		7	1,3,5,7,20,23,28
KDM5B	ENST00000367265	27	0		0		12	1,3,4,5,6,14,16,18,20,23,25,26
KDM5C	ENST00000375401	26	0		7	4,8,10,12,14,19,26	25	1,2,3,4,6,7,8,9,10,11,12,13,14,15,16,17,18,19,20,21,22,23,24,25,26
KDM6A	ENST00000611820	30	0		10	1,2,16,17,18,21,22,23,27,30	27	1,2,3,4,5,7,8,9,10,11,12,13,14,16,17,18,19,21,22,23,24,25,26,27,28,29,30
KDM6B	ENST00000448097	20	0		0		2	15,19
KDM7A	ENST00000397560	20	0		0		11	1,2,4,5,9,11,12,13,16,18,20
KDR	ENST00000263923	30	0		0		11	1,3,4,8,11,13,17,18,22,27,28
KDSR	ENST00000645214	10	0		0		2	1,10
KEAP1	ENST00000171111	5	0		0		3	2,3,4
KEL	ENST00000355265	19	0		18	1,2,3,4,5,6,7,8,9,10,11,12,13,14,15,16,17,19	19	1,2,3,4,5,6,7,8,9,10,11,12,13,14,15,16,17,18,19
KERA	ENST00000266719	2	0		0		2	2,3
KGD4	ENST00000256441	4	0		4	1,2,3,4	4	1,2,3,4
KHDC3L	ENST00000370367	3	0		0		3	1,2,3
KHDRBS1	ENST00000327300	9	0		0		2	5,6
KHK	ENST00000260598	8	0		0		3	1,2,5
KIAA0319L	ENST00000325722	20	0		0		10	3,9,10,11,12,16,17,18,19,21
KIAA0586	ENST00000652326	31	0		0		11	1,3,4,9,10,11,15,17,20,21,31
KIAA0753	ENST00000361413	18	0		0		7	3,10,13,15,17,18,19
KIAA0825	ENST00000682413	19	0		0		11	3,4,5,6,7,8,11,12,15,17,19
KIAA1217	ENST00000376454	21	0		0		13	1,2,3,5,6,10,11,12,13,15,16,17,19
KIAA1549	ENST00000422774	20	0		0		13	1,2,5,8,9,10,11,13,14,15,16,18,20
KICS2	ENST00000398055	3	0		0		3	1,2,3
KIDINS220	ENST00000256707	29	0		0		9	2,12,13,14,15,20,22,23,30
KIF11	ENST00000260731	22	0		0		8	1,4,8,11,17,18,20,21
KIF12	ENST00000640217	19	0		0		3	7,9,10
KIF14	ENST00000367350	29	0		0		10	2,5,10,11,12,13,17,21,28,30
KIF15	ENST00000326047	35	0		0		12	1,6,8,9,10,11,16,18,21,25,29,30
KIF17	ENST00000400463	15	0		0		10	1,5,7,8,9,10,11,12,14,15
KIF1A	ENST00000498729	48	0		0		7	6,31,33,38,40,42,46
KIF1B	ENST00000676179	48	0		0		14	6,8,9,11,16,20,25,27,32,33,43,44,46,48
KIF1C	ENST00000320785	21	0		0		5	13,14,18,22,23
KIF20A	ENST00000394894	18	0		0		7	6,7,8,12,15,16,18
KIF21A	ENST00000361418	38	0		0		18	3,7,9,11,13,14,15,16,19,20,23,27,28,29,32,34,36,38
KIF21B	ENST00000461742	35	0		0		10	6,9,15,20,25,26,30,31,32,34
KIF22	ENST00000160827	14	0		0		7	1,2,5,6,8,10,12
KIF23	ENST00000679126	24	0		0		12	2,9,10,11,12,13,14,15,16,22,23,24
KIF26A	ENST00000423312	15	0		0		2	2,11
KIF26B	ENST00000407071	15	0		13	3,4,5,6,7,8,9,10,11,12,13,14,15	14	2,3,4,5,6,7,8,9,10,11,12,13,14,15
KIF2A	ENST00000407818	21	0		0		7	6,7,9,12,13,14,15
KIF3B	ENST00000375712	8	0		0		2	4,8
KIF4A	ENST00000374403	30	0		6	2,11,18,19,23,31	30	2,3,4,5,6,7,8,9,10,11,12,13,14,15,16,17,18,19,20,21,22,23,24,25,26,27,28,29,30,31
KIF5A	ENST00000455537	28	0		0		6	10,14,15,16,17,20
KIF5B	ENST00000302418	25	0		0		10	1,2,4,5,8,10,12,14,21,24
KIF5C	ENST00000435030	25	0		21	4,5,6,7,8,9,10,12,13,14,15,16,17,18,19,20,21,22,23,24,25	24	1,2,4,5,6,7,8,9,10,11,12,13,14,15,16,17,18,19,20,21,22,23,24,25
KIF6	ENST00000287152	23	0		0		7	2,3,9,14,15,18,22
KIF7	ENST00000394412	18	0		0		11	2,3,4,5,11,12,13,14,15,18,19
KIFBP	ENST00000361983	7	0		0		4	1,4,5,7
KIR3DL1	ENST00000391728	9	9	1,2,3,4,5,6,7,8,9	9	1,2,3,4,5,6,7,8,9	9	1,2,3,4,5,6,7,8,9
KIRREL1	ENST00000359209	15	0		0		4	3,5,11,15
KIRREL3	ENST00000525144	17	0		0		7	3,5,6,7,10,15,16
KISS1	ENST00000367194	2	0		0		1	2
KISS1R	ENST00000234371	5	0		0		0	
KIT	ENST00000288135	21	0		0		9	1,2,4,6,10,11,13,14,18
KITLG	ENST00000644744	9	0		0		1	5
KIZ	ENST00000619189	13	0		0		4	3,5,12,13
KL	ENST00000380099	5	0		1	1	5	1,2,3,4,5
KLB	ENST00000257408	5	0		0		4	1,2,4,5
KLC2	ENST00000394067	15	0		0		1	5
KLC4	ENST00000347162	15	0		0		3	3,4,13
KLF1	ENST00000264834	3	0		0		3	1,2,3
KLF10	ENST00000285407	4	0		0		3	1,3,4
KLF11	ENST00000305883	4	0		0		3	2,3,4
KLF13	ENST00000307145	2	0		2	1,2	2	1,2
KLF2	ENST00000248071	3	0		0		2	2,3
KLF4	ENST00000374672	5	0		0		5	1,2,3,4,5
KLF6	ENST00000497571	4	0		0		2	2,3
KLF7	ENST00000309446	4	0		0		2	2,3
KLHDC8B	ENST00000332780	5	0		0		0	
KLHL10	ENST00000293303	5	0		0		4	1,2,3,5
KLHL13	ENST00000540167	7	0		3	5,6,8	7	2,3,4,5,6,7,8
KLHL15	ENST00000328046	2	0		2	3,4	2	3,4
KLHL20	ENST00000209884	11	0		0		4	3,5,6,10
KLHL24	ENST00000242810	6	0		0		2	4,7
KLHL3	ENST00000309755	15	0		0		3	4,13,15
KLHL40	ENST00000287777	6	0		0		2	1,4
KLHL41	ENST00000284669	6	0		0		3	1,4,5
KLHL7	ENST00000339077	11	0		0		6	1,4,5,6,9,11
KLHL9	ENST00000359039	1	0		0		1	1
KLK1	ENST00000301420	5	0		0		0	
KLK11	ENST00000453757	5	0		0		0	
KLK4	ENST00000324041	5	0		0		1	4
KLKB1	ENST00000264690	14	0		0		5	2,4,6,7,11
KLLN	ENST00000445946	1	0		0		1	1
KMO	ENST00000366559	15	0		0		2	5,6
KMT2A	ENST00000534358	36	0		0		15	2,3,4,9,11,13,22,27,28,29,30,31,34,35,36
KMT2B	ENST00000420124	37	0		0		5	6,7,8,16,37
KMT2C	ENST00000262189	59	0		0		22	1,3,9,12,14,17,23,26,32,33,36,37,38,39,40,42,43,46,49,50,51,52
KMT2D	ENST00000301067	54	0		0		12	4,12,17,30,32,33,35,36,40,49,50,52
KMT2E	ENST00000311117	25	0		0		9	4,7,13,16,17,19,22,23,26
KMT5B	ENST00000304363	10	0		0		4	5,7,10,11
KNG1	ENST00000644859	10	0		0		4	1,6,7,10
KNL1	ENST00000399668	25	0		0		11	2,4,6,7,9,10,12,15,16,22,26
KNSTRN	ENST00000249776	9	0		0		2	1,3
KPNA3	ENST00000261667	17	0		0		3	6,14,17
KPNA4	ENST00000334256	17	0		0		5	1,9,14,15,16
KPNA7	ENST00000327442	10	0		0		4	4,5,9,10
KPTN	ENST00000338134	12	0		0		6	1,2,4,10,11,12
KRAS	ENST00000256078	4	0		0		0	
KRAS	ENST00000311936	4	0		0		2	2,4
KREMEN1	ENST00000400335	9	0		0		3	4,5,6
KRIT1	ENST00000394505	16	0		0		10	4,5,6,8,9,10,12,14,15,19
KRT1	ENST00000252244	9	0		0		3	4,7,9
KRT10	ENST00000269576	8	0		0		4	4,6,7,8
KRT12	ENST00000251643	8	0		8	1,2,3,4,5,6,7,8	8	1,2,3,4,5,6,7,8
KRT13	ENST00000246635	8	0		0		1	4
KRT14	ENST00000167586	8	0		0		2	5,6
KRT16	ENST00000301653	8	0		0		2	2,4
KRT17	ENST00000311208	8	0		0		1	1
KRT18	ENST00000388835	7	0		0		2	1,6
KRT2	ENST00000309680	9	0		0		4	2,5,7,9
KRT25	ENST00000312150	8	0		0		4	1,5,6,7
KRT3	ENST00000417996	9	0		0		4	2,4,5,7
KRT4	ENST00000551956	9	0		0		3	1,2,5
KRT5	ENST00000252242	9	0		0		5	1,2,6,7,9
KRT6A	ENST00000330722	9	0		0		5	1,2,5,8,9
KRT6B	ENST00000252252	9	0		0		3	1,5,9
KRT6C	ENST00000252250	9	0		2	1,2	6	1,2,3,7,8,9
KRT71	ENST00000267119	9	0		0		6	1,2,5,6,7,9
KRT74	ENST00000305620	9	0		0		3	1,8,9
KRT75	ENST00000252245	9	0		0		4	1,2,6,7
KRT8	ENST00000692008	8	0		0		6	1,2,3,4,5,6
KRT81	ENST00000327741	9	0		0		5	1,2,5,6,7
KRT83	ENST00000293670	9	0		0		2	2,5
KRT85	ENST00000257901	9	0		0		4	1,5,7,9
KRT86	ENST00000423955	9	0		0		3	3,9,10
KRT9	ENST00000246662	7	0		0		1	6
KY	ENST00000423778	11	0		0		3	1,3,11
KYNU	ENST00000264170	13	0		0		4	2,9,10,11
L1CAM	ENST00000370060	28	0		1	5	28	2,3,4,5,6,7,8,9,10,11,12,13,14,15,16,17,18,19,20,21,22,23,24,25,26,27,28,29
L2HGDH	ENST00000267436	10	0		0		4	1,6,9,10
LACC1	ENST00000325686	5	0		0		3	2,3,6
LAGE3	ENST00000357360	3	0		0		3	1,2,3
LAMA1	ENST00000389658	63	0		0		25	4,5,9,10,13,14,19,23,24,25,27,31,34,36,38,39,42,43,44,48,52,53,56,58,62
LAMA2	ENST00000421865	65	0		0		23	1,2,5,6,8,9,11,14,16,23,30,33,36,38,40,45,46,49,50,57,60,63,64
LAMA3	ENST00000269217	38	0		0		1	1
LAMA3	ENST00000313654	75	0		0		27	1,7,14,16,17,19,20,21,24,25,27,31,35,38,44,48,50,52,53,56,57,58,59,62,64,68,69
LAMA4	ENST00000230538	38	0		0		12	5,6,9,11,18,19,21,26,27,28,32,34
LAMA5	ENST00000252999	80	0		0		11	12,13,32,37,39,41,53,54,55,73,79
LAMB1	ENST00000222399	33	0		0		12	2,8,9,11,18,21,23,24,25,28,29,33
LAMB2	ENST00000305544	32	0		0		7	10,14,15,21,22,28,32
LAMB3	ENST00000356082	22	0		0		7	6,7,9,12,14,19,23
LAMC2	ENST00000264144	23	0		0		11	1,4,7,8,9,11,13,15,16,19,23
LAMC3	ENST00000361069	28	0		0		17	1,2,4,5,12,13,14,15,17,18,19,20,23,24,25,26,28
LAMP2	ENST00000200639	9	0		3	2,3,4	9	1,2,3,4,5,6,7,8,9
LAMP3	ENST00000265598	6	0		0		3	1,3,5
LAMTOR2	ENST00000368305	4	0		0		1	2
LARGE1	ENST00000397394	14	0		0		6	3,10,11,13,14,15
LARP1	ENST00000518297	19	0		0		8	6,8,9,11,12,16,18,19
LARP7	ENST00000344442	12	0		0		3	3,8,12
LARS1	ENST00000394434	32	0		0		11	4,5,7,8,10,11,18,25,30,31,32
LARS2	ENST00000645846	20	0		0		5	8,13,15,16,22
LAS1L	ENST00000374811	14	0		4	1,2,6,11	14	1,2,3,4,5,6,7,8,9,10,11,12,13,14
LAT	ENST00000395456	11	0		0		0	
LBR	ENST00000272163	13	0		0		3	2,10,14
LBX1	ENST00000370193	2	0		0		2	1,2
LCA5	ENST00000369846	7	0		0		3	3,6,8
LCAT	ENST00000264005	6	0		0		2	5,6
LCK	ENST00000336890	12	0		0		2	10,13
LCP1	ENST00000323076	15	0		0		6	4,7,8,9,10,11
LCP2	ENST00000046794	21	0		0		4	7,13,17,19
LCT	ENST00000264162	17	0		0		13	1,4,6,7,8,9,10,12,13,14,15,16,17
LDB1	ENST00000673968	11	0		0		1	11
LDB3	ENST00000263066	8	0		0		0	
LDB3	ENST00000361373	13	0		0		4	5,6,8,12
LDHA	ENST00000422447	7	0		0		2	3,5
LDHB	ENST00000350669	7	0		0		3	3,5,7
LDHD	ENST00000450168	11	0		0		5	1,3,6,7,8
LDLR	ENST00000558518	18	0		0		9	1,3,4,5,9,10,14,16,17
LDLRAP1	ENST00000374338	9	0		0		1	7
LEF1	ENST00000265165	11	0		0		3	1,2,3
LEFTY2	ENST00000366820	4	0		0		3	1,3,4
LEMD2	ENST00000293760	9	0		0		0	
LEMD3	ENST00000308330	13	0		0		4	1,2,6,9
LEO1	ENST00000299601	12	0		0		5	1,2,5,6,12
LEP	ENST00000308868	2	0		0		2	2,3
LEPR	ENST00000349533	18	0		0		9	3,4,6,7,9,11,14,15,20
LETM1	ENST00000302787	14	0		0		3	3,5,14
LFNG	ENST00000222725	8	0		0		2	1,7
LGALS2	ENST00000215886	4	0		0		2	3,4
LGALSL	ENST00000238875	5	0		0		2	2,5
LGI1	ENST00000371418	8	0		0		2	1,8
LGI3	ENST00000306317	8	0		0		4	4,6,7,8
LGI4	ENST00000310123	9	0		0		2	3,9
LGR4	ENST00000379214	18	0		0		6	1,4,5,12,15,18
LHB	ENST00000649238	3	0		0		0	
LHCGR	ENST00000294954	11	0		0		6	3,4,6,7,9,11
LHFPL5	ENST00000360215	3	0		0		1	1
LHX2	ENST00000373615	5	0		0		1	3
LHX3	ENST00000371748	6	0		0		2	2,3
LHX4	ENST00000263726	6	0		0		4	1,2,4,6
LHX8	ENST00000356261	8	0		0		3	3,5,9
LIAS	ENST00000640888	11	0		0		3	1,10,11
LIFR	ENST00000453190	19	0		0		9	4,5,8,10,11,13,14,19,20
LIG1	ENST00000263274	27	0		0		8	10,11,13,19,22,23,27,28
LIG3	ENST00000378526	19	0		0		8	4,7,14,15,16,17,19,20
LIG4	ENST00000442234	1	0		0		1	3
LIM2	ENST00000596399	4	0		0		1	3
LIMA1	ENST00000341247	10	0		0		4	6,7,10,11
LIMS2	ENST00000355119	10	0		0		2	2,5
LINGO1	ENST00000355300	2	0		0		1	2
LINGO4	ENST00000368820	1	0		0		1	2
LINS1	ENST00000314742	6	0		0		4	2,3,5,7
LIPA	ENST00000336233	9	0		0		4	3,5,9,10
LIPC	ENST00000299022	9	0		0		5	3,4,5,6,9
LIPE	ENST00000244289	10	0		0		5	1,2,4,6,9
LIPH	ENST00000296252	10	0		0		5	2,3,4,7,10
LIPI	ENST00000681601	10	0		0		3	2,3,8
LIPN	ENST00000404459	9	0		0		3	6,8,10
LIPT1	ENST00000651691	1	0		0		1	2
LIPT2	ENST00000310109	2	0		0		1	2
LITAF	ENST00000622633	3	0		0		0	
LMAN1	ENST00000251047	13	0		0		5	1,5,6,9,13
LMAN2L	ENST00000264963	8	0		0		1	8
LMBR1	ENST00000353442	17	0		0		7	3,5,9,11,13,15,16
LMBRD1	ENST00000649934	16	0		0		6	2,6,8,9,11,14
LMBRD2	ENST00000296603	17	0		0		4	2,8,9,14
LMF1	ENST00000262301	11	0		0		3	4,6,7
LMNA	ENST00000368300	12	0		0		0	
LMNA	ENST00000677389	10	0		0		5	1,2,4,6,7
LMNB1	ENST00000261366	11	0		0		3	1,9,10
LMNB2	ENST00000325327	12	0		0		5	1,3,4,8,11
LMO1	ENST00000335790	4	0		0		3	2,3,4
LMO2	ENST00000257818	4	0		0		2	4,5
LMOD1	ENST00000367288	3	0		0		2	1,2
LMOD2	ENST00000458573	3	0		0		2	1,2
LMOD3	ENST00000420581	3	0		0		2	1,2
LMTK3	ENST00000600059	15	0		0		2	9,11
LMX1A	ENST00000342310	8	0		0		5	3,4,5,7,9
LMX1B	ENST00000373474	8	0		0		3	1,2,3
LNPK	ENST00000272748	12	0		0		5	3,5,6,9,12
LONP1	ENST00000360614	18	0		0		8	1,3,4,7,8,10,16,18
LORICRIN	ENST00000368742	1	0		0		1	2
LOX	ENST00000231004	7	0		0		2	1,2
LOXHD1	ENST00000642948	41	0		0		21	2,4,6,7,8,9,13,14,17,18,20,26,28,29,30,32,36,37,39,40,41
LOXL1	ENST00000261921	7	0		0		1	1
LOXL3	ENST00000264094	13	0		0		3	4,8,13
LOXL4	ENST00000260702	14	0		0		6	2,6,7,9,10,11
LPA	ENST00000316300	39	0		0		6	17,19,21,27,37,38
LPAR6	ENST00000620633	1	0		0		1	1
LPIN1	ENST00000674199	20	0		0		6	3,4,10,12,14,21
LPIN2	ENST00000677752	19	0		0		6	4,9,12,14,15,17
LPL	ENST00000650287	10	0		0		3	1,2,6
LPP	ENST00000617246	9	0		0		4	5,7,10,11
LRAT	ENST00000336356	2	0		0		1	2
LRBA	ENST00000651943	56	0		0		25	2,6,7,11,12,14,15,16,17,20,23,25,29,30,31,32,35,39,40,42,43,47,48,52,55
LRIF1	ENST00000369763	4	0		0		3	1,2,4
LRIG2	ENST00000361127	18	0		0		9	1,2,3,4,5,8,11,14,15
LRIT3	ENST00000594814	4	0		0		4	1,2,3,4
LRMDA	ENST00000611255	7	0		0		1	3
LRP1	ENST00000243077	89	0		0		14	6,7,8,11,12,23,27,38,39,41,59,60,61,88
LRP12	ENST00000276654	7	0		0		5	2,3,4,5,7
LRP2	ENST00000649046	79	0		0		34	2,8,9,11,12,13,14,15,18,21,22,24,25,31,32,33,35,36,37,38,39,40,42,43,48,56,61,63,64,66,67,68,71,78
LRP4	ENST00000378623	38	0		0		17	2,6,12,13,15,16,19,20,21,22,25,27,28,29,35,37,38
LRP5	ENST00000294304	23	0		0		10	2,6,7,9,11,12,15,19,21,23
LRP6	ENST00000261349	23	0		0		7	3,6,9,13,16,20,23
LRP8	ENST00000306052	19	0		0		4	5,7,8,10
LRPAP1	ENST00000650182	8	0		0		3	1,2,5
LRPPRC	ENST00000260665	38	0		0		13	2,4,6,11,12,15,20,21,22,23,26,30,36
LRRC23	ENST00000443597	6	0		0		2	5,7
LRRC32	ENST00000260061	2	0		0		1	3
LRRC45	ENST00000306688	17	0		0		2	1,17
LRRC56	ENST00000270115	11	5	7,8,10,13,14	11	4,5,6,7,8,9,10,11,12,13,14	11	4,5,6,7,8,9,10,11,12,13,14
LRRC7	ENST00000651989	27	0		0		9	4,7,13,17,18,21,22,24,25
LRRC8A	ENST00000372600	2	0		0		2	3,4
LRRC8C	ENST00000370454	2	0		0		2	2,3
LRRK1	ENST00000388948	33	0		0		16	4,5,7,8,10,12,18,20,21,22,23,24,25,26,29,32
LRRK2	ENST00000298910	51	0		2	24,25	23	6,11,14,15,16,20,21,23,24,25,26,28,29,31,32,33,35,36,37,39,42,49,51
LRSAM1	ENST00000300417	24	0		0		8	4,10,12,13,14,18,19,23
LRTOMT	NM_001145309.4	5	0		0		2	1,3
LSM1	ENST00000311351	4	0		0		3	1,3,4
LSM11	ENST00000286307	4	0		0		2	2,4
LSM7	ENST00000252622	4	0		0		2	1,2
LSR	ENST00000605618	10	0		0		2	2,4
LSS	ENST00000397728	22	0		17	6,7,8,9,10,11,12,13,14,15,16,17,18,19,20,21,22	17	6,7,8,9,10,11,12,13,14,15,16,17,18,19,20,21,22
LTA	ENST00000418386	3	3	2,3,4	3	2,3,4	3	2,3,4
LTBP1	ENST00000404816	34	0		0		9	1,2,3,6,13,21,22,27,34
LTBP2	ENST00000261978	36	0		0		7	1,3,4,5,6,7,32
LTBP3	ENST00000301873	28	0		0		4	2,20,22,28
LTBP4	ENST00000396819	30	0		0		9	3,6,8,20,21,23,26,27,30
LTC4S	ENST00000292596	5	0		0		0	
LTV1	ENST00000367576	11	0		0		2	4,8
LY96	ENST00000284818	5	0		0		1	3
LYL1	ENST00000264824	3	0		0		1	4
LYN	ENST00000519728	12	0		0		5	4,6,9,10,13
LYRM4	ENST00000330636	3	0		0		1	3
LYRM7	ENST00000379380	5	0		0		2	1,3
LYSET	ENST00000415050	2	0		2	1,2	2	1,2
LYST	ENST00000389793	51	0		0		23	3,5,6,7,8,9,10,12,14,15,17,18,23,27,29,30,31,32,33,45,51,52,53
LYZ	ENST00000261267	4	0		0		1	3
LZTFL1	ENST00000296135	10	0		0		4	4,5,8,10
LZTR1	ENST00000646124	21	0		0		1	10
LZTS1	ENST00000381569	3	0		0		3	2,3,4
M1AP	ENST00000421985	10	0		0		0	
MAB21L1	ENST00000379919	1	0		0		1	1
MAB21L2	ENST00000317605	1	0		0		1	1
MACF1	ENST00000564288	101	0		0		33	10,18,29,30,31,33,34,36,37,39,43,45,48,49,51,55,56,57,58,61,65,66,68,70,71,78,79,82,83,85,89,91,96
MACROD2	ENST00000684519	18	0		0		3	3,5,12
MACROH2A1	ENST00000511689	8	0		0		4	2,3,5,8
MAD1L1	ENST00000265854	17	0		0		6	4,5,9,12,18,19
MAD2L2	ENST00000376692	8	0		0		1	8
MADD	ENST00000706887	36	0		0		13	3,4,12,13,14,15,17,18,21,23,24,33,37
MAF	ENST00000326043	2	0		0		2	1,2
MAFA	ENST00000333480	1	0		0		1	1
MAFB	ENST00000373313	1	0		0		1	1
MAG	ENST00000392213	9	0		0		6	4,6,7,8,9,11
MAGED2	ENST00000375068	11	0		3	3,11,12	11	2,3,4,5,6,7,8,9,10,11,12
MAGEE2	ENST00000373359	1	0		1	1	1	1
MAGEL2	ENST00000650528	1	0		0		1	1
MAGI2	ENST00000354212	22	0		0		11	1,2,4,7,8,10,13,16,17,21,22
MAGT1	ENST00000618282	10	0		4	1,2,4,5	10	1,2,3,4,5,6,7,8,9,10
MAK	ENST00000354489	14	0		0		6	4,5,8,10,12,15
MAL	ENST00000309988	4	0		0		3	1,2,3
MALT1	ENST00000649217	17	0		0		5	9,11,12,13,14
MAMDC2	ENST00000377182	14	1	10	10	1,2,3,4,5,6,7,9,10,11	11	1,2,3,4,5,6,7,8,9,10,11
MAML2	ENST00000524717	5	0		0		4	1,2,3,5
MAMLD1	ENST00000370401	6	0		3	2,4,5	6	2,3,4,5,6,7
MAN1B1	ENST00000371589	13	0		0		7	1,3,6,7,8,10,11
MAN2A2	ENST00000559717	22	0		0		7	2,3,4,8,13,16,21
MAN2B1	ENST00000456935	24	0		0		6	3,4,5,6,7,21
MAN2B2	ENST00000285599	19	0		0		9	2,4,10,12,13,14,15,16,18
MAN2C1	ENST00000267978	26	0		0		5	2,5,22,23,26
MANBA	ENST00000647097	17	0		0		7	1,7,10,13,14,15,16
MANF	ENST00000528157	4	0		0		2	2,4
MAOA	ENST00000338702	15	0		3	1,13,14	14	1,2,3,4,5,6,7,8,9,10,12,13,14,15
MAOB	ENST00000378069	15	0		0		14	1,2,3,4,5,6,7,8,9,10,11,13,14,15
MAP1B	ENST00000296755	7	0		0		5	1,2,4,5,6
MAP1LC3B2	ENST00000556529	1	0		0		1	2
MAP2K1	ENST00000307102	11	0		0		2	5,7
MAP2K2	ENST00000262948	11	0		0		4	2,5,6,7
MAP3K1	ENST00000399503	20	0		0		9	1,2,3,4,7,14,17,18,20
MAP3K14	ENST00000344686	15	0		0		9	2,5,6,7,8,11,12,13,14
MAP3K20	ENST00000375213	19	0		0		8	3,8,11,12,15,16,17,20
MAP3K3	ENST00000361733	16	0		0		5	2,11,12,15,16
MAP3K6	ENST00000357582	29	0		0		6	5,16,17,22,23,29
MAP3K7	ENST00000369329	17	0		0		7	1,7,8,9,11,14,16
MAP3K8	ENST00000263056	7	0		0		3	3,5,6
MAP4K4	ENST00000324219	33	0		0		17	1,2,3,4,5,6,7,10,12,14,15,17,18,20,25,26,33
MAP7D3	ENST00000316077	18	0		2	8,16	17	1,2,3,4,5,6,7,8,9,10,11,12,13,15,16,17,18
MAPK1	ENST00000215832	8	0		0		1	2
MAPK10	ENST00000641462	12	0		0		4	3,9,10,11
MAPK8	ENST00000374189	11	0		0		4	4,8,9,11
MAPK8IP1	ENST00000241014	12	0		0		1	3
MAPK8IP3	ENST00000610761	32	0		0		2	1,2
MAPKAPK3	ENST00000621469	10	0		0		3	5,10,11
MAPKAPK5	ENST00000550735	14	0		0		5	1,3,5,13,14
MAPKBP1	ENST00000457542	30	0		0		5	2,5,11,12,14
MAPRE2	ENST00000300249	7	0		0		4	1,4,5,7
MAPT	ENST00000262410	12	1	10	12	2,3,4,5,6,7,8,9,10,11,12,13	12	2,3,4,5,6,7,8,9,10,11,12,13
MARCHF6	ENST00000274140	26	0		0		1	26
MARK2	ENST00000402010	19	0		0		4	8,9,16,19
MARK3	ENST00000429436	18	0		0		3	10,13,15
MARK4	ENST00000262891	17	0		0		5	2,8,11,12,17
MARS1	ENST00000262027	21	0		0		5	6,12,15,17,18
MARS2	ENST00000282276	1	0		0		1	1
MARVELD2	ENST00000325631	6	0		6	2,3,4,5,6,7	6	2,3,4,5,6,7
MASP1	ENST00000296280	11	0		0		1	11
MASP1	ENST00000337774	16	0		0		3	3,10,11
MASP2	ENST00000400897	11	0		0		7	2,4,5,6,9,10,11
MAST1	ENST00000251472	26	0		0		14	4,5,6,7,9,12,14,15,16,17,21,24,25,26
MAST2	ENST00000361297	29	0		0		12	1,5,7,8,15,16,17,23,24,27,28,29
MAST3	ENST00000687212	28	0		0		4	2,3,7,14
MAST4	ENST00000403625	29	0		0		11	1,6,12,14,15,16,17,22,23,25,29
MASTL	ENST00000375940	12	0		0		6	1,2,8,10,11,12
MAT1A	ENST00000372213	9	0		0		3	4,7,8
MAT2A	ENST00000306434	9	0		0		4	3,4,5,8
MATN3	ENST00000407540	8	0		0		2	2,6
MATR3	ENST00000394805	14	0		0		8	2,5,7,9,10,11,12,15
MAU2	ENST00000262815	19	0		0		7	1,2,3,7,11,15,16
MAX	ENST00000358664	5	0		0		0	
MB	ENST00000397326	3	0		0		2	2,3
MBD4	ENST00000429544	8	0		0		2	1,3
MBD5	ENST00000642680	10	0		0		4	8,9,10,11
MBL2	ENST00000674931	4	0		0		3	2,3,5
MBOAT7	ENST00000245615	7	7	2,3,4,5,6,7,8	7	2,3,4,5,6,7,8	7	2,3,4,5,6,7,8
MBTPS1	ENST00000343411	22	0		0		11	2,4,5,6,10,11,12,15,16,20,23
MBTPS2	ENST00000379484	11	0		1	9	11	1,2,3,4,5,6,7,8,9,10,11
MC1R	ENST00000555147	1	0		0		1	1
MC2R	ENST00000327606	1	0		0		1	2
MC3R	ENST00000243911	1	0		0		1	1
MC4R	ENST00000299766	1	0		0		1	1
MCAT	ENST00000290429	4	0		0		2	3,4
MCC	ENST00000408903	19	0		0		9	1,2,3,7,8,14,16,17,18
MCCC1	ENST00000265594	19	0		0		8	2,5,7,8,9,10,14,16
MCCC2	ENST00000340941	17	2	1,6	6	1,2,3,4,5,6	11	1,2,3,4,5,6,7,11,12,15,16
MCEE	ENST00000244217	3	0		0		2	1,2
MCF2	ENST00000519895	28	0		5	9,17,19,23,24	27	2,3,4,5,6,7,8,9,10,12,13,14,15,16,17,18,19,20,21,22,23,24,25,26,27,28,29
MCF2L	ENST00000535094	30	0		0		10	10,12,13,19,20,21,23,24,25,26
MCFD2	ENST00000319466	3	0		0		1	3
MCIDAS	ENST00000513312	7	0		0		3	3,4,7
MCM10	ENST00000378714	19	0		0		6	4,11,14,16,18,20
MCM2	ENST00000265056	16	0		0		10	1,4,5,6,8,10,11,13,14,15
MCM3AP	ENST00000291688	28	0		0		14	1,4,5,7,8,9,11,12,14,15,18,21,22,23
MCM4	ENST00000649973	16	0		0		10	3,4,5,7,8,9,10,11,12,16
MCM5	ENST00000216122	16	0		0		10	2,3,4,5,6,8,9,13,14,17
MCM6	ENST00000264156	17	0		0		7	1,3,6,8,14,15,17
MCM7	ENST00000303887	15	0		0		4	8,11,13,14
MCM8	ENST00000610722	18	0		0		5	5,7,15,17,18
MCM9	ENST00000619706	12	0		0		5	3,6,9,11,14
MCOLN1	ENST00000264079	14	0		0		3	6,7,14
MCPH1	ENST00000344683	14	0		0		3	3,8,11
MCTP2	ENST00000357742	22	0		0		4	3,5,9,10
MCTS1	ENST00000371317	6	0		0		6	1,2,3,4,5,6
MDFIC	ENST00000393486	4	0		0		4	2,3,4,5
MDH1	ENST00000233114	9	0		0		6	1,2,4,6,7,8
MDH2	ENST00000315758	9	0		1	9	6	3,4,5,6,8,9
MDM2	ENST00000258149	11	0		0		6	1,2,4,8,9,11
MDM4	ENST00000367182	10	0		0		4	2,4,9,11
ME2	ENST00000321341	15	0		0		8	2,3,6,7,8,12,15,16
MECOM	ENST00000651503	17	0		0		4	2,6,7,8
MECP2	ENST00000303391	3	0		1	2	1	2
MECP2	ENST00000453960	3	0		1	3	3	1,2,3
MECR	ENST00000263702	10	0		0		3	1,2,10
MED11	ENST00000293777	3	0		0		3	1,2,3
MED12	ENST00000374080	45	0		5	4,20,23,37,39	42	1,2,3,4,5,6,7,8,9,10,11,12,13,14,15,16,19,20,21,22,23,24,25,26,27,28,29,30,31,32,33,35,36,37,38,39,40,41,42,43,44,45
MED12L	ENST00000687756	44	0		0		20	2,4,6,14,18,19,20,24,25,26,29,30,31,33,35,36,39,40,42,43
MED13	ENST00000397786	30	0		0		14	5,7,8,9,10,13,15,16,18,19,20,23,24,28
MED13L	ENST00000281928	31	0		0		12	1,6,9,10,16,17,18,21,22,24,29,31
MED16	ENST00000325464	15	0		3	11,12,13	12	2,3,5,6,8,9,10,11,12,13,14,16
MED17	ENST00000251871	12	0		0		9	1,2,3,6,7,8,9,10,12
MED22	ENST00000343730	4	0		0		1	4
MED23	ENST00000368068	29	0		0		8	7,11,15,18,22,24,26,29
MED25	ENST00000312865	18	0		0		4	1,2,5,16
MED27	ENST00000292035	8	0		0		2	1,6
MEF2A	ENST00000557942	10	0		0		5	4,5,6,11,12
MEF2C	ENST00000504921	10	0		0		3	4,9,11
MEFV	ENST00000219596	10	0		0		4	2,3,5,10
MEGF10	ENST00000503335	24	0		0		8	6,9,14,17,19,20,22,25
MEGF8	ENST00000251268	42	0		1	40	5	6,39,40,41,42
MEI1	ENST00000401548	31	0		0		11	1,6,7,10,15,16,18,19,21,29,30
MEI4	ENST00000684080	4	0		0		2	3,5
MEIOB	ENST00000325962	13	0		0		6	2,3,7,10,12,13
MEIS2	ENST00000561208	12	0		0		2	3,7
MEN1	ENST00000450708	9	0		0		3	2,9,10
MEOX1	ENST00000318579	3	0		0		1	1
MEPCE	ENST00000310512	4	0		0		1	1
MEPE	ENST00000361056	3	0		0		2	3,4
MERTK	ENST00000295408	19	0		0		10	3,4,9,10,11,12,15,17,18,19
MESD	ENST00000261758	3	0		0		2	1,2
MESP1	ENST00000300057	2	0		0		1	2
MESP2	ENST00000341735	2	0		0		2	1,2
MET	ENST00000397752	20	0		0		7	2,9,13,17,18,20,21
METAP1	ENST00000296411	11	0		0		2	2,7
METTL13	ENST00000361735	8	0		0		4	1,2,3,4
METTL23	ENST00000341249	4	0		0		0	
METTL4	ENST00000574538	8	0		0		4	2,4,5,8
METTL5	ENST00000260953	7	0		0		2	1,7
MFAP5	ENST00000359478	9	0		0		0	
MFF	ENST00000304593	7	0		0		2	3,5
MFHAS1	ENST00000276282	3	0		0		1	1
MFN2	ENST00000235329	17	0		0		7	3,5,8,12,15,17,18
MFRP	ENST00000619721	13	0		0		1	6
MFSD2A	ENST00000372811	14	0		0		4	3,8,9,13
MFSD6L	ENST00000329805	1	0		0		1	1
MFSD8	ENST00000641686	12	0		0		3	4,8,11
MGA	ENST00000703841	23	0		0		15	2,3,6,7,8,11,13,14,15,16,17,18,20,23,24
MGAT2	ENST00000305386	1	0		0		1	1
MGME1	ENST00000377710	4	0		0		4	2,3,4,5
MGP	ENST00000539261	4	0		0		0	
MIA3	ENST00000344922	28	0		0		11	1,2,3,4,6,9,10,11,18,22,25
MIB1	ENST00000261537	21	0		0		5	10,11,14,20,21
MICAL1	ENST00000358807	24	0		0		4	3,6,8,23
MICOS13	ENST00000309324	4	0		0		1	2
MICU1	ENST00000361114	11	0		0		4	7,8,9,12
MICU2	ENST00000382374	12	0		0		10	1,2,3,5,6,7,8,9,10,11
MID1	ENST00000317552	9	0		2	2,10	9	2,3,4,5,6,7,8,9,10
MID2	ENST00000262843	10	0		3	2,7,10	10	1,2,3,4,5,6,7,8,9,10
MIEF1	ENST00000325301	4	0		0		2	5,6
MIEF2	ENST00000323019	3	0		0		1	4
MIF	ENST00000215754	3	0		3	1,2,3	3	1,2,3
MINAR2	ENST00000564719	3	0		0		2	1,3
MINPP1	ENST00000371996	5	0		0		5	1,2,3,4,5
MIP	ENST00000652304	4	0		0		2	1,2
MIPEP	ENST00000382172	19	0		0		6	1,4,7,9,17,18
MITF	ENST00000352241	10	0		0		1	1
MITF	ENST00000394351	9	0		0		5	2,5,6,8,9
MKKS	ENST00000347364	4	0		0		2	3,6
MKRN3	ENST00000314520	1	0		0		1	1
MKS1	ENST00000393119	18	0		0		6	1,4,8,11,17,18
MLC1	ENST00000311597	11	0		0		4	2,4,5,6
MLF1	ENST00000466246	8	0		0		5	1,2,5,6,8
MLH1	ENST00000231790	19	0		0		6	1,2,9,11,15,19
MLH3	ENST00000355774	12	0		1	5	6	2,5,6,10,12,13
MLIP	ENST00000502396	14	0		0		3	2,3,13
MLLT10	ENST00000307729	22	0		0		9	2,4,5,7,14,19,20,21,23
MLPH	ENST00000264605	15	0		0		4	3,7,10,11
MLYCD	ENST00000262430	5	0		0		3	1,4,5
MMAA	ENST00000649156	6	0		0		1	5
MMAB	ENST00000545712	9	0		0		2	1,8
MMACHC	ENST00000401061	4	0		0		3	1,2,4
MMADHC	ENST00000303319	7	0		0		3	4,7,8
MME	ENST00000360490	22	0		0		10	4,6,7,9,11,12,13,18,20,23
MMGT1	ENST00000305963	4	0		1	4	4	1,2,3,4
MMP1	ENST00000315274	10	0		0		4	2,3,6,7
MMP13	ENST00000260302	10	0		0		4	2,3,4,7
MMP14	ENST00000311852	10	0		0		2	4,10
MMP15	ENST00000219271	10	0		0		5	1,3,4,5,8
MMP19	ENST00000322569	9	0		0		3	4,8,9
MMP2	ENST00000219070	13	0		0		2	2,7
MMP20	ENST00000260228	10	0		0		3	1,2,4
MMP21	ENST00000368808	7	0		0		5	1,2,3,4,6
MMP3	ENST00000299855	10	0		0		4	1,5,7,10
MMP9	ENST00000372330	13	0		0		3	4,10,13
MMRN1	ENST00000264790	8	0		0		7	1,2,4,5,6,7,8
MMS19	ENST00000438925	31	0		0		7	1,3,9,17,20,23,30
MMUT	ENST00000274813	12	0		0		8	2,3,5,7,8,10,11,13
MN1	ENST00000302326	2	0		0		1	1
MNS1	ENST00000260453	10	0		0		5	4,5,8,9,10
MNX1	ENST00000252971	3	0		0		2	1,2
MOCOS	ENST00000261326	15	0		0		6	1,4,7,8,11,13
MOCS1	ENST00000340692	11	0		0		3	1,4,11
MOCS2	ENST00000396954	5	0		0		3	4,6,7
MOCS2	ENST00000450852	3	0		0		1	2
MOCS3	ENST00000244051	1	0		0		1	1
MOG	ENST00000376917	8	8	1,2,3,4,5,6,7,8	8	1,2,3,4,5,6,7,8	8	1,2,3,4,5,6,7,8
MOGS	ENST00000448666	4	0		0		3	1,2,4
MORC2	ENST00000397641	26	0		0		8	6,9,11,14,15,19,23,25
MOS	ENST00000311923	1	0		1	1	1	1
MOSPD2	ENST00000380492	15	0		3	3,7,14	15	1,2,3,4,5,6,7,8,9,10,11,12,13,14,15
MOV10L1	ENST00000262794	27	0		0		6	3,7,8,9,18,23
MPC1	ENST00000360961	5	0		0		1	3
MPC2	ENST00000271373	5	0		0		1	2
MPDU1	ENST00000250124	7	0		0		1	1
MPDZ	ENST00000319217	46	0		0		11	7,10,19,23,27,28,30,35,39,42,47
MPEG1	ENST00000361050	1	0		0		1	1
MPI	ENST00000352410	8	0		0		4	3,4,5,6
MPIG6B	ENST00000649779	6	6	1,2,3,4,5,6	6	1,2,3,4,5,6	6	1,2,3,4,5,6
MPL	ENST00000372470	12	0		0		5	4,5,9,10,12
MPLKIP	ENST00000306984	2	0		0		1	1
MPO	ENST00000225275	12	0		0		3	9,11,12
MPV17	ENST00000380044	7	0		0		1	8
MPZ	ENST00000533357	6	0		0		0	
MPZL2	ENST00000278937	5	0		0		1	5
MRAP	ENST00000303645	3	0		0		1	3
MRAP2	ENST00000257776	3	0		0		1	3
MRAS	ENST00000423968	5	0		0		2	2,6
MRC2	ENST00000303375	30	0		0		9	2,3,7,8,10,11,13,22,30
MRE11	ENST00000323929	19	0		0		9	4,8,11,13,16,17,18,19,20
MRM2	ENST00000242257	3	0		0		2	2,3
MRPL12	ENST00000333676	5	0		0		2	3,5
MRPL3	ENST00000264995	10	0		0		2	1,3
MRPL39	ENST00000352957	10	0		0		1	6
MRPL42	ENST00000549982	5	0		0		3	2,3,5
MRPL44	ENST00000258383	4	0		0		2	1,2
MRPL49	ENST00000279242	4	0		0		2	3,4
MRPL50	ENST00000374865	2	0		0		0	
MRPS14	ENST00000476371	3	0		0		0	
MRPS16	ENST00000372945	3	0		0		3	1,2,3
MRPS2	ENST00000241600	4	0		0		2	3,4
MRPS22	ENST00000680020	8	0		0		2	1,6
MRPS23	ENST00000313608	5	0		0		3	1,2,5
MRPS25	ENST00000253686	4	0		0		3	1,2,4
MRPS28	ENST00000276585	3	0		0		2	1,2
MRPS34	ENST00000397375	3	0		0		2	1,3
MRPS7	ENST00000245539	5	0		0		3	1,2,5
MRTFA	ENST00000355630	13	0		0		4	3,10,11,12
MRTFB	ENST00000571589	15	0		0		5	6,12,14,16,17
MS4A1	ENST00000345732	6	0		0		3	6,7,8
MS4A2	ENST00000278888	7	0		0		2	3,5
MSGN1	ENST00000281047	1	0		0		1	1
MSH2	ENST00000233146	16	0		0		11	1,3,4,6,7,9,10,11,13,15,16
MSH3	ENST00000265081	24	0		0		12	1,3,9,11,12,13,14,15,18,20,21,22
MSH4	ENST00000263187	20	0		0		7	1,6,9,12,13,16,19
MSH5	ENST00000375750	24	24	2,3,4,5,6,7,8,9,10,11,12,13,14,15,16,17,18,19,20,21,22,23,24,25	24	2,3,4,5,6,7,8,9,10,11,12,13,14,15,16,17,18,19,20,21,22,23,24,25	24	2,3,4,5,6,7,8,9,10,11,12,13,14,15,16,17,18,19,20,21,22,23,24,25
MSH6	ENST00000234420	10	0		0		5	1,4,8,9,10
MSI1	ENST00000257552	14	0		0		3	4,9,11
MSL2	ENST00000309993	2	0		0		1	2
MSL3	ENST00000312196	13	0		3	2,4,6	13	1,2,3,4,5,6,7,8,9,10,11,12,13
MSMB	ENST00000582163	4	0		0		2	3,4
MSMO1	ENST00000261507	5	0		0		3	2,4,5
MSN	ENST00000360270	13	0		1	3	13	1,2,3,4,5,6,7,8,9,10,11,12,13
MSR1	ENST00000262101	9	0		0		5	2,4,5,6,7
MSRB3	ENST00000308259	6	0		0		1	5
MST1	ENST00000449682	18	0		0		2	8,18
MST1R	ENST00000296474	20	0		0		3	1,3,20
MSTN	ENST00000260950	3	0		0		3	1,2,3
MSTO1	ENST00000245564	14	0		0		6	1,2,5,7,9,10
MSX1	ENST00000382723	2	0		0		2	1,2
MSX2	ENST00000239243	2	0		0		2	1,2
MT-ATP6	chrM	1	0		0		0	
MT-ATP8	chrM	1	0		0		0	
MT-CO1	chrM	1	0		0		0	
MT-CO2	chrM	1	0		0		0	
MT-CO3	chrM	1	0		0		0	
MT-CYB	chrM	1	0		0		0	
MT-ND1	chrM	1	0		0		0	
MT-ND2	chrM	1	0		0		0	
MT-ND3	chrM	1	0		0		0	
MT-ND4	chrM	1	0		0		0	
MT-ND4L	chrM	1	0		0		0	
MT-ND5	chrM	1	0		0		0	
MT-ND6	chrM	1	0		0		0	
MTAP	ENST00000644715	8	0		0		4	2,5,6,8
MTCL1	ENST00000695636	15	0		0		8	1,2,5,6,7,9,11,14
MTF1	ENST00000373036	10	0		0		4	2,3,7,9
MTFMT	ENST00000220058	9	0		0		2	1,4
MTHFD1	ENST00000652337	27	0		0		7	6,10,11,12,13,14,21
MTHFR	ENST00000376590	11	0		0		6	2,3,5,9,10,11
MTHFS	ENST00000258874	3	0		0		0	
MTM1	ENST00000370396	14	0		3	3,4,8	14	2,3,4,5,6,7,8,9,10,11,12,13,14,15
MTMR14	ENST00000296003	19	0		0		7	1,2,3,10,12,14,17
MTMR2	ENST00000346299	15	0		0		5	1,6,8,12,14
MTNR1B	ENST00000257068	2	0		0		2	1,2
MTO1	ENST00000498286	12	0		0		5	1,2,8,10,11
MTOR	ENST00000361445	57	0		0		20	4,7,9,10,11,13,14,16,19,27,30,35,36,39,46,47,48,49,50,54
MTPAP	ENST00000263063	9	0		0		4	4,7,8,9
MTR	ENST00000366577	33	0		0		9	1,2,7,14,15,23,25,31,32
MTRFR	ENST00000253233	2	0		0		1	2
MTRR	ENST00000440940	14	0		0		7	3,5,11,12,13,14,15
MTSS2	ENST00000338779	15	0		0		2	8,9
MTTP	ENST00000265517	18	0		0		7	6,7,8,9,12,16,18
MTX2	ENST00000249442	10	0		0		3	1,4,9
MUC1	NM_001371720.2	12	6	6,7,8,9,10,11	6	6,7,8,9,10,11	7	4,6,7,8,9,10,11
MUC5B	ENST00000529681	49	0		0		6	22,23,31,34,35,40
MUC7	ENST00000304887	2	0		0		0	
MUSK	ENST00000374448	15	0		0		5	5,6,9,13,15
MUTYH	ENST00000456914	15	0		0		2	2,3
MUTYH	ENST00000710952	16	0		0		6	1,2,3,10,12,13
MVD	ENST00000301012	10	0		0		2	3,5
MVK	ENST00000228510	10	0		0		4	3,4,10,11
MXI1	ENST00000332674	6	0		0		1	1
MYADML2	ENST00000409745	1	0		0		1	3
MYB	ENST00000341911	16	0		0		5	6,10,11,13,16
MYBBP1A	ENST00000254718	26	0		0		5	7,9,12,15,20
MYBPC1	ENST00000361466	31	0		0		14	6,7,9,11,13,14,15,16,21,23,25,26,28,30
MYBPC3	ENST00000545968	34	0		0		2	6,33
MYBPHL	ENST00000357155	8	0		0		1	5
MYC	ENST00000621592	3	0		0		2	2,3
MYCBP2	ENST00000544440	83	0		0		28	1,4,6,7,8,11,14,23,30,35,37,38,42,43,44,56,61,62,65,67,68,70,71,74,75,76,82,83
MYCBPAP	ENST00000323776	19	0		0		9	1,2,4,7,8,9,10,11,12
MYCN	ENST00000281043	2	0		0		2	2,3
MYD88	ENST00000650905	5	0		0		2	1,3
MYF5	ENST00000228644	3	0		0		2	1,2
MYF6	ENST00000228641	3	0		0		3	1,2,3
MYH1	ENST00000226207	38	0		0		16	3,5,6,9,12,16,21,23,24,26,29,31,32,33,34,37
MYH10	ENST00000360416	42	0		0		19	2,5,7,11,13,14,15,19,26,28,29,30,32,35,36,37,38,40,42
MYH11	ENST00000300036	40	0		0		1	41
MYH11	ENST00000452625	41	0		39	2,3,5,7,8,9,10,11,12,13,14,15,16,17,18,19,20,21,22,23,24,25,26,27,28,29,30,31,32,33,34,35,36,37,38,39,40,41,42	40	2,3,5,6,7,8,9,10,11,12,13,14,15,16,17,18,19,20,21,22,23,24,25,26,27,28,29,30,31,32,33,34,35,36,37,38,39,40,41,42
MYH14	ENST00000642316	42	0		0		16	2,3,18,19,21,24,27,28,31,32,33,34,37,38,40,42
MYH2	ENST00000245503	38	0		0		26	3,5,7,8,9,14,15,16,19,21,23,24,25,26,27,28,29,31,32,34,35,36,37,38,39,40
MYH3	ENST00000583535	39	0		0		19	3,8,11,12,17,18,20,21,22,25,27,28,29,31,34,36,38,39,40
MYH6	ENST00000405093	37	0		0		12	4,12,14,15,18,19,21,22,26,33,34,37
MYH7	ENST00000355349	38	0		0		10	3,4,7,11,15,22,26,29,35,37
MYH7B	ENST00000262873	41	0		0		9	5,16,19,25,27,29,30,39,40
MYH8	ENST00000403437	38	0		0		17	3,5,8,9,10,12,14,15,17,18,23,26,27,29,35,38,40
MYH9	ENST00000216181	40	0		0		22	2,3,7,9,11,13,14,15,16,17,20,21,26,27,28,30,31,32,33,34,38,40
MYL1	ENST00000352451	6	0		0		2	1,2
MYL11	ENST00000322861	7	0		0		2	1,7
MYL2	ENST00000228841	7	0		0		1	1
MYL3	ENST00000292327	6	0		0		1	4
MYL4	ENST00000393450	6	0		0		1	4
MYL9	ENST00000279022	3	0		0		2	2,3
MYLK	ENST00000360304	31	0		0		16	5,8,10,11,12,13,16,18,20,23,26,27,28,30,31,33
MYLK2	ENST00000375985	12	0		0		3	2,3,4
MYLK3	ENST00000394809	13	0		0		8	1,2,3,4,6,8,10,11
MYMK	ENST00000339996	5	0		0		3	1,3,4
MYMX	ENST00000573382	1	0		0		0	
MYO10	ENST00000513610	41	0		0		17	1,2,4,5,6,9,10,13,17,24,25,27,29,33,35,36,39
MYO15A	ENST00000647165	65	0		0		11	2,5,22,23,30,34,39,60,61,62,65
MYO18B	ENST00000335473	42	0		0		21	2,3,7,8,9,12,13,15,17,18,19,21,23,27,31,34,35,39,40,42,43
MYO1A	ENST00000300119	27	0		0		5	3,16,17,20,28
MYO1C	ENST00000648651	32	0		0		1	31
MYO1E	ENST00000288235	28	0		0		9	1,7,10,14,15,19,24,25,26
MYO1H	ENST00000310903	32	0		0		8	2,4,7,10,13,16,21,23
MYO3A	ENST00000642920	33	0		0		14	3,8,10,11,13,15,16,20,21,26,28,31,32,34
MYO5A	ENST00000399233	42	0		0		10	2,7,12,20,21,27,30,32,39,40
MYO5B	ENST00000285039	40	0		0		18	1,3,5,12,15,16,19,21,23,24,28,29,31,35,36,38,39,40
MYO6	ENST00000369977	34	0		0		15	5,6,8,9,10,12,16,18,20,22,25,28,32,33,34
MYO7A	ENST00000409709	48	0		0		14	3,7,10,13,15,23,27,28,30,31,35,40,42,45
MYO9A	ENST00000356056	41	0		0		15	2,4,12,14,16,18,19,22,23,24,25,26,31,40,42
MYO9B	ENST00000682292	39	0		0		15	2,5,6,11,12,15,20,21,22,27,28,34,35,39,40
MYOC	ENST00000037502	3	0		0		3	1,2,3
MYOCD	ENST00000425538	14	0		0		5	7,8,10,12,14
MYOD1	ENST00000250003	3	0		0		2	1,3
MYOF	ENST00000359263	54	0		0		20	1,2,5,7,10,13,14,15,19,20,21,24,26,28,30,32,40,46,49,50
MYOM1	ENST00000356443	37	0		0		17	2,6,14,15,17,18,19,20,21,22,23,24,25,27,32,36,38
MYORG	ENST00000297625	1	0		0		1	2
MYOT	ENST00000239926	9	0		0		1	10
MYOZ2	ENST00000307128	5	0		0		1	4
MYPN	ENST00000358913	19	0		0		7	2,10,11,12,13,14,20
MYRF	ENST00000278836	27	0		0		3	6,15,22
MYSM1	ENST00000472487	20	0		0		6	5,6,17,18,19,20
MYT1	ENST00000328439	21	0		21	3,4,5,6,7,8,9,10,11,12,13,14,15,16,17,18,19,20,21,22,23	21	3,4,5,6,7,8,9,10,11,12,13,14,15,16,17,18,19,20,21,22,23
MYT1L	ENST00000647738	20	0		0		12	6,7,10,11,12,13,15,17,19,22,24,25
MYZAP	ENST00000267853	13	0		0		5	2,9,10,12,13
NAA10	ENST00000464845	8	0		1	8	8	1,2,3,4,5,6,7,8
NAA15	ENST00000296543	20	0		1	18	10	1,4,5,6,7,8,9,11,18,20
NAA20	ENST00000334982	6	0		0		3	3,4,6
NAA30	ENST00000556492	4	0		0		1	2
NAA60	ENST00000407558	5	0		0		0	
NAA80	ENST00000443094	1	0		0		1	2
NACC1	ENST00000292431	5	0		0		3	2,3,6
NADK2	ENST00000381937	12	0		0		4	1,6,7,11
NADSYN1	ENST00000319023	21	0		0		5	7,9,11,14,18
NAE1	ENST00000290810	20	0		0		8	1,2,7,13,14,15,16,17
NAF1	ENST00000274054	8	0		0		5	1,2,4,5,6
NAGA	ENST00000396398	9	0		0		6	2,4,5,7,8,9
NAGLU	ENST00000225927	6	0		0		2	3,6
NAGS	ENST00000293404	7	0		0		3	2,3,7
NALCN	ENST00000251127	43	0		0		14	2,3,5,7,11,12,13,16,18,25,26,29,34,41
NANOS1	ENST00000425699	1	0		0		1	1
NANOS3	ENST00000339133	2	0		0		1	1
NANS	ENST00000210444	6	0		0		5	2,3,4,5,6
NAPB	ENST00000377026	11	0		0		2	2,6
NARS1	ENST00000256854	14	0		0		3	5,8,9
NARS2	ENST00000281038	14	0		0		4	3,6,7,14
NAT2	ENST00000286479	1	0		0		1	2
NAV2	ENST00000349880	38	0		0		15	1,2,7,10,11,12,13,14,15,16,19,25,33,35,36
NAV3	ENST00000397909	40	0		0		19	4,6,8,10,11,13,14,15,16,18,19,20,22,25,29,31,32,34,37
NAXD	ENST00000680254	10	0		0		2	1,4
NAXE	ENST00000368235	6	0		0		4	1,2,5,6
NBAS	ENST00000281513	52	0		0		21	1,2,4,5,12,13,17,25,26,27,30,38,39,41,43,44,45,46,47,49,52
NBEA	ENST00000379939	59	0		0		24	1,5,9,13,14,15,17,19,22,23,24,26,27,28,29,30,31,34,36,37,38,41,57,59
NBEAL2	ENST00000450053	54	0		0		6	11,27,28,31,32,51
NBN	ENST00000265433	16	0		0		7	3,6,7,8,11,13,14
NCAPD2	ENST00000315579	31	0		0		10	8,10,12,13,18,22,25,26,31,32
NCAPD3	ENST00000534548	35	0		0		11	5,8,11,15,22,25,26,28,30,31,34
NCAPG2	ENST00000356309	27	0		0		8	7,8,11,18,19,23,24,28
NCAPH	ENST00000240423	18	0		0		5	2,3,10,13,18
NCBP1	ENST00000375147	23	0		0		6	2,8,11,13,16,20
NCDN	ENST00000373243	7	0		0		4	2,4,5,7
NCF1	ENST00000289473	11	0		1	2	10	1,2,3,4,6,7,8,9,10,11
NCF2	ENST00000367535	15	0		0		6	1,2,7,11,12,15
NCF4	ENST00000248899	10	0		7	1,2,3,4,6,7,8	9	1,2,3,4,5,6,7,8,9
NCKAP1	ENST00000361354	31	0		0		13	1,2,3,4,9,12,17,20,26,27,28,30,31
NCKAP1L	ENST00000293373	31	0		0		6	3,7,8,15,20,23
NCOA3	ENST00000371998	21	0		0		7	9,12,15,16,17,20,21
NCOR1	ENST00000268712	45	0		0		16	4,5,9,12,19,20,22,23,27,30,31,35,37,44,45,46
NCR3	ENST00000340027	4	4	1,2,3,4	4	1,2,3,4	4	1,2,3,4
NCSTN	ENST00000294785	17	0		0		2	6,13
NDC1	ENST00000371429	18	0		0		6	3,7,8,9,10,12
NDE1	ENST00000396354	8	0		7	3,4,5,6,7,8,9	8	2,3,4,5,6,7,8,9
NDN	ENST00000649030	1	0		0		1	1
NDNF	ENST00000379692	3	0		0		1	4
NDP	ENST00000642620	2	0		1	3	2	2,3
NDRG1	ENST00000323851	15	0		0		5	2,4,8,14,16
NDRG4	ENST00000570248	15	0		0		2	3,15
NDST1	ENST00000261797	14	0		0		5	2,3,10,12,13
NDUFA1	ENST00000371437	3	0		1	1	2	1,2
NDUFA10	ENST00000252711	10	0		0		2	3,5
NDUFA11	ENST00000308961	4	0		0		1	4
NDUFA12	ENST00000327772	4	0		0		2	1,4
NDUFA13	ENST00000507754	5	0		0		1	1
NDUFA2	ENST00000252102	3	0		0		1	1
NDUFA3	ENST00000485876	4	3	2,3,4	3	2,3,4	4	1,2,3,4
NDUFA6	ENST00000498737	3	3	1,2,3	3	1,2,3	3	1,2,3
NDUFA7	ENST00000301457	4	0		0		0	
NDUFA8	ENST00000373768	4	0		0		1	1
NDUFA9	ENST00000266544	11	0		0		3	2,4,5
NDUFAF1	ENST00000260361	4	0		0		2	2,4
NDUFAF2	ENST00000296597	4	0		0		2	1,3
NDUFAF3	ENST00000326925	5	0		0		4	2,3,4,5
NDUFAF4	ENST00000316149	3	0		0		3	1,2,3
NDUFAF5	ENST00000378106	11	0		1	4	3	1,4,5
NDUFAF6	ENST00000396124	9	0		0		4	1,4,5,9
NDUFAF7	ENST00000002125	10	0		0		6	1,2,5,7,9,10
NDUFAF8	ENST00000431388	3	0		0		0	
NDUFB10	ENST00000268668	4	0		0		1	2
NDUFB11	ENST00000377811	3	1	1	2	1,3	3	1,2,3
NDUFB3	ENST00000237889	2	0		0		0	
NDUFB7	ENST00000215565	3	0		0		1	1
NDUFB8	ENST00000299166	5	0		0		3	1,2,3
NDUFB9	ENST00000276689	4	0		0		1	1
NDUFC2	ENST00000281031	3	0		0		2	1,3
NDUFS1	ENST00000233190	18	0		0		9	2,5,6,9,10,11,13,14,15
NDUFS2	ENST00000676972	14	0		0		2	1,12
NDUFS3	ENST00000263774	7	0		0		1	5
NDUFS4	ENST00000296684	5	0		0		2	1,3
NDUFS6	ENST00000274137	4	0		0		2	2,4
NDUFS7	ENST00000233627	8	0		0		2	1,5
NDUFS8	ENST00000313468	6	0		0		1	7
NDUFV1	ENST00000322776	10	0		0		3	1,9,10
NDUFV2	ENST00000318388	8	0		0		2	2,7
NEB	ENST00000397345	180	0		0		0	
NEB	ENST00000427231	180	1	84	7	83,84,87,88,94,102,104	63	5,14,21,33,36,37,39,40,47,48,49,50,52,54,57,60,61,62,64,65,66,68,69,71,73,77,78,81,82,83,84,85,87,88,94,97,101,102,103,104,105,108,109,117,119,121,125,133,137,142,148,151,154,158,162,164,171,172,173,174,177,178,180
NEBL	ENST00000377122	28	0		0		10	3,8,9,10,11,12,15,16,18,24
NECAP1	ENST00000339754	8	0		0		1	2
NECTIN1	ENST00000264025	6	0		0		0	
NECTIN4	ENST00000368012	9	0		0		3	2,3,4
NEDD4L	ENST00000400345	31	0		0		5	2,6,8,9,18
NEFH	ENST00000310624	4	0		0		2	1,3
NEFL	ENST00000610854	4	0		0		3	1,2,3
NEK1	ENST00000507142	34	0		0		8	5,13,18,19,24,26,27,35
NEK10	ENST00000691995	35	0		0		15	2,4,11,12,13,18,20,23,26,27,28,29,30,31,36
NEK2	ENST00000366999	8	0		0		3	3,4,8
NEK8	ENST00000268766	15	0		0		7	1,4,5,6,8,9,12
NEK9	ENST00000238616	22	0		0		8	1,5,6,8,10,16,20,21
NEMF	ENST00000298310	33	0		1	19	12	1,5,9,11,12,14,17,18,19,21,23,33
NEU1	ENST00000375631	6	6	1,2,3,4,5,6	6	1,2,3,4,5,6	6	1,2,3,4,5,6
NEUROD1	ENST00000295108	1	0		0		1	2
NEUROD2	ENST00000302584	1	0		0		1	2
NEUROG1	ENST00000314744	1	0		0		1	1
NEUROG3	ENST00000242462	1	0		0		1	2
NEXMIF	ENST00000055682	3	0		2	3,4	3	2,3,4
NEXN	ENST00000334785	12	0		0		3	6,8,12
NF1	ENST00000356175	57	0		0		0	
NF1	ENST00000358273	58	0		0		22	3,4,8,13,15,16,20,21,26,27,28,32,36,37,39,40,42,43,46,52,53,58
NF2	ENST00000338641	16	0		0		5	1,2,10,12,15
NFASC	ENST00000339876	28	0		0		2	26,27
NFASC	ENST00000539706	27	0		0		8	4,8,9,11,18,19,20,22
NFAT5	ENST00000349945	14	0		0		8	3,4,6,7,8,11,13,14
NFATC1	ENST00000427363	10	0		0		3	2,5,8
NFATC2	ENST00000371564	10	0		0		7	1,2,3,4,5,9,10
NFE2	ENST00000435572	2	0		0		1	3
NFE2L1	ENST00000362042	5	0		0		2	2,6
NFE2L2	ENST00000397062	5	0		0		4	1,2,4,5
NFIA	ENST00000403491	11	0		0		4	2,8,9,10
NFIB	ENST00000380953	11	0		0		2	2,9
NFIX	ENST00000592199	11	0		0		4	3,6,8,11
NFKB1	ENST00000226574	23	0		0		12	2,3,7,10,13,14,16,17,18,21,22,23
NFKB2	ENST00000661543	22	0		0		3	9,14,15
NFKBIA	ENST00000216797	6	0		0		4	1,2,3,5
NFKBIL1	ENST00000376148	4	4	1,2,3,4	4	1,2,3,4	4	1,2,3,4
NFKBIZ	ENST00000326172	12	0		0		2	1,5
NFS1	ENST00000374092	13	0		0		3	1,5,6
NFU1	ENST00000410022	8	0		0		1	1
NGF	ENST00000369512	1	0		0		1	3
NGLY1	ENST00000280700	12	0		0		4	3,4,6,12
NHEJ1	ENST00000356853	7	0		0		0	
NHERF1	ENST00000262613	6	0		0		3	1,2,5
NHLH2	ENST00000320238	1	0		0		1	3
NHLRC1	ENST00000340650	1	0		0		1	1
NHLRC2	ENST00000369301	11	0		0		8	1,3,4,5,7,9,10,11
NHP2	ENST00000274606	4	0		0		1	2
NHS	ENST00000676302	9	0		2	7,9	8	1,2,3,5,6,7,8,9
NID1	ENST00000264187	20	0		0		9	2,4,6,7,10,11,12,14,20
NIN	ENST00000530997	29	0		0		16	3,5,7,8,12,13,14,18,19,20,21,23,25,27,28,29
NIPA1	ENST00000337435	5	0		0		2	4,5
NIPAL4	ENST00000311946	6	0		0		4	2,4,5,6
NIPBL	ENST00000282516	46	0		0		15	10,11,15,17,19,20,25,28,33,35,37,40,41,44,47
NIT1	ENST00000368009	7	0		0		3	3,4,6
NKAP	ENST00000371410	9	0		2	1,8	8	1,2,4,5,6,7,8,9
NKX2-1	ENST00000354822	3	0		0		2	2,3
NKX2-2	ENST00000377142	2	0		0		2	1,2
NKX2-3	ENST00000344586	2	0		1	2	2	1,2
NKX2-5	ENST00000329198	2	0		0		2	1,2
NKX2-6	ENST00000325017	2	0		0		2	1,2
NKX3-2	ENST00000382438	2	0		0		2	1,2
NKX6-2	ENST00000368592	3	0		0		1	2
NLGN1	ENST00000695368	6	0		0		3	2,6,7
NLGN3	ENST00000358741	7	0		3	2,7,8	7	2,3,4,5,6,7,8
NLGN4X	ENST00000381095	5	0		3	2,5,6	5	2,3,4,5,6
NLGN4Y	ENST00000684976	6	6	2,3,4,5,6,7	6	2,3,4,5,6,7	6	2,3,4,5,6,7
NLRC4	ENST00000402280	8	0		0		3	4,7,9
NLRP1	ENST00000572272	17	0		0		7	1,2,4,7,11,15,17
NLRP12	ENST00000324134	10	0		0		3	1,3,9
NLRP2	ENST00000448584	12	12	2,3,4,5,6,7,8,9,10,11,12,13	12	2,3,4,5,6,7,8,9,10,11,12,13	12	2,3,4,5,6,7,8,9,10,11,12,13
NLRP3	ENST00000336119	9	0		0		5	2,4,6,8,9
NLRP5	ENST00000850973	14	0		0		4	3,5,6,7
NLRP7	ENST00000592784	10	10	2,3,4,5,6,7,8,9,10,11	10	2,3,4,5,6,7,8,9,10,11	10	2,3,4,5,6,7,8,9,10,11
NME3	ENST00000219302	5	0		0		0	
NME5	ENST00000265191	5	0		0		4	2,3,4,5
NME7	ENST00000367811	12	0		0		5	2,3,4,8,11
NME8	ENST00000199447	15	0		0		6	5,9,11,13,15,17
NMNAT1	ENST00000377205	4	0		0		3	2,3,5
NMNAT2	ENST00000287713	11	0		0		3	1,4,5
NNMT	ENST00000299964	3	0		0		3	1,2,3
NNT	ENST00000344920	21	0		0		6	4,8,10,15,21,22
NOBOX	ENST00000645489	8	0		0		2	2,8
NOD2	ENST00000647318	11	0		0		3	4,11,12
NODAL	ENST00000287139	3	0		0		1	2
NOG	ENST00000332822	1	0		0		1	1
NOL3	ENST00000564992	3	0		0		1	3
NONO	ENST00000276079	10	0		4	5,6,7,12	9	3,4,5,6,7,8,9,11,12
NOP10	ENST00000328848	2	0		0		1	1
NOP56	ENST00000329276	12	0		0		8	2,3,5,6,7,8,9,12
NOS1	ENST00000317775	28	0		0		15	2,5,8,9,10,11,16,18,20,21,23,24,25,26,27
NOS1AP	ENST00000361897	10	0		0		3	1,3,10
NOS2	ENST00000313735	26	0		0		9	4,6,11,12,13,17,18,20,22
NOS3	ENST00000297494	26	0		0		5	2,6,16,25,27
NOTCH1	ENST00000651671	34	0		0		4	6,25,28,29
NOTCH2	ENST00000256646	34	0		0		15	3,4,5,6,7,10,11,13,18,19,23,25,26,33,34
NOTCH2NLA	ENST00000362074	4	0		0		1	4
NOTCH2NLC	ENST00000650865	5	0		0		2	1,4
NOTCH3	ENST00000263388	33	0		0		9	1,4,5,10,11,22,24,30,31
NOVA2	ENST00000263257	4	0		0		1	4
NOX1	ENST00000372966	13	0		2	7,12	13	1,2,3,4,5,6,7,8,9,10,11,12,13
NPAS2	ENST00000335681	20	0		0		9	4,8,11,15,16,17,18,19,20
NPAS4	ENST00000311034	8	0		0		2	1,7
NPAT	ENST00000278612	18	0		0		8	2,4,7,8,9,11,13,17
NPC1	ENST00000269228	25	0		0		11	1,7,8,10,12,13,20,21,22,23,25
NPC1L1	ENST00000381160	19	0		0		7	1,2,6,10,15,18,19
NPC2	ENST00000555619	5	0		0		0	
NPHP1	ENST00000445609	20	0		0		8	1,3,4,6,9,14,16,20
NPHP3	ENST00000337331	27	0		0		13	1,3,7,8,11,12,13,14,15,20,25,26,27
NPHP4	ENST00000378156	29	0		0		10	3,9,11,15,16,18,21,22,28,30
NPHS1	ENST00000378910	29	0		0		12	2,4,9,10,12,13,16,21,22,23,28,29
NPHS2	ENST00000367615	8	0		0		3	1,7,8
NPM1	ENST00000296930	11	0		0		4	1,2,8,10
NPNT	ENST00000379987	12	0		0		2	4,8
NPPA	ENST00000376480	3	0		0		2	1,2
NPPC	ENST00000409852	2	0		0		0	
NPR1	ENST00000368680	22	0		0		2	1,13
NPR2	ENST00000342694	22	0		0		1	1
NPR3	ENST00000265074	8	0		0		1	1
NPRL2	ENST00000232501	11	0		0		2	3,6
NPRL3	ENST00000611875	13	0		0		5	3,5,6,9,14
NPSR1	ENST00000360581	9	0		0		4	5,7,8,9
NPTX1	ENST00000306773	5	0		0		2	1,5
NQO1	ENST00000320623	6	0		0		3	2,3,6
NQO2	ENST00000380455	6	0		0		2	4,5
NR0B1	ENST00000378970	2	0		2	1,2	2	1,2
NR0B2	ENST00000254227	2	0		0		2	1,2
NR1H4	ENST00000392986	9	0		1	4	4	3,4,8,11
NR1I2	ENST00000393716	8	0		0		4	2,3,4,5
NR1I3	ENST00000367983	8	0		0		1	4
NR2E1	ENST00000368986	9	0		0		4	1,3,4,9
NR2E3	ENST00000617575	8	0		0		4	1,5,6,7
NR2F1	ENST00000327111	3	0		0		2	1,2
NR2F2	ENST00000394166	3	0		0		2	1,2
NR3C1	ENST00000394464	8	0		0		2	2,4
NR3C2	ENST00000358102	8	0		0		5	2,5,6,8,9
NR4A2	ENST00000339562	6	0		0		3	3,5,8
NR4A3	ENST00000395097	6	0		0		3	3,6,8
NR5A1	ENST00000373588	6	0		0		4	2,3,4,5
NR6A1	ENST00000487099	10	0		0		3	3,5,7
NRAP	ENST00000359988	42	0		0		13	2,4,7,8,22,27,28,29,30,33,35,40,41
NRAS	ENST00000369535	4	0		0		0	
NRCAM	ENST00000379028	30	0		0		7	4,7,14,16,22,26,27
NRG1	ENST00000405005	12	0		0		4	1,5,8,12
NRG2	ENST00000361474	10	0		1	10	4	1,2,9,10
NRIP1	ENST00000318948	1	0		0		1	4
NRL	ENST00000561028	2	0		0		1	3
NRP1	ENST00000374867	17	0		0		9	1,2,4,8,9,10,11,14,15
NRROS	ENST00000328557	2	0		0		2	2,3
NRXN1	ENST00000401669	22	0		0		10	2,6,9,10,14,19,20,21,22,23
NRXN2	ENST00000265459	22	0		0		8	2,6,8,10,11,14,19,23
NRXN3	ENST00000335750	20	0		0		9	2,5,7,8,12,16,18,19,21
NSD1	ENST00000439151	22	0		0		12	2,4,5,6,7,8,9,10,11,17,18,23
NSD2	ENST00000508803	21	0		0		9	2,4,5,7,9,13,16,19,22
NSDHL	ENST00000370274	7	0		5	3,4,6,7,8	7	2,3,4,5,6,7,8
NSF	ENST00000398238	21	11	3,4,8,9,10,12,14,15,16,17,18	20	1,2,3,4,5,6,7,8,9,10,11,12,13,14,15,16,17,18,19,20	21	1,2,3,4,5,6,7,8,9,10,11,12,13,14,15,16,17,18,19,20,21
NSMCE2	ENST00000287437	6	0		0		3	3,5,8
NSMCE3	ENST00000332303	1	1	1	1	1	1	1
NSMF	ENST00000371475	16	0		0		1	3
NSRP1	ENST00000247026	7	0		0		1	4
NSUN2	ENST00000264670	19	0		0		7	1,2,3,4,6,16,17
NSUN3	ENST00000314622	6	0		0		4	1,3,4,6
NSUN6	ENST00000377304	11	0		0		6	1,2,5,7,9,10
NT5C2	ENST00000404739	17	0		0		7	8,10,11,16,17,18,19
NT5C3A	ENST00000610140	9	0		0		5	1,2,4,6,8
NT5E	ENST00000257770	9	0		0		4	1,2,7,9
NTF4	ENST00000593537	1	0		0		1	2
NTHL1	ENST00000651570	6	0		0		3	2,3,4
NTN1	ENST00000173229	6	0		0		2	2,7
NTNG1	ENST00000370068	7	0		0		7	2,3,4,5,6,7,8
NTNG2	ENST00000393229	7	0		0		3	2,3,6
NTRK1	ENST00000524377	17	0		0		3	8,15,16
NTRK2	ENST00000277120	18	0		0		11	2,5,6,9,11,14,15,16,17,18,19
NUAK2	ENST00000367157	7	0		0		5	1,3,4,5,7
NUBPL	ENST00000281081	11	0		0		4	1,8,9,10
NUDCD2	ENST00000302764	4	0		0		2	1,2
NUDCD3	ENST00000355451	6	0		0		4	1,3,4,6
NUDT15	ENST00000258662	3	0		0		2	1,2
NUDT2	ENST00000379158	2	0		0		2	4,5
NUF2	ENST00000271452	13	0		0		7	2,4,10,11,12,13,14
NUMA1	ENST00000393695	25	0		0		7	4,10,15,16,18,21,22
NUP107	ENST00000229179	28	0		0		12	1,3,8,10,11,14,19,20,21,23,24,25
NUP133	ENST00000261396	26	0		0		12	1,4,6,7,8,15,17,18,20,21,25,26
NUP155	ENST00000231498	35	0		0		12	1,6,10,11,12,16,17,20,21,27,30,32
NUP160	ENST00000378460	36	0		0		7	2,16,22,23,24,31,33
NUP188	ENST00000372577	44	0		0		11	1,8,22,23,26,30,31,35,39,40,44
NUP205	ENST00000285968	43	0		0		19	2,4,5,8,9,10,12,17,19,22,23,27,28,29,30,33,34,35,42
NUP210L	ENST00000368559	40	0		0		10	1,7,10,12,22,23,25,31,33,37
NUP214	ENST00000359428	36	0		0		9	1,8,12,15,18,20,29,31,34
NUP37	ENST00000552283	9	0		0		1	7
NUP50	ENST00000347635	7	0		0		3	2,4,5
NUP54	ENST00000264883	12	0		0		4	1,5,6,8
NUP62	ENST00000352066	1	0		0		1	3
NUP85	ENST00000245544	19	0		0		7	2,3,9,10,14,15,17
NUP88	ENST00000573584	17	0		0		4	1,4,12,15
NUP93	ENST00000308159	21	0		0		5	3,8,9,11,14
NUS1	ENST00000368494	5	0		0		2	1,3
NXN	ENST00000336868	8	1	1	1	1	7	1,2,3,5,6,7,8
NXNL1	ENST00000301944	2	0		0		2	1,2
NYNRIN	ENST00000382554	8	0		0		4	3,4,5,9
NYX	ENST00000378220	2	0		1	3	1	3
OAS1	ENST00000202917	6	0		0		5	2,3,4,5,6
OAS2	ENST00000392583	10	0		0		8	1,2,3,4,7,8,9,10
OAT	ENST00000368845	9	0		0		6	3,4,5,7,9,10
OBSCN	ENST00000680850	115	0		0		30	2,6,8,9,13,14,15,16,17,18,19,20,21,24,26,27,34,35,37,38,39,44,61,66,72,77,78,93,102,105
OBSL1	ENST00000404537	21	0		0		8	1,2,3,4,5,8,9,15
OCA2	ENST00000354638	23	1	12	20	2,3,4,5,6,7,8,9,10,11,12,13,14,15,16,17,18,19,20,21	20	2,3,4,5,6,7,8,9,10,11,12,13,14,15,16,17,18,19,20,21
OCEL1	ENST00000215061	6	0		0		3	1,2,3
OCLN	ENST00000396442	8	0		7	2,3,4,5,6,8,9	7	2,3,4,5,6,8,9
OCRL	ENST00000371113	24	0		7	5,6,14,16,20,22,23	23	2,3,4,5,6,7,8,9,10,11,12,13,14,15,16,17,18,19,20,21,22,23,24
ODAD1	ENST00000674294	14	0		0		5	3,7,10,13,16
ODAD2	ENST00000305242	19	0		0		7	3,5,7,10,13,16,18
ODAD3	ENST00000356392	13	0		0		4	1,4,6,11
ODAD4	ENST00000377540	12	0		0		7	2,4,5,6,7,9,11
ODAPH	ENST00000311623	2	0		0		1	2
ODC1	ENST00000234111	10	0		0		4	4,5,11,12
ODF4	ENST00000328248	3	0		0		1	1
OFD1	ENST00000340096	23	0		6	1,6,12,13,16,19	23	1,2,3,4,5,6,7,8,9,10,11,12,13,14,15,16,17,18,19,20,21,22,23
OGDH	ENST00000222673	22	0		0		4	6,11,17,19
OGDHL	ENST00000374103	22	0		0		12	2,5,7,9,10,11,12,17,19,20,21,23
OGG1	ENST00000344629	7	0		0		1	4
OGT	ENST00000373719	22	0		5	11,14,16,17,20	22	1,2,3,4,5,6,7,8,9,10,11,12,13,14,15,16,17,18,19,20,21,22
OLR1	ENST00000309539	6	0		0		0	
ONECUT1	ENST00000305901	2	0		0		1	1
OOEP	ENST00000370359	3	0		0		2	1,2
OPA1	ENST00000361510	30	0		0		11	2,4,5,12,13,17,18,25,28,29,30
OPA3	ENST00000263275	2	0		0		1	2
OPCML	ENST00000524381	8	0		0		0	
OPHN1	ENST00000355520	23	0		5	2,8,11,13,21	23	2,3,4,5,6,7,8,9,10,11,12,13,14,15,16,17,18,19,20,21,22,23,24
OPLAH	ENST00000618853	26	0		0		5	10,12,14,20,27
OPN1LW	ENST00000369951	6	0		3	1,3,6	6	1,2,3,4,5,6
OPN1MW	ENST00000595290	6	0		6	1,2,3,4,5,6	6	1,2,3,4,5,6
OPN1SW	ENST00000249389	5	0		0		2	2,5
OPTN	ENST00000378747	13	0		0		5	3,6,9,12,13
OR2J3	ENST00000641151	1	1	4	1	4	1	4
ORC1	ENST00000371568	16	0		0		9	3,4,9,11,12,13,15,16,17
ORC4	ENST00000392857	13	0		0		4	7,9,13,14
ORC6	ENST00000219097	7	0		0		3	3,4,7
OSBPL2	ENST00000313733	13	0		0		1	3
OSBPL9	ENST00000428468	24	0		0		5	2,8,11,17,22
OSGEP	ENST00000206542	11	0		0		3	1,9,10
OSMR	ENST00000274276	17	0		0		3	2,10,18
OSTC	ENST00000361564	4	0		0		1	1
OSTM1	ENST00000193322	6	0		0		2	1,6
OTC	ENST00000039007	10	0		1	1	10	1,2,3,4,5,6,7,8,9,10
OTOA	ENST00000646100	28	0		0		6	3,7,12,13,14,19
OTOF	ENST00000272371	46	0		0		8	1,5,9,10,11,12,15,17
OTOF	ENST00000339598	28	0		0		5	5,6,16,22,26
OTOG	ENST00000399397	56	0		0		19	5,6,15,19,21,23,25,28,30,34,35,36,41,42,43,44,50,52,53
OTOGL	ENST00000547103	58	0		0		19	2,3,5,8,18,22,25,30,34,35,44,45,47,48,49,53,55,56,59
OTUD5	ENST00000376488	9	0		3	1,4,7	9	1,2,3,4,5,6,7,8,9
OTUD6B	ENST00000404789	7	0		0		3	1,4,6
OTUD7A	ENST00000307050	11	1	13	11	3,4,5,6,7,8,9,10,11,12,13	11	3,4,5,6,7,8,9,10,11,12,13
OTULIN	ENST00000284274	7	0		0		2	5,6
OTX2	ENST00000672264	3	0		0		2	4,5
OVOL2	ENST00000278780	4	0		0		2	2,4
OXA1L	ENST00000612549	10	0		0		3	2,7,9
OXCT1	ENST00000196371	17	0		0		6	3,5,6,8,10,15
OXGR1	ENST00000541038	1	0		0		1	4
OXR1	ENST00000517566	16	0		0		4	2,14,16,17
P2RX2	ENST00000643471	11	0		0		3	6,8,11
P2RX6	ENST00000413302	12	0		0		7	3,4,5,6,7,8,11
P2RY12	ENST00000302632	1	0		0		1	3
P2RY8	ENST00000381297	1	0		0		1	2
P3H1	ENST00000296388	15	0		0		6	1,4,5,11,13,15
P3H2	ENST00000319332	15	0		0		3	1,6,14
P4HA1	ENST00000394890	14	0		0		7	2,3,6,8,11,12,15
P4HA2	ENST00000360568	14	0		0		0	
P4HA2	ENST00000379104	14	0		0		2	6,8
P4HB	ENST00000331483	11	0		0		6	2,5,6,7,8,9
P4HTM	ENST00000383729	9	0		0		4	1,2,8,9
PABPC1	ENST00000318607	14	0		0		2	2,12
PABPC1L	ENST00000217073	14	0		0		7	3,4,5,6,8,12,13
PABPC5	ENST00000312600	1	0		1	2	1	2
PABPN1	ENST00000216727	7	0		0		1	6
PACS1	ENST00000320580	24	0		0		9	1,2,3,8,12,13,15,17,22
PACS2	ENST00000447393	25	0		0		1	9
PACSIN1	ENST00000244458	9	0		0		1	4
PACSIN3	ENST00000298838	9	0		0		2	3,5
PADI3	ENST00000375460	16	0		0		8	1,2,6,9,10,11,14,15
PADI4	ENST00000375448	16	0		0		5	5,7,10,13,16
PADI6	ENST00000619609	16	0		0		7	1,3,5,8,14,15,16
PAFAH1B1	ENST00000397195	10	0		0		4	4,6,8,9
PAH	ENST00000553106	13	0		0		4	1,2,5,8
PAICS	ENST00000512576	9	0		0		5	2,3,4,5,9
PAK1	ENST00000356341	14	0		0		5	2,3,7,11,14
PAK2	ENST00000327134	14	0		0		4	3,10,12,14
PAK3	ENST00000372007	14	0		4	8,12,13,18	14	5,6,7,8,9,10,11,12,13,14,15,16,17,18
PALB2	ENST00000261584	13	0		0		3	1,4,5
PALLD	ENST00000505667	20	0		0		9	2,7,9,10,11,15,17,19,21
PALS1	ENST00000261681	13	0		0		6	3,4,6,10,14,15
PAM16	ENST00000318059	5	0		4	2,3,4,5	5	1,2,3,4,5
PAN2	ENST00000440411	25	0		0		7	2,3,7,9,13,21,23
PANK2	ENST00000610179	7	0		0		2	4,6
PANK4	ENST00000378466	19	0		18	1,2,3,4,5,6,7,8,9,10,11,12,13,15,16,17,18,19	19	1,2,3,4,5,6,7,8,9,10,11,12,13,14,15,16,17,18,19
PANX1	ENST00000227638	5	0		0		4	1,2,3,4
PAPPA2	ENST00000367662	22	0		0		12	2,3,5,6,8,11,14,15,16,17,18,23
PAPSS1	ENST00000265174	12	0		0		4	1,3,5,8
PAPSS2	ENST00000456849	13	0		0		4	4,7,12,13
PARK7	ENST00000338639	6	0		0		2	3,4
PARN	ENST00000437198	24	0		22	1,2,3,4,5,7,8,9,10,11,12,14,15,16,17,18,19,20,21,22,23,24	24	1,2,3,4,5,6,7,8,9,10,11,12,13,14,15,16,17,18,19,20,21,22,23,24
PARP1	ENST00000366794	23	0		0		8	1,2,4,6,9,11,12,13
PARP6	ENST00000569795	22	0		0		2	6,7
PARS2	ENST00000371279	1	0		0		1	2
PATL2	ENST00000682850	15	0		0		7	6,8,9,13,14,15,17
PAX1	ENST00000613128	5	0		0		3	1,2,4
PAX2	ENST00000355243	10	0		0		5	2,3,4,5,6
PAX3	ENST00000392070	9	0		0		3	3,4,7
PAX4	ENST00000639438	10	0		0		1	4
PAX5	ENST00000358127	10	0		0		3	2,3,6
PAX6	ENST00000640368	11	0		0		3	7,8,11
PAX7	ENST00000420770	9	0		0		5	1,2,5,7,8
PAX8	ENST00000429538	11	0		0		2	2,4
PAX9	ENST00000361487	4	0		0		3	2,3,4
PBRM1	ENST00000707071	31	0		0		14	6,8,10,11,16,17,18,19,24,25,26,28,30,31
PBX1	ENST00000420696	9	0		0		3	3,4,9
PC	ENST00000393960	20	0		0		8	6,7,8,10,12,15,19,21
PCARE	ENST00000331664	2	0		0		1	1
PCBD1	ENST00000299299	4	0		0		0	
PCBP2	ENST00000546463	14	0		0		2	2,14
PCCA	ENST00000376285	24	0		0		8	4,6,10,11,14,17,19,20
PCCB	ENST00000251654	15	0		0		6	1,2,5,6,7,13
PCDH10	ENST00000264360	5	0		0		4	1,3,4,5
PCDH12	ENST00000231484	4	0		0		2	1,4
PCDH15	ENST00000320301	32	0		0		1	33
PCDH15	ENST00000644397	37	0		0		11	3,7,10,21,25,26,28,29,33,37,38
PCDH19	ENST00000373034	6	0		4	1,4,5,6	6	1,2,3,4,5,6
PCDHA9	ENST00000532602	4	0		0		1	1
PCDHGA5	ENST00000518069	4	0		0		1	1
PCDHGC4	ENST00000306593	4	0		0		1	1
PCGF2	ENST00000620225	9	0		9	3,4,5,6,7,8,9,10,11	9	3,4,5,6,7,8,9,10,11
PCK1	ENST00000319441	9	0		0		7	2,4,5,6,7,8,10
PCK2	ENST00000216780	10	0		0		2	2,5
PCLO	ENST00000333891	25	0		0		14	1,2,3,5,6,7,8,12,13,14,15,19,21,25
PCNA	ENST00000379143	6	0		0		3	1,2,3
PCNT	ENST00000359568	47	0		0		31	2,5,7,8,9,10,12,13,15,19,20,21,22,23,24,25,26,27,28,29,30,31,32,35,37,38,39,40,41,42,47
PCSK1	ENST00000311106	14	0		0		7	1,7,8,10,11,12,14
PCSK9	ENST00000302118	12	0		0		5	2,4,5,11,12
PCYT1A	ENST00000431016	8	0		0		3	6,8,9
PCYT2	ENST00000538936	13	0		0		1	3
PDCD1	ENST00000334409	5	0		5	1,2,3,4,5	5	1,2,3,4,5
PDCD10	ENST00000392750	7	0		0		4	5,7,8,9
PDCD6IP	ENST00000307296	18	0		0		8	1,3,4,10,12,15,16,17
PDCL3	ENST00000264254	6	0		0		3	1,4,5
PDE10A	ENST00000539869	22	0		0		7	1,3,9,11,15,21,22
PDE11A	ENST00000286063	20	0		0		6	1,7,11,13,18,20
PDE12	ENST00000311180	3	0		0		3	1,2,3
PDE1C	ENST00000396191	18	0		0		5	1,4,5,12,18
PDE2A	ENST00000334456	31	0		0		3	13,14,18
PDE3A	ENST00000359062	16	0		0		10	1,2,4,5,6,9,10,11,12,16
PDE4D	ENST00000340635	15	0		0		8	1,4,6,7,10,12,14,15
PDE6A	ENST00000255266	22	0		0		7	1,3,9,10,16,20,21
PDE6B	ENST00000496514	22	0		0		6	1,2,3,8,13,19
PDE6C	ENST00000371447	22	0		0		9	1,2,9,10,11,13,17,20,21
PDE6D	ENST00000287600	5	0		0		2	3,5
PDE6G	ENST00000331056	3	0		0		1	2
PDE6H	ENST00000266395	3	0		0		1	4
PDE8B	ENST00000264917	22	0		0		9	1,3,9,11,12,14,18,20,21
PDGFB	ENST00000331163	6	0		0		3	2,4,5
PDGFD	ENST00000393158	7	0		0		3	1,3,6
PDGFRA	ENST00000257290	22	0		0		13	3,4,6,8,9,10,11,15,17,18,21,22,23
PDGFRB	ENST00000261799	22	0		0		10	3,6,9,12,14,15,17,18,22,23
PDGFRL	ENST00000251630	6	0		0		1	6
PDHA1	ENST00000422285	11	0		1	11	11	1,2,3,4,5,6,7,8,9,10,11
PDHA2	ENST00000295266	1	0		0		1	1
PDHB	ENST00000302746	10	0		0		3	2,6,7
PDHX	ENST00000227868	11	0		0		2	1,8
PDIA2	ENST00000219406	11	0		0		2	8,9
PDIA6	ENST00000272227	13	0		0		2	4,5
PDK3	ENST00000379162	11	0		1	4	11	1,2,3,4,5,6,7,8,9,10,11
PDLIM3	ENST00000284767	8	0		0		3	1,6,8
PDLIM4	ENST00000253754	7	0		0		2	3,7
PDLIM7	ENST00000355841	12	0		0		2	10,12
PDP1	ENST00000297598	1	0		0		1	2
PDSS1	ENST00000376215	12	0		0		2	1,5
PDSS2	ENST00000369037	8	0		0		4	1,3,6,7
PDX1	ENST00000381033	2	0		0		2	1,2
PDXK	ENST00000291565	11	0		0		2	3,4
PDYN	ENST00000217305	2	0		0		2	3,4
PDZD7	ENST00000619208	16	0		0		5	2,3,6,8,15
PDZD8	ENST00000334464	5	0		1	1	2	1,5
PECR	ENST00000265322	8	0		0		2	1,6
PEPD	ENST00000244137	15	0		0		6	2,3,4,8,11,14
PER2	ENST00000254657	22	0		0		9	2,4,8,15,16,17,19,20,21
PER3	ENST00000377532	21	0		0		6	2,6,10,18,19,21
PERCC1	ENST00000640283	1	0		0		0	
PERP	ENST00000421351	3	0		0		1	1
PET100	ENST00000594797	4	0		0		0	
PET117	ENST00000432901	2	0		0		2	1,2
PEX1	ENST00000248633	24	0		0		15	1,2,3,4,5,6,7,8,10,13,18,19,21,22,23
PEX10	ENST00000447513	6	0		0		1	3
PEX11B	ENST00000369306	4	0		0		1	4
PEX12	ENST00000225873	3	0		0		2	1,2
PEX13	ENST00000295030	4	0		0		3	1,2,4
PEX14	ENST00000356607	9	0		0		3	2,5,9
PEX16	ENST00000378750	11	0		0		2	4,11
PEX19	ENST00000368072	8	0		0		3	3,4,7
PEX2	ENST00000357039	1	0		0		1	4
PEX26	ENST00000399744	5	0		0		3	1,3,4
PEX3	ENST00000367591	12	0		0		1	8
PEX5	ENST00000675855	15	0		0		3	2,10,11
PEX6	ENST00000304611	17	0		0		5	1,4,5,6,10
PEX7	ENST00000318471	10	0		0		0	
PFKL	ENST00000349048	22	0		0		1	21
PFKM	ENST00000359794	22	0		0		1	5
PFN1	ENST00000225655	3	0		0		1	2
PGAM2	ENST00000297283	3	0		0		1	3
PGAP1	ENST00000354764	27	0		0		11	2,4,8,10,12,14,16,17,18,21,27
PGAP2	ENST00000278243	6	0		0		1	6
PGAP3	ENST00000300658	8	0		0		1	3
PGK1	ENST00000373316	11	0		1	3	11	1,2,3,4,5,6,7,8,9,10,11
PGK2	ENST00000304801	1	0		0		1	1
PGM1	ENST00000371084	11	0		0		8	1,3,4,5,6,8,9,10
PGM2L1	ENST00000298198	14	0		0		4	2,7,10,12
PGM3	ENST00000513973	12	0		0		4	2,3,9,11
PGR	ENST00000325455	8	0		1	1	5	1,2,3,4,7
PGRMC1	ENST00000217971	3	0		1	1	3	1,2,3
PHACTR1	ENST00000332995	13	0		0		5	3,5,9,10,13
PHACTR2	ENST00000440869	13	0		0		7	1,2,3,5,6,7,8
PHB1	ENST00000300408	6	0		0		1	5
PHC1	ENST00000544916	14	0		0		3	11,13,15
PHEX	ENST00000379374	22	0		2	5,6	20	1,2,3,4,5,6,7,8,10,11,12,13,14,15,16,17,18,20,21,22
PHF10	ENST00000339209	12	0		0		2	2,12
PHF12	ENST00000332830	15	0		0		8	2,3,4,7,9,12,14,15
PHF21A	ENST00000676320	16	0		0		6	8,10,12,13,16,17
PHF5A	ENST00000216252	4	0		0		1	4
PHF6	ENST00000370803	9	0		1	8	9	2,3,4,5,6,7,8,9,10
PHF8	ENST00000338154	21	0		9	3,4,5,6,7,11,13,16,21	20	2,3,4,5,6,7,8,9,10,11,13,14,15,16,17,18,19,20,21,22
PHGDH	ENST00000641023	12	0		0		3	3,11,12
PHIP	ENST00000275034	40	0		1	3	18	1,2,3,5,8,12,17,21,24,26,29,31,32,33,34,37,38,39
PHKA1	ENST00000373542	32	0		8	8,10,12,15,16,18,20,31	32	1,2,3,4,5,6,7,8,9,10,11,12,13,14,15,16,17,18,19,20,21,22,23,24,25,26,27,28,29,30,31,32
PHKA2	ENST00000379942	33	0		8	4,8,12,13,17,22,27,33	32	1,2,4,5,6,7,8,9,10,11,12,13,14,15,16,17,18,19,20,21,22,23,24,25,26,27,28,29,30,31,32,33
PHKB	ENST00000323584	31	0		0		11	2,5,11,12,13,16,18,22,24,27,31
PHKG2	ENST00000563588	9	0		0		3	3,6,10
PHLDB1	ENST00000600882	22	0		0		8	3,4,6,9,16,19,20,23
PHOX2A	ENST00000298231	3	0		0		2	1,2
PHOX2B	ENST00000226382	3	0		0		3	1,2,3
PHYH	ENST00000263038	9	0		0		3	1,4,7
PHYKPL	ENST00000308158	12	0		0		5	6,8,9,10,11
PI4K2A	ENST00000370631	9	0		0		2	1,7
PI4KA	ENST00000255882	55	0		1	54	25	1,3,7,11,12,18,23,25,27,28,32,34,35,36,38,39,42,43,44,47,49,50,51,53,54
PI4KB	ENST00000368873	11	0		0		5	2,4,5,9,10
PIBF1	ENST00000326291	17	0		0		10	2,3,4,5,7,10,13,14,15,17
PICALM	ENST00000393346	20	0		0		4	1,5,7,17
PICK1	ENST00000356976	12	0		0		3	2,9,12
PIDD1	ENST00000347755	15	0		0		3	2,3,4
PIEZO1	ENST00000301015	51	0		0		5	37,39,43,44,51
PIEZO2	ENST00000674853	56	0		0		22	4,5,13,16,22,24,31,34,38,39,40,41,42,44,46,47,48,50,51,52,53,55
PIGA	ENST00000333590	5	0		1	4	5	2,3,4,5,6
PIGB	ENST00000164305	12	0		0		5	1,2,4,10,12
PIGC	ENST00000344529	1	0		0		1	2
PIGF	ENST00000281382	5	0		0		3	2,3,5
PIGG	ENST00000453061	13	0		0		6	1,2,4,9,12,13
PIGH	ENST00000216452	4	0		0		1	1
PIGK	ENST00000370812	11	0		0		5	1,3,4,9,10
PIGL	ENST00000225609	7	0		0		4	1,4,5,7
PIGM	ENST00000368090	1	0		0		1	1
PIGN	ENST00000640252	28	0		0		14	4,7,8,10,12,16,19,20,21,22,25,26,27,28
PIGO	ENST00000378617	10	0		0		4	2,7,8,9
PIGP	ENST00000360525	4	0		0		2	2,5
PIGQ	ENST00000321878	10	0		0		2	7,8
PIGS	ENST00000308360	12	0		0		5	2,3,4,5,7
PIGT	ENST00000279036	12	0		0		3	1,10,12
PIGU	ENST00000217446	12	0		0		2	9,11
PIGV	ENST00000674202	3	0		0		1	4
PIGW	ENST00000614443	1	0		1	2	1	2
PIGY	ENST00000527353	1	0		0		1	2
PIK3C2A	ENST00000691414	32	0		0		12	2,3,8,13,16,17,18,21,22,23,26,27
PIK3C2B	ENST00000684373	32	0		0		13	2,4,6,9,11,18,20,25,26,29,31,32,33
PIK3CA	ENST00000263967	20	0		0		8	2,4,9,14,15,17,20,21
PIK3CD	ENST00000377346	22	0		0		10	4,5,6,9,11,15,17,19,23,24
PIK3CG	ENST00000496166	10	0		0		3	2,5,11
PIK3R1	ENST00000521381	15	0		0		6	2,3,7,9,10,15
PIK3R2	ENST00000222254	15	0		0		4	2,7,11,13
PIK3R5	ENST00000447110	18	0		0		2	10,16
PIKFYVE	ENST00000264380	41	0		0		13	8,9,19,20,24,26,28,30,31,34,38,40,42
PINK1	ENST00000321556	8	0		0		5	1,4,6,7,8
PIP5K1C	ENST00000335312	18	0		0		5	3,7,8,15,16
PIR	ENST00000380420	9	0		1	6	9	2,3,4,5,6,7,8,9,10
PISD	ENST00000439502	8	0		0		3	1,4,8
PITPNM3	ENST00000262483	20	0		0		5	2,4,6,9,20
PITRM1	ENST00000224949	27	0		0		9	5,6,12,15,19,21,22,24,26
PITX1	ENST00000265340	3	0		0		3	1,2,3
PITX2	ENST00000644743	3	0		0		3	1,2,3
PITX3	ENST00000370002	3	0		0		3	2,3,4
PIWIL2	ENST00000356766	22	0		0		4	2,3,5,21
PJA1	ENST00000374571	1	0		1	2	1	2
PJVK	ENST00000644580	6	0		0		3	2,6,7
PKD1	ENST00000262304	46	0		1	22	12	5,10,15,17,21,22,23,24,25,26,28,29
PKD1L1	ENST00000289672	57	0		0		32	4,5,6,7,9,11,12,13,15,16,17,18,20,25,26,28,30,31,34,35,36,37,39,45,46,49,50,51,52,53,54,56
PKD2	ENST00000237596	15	0		0		8	1,3,4,5,7,10,13,15
PKDCC	ENST00000294964	7	0		0		3	1,2,7
PKHD1	ENST00000371117	66	0		0		19	9,14,15,16,29,32,34,42,45,46,48,50,52,53,54,55,58,61,67
PKHD1L1	ENST00000378402	78	0		0		30	5,6,11,13,14,17,20,21,24,29,30,31,32,34,38,41,43,44,49,50,51,54,57,58,60,61,62,67,73,77
PKLR	ENST00000342741	11	0		11	1,2,3,4,5,6,7,8,9,10,11	11	1,2,3,4,5,6,7,8,9,10,11
PKP1	ENST00000367324	13	0		0		6	1,3,4,5,8,13
PKP2	ENST00000340811	13	0		1	3	6	3,5,7,8,10,13
PLA2G2A	ENST00000482011	4	0		0		2	3,4
PLA2G4A	ENST00000367466	17	0		0		8	3,4,5,9,11,16,17,18
PLA2G5	ENST00000375108	4	0		0		2	3,5
PLA2G6	ENST00000332509	16	0		0		6	2,4,5,12,13,14
PLA2G7	ENST00000274793	11	0		0		6	5,8,9,10,11,12
PLAA	ENST00000397292	14	0		0		5	1,3,7,9,14
PLAAT3	ENST00000415826	4	0		0		3	2,3,4
PLAG1	ENST00000316981	2	0		0		1	5
PLAGL1	ENST00000674357	2	0		0		2	7,8
PLAT	ENST00000220809	13	0		0		5	5,8,11,13,14
PLAU	ENST00000372764	10	0		0		0	
PLCB1	ENST00000338037	32	0		0		9	8,13,16,20,26,28,30,31,32
PLCB2	ENST00000260402	32	0		0		9	3,4,8,9,10,13,16,17,19
PLCB3	ENST00000279230	31	0		0		5	9,11,14,16,28
PLCB4	ENST00000378473	37	0		0		12	6,7,8,11,13,15,19,20,21,28,30,34
PLCD1	ENST00000334661	15	0		0		4	3,5,6,13
PLCE1	ENST00000371380	31	0		0		12	2,3,5,8,11,13,19,24,25,29,31,32
PLCG1	ENST00000685551	32	0		0		17	1,4,9,10,13,14,15,16,17,18,19,20,21,22,26,29,31
PLCG2	ENST00000564138	32	0		0		15	3,4,6,11,14,17,18,19,25,26,27,28,29,30,32
PLCH1	ENST00000460012	22	0		0		8	4,6,10,15,16,21,22,23
PLCZ1	ENST00000266505	14	0		1	11	4	4,7,10,11
PLD1	ENST00000351298	26	0		0		7	5,11,18,21,24,25,27
PLD3	ENST00000409735	11	0		0		3	6,9,10
PLD4	ENST00000392593	10	0		0		1	4
PLEC	ENST00000345136	32	0		0		0	
PLEC	ENST00000356346	32	0		0		3	16,31,32
PLEK	ENST00000234313	9	0		0		3	1,3,9
PLEKHA5	ENST00000429027	31	0		0		17	1,2,4,5,6,8,11,12,13,14,19,22,23,25,29,30,31
PLEKHA7	ENST00000531066	27	0		0		10	3,5,6,9,10,11,16,20,23,27
PLEKHG1	ENST00000696526	15	0		0		9	3,4,8,9,12,13,14,16,17
PLEKHG2	ENST00000425673	18	0		0		5	10,11,13,18,19
PLEKHG5	ENST00000377728	20	0		0		1	6
PLEKHM1	ENST00000430334	11	4	3,5,6,7	11	2,3,4,5,6,7,8,9,10,11,12	11	2,3,4,5,6,7,8,9,10,11,12
PLEKHM2	ENST00000375799	20	0		0		5	3,4,9,14,20
PLEKHN1	ENST00000379410	16	0		0		1	16
PLG	ENST00000308192	19	0		0		7	4,11,15,16,17,18,19
PLIN1	ENST00000300055	8	0		0		3	4,8,9
PLIN4	ENST00000301286	7	0		0		2	5,6
PLK1	ENST00000300093	10	0		0		5	1,5,6,9,10
PLK4	ENST00000270861	16	0		0		8	1,2,5,7,10,12,14,16
PLN	ENST00000357525	1	0		0		0	
PLOD1	ENST00000196061	19	0		0		7	3,4,7,9,10,16,18
PLOD2	ENST00000282903	20	0		0		11	2,3,4,7,9,10,11,13,16,18,19
PLOD3	ENST00000223127	19	0		0		8	1,2,3,4,5,13,14,17
PLP1	ENST00000621218	7	0		1	4	7	1,2,3,4,5,6,7
PLPBP	ENST00000328195	8	0		0		2	1,8
PLPP6	ENST00000381883	1	0		0		1	1
PLS1	ENST00000457734	15	0		0		4	4,9,15,16
PLS3	ENST00000355899	15	0		3	10,12,14	15	2,3,4,5,6,7,8,9,10,11,12,13,14,15,16
PLTP	ENST00000372431	15	0		0		5	3,4,5,9,11
PLVAP	ENST00000252590	6	0		0		3	1,2,3
PLXNA1	ENST00000393409	31	0		0		5	18,20,22,30,32
PLXNA2	ENST00000367033	31	0		0		13	2,4,6,7,10,12,14,16,20,22,29,30,32
PLXNA3	ENST00000369682	32	0		4	3,12,19,25	32	2,3,4,5,6,7,8,9,10,11,12,13,14,15,16,17,18,19,20,21,22,23,24,25,26,27,28,29,30,31,32,33
PLXNB2	ENST00000359337	35	0		0		10	3,4,9,10,19,20,21,26,36,37
PLXNC1	ENST00000258526	31	0		0		9	1,4,5,7,14,15,17,24,27
PLXND1	ENST00000324093	36	0		0		14	1,8,9,15,20,21,22,25,26,27,33,34,35,36
PMEL	ENST00000548747	11	0		0		5	1,6,8,9,10
PMEPA1	ENST00000341744	4	0		0		1	4
PMFBP1	ENST00000237353	20	0		0		10	8,9,10,11,12,14,15,16,17,20
PML	ENST00000268058	9	0		0		4	2,3,6,9
PMM2	ENST00000268261	8	0		0		3	1,5,6
PMP2	ENST00000256103	4	0		0		1	2
PMP22	ENST00000312280	4	0		0		0	
PMPCA	ENST00000371717	13	0		0		3	6,9,12
PMPCB	ENST00000249269	13	0		0		5	1,2,8,10,12
PMS2	ENST00000265849	15	0		0		9	1,3,5,6,8,10,11,14,15
PMVK	ENST00000368467	5	0		0		2	1,4
PNKD	ENST00000273077	10	0		0		0	
PNKP	ENST00000322344	16	0		0		1	17
PNLDC1	ENST00000392167	19	0		0		3	1,3,18
PNLIP	ENST00000369221	12	0		0		5	7,8,10,12,13
PNP	ENST00000361505	6	0		0		3	2,4,6
PNPLA1	ENST00000636260	9	0		0		3	2,6,7
PNPLA2	ENST00000336615	9	0		0		0	
PNPLA3	ENST00000216180	9	0		0		4	2,4,6,9
PNPLA4	ENST00000381042	6	0		1	7	6	2,3,4,5,6,7
PNPLA6	ENST00000600737	32	0		0		8	1,7,9,11,14,16,28,29
PNPLA8	ENST00000257694	9	0		0		5	3,4,6,7,9
PNPO	ENST00000642017	7	0		0		1	7
PNPT1	ENST00000447944	28	0		0		9	1,4,10,11,13,18,19,20,24
POC1A	ENST00000296484	11	0		0		3	2,3,8
POC1B	ENST00000313546	12	0		1	5	6	2,3,5,7,9,11
POC5	ENST00000428202	11	0		0		7	2,4,6,8,9,10,12
PODXL	ENST00000378555	9	0		0		4	1,4,5,8
POF1B	ENST00000262753	16	0		2	12,15	16	2,3,4,5,6,7,8,9,10,11,12,13,14,15,16,17
POFUT1	ENST00000375749	7	0		0		3	3,5,7
POGLUT1	ENST00000295588	11	0		0		4	1,7,9,10
POGZ	ENST00000271715	18	0		0		5	3,6,11,18,19
POLA1	ENST00000379068	37	0		9	2,5,8,14,20,25,27,28,37	36	1,2,3,4,5,6,7,8,9,10,11,12,13,14,15,17,18,19,20,21,22,23,24,25,26,27,28,29,30,31,32,33,34,35,36,37
POLA2	ENST00000265465	18	0		0		6	1,2,6,8,16,17
POLD1	ENST00000440232	26	0		0		3	6,10,27
POLD2	ENST00000610533	10	0		0		8	2,3,4,5,6,9,10,11
POLD3	ENST00000263681	12	0		0		4	1,6,7,11
POLE	ENST00000320574	49	0		0		19	9,12,13,14,15,16,19,21,26,28,29,30,31,32,34,38,42,45,46
POLE2	ENST00000216367	19	0		0		7	1,6,7,8,12,14,15
POLG	ENST00000268124	22	0		0		12	2,5,6,12,14,16,17,18,19,20,21,22
POLG2	ENST00000539111	8	0		0		4	1,2,3,7
POLH	ENST00000372236	10	0		0		2	7,11
POLR1A	ENST00000263857	34	0		0		14	1,2,5,12,13,16,18,20,21,24,26,27,31,32
POLR1B	ENST00000263331	15	0		0		5	1,7,8,10,15
POLR1C	ENST00000642195	9	0		0		2	5,6
POLR1D	ENST00000302979	2	0		0		0	
POLR2A	NM_000937.5	30	0		0		14	2,5,6,7,8,12,16,17,18,19,20,21,27,28
POLR2C	ENST00000219252	9	0		0		3	2,7,9
POLR3A	ENST00000372371	31	0		0		9	6,8,9,16,18,20,21,27,31
POLR3B	ENST00000228347	28	0		0		13	1,2,7,11,13,14,15,17,22,23,24,25,27
POLR3C	ENST00000334163	14	0		0		4	3,7,13,15
POLR3F	ENST00000377603	9	0		0		3	1,5,9
POLR3GL	ENST00000369314	7	0		0		1	3
POLR3H	ENST00000355209	6	0		0		1	4
POLR3K	ENST00000293860	3	0		0		0	
POLRMT	ENST00000588649	21	0		0		6	2,3,10,11,14,15
POMC	ENST00000395826	2	0		0		2	2,3
POMGNT1	ENST00000371984	21	0		0		5	2,3,10,17,21
POMGNT2	ENST00000344697	1	0		0		1	2
POMK	ENST00000331373	2	0		0		1	5
POMP	ENST00000380842	6	0		0		0	
POMT1	ENST00000402686	19	0		0		6	5,10,12,15,16,18
POMT2	ENST00000261534	21	0		0		6	1,4,10,15,18,21
PON1	ENST00000222381	9	0		0		1	3
PON2	ENST00000222572	9	0		0		4	1,5,6,8
PON3	ENST00000265627	9	0		0		4	1,4,5,6
POP1	ENST00000401707	15	0		0		7	3,4,8,10,11,13,16
POPDC1	ENST00000314641	7	0		0		2	2,5
POPDC2	ENST00000493094	3	0		0		2	1,3
POPDC3	ENST00000254765	3	0		0		1	2
POR	ENST00000461988	15	0		0		6	2,5,6,11,12,16
PORCN	ENST00000326194	14	0		1	2	14	2,3,4,5,6,7,8,9,10,11,12,13,14,15
POT1	ENST00000357628	15	0		0		7	6,7,10,13,14,18,19
POU1F1	ENST00000350375	6	0		0		5	1,2,3,4,6
POU2AF1	ENST00000393067	5	0		0		2	4,5
POU3F2	ENST00000328345	1	0		0		1	1
POU3F3	ENST00000361360	1	0		1	1	1	1
POU3F4	ENST00000644024	1	0		1	1	1	1
POU4F1	ENST00000377208	2	0		0		2	1,2
POU4F3	ENST00000646991	2	0		0		1	2
POU5F1	ENST00000259915	5	5	1,2,3,4,5	5	1,2,3,4,5	5	1,2,3,4,5
POU6F2	ENST00000518318	10	0		0		5	4,6,7,9,10
PPA2	ENST00000341695	12	0		0		4	1,5,6,8
PPARA	ENST00000407236	6	0		0		4	6,7,8,9
PPARG	ENST00000651735	6	0		0		4	3,4,5,6
PPCDC	ENST00000342932	5	0		0		1	2
PPCS	ENST00000372561	3	0		0		3	1,2,3
PPFIA2	ENST00000549396	30	0		0		13	3,5,6,8,9,12,14,16,17,19,22,25,31
PPFIA3	ENST00000334186	28	0		0		7	2,6,7,8,11,21,24
PPFIBP1	ENST00000228425	28	0		0		9	7,9,10,11,16,19,20,23,28
PPIA	ENST00000468812	5	0		0		0	
PPIB	ENST00000300026	5	0		0		4	1,3,4,5
PPID	ENST00000307720	10	0		0		3	1,2,4
PPIL1	ENST00000373699	4	0		0		2	1,4
PPIP5K2	ENST00000358359	30	0		0		11	2,7,9,12,16,18,20,21,23,24,27
PPM1D	ENST00000305921	6	0		0		4	1,2,5,6
PPM1F	ENST00000263212	7	0		0		4	3,4,6,8
PPM1K	ENST00000608933	6	0		0		1	2
PPOX	ENST00000367999	12	0		0		1	11
PPP1CB	ENST00000395366	8	0		0		4	1,3,5,8
PPP1R12A	ENST00000450142	25	0		0		4	12,19,21,22
PPP1R12B	ENST00000608999	24	0		0		9	1,3,6,7,8,15,16,17,18
PPP1R13L	ENST00000360957	12	0		0		3	3,4,10
PPP1R15B	ENST00000367188	2	0		0		1	1
PPP1R17	ENST00000342032	4	0		0		1	4
PPP1R21	ENST00000294952	22	0		0		7	1,5,10,11,12,13,14
PPP1R36	ENST00000298705	12	0		0		2	8,11
PPP1R3A	ENST00000284601	4	0		0		2	1,4
PPP1R3F	ENST00000055335	4	0		2	1,4	4	1,2,3,4
PPP2CA	ENST00000481195	7	0		0		1	6
PPP2R1A	ENST00000322088	15	0		0		5	5,8,9,11,13
PPP2R1B	ENST00000527614	15	0		0		2	8,9
PPP2R2B	ENST00000394411	9	0		0		4	2,6,8,9
PPP2R3C	ENST00000261475	13	0		0		7	3,4,7,8,9,10,11
PPP2R5C	ENST00000694906	16	0		0		3	9,11,16
PPP2R5D	ENST00000485511	16	0		0		6	3,4,9,11,14,16
PPP3CA	ENST00000394854	14	0		0		3	7,8,9
PPP3R1	ENST00000234310	6	0		0		2	3,5
PPP5C	ENST00000012443	13	0		0		7	2,3,4,5,7,9,11
PPT1	ENST00000642050	9	0		0		1	1
PQBP1	ENST00000447146	6	0		0		6	2,3,4,5,6,7
PRCC	ENST00000271526	7	0		0		4	1,2,3,5
PRCD	ENST00000592014	3	0		0		0	
PRDM10	ENST00000360871	20	0		0		5	3,10,11,12,17
PRDM12	ENST00000253008	5	0		0		2	1,5
PRDM13	ENST00000369215	4	0		0		2	1,4
PRDM15	ENST00000398548	23	0		0		7	5,6,12,15,21,23,24
PRDM16	ENST00000270722	17	0		0		7	1,2,3,7,9,13,14
PRDM5	ENST00000264808	16	0		0		6	1,3,4,9,10,16
PRDM6	ENST00000407847	7	0		0		3	2,3,6
PRDM8	ENST00000415738	3	0		0		1	4
PRDM9	ENST00000296682	10	0		0		4	3,6,8,11
PRDX1	ENST00000319248	5	0		0		2	2,4
PRDX3	ENST00000298510	7	0		0		3	2,3,7
PREPL	ENST00000409411	13	0		0		8	2,3,4,6,7,12,13,14
PRF1	ENST00000441259	2	0		0		2	2,3
PRG4	ENST00000445192	12	0		0		3	3,6,12
PRICKLE1	ENST00000345127	7	0		0		3	5,7,8
PRICKLE2	ENST00000638394	7	0		0		4	2,5,7,8
PRICKLE3	ENST00000599218	9	0		1	3	8	1,2,3,5,6,7,8,9
PRIM1	ENST00000338193	13	0		0		5	2,10,11,12,13
PRIMA1	ENST00000393140	4	0		4	2,3,4,5	4	2,3,4,5
PRIMPOL	ENST00000314970	12	0		0		5	5,6,7,9,11
PRKACA	ENST00000308677	10	0		0		5	2,3,6,7,9
PRKACB	ENST00000370685	10	0		0		3	1,4,5
PRKACG	ENST00000377276	1	0		0		1	1
PRKAG2	ENST00000287878	16	0		0		7	3,4,7,9,10,13,15
PRKAG3	ENST00000439262	13	0		0		2	4,12
PRKAR1A	ENST00000589228	10	0		0		2	4,7
PRKAR1B	ENST00000537384	10	0		0		5	2,3,8,9,11
PRKCA	ENST00000413366	17	0		0		10	1,3,5,6,7,9,10,13,16,17
PRKCD	ENST00000330452	17	0		0		4	6,9,17,19
PRKCG	ENST00000263431	18	0		0		7	11,12,13,14,16,17,18
PRKCH	ENST00000332981	14	0		0		6	1,8,9,10,13,14
PRKCSH	ENST00000677123	16	0		0		2	2,3
PRKD1	ENST00000331968	18	0		0		8	1,3,6,7,9,13,14,15
PRKDC	ENST00000314191	86	0		0		40	1,4,7,11,16,17,18,19,22,26,29,31,32,33,36,37,41,42,43,44,49,50,53,54,55,56,57,59,60,61,63,65,69,71,72,77,79,80,85,86
PRKG1	ENST00000373980	18	0		0		9	1,4,9,12,13,14,15,16,18
PRKG2	ENST00000264399	18	0		0		8	2,3,7,10,11,13,14,17
PRKN	ENST00000366898	12	0		0		3	6,9,12
PRKRA	ENST00000325748	8	0		0		5	2,3,5,7,8
PRLR	ENST00000618457	8	0		0		3	4,6,10
PRMT7	ENST00000441236	17	0		0		3	5,8,9
PRMT9	ENST00000322396	12	0		1	8	4	3,5,8,9
PRNP	ENST00000379440	1	0		0		1	2
PROC	ENST00000234071	8	0		0		1	9
PRODH	ENST00000357068	14	3	12,13,14	14	1,2,3,4,5,6,7,8,9,10,11,12,13,14	14	1,2,3,4,5,6,7,8,9,10,11,12,13,14
PRODH2	ENST00000653904	10	0		0		0	
PROK2	ENST00000295619	4	0		0		0	
PROKR2	ENST00000678254	2	0		0		2	2,3
PROM1	ENST00000447510	26	0		0		7	2,3,5,8,9,12,19
PROP1	ENST00000308304	3	0		2	2,3	3	1,2,3
PRORP	ENST00000534898	7	0		0		4	2,3,6,7
PROS1	ENST00000394236	15	0		0		8	1,2,6,8,9,12,13,15
PROSER1	ENST00000352251	13	0		0		1	5
PROZ	ENST00000375547	8	0		0		4	5,6,7,8
PRPF19	ENST00000227524	16	0		0		8	2,3,4,5,6,7,10,16
PRPF3	ENST00000324862	15	0		0		3	7,10,11
PRPF31	ENST00000321030	13	10	2,3,4,5,6,7,8,9,13,14	13	2,3,4,5,6,7,8,9,10,11,12,13,14	13	2,3,4,5,6,7,8,9,10,11,12,13,14
PRPF4	ENST00000374198	14	0		0		4	1,2,12,13
PRPF6	ENST00000266079	21	0		0		10	2,3,5,9,10,11,14,17,19,21
PRPF8	ENST00000304992	42	0		42	2,3,4,5,6,7,8,9,10,11,12,13,14,15,16,17,18,19,20,21,22,23,24,25,26,27,28,29,30,31,32,33,34,35,36,37,38,39,40,41,42,43	42	2,3,4,5,6,7,8,9,10,11,12,13,14,15,16,17,18,19,20,21,22,23,24,25,26,27,28,29,30,31,32,33,34,35,36,37,38,39,40,41,42,43
PRPH	ENST00000257860	9	0		0		3	2,3,8
PRPH2	ENST00000230381	3	0		0		2	1,3
PRPS1	ENST00000372435	7	0		3	1,2,4	6	1,2,3,4,5,7
PRR12	ENST00000418929	14	0		0		4	4,5,6,7
PRRT2	ENST00000358758	3	0		0		2	2,3
PRRX1	ENST00000239461	4	0		0		2	1,3
PRSS1	ENST00000311737	5	0		5	1,2,3,4,5	5	1,2,3,4,5
PRSS12	ENST00000296498	13	0		0		5	1,6,7,10,13
PRSS2	ENST00000539842	5	0		5	1,2,3,4,5	5	1,2,3,4,5
PRSS56	ENST00000617714	13	0		0		1	3
PRSS8	ENST00000317508	6	0		0		1	6
PRUNE1	ENST00000271620	8	0		0		1	3
PRX	ENST00000324001	4	0		0		2	5,7
PSAP	ENST00000394936	14	0		0		6	2,3,5,10,11,14
PSAT1	ENST00000376588	9	0		0		3	1,6,7
PSD3	ENST00000327040	16	0		0		4	1,3,4,5
PSEN1	ENST00000324501	10	0		0		0	
PSEN2	ENST00000366783	10	0		0		2	4,9
PSENEN	ENST00000587708	3	0		0		0	
PSKH1	ENST00000291041	2	0		0		2	2,3
PSMA6	ENST00000261479	7	0		0		1	1
PSMB1	ENST00000262193	6	0		0		3	1,3,4
PSMB10	ENST00000358514	8	0		0		0	
PSMB4	ENST00000290541	7	0		0		2	1,2
PSMB8	ENST00000374882	6	6	1,2,3,4,5,6	6	1,2,3,4,5,6	6	1,2,3,4,5,6
PSMB9	ENST00000374859	6	6	1,2,3,4,5,6	6	1,2,3,4,5,6	6	1,2,3,4,5,6
PSMC1	ENST00000261303	11	0		0		4	1,4,8,11
PSMC3	ENST00000298852	12	0		0		5	7,8,10,11,12
PSMC3IP	ENST00000393795	8	0		0		1	7
PSMC5	ENST00000310144	12	0		0		4	6,8,10,12
PSMD11	ENST00000261712	13	0		0		1	1
PSMD12	ENST00000356126	11	0		0		4	1,7,10,11
PSMF1	ENST00000335877	7	0		0		3	1,2,4
PSMG2	ENST00000317615	7	0		0		3	1,5,6
PSPH	ENST00000275605	5	0		0		0	
PSTPIP1	ENST00000558012	15	0		0		1	12
PTCD1	ENST00000292478	7	0		0		5	2,4,5,6,8
PTCD3	ENST00000254630	24	0		0		6	1,8,12,13,18,22
PTCH1	ENST00000331920	23	0		0		1	1
PTCH1	ENST00000437951	23	0		0		9	1,2,12,16,17,18,19,22,23
PTCH2	ENST00000372192	22	0		0		5	2,6,7,16,20
PTCHD1	ENST00000379361	3	0		3	1,2,3	3	1,2,3
PTCRA	ENST00000304672	4	0		0		1	4
PTDSS1	ENST00000517309	13	0		0		4	2,11,12,13
PTEN	ENST00000371953	9	0		0		4	1,2,5,9
PTF1A	ENST00000376504	2	0		0		1	1
PTGDR	ENST00000306051	2	0		0		2	1,2
PTGER2	ENST00000245457	2	0		0		2	1,2
PTGIS	ENST00000244043	10	0		0		2	2,7
PTGS1	ENST00000362012	11	0		0		5	6,7,8,9,11
PTH	ENST00000282091	2	0		0		1	3
PTH1R	ENST00000449590	14	0		0		1	7
PTHLH	ENST00000545234	3	0		0		0	
PTPA	ENST00000393370	10	0		0		2	3,4
PTPMT1	ENST00000326674	4	0		0		1	1
PTPN1	ENST00000371621	10	0		0		3	3,4,6
PTPN11	ENST00000351677	15	0		0		1	12
PTPN12	ENST00000248594	18	0		1	10	4	8,9,10,13
PTPN13	ENST00000411767	47	0		0		26	6,7,8,10,11,13,14,15,16,17,19,22,24,26,29,30,31,32,33,34,35,38,41,42,45,48
PTPN14	ENST00000366956	18	0		0		7	2,10,12,13,14,17,19
PTPN2	ENST00000309660	9	0		0		4	1,7,8,9
PTPN22	ENST00000359785	21	0		0		6	2,8,13,15,17,21
PTPN23	ENST00000265562	25	0		0		8	3,6,9,16,17,20,21,22
PTPN4	ENST00000263708	26	0		0		9	6,8,9,12,14,16,17,21,22
PTPRC	ENST00000442510	32	0		14	2,3,4,5,6,7,8,9,10,11,12,13,14,15	21	2,3,4,5,6,7,8,9,10,11,12,13,14,15,16,18,20,21,23,27,29
PTPRF	ENST00000359947	32	0		0		11	6,8,9,16,20,21,23,26,28,32,34
PTPRJ	ENST00000418331	25	0		0		6	6,7,9,13,18,20
PTPRO	ENST00000281171	26	0		0		10	2,4,5,12,13,15,16,18,19,24
PTPRQ	ENST00000644991	45	0		0		19	2,5,10,11,12,14,17,20,22,23,24,26,27,29,32,37,38,39,40
PTRH2	ENST00000393038	1	0		0		1	2
PTRHD1	ENST00000328379	2	0		0		1	1
PTS	ENST00000280362	6	0		0		1	1
PUF60	ENST00000526683	12	0		11	2,3,4,5,6,7,8,9,10,11,12	11	2,3,4,5,6,7,8,9,10,11,12
PUM1	ENST00000426105	21	0		1	19	9	2,4,7,11,13,14,15,16,19
PURA	ENST00000331327	1	0		0		1	1
PUS1	ENST00000376649	6	0		0		3	3,4,5
PUS3	ENST00000227474	3	0		0		1	3
PUS7	ENST00000469408	15	0		0		8	2,4,5,8,10,11,12,14
PXDN	ENST00000252804	23	0		0		8	5,7,8,9,10,11,17,19
PXK	ENST00000356151	18	0		0		4	2,14,17,18
PYCR1	ENST00000329875	7	0		0		1	4
PYCR2	ENST00000343818	7	0		0		5	1,2,4,5,6
PYGL	ENST00000216392	20	0		0		4	1,4,6,10
PYGM	ENST00000164139	20	0		0		8	1,4,8,12,15,16,18,20
PYROXD1	ENST00000240651	12	0		0		8	2,3,6,7,8,10,11,12
PYROXD2	ENST00000370575	16	0		0		3	5,12,13
QARS1	ENST00000306125	24	0		0		12	1,2,3,8,10,13,16,17,19,22,23,24
QDPR	ENST00000281243	7	0		0		4	2,3,4,7
QRICH1	ENST00000395443	9	0		0		3	3,6,8
QRICH2	ENST00000680821	19	0		0		4	1,4,16,19
QRSL1	ENST00000369046	11	0		0		8	1,2,3,4,6,8,10,11
QTMAN	ENST00000682281	9	0		0		5	5,7,9,11,12
RAB11A	ENST00000261890	5	0		0		0	
RAB11B	ENST00000328024	5	0		0		3	2,3,5
RAB14	ENST00000373840	7	0		0		2	2,6
RAB18	ENST00000356940	7	0		0		2	1,5
RAB1A	ENST00000409784	6	0		0		3	1,5,6
RAB23	ENST00000468148	6	0		0		3	2,5,6
RAB27A	ENST00000336787	5	0		0		1	3
RAB28	ENST00000288723	7	0		0		0	
RAB28	ENST00000330852	7	0		0		2	1,2
RAB32	ENST00000367495	3	0		0		2	1,2
RAB33B	ENST00000305626	2	0		0		1	1
RAB34	ENST00000395245	10	0		0		5	1,2,4,9,10
RAB35	ENST00000229340	6	0		0		3	3,4,5
RAB39B	ENST00000369454	2	0		2	1,2	2	1,2
RAB3GAP1	ENST00000264158	24	0		0		9	1,3,9,12,14,15,17,21,24
RAB3GAP2	ENST00000358951	35	0		0		14	2,4,8,9,12,14,16,19,22,24,25,31,32,33
RAB5C	ENST00000346213	5	0		0		1	2
RAB5IF	ENST00000344795	4	0		0		1	1
RAB7A	ENST00000265062	5	0		0		1	4
RABGAP1	ENST00000373647	25	0		0		10	3,7,8,10,16,19,20,24,25,26
RABL2A	ENST00000683472	8	0		0		2	5,6
RABL3	ENST00000273375	8	0		0		2	2,8
RABL6	ENST00000311502	15	0		0		4	2,6,7,10
RAC1	ENST00000348035	6	0		0		2	2,5
RAC2	ENST00000249071	6	0		0		1	6
RAC3	ENST00000306897	6	0		0		2	2,5
RACGAP1	ENST00000312377	16	0		0		2	15,16
RACK1	ENST00000512805	8	0		0		4	1,2,6,8
RAD21	ENST00000297338	13	0		0		5	4,6,9,11,14
RAD50	ENST00000378823	25	0		0		11	1,2,5,6,10,12,16,19,20,24,25
RAD51	ENST00000267868	9	0		0		1	9
RAD51B	ENST00000471583	10	0		0		3	4,6,7
RAD51C	ENST00000337432	9	0		0		4	1,4,8,9
RAD51D	ENST00000345365	10	0		0		5	1,2,5,9,10
RAD54B	ENST00000336148	14	0		0		6	3,4,8,10,12,15
RAD54L	ENST00000371975	18	0		0		2	12,17
RAF1	ENST00000251849	16	0		0		3	3,5,12
RAG1	ENST00000299440	1	0		0		1	2
RAG2	ENST00000311485	1	0		0		1	2
RAI1	ENST00000353383	4	0		0		1	3
RALA	ENST00000005257	4	0		0		2	3,5
RALGAPA1	ENST00000680220	41	0		0		20	1,3,4,5,9,12,16,18,19,20,21,24,25,27,30,33,34,37,38,39
RALGAPB	ENST00000262879	29	0		0		7	7,16,20,21,24,29,30
RALGDS	ENST00000372050	18	0		0		5	2,6,15,16,18
RAMP2	ENST00000253796	4	0		0		0	
RANBP2	ENST00000283195	29	0		0		20	1,2,3,4,5,10,11,12,13,14,15,18,20,22,23,24,25,26,27,28
RANGRF	ENST00000226105	5	0		0		2	1,4
RAP1A	ENST00000369709	6	0		0		0	
RAP1B	ENST00000250559	6	0		0		1	6
RAP1GDS1	ENST00000408927	15	0		0		7	2,3,4,7,8,12,13
RAPGEF2	ENST00000691494	30	0		0		11	2,14,15,16,17,19,20,21,24,26,29
RAPGEF4	ENST00000397081	31	0		0		11	1,2,8,10,14,15,20,21,22,24,25
RAPSN	ENST00000298854	8	0		0		3	2,7,8
RARA	ENST00000254066	8	0		0		2	7,9
RARB	ENST00000330688	8	0		0		2	2,4
RARS1	ENST00000231572	15	0		0		6	1,2,3,7,9,12
RARS2	ENST00000369536	20	0		0		8	3,8,11,15,16,17,18,19
RASA1	ENST00000274376	25	0		0		6	1,5,11,13,15,19
RASA2	ENST00000286364	24	0		0		12	1,3,4,5,6,7,9,11,19,20,23,24
RASAL1	ENST00000548055	21	0		0		8	5,7,10,11,16,18,19,21
RASGRP1	ENST00000310803	17	0		0		8	3,5,8,9,12,13,15,16
RASGRP2	ENST00000394432	15	0		0		3	9,11,12
RAX	ENST00000334889	3	0		0		2	1,2
RAX2	ENST00000555633	2	0		0		1	3
RB1	ENST00000267163	27	0		0		10	3,6,7,9,11,14,15,16,17,19
RB1CC1	ENST00000025008	22	0		0		12	3,5,6,7,13,14,15,16,18,19,20,22
RBBP5	ENST00000264515	14	0		0		4	3,7,8,9
RBBP7	ENST00000380087	12	0		3	2,6,8	12	1,2,3,4,5,6,7,8,9,10,11,12
RBBP8	ENST00000327155	18	0		0		8	3,6,7,11,15,16,17,18
RBCK1	ENST00000356286	12	0		1	7	2	4,7
RBFOX1	ENST00000355637	14	0		0		1	10
RBFOX1	ENST00000550418	13	0		0		3	5,6,8
RBFOX2	ENST00000695854	14	0		10	2,3,4,5,6,7,8,9,10,12	13	1,2,3,4,5,6,7,8,9,10,12,13,14
RBFOX3	ENST00000693108	11	0		0		1	14
RBL2	ENST00000262133	22	0		0		9	1,5,6,7,9,15,16,17,20
RBM10	ENST00000377604	23	0		6	2,3,9,10,13,14	22	2,3,4,5,7,8,9,10,11,12,13,14,15,16,17,18,19,20,21,22,23,24
RBM12	ENST00000374114	1	0		0		1	3
RBM15	ENST00000369784	2	0		0		2	1,2
RBM20	ENST00000369519	14	0		0		4	2,5,9,11
RBM28	ENST00000223073	19	0		0		7	1,3,5,11,14,17,19
RBM7	ENST00000375490	5	0		0		4	1,2,3,5
RBM8A	ENST00000583313	6	0		0		0	
RBMX	ENST00000320676	8	0		1	5	7	2,3,4,5,6,7,8
RBP3	ENST00000584701	4	0		0		3	1,2,4
RBP4	ENST00000371464	5	0		0		1	4
RBPJ	ENST00000355476	11	0		0		3	5,6,8
RBSN	ENST00000253699	11	0		0		1	14
RC3H1	ENST00000367696	19	0		0		5	4,6,10,15,19
RCAN1	ENST00000313806	4	0		0		1	2
RCBTB1	ENST00000378302	11	0		0		0	
RCC1	ENST00000683442	9	0		0		4	7,9,11,13
RD3	ENST00000680073	2	0		0		2	2,3
RDH11	ENST00000381346	7	0		0		2	1,3
RDH12	ENST00000551171	7	0		0		2	3,9
RDH14	ENST00000381249	2	0		0		2	1,2
RDH5	ENST00000257895	4	0		0		2	3,5
RDH8	ENST00000591589	6	0		0		3	2,3,6
RDX	ENST00000645495	13	0		0		1	5
REC114	ENST00000331090	6	0		0		2	1,4
REC8	ENST00000611366	19	0		0		3	5,16,17
RECQL	ENST00000444129	14	0		0		9	2,3,4,5,6,7,9,10,12
RECQL4	ENST00000617875	21	0		0		1	11
RECQL5	ENST00000317905	19	0		0		3	4,6,16
REEP1	ENST00000538924	9	0		0		3	4,6,8
REEP2	ENST00000378339	8	0		0		2	5,7
REEP6	ENST00000233596	5	0		0		0	
REEP6	ENST00000395479	6	0		0		0	
REL	ENST00000394479	10	0		0		4	5,8,9,10
RELA	ENST00000406246	11	0		0		6	3,4,6,8,9,11
RELB	ENST00000221452	12	0		0		3	8,9,12
RELN	ENST00000428762	65	0		0		23	1,6,9,12,14,16,17,19,30,31,32,33,36,38,39,44,49,50,52,56,57,63,65
RELT	ENST00000064780	10	0		0		1	4
REN	ENST00000272190	10	0		0		5	1,4,7,8,10
REPS1	ENST00000450536	20	0		0		8	1,3,4,8,16,17,18,20
REPS2	ENST00000357277	18	0		1	1	18	1,2,3,4,5,6,7,8,9,10,11,12,13,14,15,16,17,18
RERE	ENST00000400908	22	0		0		8	4,5,11,13,15,17,18,23
REST	ENST00000309042	3	0		0		2	2,4
RET	ENST00000355710	20	0		0		7	5,6,11,13,15,16,17
RETN	ENST00000221515	3	0		0		0	
RETREG1	ENST00000306320	9	0		0		4	1,2,4,9
REV3L	ENST00000368802	32	0		0		13	1,3,8,11,12,13,14,16,17,19,23,25,27
REXO2	ENST00000265881	7	0		0		2	1,7
RFC1	ENST00000349703	25	0		0		12	1,2,6,8,9,13,17,18,20,21,22,25
RFC4	ENST00000296273	10	0		0		5	2,3,4,7,10
RFT1	ENST00000296292	13	0		0		4	2,6,11,12
RFWD3	ENST00000361070	12	0		0		4	2,6,11,12
RFX2	ENST00000303657	17	0		0		8	5,7,11,13,14,15,16,17
RFX3	ENST00000617270	16	0		0		6	3,4,6,8,13,14
RFX4	ENST00000392842	18	0		0		3	7,8,18
RFX5	ENST00000452671	9	0		0		4	3,7,9,11
RFX6	ENST00000332958	19	0		0		10	1,7,9,10,11,12,15,16,17,18
RFX7	ENST00000559447	9	0		0		5	2,3,6,9,10
RFXANK	ENST00000303088	8	0		0		0	
RFXAP	ENST00000255476	3	0		0		1	1
RGR	ENST00000652092	7	0		0		3	3,5,7
RGS10	ENST00000369103	5	0		0		3	2,4,5
RGS18	ENST00000367460	5	0		0		4	1,2,4,5
RGS5	ENST00000313961	5	0		0		3	1,4,5
RGS6	ENST00000553525	17	0		0		6	3,5,9,10,12,14
RGS7	ENST00000440928	17	0		0		6	4,6,8,9,15,16
RGS9	ENST00000262406	19	0		0		6	2,4,5,10,13,18
RGS9BP	ENST00000334176	1	0		0		1	1
RHAG	ENST00000371175	10	0		0		3	3,8,10
RHBDF1	ENST00000262316	17	0		0		1	4
RHBDF2	ENST00000675367	17	0		0		2	9,10
RHCE	ENST00000294413	10	1	2	1	2	4	1,2,5,6
RHD	ENST00000328664	10	0		1	8	5	3,5,6,8,10
RHEB	ENST00000262187	8	0		0		1	1
RHO	ENST00000296271	5	0		0		2	3,4
RHOA	ENST00000418115	4	0		0		1	4
RHOB	ENST00000272233	1	0		0		1	1
RHOBTB2	ENST00000251822	9	0		0		5	4,5,7,8,9
RHOG	ENST00000351018	1	0		0		1	2
RHOH	ENST00000381799	1	0		0		1	3
RHOXF1	ENST00000217999	3	0		1	1	3	1,2,3
RIC1	ENST00000414202	26	0		0		9	9,10,15,19,21,22,23,24,25
RIC3	ENST00000309737	6	0		0		3	1,2,5
RICTOR	ENST00000357387	38	0		0		15	5,7,11,15,20,21,22,26,27,28,31,33,34,35,38
RIGI	ENST00000379883	18	0		0		4	3,8,9,11
RILPL1	ENST00000376874	7	0		0		3	1,2,5
RIMS1	ENST00000521978	34	0		0		15	1,3,5,6,9,10,12,13,14,15,17,18,28,30,31
RIMS2	ENST00000696799	30	0		0		10	1,6,7,9,13,14,15,17,25,28
RIN1	ENST00000311320	10	0		0		2	1,10
RIN2	ENST00000255006	11	0		0		7	3,6,9,10,11,12,13
RING1	ENST00000374656	6	6	2,3,4,5,6,7	6	2,3,4,5,6,7	6	2,3,4,5,6,7
RINT1	ENST00000257700	15	0		0		8	2,4,5,6,10,11,12,14
RIOK2	ENST00000283109	10	0		0		3	1,8,10
RIPK1	ENST00000259808	10	0		0		4	2,4,7,9
RIPK3	ENST00000216274	10	0		0		1	3
RIPK4	ENST00000332512	8	0		0		3	2,7,8
RIPOR2	ENST00000643898	22	0		0		7	1,2,7,13,19,21,22
RIPPLY1	ENST00000276173	4	0		0		4	1,2,3,4
RIPPLY2	ENST00000369689	4	0		0		3	2,3,4
RIT1	ENST00000368323	5	0		0		1	5
RLBP1	ENST00000268125	7	0		0		4	4,6,7,9
RLIM	ENST00000332687	3	0		1	4	3	2,3,4
RMI2	ENST00000312499	2	0		0		2	1,2
RMND1	ENST00000444024	11	0		0		4	2,8,9,10
RMP64	ENST00000314400	9	0		0		4	4,6,7,9
RNASEH1	ENST00000315212	8	0		0		2	1,3
RNASEH2A	ENST00000221486	8	0		0		1	3
RNASEH2B	ENST00000336617	11	0		0		3	4,7,11
RNASEH2C	ENST00000308418	4	0		0		3	1,2,3
RNASEL	ENST00000367559	6	0		0		5	2,3,4,6,7
RNASET2	ENST00000508775	9	0		0		2	1,2
RNF113A	ENST00000371442	1	0		1	1	1	1
RNF125	ENST00000217740	6	0		0		2	1,5
RNF13	ENST00000392894	9	0		0		3	3,4,6
RNF135	ENST00000328381	5	0		0		3	1,2,5
RNF139	ENST00000303545	2	0		0		2	1,2
RNF168	ENST00000318037	6	0		0		1	1
RNF170	ENST00000527424	6	0		0		2	4,6
RNF2	ENST00000367510	6	0		0		2	2,4
RNF207	ENST00000377939	17	0		0		5	4,13,14,17,18
RNF212	ENST00000433731	10	0		0		3	3,4,9
RNF212B	ENST00000430154	14	0		1	3	4	3,6,10,13
RNF213	ENST00000582970	67	0		0		34	4,5,8,11,14,17,21,22,26,27,29,30,31,33,34,35,36,37,39,40,41,43,47,48,50,53,55,56,59,60,63,64,65,68
RNF216	ENST00000389902	16	0		0		6	3,4,8,10,11,15
RNF220	ENST00000361799	14	0		0		3	2,3,5
RNF31	ENST00000324103	21	0		0		8	1,2,3,7,10,11,13,17
RNF40	ENST00000324685	19	0		0		9	2,3,10,11,13,14,15,16,19
RNF43	ENST00000407977	9	0		0		3	2,7,9
RNF6	ENST00000381588	3	0		0		1	5
RNH1	ENST00000354420	9	0		9	3,4,5,6,7,8,9,10,11	9	3,4,5,6,7,8,9,10,11
RNLS	ENST00000331772	7	0		0		2	1,3
RNPC3	ENST00000423855	14	0		0		7	1,2,5,7,9,11,13
ROBO1	ENST00000464233	30	0		0		12	4,5,9,10,13,16,21,22,23,26,27,31
ROBO2	ENST00000696593	28	0		0		14	1,2,5,8,10,11,12,15,16,17,18,23,24,26
ROBO3	ENST00000397801	28	0		0		3	1,2,21
ROBO4	ENST00000306534	18	0		0		6	6,8,9,11,12,17
ROCK2	ENST00000315872	33	0		0		8	1,2,10,16,17,23,29,32
ROGDI	ENST00000322048	11	0		0		1	6
ROM1	ENST00000278833	3	0		0		1	1
ROR1	ENST00000371079	9	0		0		4	3,7,8,9
ROR2	ENST00000375708	9	0		0		3	1,3,9
RORA	ENST00000335670	11	0		0		3	4,5,9
RORB	ENST00000376896	10	0		0		2	4,9
RORC	ENST00000318247	11	0		0		3	5,6,11
ROS1	ENST00000368507	44	0		0		18	3,8,13,14,17,21,22,25,30,31,32,34,35,37,39,40,41,44
RP1	ENST00000220676	3	0		0		2	2,4
RP1L1	ENST00000382483	3	0		0		3	2,3,4
RP2	ENST00000218340	5	0		2	1,2	5	1,2,3,4,5
RP9	ENST00000297157	6	0		0		4	1,2,3,5
RPA1	ENST00000254719	17	0		0		5	2,3,10,13,17
RPE65	ENST00000262340	14	0		0		10	2,3,5,6,8,10,11,12,13,14
RPGR	ENST00000645032	15	1	15	3	10,12,15	14	2,3,4,5,6,7,8,9,10,11,12,13,14,15
RPGRIP1	ENST00000400017	24	0		0		6	12,14,16,19,21,22
RPGRIP1L	ENST00000647211	26	0		0		14	3,4,5,6,8,10,11,12,13,15,17,18,21,24
RPH3A	ENST00000389385	20	0		0		3	8,9,11
RPIA	ENST00000283646	9	0		0		4	1,3,4,6
RPL10	ENST00000369817	6	0		2	6,7	6	2,3,4,5,6,7
RPL10L	ENST00000298283	1	0		0		1	1
RPL11	ENST00000643754	6	0		0		2	1,6
RPL13	ENST00000311528	5	0		0		1	4
RPL15	ENST00000307839	3	0		0		2	2,4
RPL17	ENST00000580261	6	0		0		4	2,3,5,7
RPL18	ENST00000549920	7	0		0		2	2,3
RPL21	ENST00000311549	5	0		0		1	5
RPL26	ENST00000648839	3	0		0		1	3
RPL27	ENST00000253788	4	0		0		0	
RPL31	ENST00000264258	4	0		0		3	2,3,4
RPL35	ENST00000348462	4	0		0		2	2,4
RPL35A	ENST00000647248	4	0		0		0	
RPL3L	ENST00000268661	10	0		0		3	2,5,6
RPL5	ENST00000370321	8	0		0		3	3,5,6
RPL8	ENST00000528957	5	0		0		1	3
RPL9	ENST00000295955	6	0		0		2	3,6
RPS10	ENST00000648437	5	0		0		3	2,3,6
RPS14	ENST00000407193	4	0		0		2	3,4
RPS15	ENST00000592588	4	0		0		2	3,4
RPS15A	ENST00000322989	4	0		0		2	2,4
RPS17	ENST00000647841	5	0		5	1,2,3,4,5	5	1,2,3,4,5
RPS19	ENST00000598742	5	0		0		2	2,6
RPS20	ENST00000009589	4	0		0		3	1,2,4
RPS23	ENST00000296674	4	0		0		1	4
RPS24	ENST00000372360	5	0		0		1	1
RPS26	ENST00000646449	4	0		0		2	2,3
RPS27	ENST00000651669	4	0		0		1	2
RPS28	ENST00000600659	3	0		0		0	
RPS29	ENST00000245458	3	0		0		2	1,2
RPS6KA3	ENST00000379565	22	0		6	11,12,13,14,15,16	21	1,2,3,4,5,6,7,8,9,10,11,12,13,14,15,16,17,18,20,21,22
RPS6KB1	ENST00000225577	15	0		0		4	1,2,4,10
RPS6KC1	ENST00000366960	15	0		0		9	1,2,4,6,10,11,13,14,15
RPS7	ENST00000645674	6	0		0		6	2,3,4,5,6,7
RPSA	ENST00000301821	6	0		0		3	2,3,4
RRAD	ENST00000299759	4	0		0		2	4,5
RRAGA	ENST00000380527	1	0		0		1	1
RRAGC	ENST00000373001	7	0		0		3	1,2,4
RRAGD	ENST00000369415	7	0		0		4	2,4,5,6
RRAS	ENST00000246792	6	0		0		1	6
RRAS2	ENST00000256196	6	0		0		3	4,5,6
RREB1	ENST00000379938	10	0		0		3	10,12,13
RRM1	ENST00000300738	19	0		0		5	2,3,4,5,16
RRM2B	ENST00000251810	9	0		0		3	3,7,9
RRP7A	ENST00000323013	7	0		0		4	2,4,5,6
RS1	ENST00000379984	6	0		2	3,6	5	2,3,4,5,6
RSPH1	ENST00000291536	9	0		0		3	5,7,8
RSPH3	ENST00000367069	8	0		0		4	1,4,5,8
RSPH4A	ENST00000229554	6	0		0		1	1
RSPH9	ENST00000372163	5	0		0		3	1,3,4
RSPO1	ENST00000356545	5	0		0		1	4
RSPO2	ENST00000276659	5	0		0		1	2
RSPO4	ENST00000217260	5	0		0		2	3,4
RSPRY1	ENST00000394420	14	0		0		4	2,5,8,15
RSRC1	ENST00000611884	9	0		0		4	3,7,8,9
RSRC2	ENST00000331738	10	0		0		4	6,8,9,10
RTEL1	ENST00000360203	34	0		0		1	9
RTN2	ENST00000245923	11	0		0		3	3,4,5
RTN4IP1	ENST00000369063	9	0		0		4	2,3,7,8
RTN4R	ENST00000043402	2	0		0		0	
RTTN	ENST00000640769	49	0		0		19	1,3,6,10,13,20,22,23,26,27,31,33,34,36,38,40,41,45,46
RUBCN	ENST00000296343	20	0		0		8	7,9,10,11,16,17,18,19
RUNX1	ENST00000675419	8	0		1	9	3	4,6,9
RUNX1T1	ENST00000523629	11	0		0		4	3,4,6,9
RUNX2	ENST00000647337	8	0		0		2	3,9
RUSC2	ENST00000361226	11	0		0		7	2,3,4,7,8,10,12
RXFP2	ENST00000298386	18	0		0		7	1,7,10,13,15,16,18
RXYLT1	ENST00000261234	6	0		0		4	1,2,3,6
RYBP	NM_012234.7	4	0		0		0	
RYR1	ENST00000359596	106	0		0		25	10,13,15,21,24,28,29,31,33,34,41,42,43,44,47,60,64,78,89,91,93,95,98,100,102
RYR2	ENST00000366574	105	0		1	18	33	3,10,17,18,20,22,23,25,26,28,31,32,34,35,36,37,39,41,43,46,52,53,56,66,67,68,69,71,84,90,96,102,105
RYR3	ENST00000634891	104	0		0		44	2,4,6,16,18,19,24,25,26,27,28,29,32,34,35,36,41,43,44,46,52,54,55,58,59,60,63,66,67,68,69,71,73,74,76,79,85,89,95,98,100,101,102,104
S1PR2	ENST00000646641	1	0		0		1	2
SACS	ENST00000382292	9	0		0		3	5,8,10
SAG	ENST00000409110	15	0		0		4	8,11,13,16
SALL1	ENST00000251020	3	0		0		2	2,3
SALL2	ENST00000537235	2	0		0		1	2
SALL4	ENST00000217086	4	0		0		3	1,2,4
SAMD11	ENST00000616016	14	0		0		1	8
SAMD12	ENST00000314727	4	0		0		1	4
SAMD7	ENST00000335556	7	0		0		3	7,8,9
SAMD9	ENST00000379958	1	0		0		1	3
SAMD9L	ENST00000318238	1	0		0		1	5
SAMHD1	ENST00000646673	16	0		0		5	1,6,8,11,14
SAR1B	ENST00000402673	6	0		0		2	3,5
SARDH	ENST00000439388	20	0		0		6	2,6,11,14,16,18
SARS1	ENST00000234677	11	0		0		2	4,7
SARS2	ENST00000221431	16	0		0		4	1,7,9,10
SART3	ENST00000546815	19	0		0		8	1,3,4,5,8,10,16,18
SASH1	ENST00000367467	20	0		0		8	1,2,10,12,13,15,18,20
SASH3	ENST00000356892	8	0		2	4,8	8	1,2,3,4,5,6,7,8
SASS6	ENST00000287482	17	0		0		10	1,3,9,10,11,12,14,15,16,17
SAT1	ENST00000379270	6	0		0		6	1,2,3,4,5,6
SATB1	ENST00000338745	10	0		0		6	2,3,5,8,9,11
SATB2	ENST00000417098	10	0		0		2	2,10
SBDS	ENST00000246868	5	0		0		3	1,4,5
SBF1	ENST00000380817	41	0		0		1	25
SBF2	ENST00000256190	40	0		0		17	4,5,7,9,10,13,14,22,24,25,26,29,30,31,34,36,37
SC5D	ENST00000264027	4	0		0		2	2,5
SCAF4	ENST00000286835	20	0		0		5	2,10,12,17,20
SCAMP5	ENST00000425597	6	0		0		1	7
SCAPER	ENST00000563290	31	0		0		11	7,9,11,13,20,22,26,28,29,30,32
SCARB1	ENST00000261693	12	0		0		2	6,11
SCARB2	ENST00000264896	12	0		0		6	2,3,5,6,9,12
SCARF2	ENST00000622235	11	0		0		3	4,10,11
SCD	ENST00000370355	6	0		0		1	2
SCD5	ENST00000319540	5	0		0		2	1,2
SCGB3A2	ENST00000296694	3	0		0		2	1,3
SCGN	ENST00000377961	11	0		0		2	1,11
SCHIP1	ENST00000638749	8	0		0		2	2,5
SCLT1	ENST00000281142	21	0		0		10	1,3,4,7,9,10,13,16,19,21
SCN10A	ENST00000449082	27	0		0		16	3,4,6,7,10,12,14,15,17,18,19,20,21,23,27,28
SCN11A	ENST00000302328	26	0		1	5	12	5,10,13,14,16,17,18,19,22,25,27,30
SCN1A	ENST00000674923	26	0		0		13	4,5,6,7,13,15,16,18,21,23,24,26,29
SCN1B	ENST00000262631	5	0		0		2	3,4
SCN2A	ENST00000375437	26	0		0		0	
SCN2A	ENST00000631182	26	0		0		15	2,6,7,11,12,13,14,15,16,17,18,20,21,25,27
SCN2B	ENST00000278947	4	0		0		1	3
SCN3A	ENST00000283254	26	0		0		19	3,4,6,8,9,11,12,13,14,15,16,17,18,20,21,22,25,27,28
SCN3B	ENST00000299333	5	0		0		1	4
SCN4A	ENST00000435607	24	0		0		12	1,2,10,12,13,14,15,19,20,21,22,24
SCN4B	ENST00000324727	5	0		0		1	2
SCN5A	ENST00000413689	27	0		0		1	18
SCN5A	ENST00000423572	27	0		0		14	2,5,7,10,11,12,13,15,17,18,22,26,27,28
SCN7A	ENST00000643258	24	0		0		12	3,6,11,12,13,14,15,16,17,21,22,26
SCN8A	ENST00000354534	26	0		0		0	
SCN8A	ENST00000627620	26	0		0		9	2,7,11,12,17,19,24,26,27
SCN9A	ENST00000642356	26	0		2	2,21	20	2,3,5,7,8,9,10,12,14,15,16,17,18,19,21,22,24,25,26,27
SCNM1	ENST00000368905	7	0		0		1	4
SCNN1A	ENST00000228916	12	0		0		7	2,3,4,7,9,11,12
SCNN1B	ENST00000343070	12	0		0		1	7
SCNN1G	ENST00000300061	12	0		0		6	3,4,6,7,12,13
SCO1	ENST00000255390	6	0		0		2	1,6
SCO2	ENST00000395693	1	0		0		1	2
SCP2	ENST00000371514	16	0		0		7	6,8,10,13,14,15,16
SCRIB	ENST00000356994	37	0		35	1,2,3,4,5,6,7,8,9,10,11,12,13,14,15,16,17,18,19,20,21,22,23,24,25,26,27,28,30,31,32,33,35,36,37	37	1,2,3,4,5,6,7,8,9,10,11,12,13,14,15,16,17,18,19,20,21,22,23,24,25,26,27,28,29,30,31,32,33,34,35,36,37
SCUBE3	ENST00000274938	22	0		0		2	20,21
SCYL1	ENST00000270176	18	0		0		4	1,7,16,18
SCYL2	ENST00000360820	17	0		0		8	2,3,4,5,11,12,15,18
SDC3	ENST00000339394	5	0		0		2	1,5
SDCCAG8	ENST00000366541	18	0		18	1,2,3,4,5,6,7,8,9,10,11,12,13,14,15,16,17,18	18	1,2,3,4,5,6,7,8,9,10,11,12,13,14,15,16,17,18
SDHA	ENST00000264932	15	0		0		6	3,6,7,10,11,14
SDHAF1	ENST00000378887	1	0		0		1	1
SDHAF2	ENST00000301761	4	0		0		1	4
SDHB	ENST00000375499	8	0		0		4	2,5,7,8
SDHC	ENST00000367975	6	0		0		1	3
SDHD	ENST00000375549	4	0		0		1	1
SDK2	ENST00000392650	45	0		0		18	2,6,7,9,10,13,14,15,16,27,29,31,32,36,38,39,41,42
SDR9C7	ENST00000293502	4	0		0		2	1,3
SEC16B	ENST00000308284	25	0		0		9	4,7,10,11,12,14,18,19,21
SEC23A	ENST00000307712	19	0		0		6	2,3,11,17,19,20
SEC23B	ENST00000650089	19	0		0		6	2,3,4,15,18,19
SEC24C	ENST00000345254	22	0		0		3	3,4,5
SEC24D	ENST00000280551	22	0		0		6	11,12,13,15,22,23
SEC31A	ENST00000395310	26	0		0		9	7,11,12,13,14,15,20,25,26
SEC61A1	ENST00000243253	12	0		0		7	2,3,6,7,8,11,12
SEC61B	ENST00000223641	4	0		0		2	2,3
SEC63	ENST00000369002	21	0		0		3	3,4,14
SECISBP2	ENST00000375807	17	0		0		5	4,12,14,16,17
SEL1L	ENST00000336735	21	0		0		2	1,13
SELENBP1	ENST00000368868	12	0		0		3	2,11,12
SELENOI	ENST00000260585	10	0		0		2	7,10
SELENON	ENST00000374315	12	0		0		3	3,7,8
SEMA3A	ENST00000265362	17	0		0		8	3,5,9,11,13,15,16,17
SEMA3D	ENST00000284136	17	0		1	9	5	7,9,10,12,13
SEMA3E	ENST00000643230	17	0		0		5	6,9,12,16,17
SEMA3F	ENST00000002829	18	0		0		4	10,17,18,19
SEMA4A	ENST00000368285	14	0		0		5	7,10,11,12,15
SEMA5A	ENST00000382496	21	0		0		14	3,4,8,9,10,12,13,14,15,16,17,18,19,20
SEMA6B	ENST00000586582	16	0		0		3	6,10,17
SEMA6D	ENST00000536845	18	0		0		6	3,4,8,11,12,19
SEMA7A	ENST00000261918	14	0		0		2	4,11
SENP7	ENST00000394095	24	0		0		11	2,5,6,7,8,9,14,19,21,23,24
SEPHS1	ENST00000327347	8	0		0		3	2,5,8
SEPSECS	ENST00000382103	11	0		0		4	5,7,8,11
SEPTIN12	ENST00000268231	9	0		0		1	10
SEPTIN4	ENST00000672673	14	0		0		3	1,11,12
SEPTIN9	ENST00000329047	11	0		0		0	
SEPTIN9	ENST00000427177	12	0		1	1	4	1,3,5,7
SERAC1	ENST00000647468	16	0		0		8	5,6,7,8,11,15,16,17
SERPINA1	ENST00000393087	4	0		2	2,5	4	2,3,4,5
SERPINA11	ENST00000334708	4	0		0		4	2,3,4,5
SERPINA12	ENST00000677451	4	0		0		3	2,4,5
SERPINA3	ENST00000393078	4	0		0		2	2,5
SERPINA6	ENST00000341584	4	0		4	2,3,4,5	4	2,3,4,5
SERPINA7	ENST00000372563	4	0		3	2,4,5	4	2,3,4,5
SERPINB6	ENST00000380539	6	0		0		3	2,6,7
SERPINB7	ENST00000398019	7	0		0		4	2,4,6,8
SERPINB8	ENST00000397985	6	0		0		2	5,6
SERPINC1	ENST00000367698	7	0		0		5	1,2,3,5,7
SERPIND1	ENST00000215727	4	0		0		2	2,3
SERPINE1	ENST00000223095	8	0		0		4	2,3,7,8
SERPINF1	ENST00000254722	7	0		1	2	4	2,3,5,8
SERPINF2	ENST00000453066	9	0		6	2,6,7,8,9,10	8	2,4,5,6,7,8,9,10
SERPING1	ENST00000278407	7	0		0		3	3,7,8
SERPINH1	ENST00000358171	4	0		0		4	2,3,4,5
SERPINI1	ENST00000446050	8	0		0		3	2,3,7
SET	ENST00000322030	8	0		0		2	3,5
SETBP1	ENST00000649279	5	0		0		3	2,4,6
SETD1A	ENST00000262519	18	0		0		4	4,7,8,11
SETD1B	ENST00000604567	16	0		0		10	2,3,6,7,8,9,10,12,15,17
SETD2	ENST00000409792	21	0		0		7	3,4,5,12,15,17,18
SETD5	ENST00000402198	21	0		0		5	17,18,19,20,23
SETD6	ENST00000219315	8	0		0		7	2,3,4,5,6,7,8
SETX	ENST00000224140	24	0		0		7	6,9,10,11,17,25,26
SEZ6	ENST00000317338	17	0		1	16	7	2,5,6,9,11,12,16
SF3B1	ENST00000335508	25	0		0		10	1,2,3,6,10,11,15,17,18,25
SF3B2	ENST00000322535	22	0		0		4	1,3,7,20
SF3B4	ENST00000271628	6	0		0		0	
SFRP4	ENST00000436072	6	0		0		2	1,6
SFTPA1	ENST00000398636	4	0		0		1	6
SFTPA2	ENST00000372325	4	0		0		2	3,4
SFTPB	ENST00000519937	10	0		0		2	5,6
SFTPC	ENST00000679463	5	0		0		0	
SFXN4	ENST00000355697	14	0		0		5	1,5,6,10,12
SGCA	ENST00000262018	9	0		0		2	7,9
SGCB	ENST00000381431	6	0		0		2	1,4
SGCD	ENST00000337851	8	0		0		2	4,9
SGCE	ENST00000648936	11	0		0		3	5,6,7
SGCG	ENST00000218867	7	0		0		1	8
SGK3	ENST00000521198	16	0		0		5	4,7,10,12,16
SGMS1	ENST00000361781	5	0		0		2	7,11
SGMS2	ENST00000690982	5	0		0		2	3,7
SGO1	ENST00000412997	7	0		1	5	5	2,3,5,7,8
SGO2	ENST00000357799	8	0		0		6	3,4,6,7,8,9
SGPL1	ENST00000373202	14	0		0		3	8,10,12
SGSH	ENST00000326317	8	0		0		3	3,7,8
SGSM3	ENST00000248929	21	0		0		3	5,17,21
SH2B1	ENST00000684370	8	0		0		1	2
SH2B3	ENST00000341259	7	0		0		4	2,6,7,8
SH2D1A	ENST00000371139	4	0		0		4	1,2,3,4
SH3BP2	ENST00000503393	12	0		0		2	3,4
SH3GL1	ENST00000269886	10	0		0		1	4
SH3KBP1	ENST00000397821	18	0		6	2,5,7,13,16,18	18	1,2,3,4,5,6,7,8,9,10,11,12,13,14,15,16,17,18
SH3PXD2B	ENST00000311601	13	0		0		5	2,9,10,12,13
SH3TC2	ENST00000515425	17	0		0		6	10,11,12,13,15,17
SHANK1	ENST00000293441	23	0		0		4	2,22,23,24
SHANK2	ENST00000601538	24	0		0		12	3,4,7,11,12,13,14,15,18,22,25,26
SHANK3	NM_001372044.2	24	2	12,13	2	12,13	10	3,5,9,10,12,13,14,18,23,24
SHARPIN	ENST00000398712	8	0		0		1	2
SHH	ENST00000297261	3	0		0		3	1,2,3
SHMT2	ENST00000328923	12	0		0		2	6,7
SHOC1	ENST00000682961	27	0		0		17	3,5,6,7,9,11,13,14,15,16,17,18,19,20,21,25,27
SHOC2	ENST00000369452	8	0		0		4	2,4,5,6
SHOX	ENST00000686671	5	0		0		2	1,5
SHOX2	ENST00000483851	5	0		0		4	1,2,4,5
SHPK	ENST00000225519	7	0		0		5	2,3,4,6,7
SHQ1	ENST00000325599	11	0		0		4	1,5,7,11
SHROOM3	ENST00000296043	11	0		0		4	2,5,7,11
SHROOM4	ENST00000376020	9	0		3	4,5,9	9	1,2,3,4,5,6,7,8,9
SI	ENST00000264382	47	0		1	7	20	2,5,6,7,8,12,14,15,24,26,27,28,30,31,33,35,39,42,46,48
SIAE	ENST00000263593	10	0		0		0	
SIAH1	ENST00000394725	1	0		0		1	2
SIGMAR1	ENST00000277010	4	0		0		2	2,4
SIK1	ENST00000270162	13	1	13	13	2,3,4,5,6,7,8,9,10,11,12,13,14	13	2,3,4,5,6,7,8,9,10,11,12,13,14
SIK3	ENST00000445177	24	0		0		7	6,7,8,10,20,21,23
SIL1	ENST00000394817	9	0		0		3	2,3,10
SIM1	ENST00000369208	11	0		0		5	2,6,7,9,12
SIN3A	ENST00000394947	20	0		0		8	2,3,5,6,10,13,16,21
SIN3B	ENST00000248054	19	0		0		14	1,2,5,6,7,8,9,10,11,12,13,14,15,18
SIPA1L3	ENST00000222345	20	0		0		11	3,4,5,7,9,10,14,15,16,17,22
SIRPG	ENST00000303415	5	0		0		2	3,4
SIRT1	ENST00000212015	9	0		0		4	1,2,6,9
SIX1	ENST00000645694	2	0		0		1	1
SIX2	ENST00000303077	2	0		0		2	1,2
SIX3	ENST00000260653	2	0		0		1	1
SIX5	ENST00000317578	3	0		0		2	1,2
SIX6	ENST00000327720	2	0		0		1	1
SKI	ENST00000378536	7	0		0		5	1,3,4,6,7
SKIC2	ENST00000375394	28	28	1,2,3,4,5,6,7,8,9,10,11,12,13,14,15,16,17,18,19,20,21,22,23,24,25,26,27,28	28	1,2,3,4,5,6,7,8,9,10,11,12,13,14,15,16,17,18,19,20,21,22,23,24,25,26,27,28	28	1,2,3,4,5,6,7,8,9,10,11,12,13,14,15,16,17,18,19,20,21,22,23,24,25,26,27,28
SKIC3	ENST00000358746	40	0		0		16	5,6,9,13,16,20,22,23,26,27,29,31,34,37,38,41
SKOR2	ENST00000425639	7	0		0		5	2,4,5,6,7
SLC10A1	ENST00000216540	5	0		0		2	1,5
SLC10A2	ENST00000245312	6	0		0		2	1,6
SLC10A7	ENST00000335472	12	0		0		5	2,3,4,5,12
SLC11A1	ENST00000233202	15	0		0		5	2,3,6,9,12
SLC11A2	ENST00000262052	15	0		0		1	10
SLC12A1	ENST00000380993	26	0		0		12	2,4,5,7,8,11,12,15,18,24,26,27
SLC12A2	ENST00000262461	27	0		0		9	1,6,7,8,10,13,17,22,24
SLC12A3	ENST00000563236	26	0		0		10	3,5,8,10,14,15,19,21,22,24
SLC12A5	ENST00000243964	26	0		0		6	6,12,19,23,25,26
SLC12A6	ENST00000354181	25	0		0		4	11,14,18,24
SLC12A9	ENST00000354161	13	0		0		3	5,9,14
SLC13A1	ENST00000194130	15	0		0		9	2,4,5,6,7,11,12,13,15
SLC13A3	ENST00000279027	13	0		0		5	1,3,5,9,10
SLC13A5	ENST00000433363	12	0		0		4	5,6,7,12
SLC14A1	ENST00000321925	8	0		0		3	4,8,10
SLC16A1	ENST00000369626	4	0		0		2	2,4
SLC16A12	ENST00000371790	6	0		0		3	6,7,8
SLC16A2	ENST00000587091	6	0		2	3,5	6	1,2,3,4,5,6
SLC17A3	ENST00000397060	11	0		0		4	3,4,7,11
SLC17A5	ENST00000355773	11	0		0		5	1,3,4,6,8
SLC17A8	ENST00000323346	12	0		0		5	1,3,5,8,11
SLC17A9	ENST00000370351	13	0		0		4	6,8,10,11
SLC18A2	ENST00000644641	15	0		0		4	4,12,13,15
SLC18A3	ENST00000374115	1	0		0		1	1
SLC19A1	ENST00000311124	5	0		0		2	2,6
SLC19A2	ENST00000236137	6	0		0		3	1,2,6
SLC19A3	ENST00000644224	5	0		0		3	3,5,6
SLC1A1	ENST00000262352	12	0		0		5	3,8,9,11,12
SLC1A2	ENST00000278379	11	0		0		3	2,4,7
SLC1A3	ENST00000265113	9	0		0		3	2,9,10
SLC1A4	ENST00000234256	8	0		0		5	1,4,5,6,8
SLC20A1	ENST00000272542	10	0		0		4	2,6,7,8
SLC20A2	ENST00000520262	10	0		0		6	2,4,6,7,8,11
SLC22A12	ENST00000377574	10	0		0		3	1,7,9
SLC22A4	ENST00000200652	10	0		0		8	1,2,3,4,6,7,8,10
SLC22A5	ENST00000245407	10	0		0		5	1,3,5,9,10
SLC24A1	ENST00000261892	9	0		0		2	2,9
SLC24A4	ENST00000532405	17	0		0		8	1,3,9,11,12,15,16,17
SLC24A5	ENST00000341459	9	0		0		5	1,2,6,7,8
SLC25A1	ENST00000215882	9	0		0		3	2,4,5
SLC25A10	ENST00000350690	11	0		0		2	2,10
SLC25A11	ENST00000225665	8	0		0		2	1,2
SLC25A12	ENST00000422440	18	0		0		7	1,4,7,14,15,17,18
SLC25A13	ENST00000265631	18	0		0		2	2,18
SLC25A15	ENST00000338625	6	0		0		4	2,5,6,7
SLC25A19	ENST00000416858	6	0		0		2	6,7
SLC25A20	ENST00000319017	9	0		0		1	4
SLC25A21	ENST00000331299	10	0		0		7	3,4,5,6,7,8,9
SLC25A22	ENST00000628067	9	0		0		1	5
SLC25A24	ENST00000565488	10	0		0		4	6,7,9,10
SLC25A26	ENST00000354883	10	0		0		4	1,3,4,5
SLC25A3	ENST00000228318	7	0		0		0	
SLC25A3	ENST00000552981	7	0		0		2	2,7
SLC25A32	ENST00000297578	7	0		0		2	1,5
SLC25A36	ENST00000324194	7	0		0		3	1,3,6
SLC25A38	ENST00000650617	7	0		0		2	1,5
SLC25A4	ENST00000281456	4	0		0		4	1,2,3,4
SLC25A42	ENST00000318596	7	0		0		2	6,8
SLC25A46	ENST00000355943	8	0		0		5	1,2,4,6,8
SLC25A5	ENST00000317881	4	0		2	1,2	4	1,2,3,4
SLC26A1	ENST00000398516	2	0		0		0	
SLC26A2	ENST00000286298	2	0		0		2	2,3
SLC26A3	ENST00000340010	20	0		0		6	5,11,12,16,19,21
SLC26A4	ENST00000644269	20	0		0		10	3,5,7,9,12,13,14,16,17,19
SLC26A5	ENST00000306312	18	0		0		4	3,10,18,20
SLC26A6	ENST00000395550	21	0		0		0	
SLC26A7	ENST00000276609	18	0		0		6	3,12,13,14,17,18
SLC26A8	ENST00000490799	19	0		0		6	3,5,6,11,17,20
SLC26A9	ENST00000367135	20	0		0		5	9,10,14,15,17
SLC27A4	ENST00000300456	12	0		0		7	2,3,4,5,7,8,13
SLC28A1	ENST00000394573	17	0		0		7	3,5,12,13,14,15,17
SLC29A3	ENST00000373189	6	0		0		4	2,3,4,6
SLC2A1	ENST00000426263	10	0		0		5	4,5,7,9,10
SLC2A10	ENST00000359271	5	0		0		1	2
SLC2A2	ENST00000314251	11	0		0		5	6,7,8,9,11
SLC2A3	ENST00000075120	10	0		0		4	1,3,7,9
SLC2A6	ENST00000371899	10	0		0		4	2,5,6,7
SLC2A9	ENST00000264784	12	0		0		3	6,7,10
SLC30A10	ENST00000366926	4	0		0		4	1,2,3,4
SLC30A2	ENST00000374276	8	0		0		1	7
SLC30A5	ENST00000396591	16	0		0		8	1,4,5,6,9,10,12,16
SLC30A7	ENST00000357650	11	0		0		6	1,2,3,4,6,10
SLC30A8	ENST00000456015	8	0		0		2	3,8
SLC30A9	ENST00000264451	18	0		0		5	1,5,9,12,17
SLC31A1	ENST00000374212	4	0		0		1	5
SLC32A1	ENST00000217420	2	0		0		2	1,2
SLC33A1	ENST00000643144	6	0		0		3	1,2,3
SLC34A1	ENST00000324417	12	0		0		4	4,5,11,13
SLC34A2	ENST00000382051	12	0		0		6	2,6,7,9,12,13
SLC34A3	ENST00000673835	12	0		0		3	4,6,7
SLC35A1	ENST00000369552	8	0		0		2	6,7
SLC35A2	ENST00000247138	5	0		0		4	1,2,3,4
SLC35A3	ENST00000533028	7	0		0		2	4,6
SLC35B2	ENST00000393812	4	0		0		1	4
SLC35C1	ENST00000314134	2	0		0		2	1,2
SLC35D1	ENST00000235345	12	0		0		1	1
SLC35F1	ENST00000360388	8	0		0		3	3,4,8
SLC35F5	ENST00000245680	15	0		0		6	1,2,4,6,7,11
SLC35G2	ENST00000446465	1	0		0		1	2
SLC36A2	ENST00000335244	10	0		0		3	1,2,6
SLC37A3	ENST00000326232	14	0		0		1	6
SLC37A4	NM_001164277.2	9	0		0		5	1,4,5,7,8
SLC38A12	ENST00000335464	9	0		0		3	3,5,10
SLC38A3	ENST00000614032	15	0		0		0	
SLC38A8	ENST00000299709	10	0		0		4	3,9,10,11
SLC39A12	ENST00000377369	12	0		0		6	2,5,6,9,10,12
SLC39A13	ENST00000362021	9	0		0		2	2,10
SLC39A14	ENST00000359741	8	0		0		1	4
SLC39A14	ENST00000381237	8	0		0		5	2,3,4,6,7
SLC39A4	ENST00000301305	12	0		0		2	1,12
SLC39A5	ENST00000454355	10	0		0		3	5,9,11
SLC39A7	ENST00000374677	7	7	1,2,3,4,5,6,7	7	1,2,3,4,5,6,7	7	1,2,3,4,5,6,7
SLC39A8	ENST00000356736	8	0		0		3	2,8,9
SLC3A1	ENST00000260649	10	0		0		7	1,2,3,4,5,7,10
SLC40A1	ENST00000261024	8	0		0		4	1,3,7,8
SLC41A1	ENST00000367137	10	0		0		3	2,5,10
SLC44A1	ENST00000374720	16	0		0		7	1,7,9,11,12,14,15
SLC44A4	ENST00000229729	21	21	1,2,3,4,5,6,7,8,9,10,11,12,13,14,15,16,17,18,19,20,21	21	1,2,3,4,5,6,7,8,9,10,11,12,13,14,15,16,17,18,19,20,21	21	1,2,3,4,5,6,7,8,9,10,11,12,13,14,15,16,17,18,19,20,21
SLC45A1	ENST00000471889	8	0		1	5	7	2,4,5,6,7,8,9
SLC45A2	ENST00000296589	7	0		4	4,5,6,7	5	1,4,5,6,7
SLC46A1	ENST00000612814	5	0		0		1	2
SLC49A4	ENST00000261038	9	0		0		3	1,3,4
SLC4A1	ENST00000262418	19	0		0		1	19
SLC4A10	ENST00000446997	26	0		0		6	2,4,12,15,16,23
SLC4A11	ENST00000642402	20	0		0		6	5,8,12,13,16,18
SLC4A2	ENST00000413384	22	0		0		5	8,9,10,16,19
SLC4A3	ENST00000358055	22	0		0		4	3,13,21,22
SLC4A4	ENST00000264485	24	0		0		2	3,4
SLC4A4	ENST00000340595	22	0		0		9	1,3,5,6,7,15,17,19,20
SLC4A7	ENST00000454389	26	0		0		4	8,11,17,20
SLC4A8	ENST00000453097	25	0		0		8	5,6,8,12,16,21,22,23
SLC51A	ENST00000296327	9	0		0		1	6
SLC51B	ENST00000334287	3	0		0		0	
SLC52A1	ENST00000254853	4	0		0		2	4,5
SLC52A2	ENST00000643944	4	0		0		0	
SLC52A3	ENST00000645534	4	0		0		3	2,3,5
SLC5A1	ENST00000266088	15	0		0		2	4,12
SLC5A2	ENST00000330498	14	0		0		6	1,7,10,11,13,14
SLC5A5	ENST00000222248	15	0		0		5	6,7,13,14,15
SLC5A6	ENST00000310574	15	0		0		3	3,14,16
SLC5A7	ENST00000264047	8	0		1	8	3	2,4,8
SLC66A1	ENST00000375153	7	0		0		2	2,7
SLC67A1	ENST00000649076	10	3	2,4,7	9	2,3,4,5,6,7,9,10,11	10	2,3,4,5,6,7,8,9,10,11
SLC6A1	ENST00000287766	14	0		0		5	3,6,7,12,16
SLC6A14	ENST00000598581	14	0		4	1,4,8,11	14	1,2,3,4,5,6,7,8,9,10,11,12,13,14
SLC6A17	ENST00000331565	11	0		0		4	2,7,8,12
SLC6A19	ENST00000304460	12	0		0		3	1,7,8
SLC6A2	ENST00000568943	14	0		0		5	2,4,5,7,10
SLC6A20	ENST00000358525	11	0		0		7	1,5,6,7,8,10,11
SLC6A3	ENST00000270349	14	2	8,11	14	2,3,4,5,6,7,8,9,10,11,12,13,14,15	14	2,3,4,5,6,7,8,9,10,11,12,13,14,15
SLC6A4	ENST00000650711	13	0		0		6	3,5,6,8,9,14
SLC6A5	ENST00000525748	16	0		0		5	2,6,8,10,16
SLC6A6	ENST00000622186	13	0		0		5	3,5,7,8,11
SLC6A8	ENST00000253122	13	0		0		13	1,2,3,4,5,6,7,8,9,10,11,12,13
SLC6A9	ENST00000372310	13	0		0		2	4,6
SLC7A14	ENST00000231706	7	0		0		3	3,7,8
SLC7A3	ENST00000374299	11	0		2	6,11	11	2,3,4,5,6,7,8,9,10,11,12
SLC7A5	ENST00000261622	10	0		0		3	1,3,5
SLC7A6OS	ENST00000263997	5	0		0		2	1,3
SLC7A7	ENST00000674313	9	0		0		2	2,3
SLC7A9	ENST00000023064	12	0		0		8	3,4,6,8,9,10,12,13
SLC9A1	ENST00000263980	12	0		0		6	1,2,3,5,8,9
SLC9A3	ENST00000264938	17	0		1	1	8	1,2,6,7,8,9,14,16
SLC9A6	ENST00000630721	17	0		2	9,12	16	2,3,4,6,7,8,9,10,11,12,13,14,15,16,17,18
SLC9A7	ENST00000616978	17	0		3	1,3,7	17	1,2,3,4,5,6,7,8,9,10,11,12,13,14,15,16,17
SLC9A9	ENST00000316549	16	0		0		4	2,3,8,16
SLC9D1	ENST00000434316	12	0		0		4	2,9,10,13
SLCO1B1	ENST00000256958	14	0		0		7	3,4,5,8,10,12,14
SLCO1B3	ENST00000381545	14	0		0		6	4,5,6,9,11,15
SLCO1C1	ENST00000266509	14	0		0		5	6,8,9,12,15
SLCO2A1	ENST00000310926	14	0		0		5	2,3,4,8,11
SLF2	ENST00000238961	20	0		0		6	1,3,6,8,9,12
SLFN14	ENST00000674182	4	0		0		4	3,4,5,6
SLIRP	ENST00000557342	4	0		0		4	1,2,3,4
SLIT2	ENST00000504154	37	0		0		14	1,2,3,5,6,14,18,20,22,23,28,31,32,35
SLIT3	ENST00000519560	36	0		0		11	1,8,9,13,15,16,17,18,31,32,36
SLITRK1	ENST00000674365	1	0		0		1	2
SLITRK2	ENST00000335565	1	0		1	5	1	5
SLITRK3	ENST00000475390	1	0		0		1	2
SLITRK6	ENST00000647374	1	0		0		1	2
SLK	ENST00000369755	19	0		0		7	7,9,10,14,15,16,17
SLMAP	ENST00000671191	23	0		0		8	2,9,16,18,19,20,21,24
SLPI	ENST00000338380	4	0		0		2	2,3
SLURP1	ENST00000246515	3	0		0		1	3
SLX4	ENST00000294008	14	0		0		12	2,4,5,6,7,8,9,11,12,13,14,15
SMAD1	ENST00000302085	6	0		0		2	3,6
SMAD2	ENST00000262160	10	0		0		1	5
SMAD3	ENST00000327367	9	0		0		6	1,2,4,6,7,8
SMAD4	ENST00000342988	11	0		0		1	11
SMAD6	ENST00000288840	4	0		0		2	1,4
SMAD7	ENST00000262158	4	0		0		2	1,4
SMAD9	ENST00000379826	6	0		0		6	2,3,4,5,6,7
SMARCA1	ENST00000371121	25	0		6	1,3,5,14,17,19	24	1,2,3,4,5,6,7,8,10,11,12,13,14,15,16,17,18,19,20,21,22,23,24,25
SMARCA2	ENST00000349721	33	0		0		12	2,4,5,7,8,9,11,18,22,25,27,30
SMARCA4	ENST00000344626	34	0		0		0	
SMARCA4	ENST00000646693	35	0		0		15	2,4,5,7,15,16,18,19,20,25,28,29,31,35,36
SMARCA5	ENST00000283131	24	0		0		11	1,2,3,6,7,17,18,19,20,21,22
SMARCAD1	ENST00000354268	23	0		0		11	2,9,10,11,13,14,15,17,19,21,22
SMARCAL1	ENST00000357276	16	0		0		7	3,6,7,9,10,15,18
SMARCB1	ENST00000644036	9	0		9	1,2,3,4,5,6,7,8,9	9	1,2,3,4,5,6,7,8,9
SMARCC1	ENST00000254480	28	0		0		13	1,3,4,6,7,8,15,20,21,22,26,27,28
SMARCC2	ENST00000550164	29	0		0		4	21,22,27,28
SMARCD1	ENST00000394963	13	0		0		2	1,8
SMARCD2	ENST00000448276	13	0		0		5	6,9,10,11,12
SMARCE1	ENST00000348513	10	0		0		3	4,6,8
SMC1A	ENST00000322213	25	0		7	1,2,3,11,17,20,24	25	1,2,3,4,5,6,7,8,9,10,11,12,13,14,15,16,17,18,19,20,21,22,23,24,25
SMC1B	ENST00000357450	25	0		0		10	3,5,6,11,13,15,16,22,23,24
SMC3	ENST00000361804	29	0		0		12	3,5,6,7,9,10,14,18,25,26,27,28
SMC5	ENST00000361138	25	0		0		12	1,4,5,6,7,12,13,14,15,22,24,25
SMCHD1	ENST00000320876	48	0		0		15	4,6,8,11,17,18,19,20,21,23,29,39,45,47,48
SMDT1	ENST00000331479	2	2	1,2	2	1,2	2	1,2
SMG8	ENST00000300917	4	0		0		3	1,3,4
SMG9	ENST00000270066	13	0		0		2	2,13
SMIM1	ENST00000642557	2	0		0		0	
SMN1	ENST00000380707	8	5	1,2,4,5,7	8	1,2,3,4,5,6,7,8	8	1,2,3,4,5,6,7,8
SMN2	ENST00000380743	8	3	2,4,5	8	1,2,3,4,5,6,7,8	8	1,2,3,4,5,6,7,8
SMO	ENST00000249373	12	0		0		6	2,4,5,7,9,10
SMOC1	ENST00000361956	12	0		0		4	2,5,8,11
SMOC2	ENST00000356284	13	0		0		4	4,5,9,10
SMPD1	ENST00000342245	6	0		0		4	1,2,5,6
SMPD4	ENST00000680298	19	0		0		9	3,5,9,12,14,15,18,19,20
SMPDL3A	ENST00000368440	8	0		0		2	6,7
SMPX	ENST00000379494	3	0		0		3	2,3,4
SMS	ENST00000404933	11	0		0		11	1,2,3,4,5,6,7,8,9,10,11
SMURF2	ENST00000262435	19	0		0		3	11,12,16
SMYD1	ENST00000419482	10	0		0		5	2,3,4,6,10
SNAI1	ENST00000244050	3	0		0		3	1,2,3
SNAI2	ENST00000020945	3	0		0		1	2
SNAP25	ENST00000254976	7	0		0		1	6
SNAP29	ENST00000215730	5	0		0		3	1,2,4
SNAPC4	ENST00000684778	22	0		0		7	4,8,9,10,14,18,19
SNAPIN	ENST00000368685	4	0		0		1	1
SNCA	ENST00000394991	5	0		0		3	4,5,6
SNCB	ENST00000393693	5	0		0		0	
SNF8	ENST00000502492	8	0		0		2	3,6
SNIP1	ENST00000296215	4	0		0		3	1,3,4
SNRNP200	ENST00000323853	45	0		0		18	1,2,3,12,13,16,17,18,19,20,26,27,28,29,30,32,33,39
SNRPA	ENST00000243563	6	0		0		2	2,6
SNRPB	ENST00000381342	7	0		0		3	3,4,7
SNRPE	ENST00000414487	5	0		0		1	5
SNRPN	ENST00000390687	7	0		0		1	7
SNTA1	ENST00000217381	8	0		0		5	2,4,6,7,8
SNUPN	ENST00000308588	8	0		0		2	7,9
SNX10	ENST00000338523	6	0		0		2	5,6
SNX14	ENST00000314673	29	0		0		15	1,4,5,6,8,11,13,14,15,18,21,22,23,25,28
SNX27	ENST00000458013	12	0		0		5	2,3,6,7,8
SNX3	ENST00000230085	4	0		0		1	2
SOBP	ENST00000317357	6	0		0		3	1,2,6
SOCS1	ENST00000332029	1	0		0		1	2
SOCS4	ENST00000555846	1	0		0		1	3
SOD1	ENST00000270142	5	0		0		2	2,5
SOD2	ENST00000538183	5	0		0		1	2
SOD3	ENST00000382120	1	0		0		1	2
SOHLH1	ENST00000425225	8	0		0		3	3,4,6
SOHLH2	ENST00000379881	11	0		0		7	1,2,4,5,6,9,10
SON	ENST00000356577	12	0		0		4	2,3,4,6
SORBS2	ENST00000695409	24	0		0		6	9,13,14,18,19,23
SORCS3	ENST00000369701	27	0		0		9	1,8,10,11,19,20,22,23,26
SORD	ENST00000267814	9	1	8	1	8	5	2,3,5,8,9
SORL1	ENST00000260197	48	0		0		8	1,6,19,20,22,41,44,47
SORT1	ENST00000256637	20	0		0		2	4,17
SOS1	ENST00000402219	23	0		0		12	1,2,3,5,6,7,9,10,11,12,16,17
SOS2	ENST00000216373	23	0		0		11	3,5,6,7,11,13,17,18,20,22,23
SOST	ENST00000301691	2	0		0		2	1,2
SOX10	ENST00000396884	3	0		0		2	2,3
SOX11	ENST00000322002	1	0		0		1	1
SOX12	ENST00000342665	1	0		0		1	1
SOX17	ENST00000297316	2	0		0		2	1,2
SOX18	ENST00000340356	2	0		0		1	2
SOX2	ENST00000325404	1	0		0		1	1
SOX3	ENST00000370536	1	0		1	1	1	1
SOX4	ENST00000244745	1	0		0		1	1
SOX5	ENST00000451604	15	0		0		4	2,6,7,12
SOX6	ENST00000683767	15	0		0		5	2,12,13,14,15
SOX7	ENST00000304501	2	0		0		2	1,2
SOX8	ENST00000293894	3	0		0		1	3
SOX9	ENST00000245479	3	0		0		2	1,2
SP110	ENST00000258381	18	0		0		5	7,10,13,16,17
SP6	ENST00000536300	1	0		0		1	2
SP7	ENST00000536324	2	0		0		1	3
SP9	ENST00000394967	2	0		0		1	2
SPACA1	ENST00000237201	7	0		0		2	1,7
SPAG1	ENST00000388798	18	0		0		8	2,3,5,11,12,14,15,17
SPAG17	ENST00000336338	48	0		0		15	1,3,6,7,8,11,14,18,19,22,26,27,29,43,48
SPAG7	ENST00000206020	7	0		0		3	1,2,7
SPAG9	ENST00000262013	30	0		0		9	1,2,7,12,14,15,16,22,26
SPARC	ENST00000231061	9	0		0		1	7
SPARCL1	ENST00000282470	10	0		0		3	4,5,10
SPART	ENST00000438666	8	0		0		4	2,5,6,7
SPAST	ENST00000315285	17	0		0		8	1,5,6,9,10,11,14,15
SPATA13	ENST00000382108	12	0		0		8	2,3,4,5,6,9,10,11
SPATA16	ENST00000351008	10	0		0		3	7,8,11
SPATA22	ENST00000572969	8	0		0		4	6,7,8,9
SPATA3	ENST00000433428	3	0		0		3	1,2,3
SPATA7	ENST00000393545	12	0		0		6	1,2,6,7,10,12
SPATC1L	ENST00000291672	4	0		4	2,3,4,5	4	2,3,4,5
SPDL1	ENST00000265295	11	0		0		6	3,6,8,10,11,12
SPECC1L	ENST00000314328	15	0		0		8	5,6,10,11,12,14,15,16
SPEF2	ENST00000356031	37	0		0		14	1,4,8,9,14,16,18,19,24,25,26,30,33,35
SPEG	ENST00000312358	41	0		0		8	4,6,13,14,25,29,30,31
SPEN	ENST00000375759	15	0		0		6	2,3,4,5,11,13
SPG11	ENST00000261866	40	0		0		16	1,2,4,11,12,14,15,21,22,25,30,31,32,34,39,40
SPG21	ENST00000204566	8	0		0		2	5,7
SPG7	ENST00000645818	17	0		0		9	3,4,5,7,9,10,13,15,17
SPI1	ENST00000378538	5	0		0		0	
SPIDR	ENST00000297423	20	0		0		7	6,7,9,10,15,16,18
SPIN4	ENST00000374884	1	0		1	1	1	1
SPINK1	ENST00000296695	4	0		0		1	2
SPINK2	ENST00000506738	4	0		0		1	4
SPINK5	ENST00000256084	33	0		0		9	3,4,9,14,21,23,27,30,32
SPINT2	ENST00000301244	7	0		0		1	3
SPNS2	ENST00000329078	12	0		0		1	6
SPOP	ENST00000504102	9	0		0		4	3,4,8,10
SPOUT1	ENST00000361256	12	0		0		1	5
SPP1	ENST00000395080	6	0		0		5	3,4,5,6,7
SPP2	ENST00000168148	7	0		0		0	
SPPL2A	ENST00000261854	15	0		0		7	2,3,4,6,7,12,15
SPR	ENST00000234454	3	0		0		2	2,3
SPRED1	ENST00000299084	7	0		0		5	2,3,4,5,7
SPRED2	ENST00000356388	6	0		0		3	4,5,6
SPRTN	ENST00000295050	5	0		0		3	1,3,5
SPRY1	ENST00000651917	1	0		0		1	3
SPRY2	ENST00000377104	1	0		0		1	2
SPRY4	ENST00000434127	1	0		0		1	2
SPTA1	ENST00000643759	52	0		0		21	1,2,3,6,8,16,17,19,21,22,29,30,33,36,37,39,41,44,46,47,48
SPTAN1	ENST00000372739	56	0		0		22	4,5,10,14,16,17,22,30,31,33,40,41,42,43,47,48,49,52,53,54,55,56
SPTB	ENST00000644917	35	0		0		14	3,4,11,16,17,19,21,23,25,26,27,28,29,32
SPTBN1	ENST00000356805	35	0		0		16	4,9,10,11,14,15,16,17,18,20,21,23,26,27,28,31
SPTBN2	ENST00000533211	36	0		0		15	5,10,13,14,15,17,22,24,26,27,28,31,32,35,38
SPTBN4	ENST00000598249	35	0		0		14	2,4,9,10,12,13,14,16,19,20,23,26,34,35
SPTBN5	ENST00000320955	67	0		0		14	2,5,6,7,8,9,17,23,36,39,40,54,56,63
SPTLC1	ENST00000262554	15	0		0		6	1,8,10,11,13,14
SPTLC2	ENST00000216484	12	0		0		2	1,11
SPTSSA	ENST00000298130	2	0		0		0	
SQOR	ENST00000260324	9	0		0		3	3,6,7
SQSTM1	ENST00000389805	8	0		0		5	3,4,6,7,8
SRA1	ENST00000336283	5	0		0		3	1,3,5
SRC	ENST00000373578	11	0		0		3	4,5,13
SRCAP	ENST00000262518	32	0		0		12	4,5,6,13,14,18,25,26,27,28,29,34
SRD5A2	ENST00000622030	5	0		0		3	1,4,5
SRD5A3	ENST00000264228	5	0		0		3	1,3,4
SREBF1	ENST00000261646	19	0		1	11	4	10,11,12,19
SREBF2	ENST00000361204	19	0		0		8	3,5,10,11,12,14,17,19
SRF	ENST00000265354	7	0		0		3	1,2,3
SRGAP1	ENST00000355086	22	0		1	2	12	1,2,3,4,6,8,9,15,17,18,19,21
SRP19	ENST00000505459	5	0		0		1	3
SRP54	ENST00000216774	15	0		0		2	5,14
SRP68	ENST00000307877	16	0		0		6	1,3,11,12,13,16
SRP72	ENST00000642900	19	0		0		6	1,5,8,9,14,18
SRPK3	ENST00000370101	15	0		0		14	1,2,3,4,5,6,7,9,10,11,12,13,14,15
SRPRA	ENST00000332118	14	0		0		4	1,3,10,13
SRPX2	ENST00000373004	10	0		4	3,7,10,11	10	2,3,4,5,6,7,8,9,10,11
SRRM2	ENST00000301740	14	0		0		2	4,11
SRSF1	ENST00000258962	4	0		0		4	1,2,3,4
SRY	ENST00000383070	1	1	1	1	1	1	1
SS18	ENST00000415083	11	0		0		3	1,4,7
SS18L1	ENST00000331758	11	0		0		1	4
SSBP1	ENST00000265304	6	0		5	2,3,4,5,6	5	2,3,4,5,6
SSR3	ENST00000265044	5	0		0		1	1
SSR4	ENST00000370086	6	0		0		6	1,2,3,4,5,6
SSTR5	ENST00000689027	1	0		0		1	2
SSUH2	ENST00000544814	12	0		0		5	1,2,3,8,9
SSX1	ENST00000376919	6	0		1	3	6	2,3,4,5,6,7
SSX2	ENST00000337502	6	0		0		5	2,3,5,6,7
ST14	ENST00000278742	19	0		0		7	2,5,6,11,17,18,19
ST3GAL3	ENST00000347631	11	0		0		1	8
ST3GAL5	ENST00000638572	7	0		0		2	2,6
ST7	ENST00000323984	16	0		0		5	1,3,10,12,15
ST8SIA2	ENST00000268164	6	0		0		1	4
STAB1	ENST00000321725	69	0		0		6	18,20,29,51,52,65
STAC3	ENST00000332782	11	0		0		4	2,3,10,11
STAG1	ENST00000383202	33	0		0		13	2,5,9,13,14,15,16,21,22,25,30,32,33
STAG2	ENST00000371145	33	0		7	4,8,9,20,28,30,34	30	3,4,5,6,7,8,9,10,11,13,14,15,16,17,18,19,20,23,24,25,26,27,28,29,30,31,32,33,34,35
STAG3	ENST00000615138	33	0		0		4	5,20,28,30
STAMBP	ENST00000394070	9	0		0		1	7
STAR	ENST00000276449	7	0		0		5	2,3,4,5,7
STARD7	ENST00000337288	8	0		0		2	1,4
STAT1	ENST00000361099	23	0		0		4	4,9,11,24
STAT2	ENST00000314128	23	0		0		4	7,8,13,19
STAT3	ENST00000264657	23	0		0		12	6,7,8,9,10,11,12,16,17,18,20,21
STAT4	ENST00000392320	23	0		0		11	6,7,8,11,12,13,17,19,20,21,23
STAT5B	ENST00000293328	18	0		0		7	4,5,8,9,11,13,18
STAT6	ENST00000300134	21	0		0		3	2,11,13
STEAP3	ENST00000393110	5	0		0		5	2,3,4,5,6
STEEP1	ENST00000644802	7	0		1	5	6	1,2,3,5,6,7
STIL	ENST00000371877	16	0		0		8	3,9,10,11,14,15,16,17
STIM1	ENST00000526596	13	0		0		6	1,2,6,7,10,13
STING1	ENST00000330794	6	0		0		4	3,6,7,8
STK11	ENST00000326873	9	0		0		2	1,6
STK33	ENST00000687296	12	0		0		5	5,10,11,12,14
STK36	ENST00000295709	26	0		0		6	4,6,9,11,16,26
STK4	ENST00000372806	11	0		0		2	5,8
STKLD1	ENST00000371957	18	0		0		4	9,10,12,17
STN1	ENST00000224950	9	0		0		4	3,4,6,7
STOX1	ENST00000298596	4	1	1	1	1	2	1,3
STRA6	ENST00000395105	18	0		0		4	6,8,17,18
STRA8	ENST00000662584	8	0		0		2	3,6
STRADA	ENST00000336174	12	0		0		4	7,9,10,11
STRC	ENST00000450892	29	0		0		6	4,10,11,18,21,28
STS	ENST00000674429	9	0		4	5,6,9,10	8	3,4,5,6,8,9,10,11
STT3A	ENST00000392708	17	0		0		3	2,4,12
STT3B	ENST00000295770	16	0		0		8	1,2,4,6,9,10,14,16
STUB1	ENST00000219548	7	0		0		3	2,3,6
STX11	ENST00000367568	1	0		0		1	2
STX16	ENST00000371141	9	0		0		3	1,5,8
STX1A	ENST00000222812	10	0		0		1	5
STX1B	ENST00000215095	10	0		0		3	3,7,8
STX2	ENST00000392373	10	0		0		3	3,4,6
STX3	ENST00000337979	10	0		0		2	5,6
STX4	ENST00000313843	10	0		0		2	7,10
STX5	ENST00000294179	10	0		0		3	2,6,10
STXBP1	ENST00000373299	19	0		0		0	
STXBP1	ENST00000373302	19	0		0		3	4,17,19
STXBP2	ENST00000221283	19	0		0		2	14,16
STXBP3	ENST00000370008	19	0		0		5	4,6,7,8,14
SUCLA2	ENST00000646932	11	0		0		2	1,11
SUCLG1	ENST00000393868	9	0		0		3	4,7,8
SUCO	ENST00000263688	24	0		0		12	1,3,4,6,7,10,16,17,18,19,22,24
SUFU	ENST00000369902	12	0		1	8	5	3,5,8,9,12
SUGCT	ENST00000335693	14	0		0		4	1,2,11,12
SULT2B1	ENST00000201586	7	0		0		5	1,2,3,6,7
SUMF1	ENST00000272902	9	0		0		3	1,2,9
SUMO1	ENST00000392246	5	0		0		1	4
SUMO4	ENST00000326669	1	0		0		1	1
SUN1	ENST00000401592	19	0		0		8	2,8,9,11,14,17,18,19
SUN5	ENST00000356173	13	0		0		3	1,2,12
SUOX	ENST00000266971	3	0		0		1	5
SUPT16H	ENST00000216297	26	0		0		3	6,7,20
SUPT7L	ENST00000337768	5	0		0		1	4
SURF1	ENST00000371974	9	0		0		2	3,7
SUZ12	ENST00000322652	16	0		0		10	3,4,6,7,8,11,12,14,15,16
SV2A	ENST00000369146	12	0		0		2	2,3
SVBP	ENST00000372521	2	0		0		0	
SVIL	ENST00000355867	35	0		0		17	6,8,9,15,16,18,19,21,22,23,27,29,30,31,32,33,37
SYCE1	ENST00000343131	13	0		0		5	1,5,9,12,13
SYCP2	ENST00000357552	43	0		0		20	5,6,8,9,11,13,15,16,24,26,27,31,32,33,34,38,40,41,42,44
SYCP2L	ENST00000283141	29	0		0		10	3,4,5,7,13,17,18,19,22,23
SYCP3	ENST00000392924	8	0		0		2	6,8
SYDE2	ENST00000341460	7	0		0		5	1,2,3,4,6
SYK	ENST00000375754	13	0		0		4	2,4,8,14
SYN1	ENST00000295987	13	0		2	4,10	13	1,2,3,4,5,6,7,8,9,10,11,12,13
SYN2	ENST00000621198	13	0		0		5	1,4,11,12,13
SYNCRIP	ENST00000369622	10	0		0		4	2,6,7,11
SYNE1	ENST00000354674	18	0		0		1	1
SYNE1	ENST00000367255	144	0		0		71	6,8,13,27,28,29,30,31,32,34,36,37,38,40,41,42,43,45,46,47,48,50,54,55,56,58,59,60,61,67,68,69,72,73,74,76,77,78,79,82,83,84,85,86,90,92,93,94,95,99,100,105,110,112,114,119,120,122,123,124,125,126,127,128,129,134,136,137,143,144,146
SYNE2	ENST00000555002	115	0		0		59	2,7,11,13,14,15,16,18,21,28,29,30,33,35,38,39,42,43,45,46,47,48,49,51,52,53,54,55,58,60,62,63,67,68,70,73,76,77,80,81,83,85,88,90,94,95,96,97,98,101,103,104,106,109,111,112,113,114,116
SYNE4	ENST00000324444	8	0		0		2	1,4
SYNGAP1	ENST00000646630	19	1	17	13	5,6,7,8,9,11,12,13,15,16,17,18,19	19	1,2,3,4,5,6,7,8,9,10,11,12,13,14,15,16,17,18,19
SYNGR1	ENST00000328933	4	0		0		0	
SYNJ1	ENST00000674351	31	0		0		10	4,6,11,12,13,17,23,25,28,30
SYNPO	ENST00000307662	2	0		0		1	2
SYP	ENST00000263233	6	0		1	3	6	1,2,3,4,5,6
SYT1	ENST00000261205	8	0		0		5	4,5,7,9,11
SYT14	ENST00000367019	9	0		0		4	4,5,6,9
SYT2	ENST00000367268	8	0		0		4	5,6,7,9
SYTL4	ENST00000372989	16	0		6	6,7,9,14,18,19	15	5,6,7,8,9,11,12,13,14,15,16,17,18,19,20
SZT2	ENST00000634258	72	0		0		15	4,10,15,20,21,26,28,31,40,41,46,52,63,64,67
TAB2	ENST00000637181	6	0		0		6	2,3,4,5,6,7
TAC3	ENST00000458521	5	0		0		0	
TACO1	ENST00000258975	5	0		0		1	1
TACR3	ENST00000304883	5	0		0		3	1,4,5
TACSTD2	ENST00000371225	1	0		0		1	1
TAF1	ENST00000423759	38	0		3	5,9,38	36	1,2,3,4,5,6,7,8,9,10,11,12,13,14,15,16,18,19,20,21,22,23,24,25,26,27,28,29,30,31,33,34,35,36,37,38
TAF13	ENST00000338366	4	0		0		2	1,2
TAF15	ENST00000605844	16	0		12	1,2,3,4,5,6,8,10,11,13,14,15	16	1,2,3,4,5,6,7,8,9,10,11,12,13,14,15,16
TAF1A	ENST00000352967	10	0		0		4	4,7,10,11
TAF1C	ENST00000566732	14	0		0		2	2,7
TAF2	ENST00000378164	26	0		0		6	6,14,18,19,22,25
TAF4	ENST00000252996	15	0		9	6,7,8,9,10,11,12,14,15	13	1,4,5,6,7,8,9,10,11,12,13,14,15
TAF4B	ENST00000269142	15	0		0		6	1,5,6,9,13,15
TAF6	ENST00000453269	14	0		0		5	7,9,12,13,14
TAF8	ENST00000372977	9	0		0		3	5,6,8
TAFAZZIN	ENST00000601016	11	0		0		11	1,2,3,4,5,6,7,8,9,10,11
TAL1	ENST00000691006	3	0		0		0	
TAL2	ENST00000334077	1	0		0		1	1
TALDO1	ENST00000319006	8	0		0		5	2,4,5,6,7
TAMM41	ENST00000455809	8	0		5	1,2,3,4,5	5	1,2,3,4,5
TANC2	ENST00000689528	27	0		0		14	2,3,8,9,12,14,15,17,18,21,23,25,26,28
TANGO2	ENST00000327374	8	0		0		3	2,3,9
TAOK1	ENST00000261716	19	0		0		7	2,4,5,12,14,15,20
TAOK2	ENST00000308893	15	0		0		3	14,15,16
TAP1	ENST00000354258	11	11	1,2,3,4,5,6,7,8,9,10,11	11	1,2,3,4,5,6,7,8,9,10,11	11	1,2,3,4,5,6,7,8,9,10,11
TAP2	ENST00000374897	11	11	2,3,4,5,6,7,8,9,10,11,12	11	2,3,4,5,6,7,8,9,10,11,12	11	2,3,4,5,6,7,8,9,10,11,12
TAPBP	ENST00000434618	8	7	1,2,3,4,5,6,7	8	1,2,3,4,5,6,7,8	8	1,2,3,4,5,6,7,8
TAPT1	ENST00000405303	14	0		0		3	8,9,14
TARDBP	ENST00000240185	5	0		0		1	2
TARS1	ENST00000265112	19	0		0		7	1,5,9,11,14,16,19
TARS2	ENST00000369064	18	0		0		5	1,4,10,15,17
TAS2R16	ENST00000249284	1	0		0		0	
TAS2R38	ENST00000547270	1	0		0		1	1
TASP1	ENST00000337743	13	0		0		4	2,11,12,14
TAT	ENST00000355962	11	0		0		3	3,6,12
TBC1D1	ENST00000698857	21	0		0		9	2,3,4,8,11,15,19,20,22
TBC1D20	ENST00000354200	8	0		0		5	2,4,6,7,8
TBC1D23	ENST00000394144	19	0		0		6	1,2,5,6,14,17
TBC1D24	ENST00000646147	7	0		0		2	2,5
TBC1D2B	ENST00000300584	13	0		0		9	1,5,6,8,9,10,11,12,13
TBC1D31	ENST00000287380	22	0		0		8	1,6,7,9,14,17,18,19
TBC1D32	ENST00000398212	32	0		0		14	5,6,10,11,12,16,17,18,21,22,23,24,25,28
TBC1D4	ENST00000377636	21	0		0		8	1,2,5,10,11,14,16,21
TBC1D7	ENST00000379300	7	0		0		3	3,5,8
TBC1D8B	ENST00000357242	21	0		8	4,6,7,8,11,13,17,21	21	1,2,3,4,5,6,7,8,9,10,11,12,13,14,15,16,17,18,19,20,21
TBCB	ENST00000221855	6	0		0		2	2,4
TBCCD1	ENST00000338733	6	0		0		3	2,3,6
TBCD	ENST00000355528	39	2	34,36	14	26,27,28,29,30,31,32,33,34,35,36,37,38,39	22	7,10,13,14,17,19,20,22,26,27,28,29,30,31,32,33,34,35,36,37,38,39
TBCE	ENST00000642610	16	0		0		3	7,9,17
TBCK	ENST00000394708	25	0		0		6	5,7,12,16,23,26
TBK1	ENST00000331710	20	0		0		7	2,4,9,12,14,15,16
TBL1X	ENST00000645353	15	0		1	15	14	4,5,6,7,9,10,11,12,13,14,15,16,17,18
TBL1XR1	ENST00000457928	14	0		0		5	3,4,5,8,11
TBL1Y	ENST00000383032	14	14	6,7,8,9,10,11,12,13,14,15,16,17,18,19	14	6,7,8,9,10,11,12,13,14,15,16,17,18,19	14	6,7,8,9,10,11,12,13,14,15,16,17,18,19
TBP	ENST00000392092	7	0		0		3	3,6,7
TBR1	ENST00000389554	6	0		0		3	1,4,6
TBX1	ENST00000649276	7	0		0		5	1,3,5,6,7
TBX15	ENST00000369429	8	0		0		5	1,2,5,6,8
TBX18	ENST00000369663	8	0		0		6	1,2,3,4,6,8
TBX19	ENST00000367821	8	0		0		5	1,2,4,7,8
TBX2	ENST00000240328	7	0		0		2	1,2
TBX20	ENST00000408931	8	0		0		5	1,2,3,5,6
TBX21	ENST00000177694	6	0		0		3	1,2,5
TBX22	ENST00000373296	8	4	3,5,8,9	8	2,3,4,5,6,7,8,9	8	2,3,4,5,6,7,8,9
TBX3	ENST00000349155	7	0		0		6	1,2,4,5,6,7
TBX4	ENST00000644296	8	0		0		4	2,3,5,9
TBX5	ENST00000405440	8	0		0		2	4,9
TBX6	ENST00000395224	8	0		0		4	4,6,8,9
TBXA2R	ENST00000375190	2	0		0		2	2,3
TBXAS1	ENST00000448866	13	0		0		7	3,4,5,7,8,9,12
TBXT	ENST00000366876	8	0		0		5	1,2,3,4,8
TCAP	ENST00000309889	2	0		0		0	
TCEAL1	ENST00000372625	1	0		1	3	1	3
TCEANC	ENST00000696128	1	0		1	5	1	5
TCF12	ENST00000333725	19	0		0		7	4,11,14,15,17,18,19
TCF20	ENST00000677622	4	2	2,4	4	2,3,4,5	4	2,3,4,5
TCF3	ENST00000262965	18	0		0		0	
TCF3	ENST00000588136	18	0		0		2	3,19
TCF4	ENST00000354452	18	0		0		4	14,16,17,18
TCF7L1	ENST00000282111	12	0		0		7	1,2,4,5,9,11,12
TCF7L2	ENST00000355995	15	0		0		3	2,3,15
TCHH	ENST00000614923	2	0		0		2	2,3
TCIRG1	ENST00000265686	19	0		0		5	3,10,12,14,15
TCL1A	ENST00000402399	3	0		0		2	1,2
TCL1B	ENST00000340722	3	0		0		2	2,3
TCN1	ENST00000257264	9	0		0		3	2,4,6
TCN2	ENST00000215838	9	0		0		2	2,6
TCOF1	ENST00000643257	26	0		0		7	4,5,6,17,18,20,21
TCP1	ENST00000321394	12	0		0		4	1,9,10,12
TCTN1	ENST00000397659	14	0		0		4	1,3,6,14
TCTN2	ENST00000303372	18	0		0		4	2,5,10,15
TCTN3	ENST00000371217	14	0		0		8	1,2,4,5,9,10,11,14
TDO2	ENST00000536354	12	0		12	1,2,3,4,5,6,7,8,9,10,11,12	12	1,2,3,4,5,6,7,8,9,10,11,12
TDP1	ENST00000335725	15	0		0		3	3,8,10
TDP2	ENST00000378198	7	0		0		4	1,2,3,7
TDRD6	ENST00000316081	4	0		0		2	1,3
TDRD7	ENST00000355295	16	0		0		6	4,6,7,13,14,15
TDRD9	ENST00000409874	36	0		0		8	4,8,12,23,24,26,29,34
TEAD1	ENST00000527636	11	0		0		2	12,13
TECPR2	ENST00000359520	19	0		0		10	5,6,8,9,10,11,12,15,16,17
TECR	ENST00000215567	13	0		0		0	
TECRL	ENST00000381210	12	0		0		4	1,3,6,12
TECTA	ENST00000392793	23	0		0		10	6,7,8,9,10,12,14,15,16,20
TEDC1	ENST00000392523	9	0		0		1	9
TEFM	ENST00000581216	4	0		0		3	1,2,4
TEK	ENST00000380036	23	0		0		11	2,3,8,10,12,15,16,17,21,22,23
TEKT3	ENST00000395930	7	0		0		2	3,8
TELO2	ENST00000262319	20	0		0		5	2,5,6,9,16
TENM1	ENST00000422452	32	0		10	4,13,22,23,25,28,29,32,33,35	32	4,5,6,7,8,9,10,11,12,13,14,15,16,17,18,19,20,21,22,23,24,25,26,27,28,29,30,31,32,33,34,35
TENM3	ENST00000511685	27	0		0		10	2,8,9,17,19,20,22,24,26,28
TENM4	ENST00000278550	30	0		0		16	5,6,7,10,11,12,14,18,19,21,24,28,30,31,32,34
TENT5A	ENST00000320172	2	0		0		2	2,3
TEP1	ENST00000262715	54	0		0		14	2,5,6,12,15,16,18,19,26,31,40,42,46,55
TERB1	ENST00000433154	17	0		0		7	7,9,12,14,15,17,19
TERB2	ENST00000340827	7	0		0		4	1,4,5,7
TERT	ENST00000310581	16	0		0		5	2,3,5,11,14
TET2	ENST00000380013	9	0		0		6	3,4,6,8,10,11
TET3	ENST00000409262	11	0		0		6	2,4,7,9,11,12
TEX11	ENST00000374333	29	0		5	7,13,14,16,29	28	2,3,4,5,6,7,8,9,10,12,13,14,15,16,17,18,19,20,21,22,23,24,25,26,27,28,29,30
TEX14	ENST00000349033	31	0		0		14	2,3,4,6,7,11,12,14,15,16,21,24,28,29
TEX15	ENST00000643185	9	0		0		4	6,8,10,11
TF	ENST00000402696	17	0		0		6	3,5,8,11,12,15
TFAM	ENST00000487519	7	0		0		4	3,4,5,7
TFAP2A	ENST00000379613	7	0		0		4	2,4,6,7
TFAP2B	ENST00000393655	7	0		0		0	
TFAP2E	ENST00000373235	7	0		0		4	2,4,6,7
TFE3	ENST00000315869	10	0		4	1,3,9,10	10	1,2,3,4,5,6,7,8,9,10
TFG	ENST00000240851	7	0		0		4	2,3,5,8
TFR2	ENST00000223051	18	0		0		7	3,5,6,8,9,10,13
TFRC	ENST00000360110	18	0		0		6	5,7,8,10,14,18
TG	ENST00000220616	48	0		0		21	1,4,5,7,8,9,10,11,15,17,18,19,20,21,23,26,38,40,41,42,47
TGDS	ENST00000261296	12	0		0		6	1,2,3,5,9,10
TGFA	ENST00000295400	6	0		0		1	3
TGFB1	ENST00000221930	7	0		0		3	1,3,5
TGFB2	ENST00000366930	7	0		0		3	3,4,5
TGFB3	ENST00000238682	7	0		0		4	1,2,3,5
TGFBI	ENST00000442011	17	0		0		4	1,3,6,12
TGFBR1	ENST00000374994	9	0		0		6	1,3,5,7,8,9
TGFBR2	ENST00000295754	7	0		0		3	3,4,7
TGIF1	ENST00000343820	3	0		0		2	2,3
TGM1	ENST00000206765	14	0		0		5	2,4,8,12,15
TGM2	ENST00000361475	13	0		0		5	3,4,5,9,10
TGM3	ENST00000381458	13	0		0		7	3,5,6,7,8,9,10
TGM5	ENST00000220420	13	0		0		6	2,3,7,9,10,11
TGM6	ENST00000202625	13	0		0		7	6,7,8,9,10,12,13
TH	ENST00000352909	13	0		0		2	2,12
THAP1	ENST00000254250	3	0		0		1	3
THAP11	ENST00000303596	1	0		0		1	1
THAP12	ENST00000260045	5	0		0		1	5
THBD	ENST00000377103	1	0		0		1	1
THBS1	ENST00000260356	21	0		0		10	3,5,8,10,11,16,17,18,19,21
THBS2	ENST00000617924	21	0		0		7	3,5,6,14,17,19,21
THG1L	ENST00000231198	6	0		0		2	1,6
THOC1	ENST00000261600	21	0		0		9	5,7,11,12,13,16,19,20,21
THOC2	ENST00000245838	38	0		7	2,12,14,15,25,30,36	37	1,2,3,4,5,6,7,8,9,10,11,12,13,14,15,16,17,18,19,20,21,22,23,24,25,26,27,28,29,30,31,32,33,34,36,37,38
THOC6	ENST00000326266	13	0		0		0	
THPO	ENST00000647395	5	0		0		1	6
THRA	ENST00000450525	8	0		0		2	5,6
THRB	ENST00000646209	8	0		0		4	5,7,8,10
THSD1	ENST00000258613	4	0		0		2	3,5
THSD4	ENST00000261862	17	0		0		8	2,4,5,9,13,14,15,18
THUMPD1	ENST00000396083	4	0		0		3	1,3,4
TIA1	ENST00000433529	13	0		1	10	5	1,5,6,10,11
TIAM1	ENST00000541036	25	0		0		8	4,5,8,11,13,15,27,28
TICAM1	ENST00000248244	1	0		0		1	2
TIE1	ENST00000372476	23	0		0		8	2,3,9,14,16,21,22,23
TIMELESS	ENST00000553532	28	0		0		7	2,4,7,10,13,15,28
TIMM22	ENST00000327158	4	3	1,2,4	4	1,2,3,4	4	1,2,3,4
TIMM44	ENST00000270538	13	0		0		4	1,6,7,8
TIMM50	ENST00000607714	11	0		0		4	2,4,7,10
TIMM8A	ENST00000372902	2	0		1	1	2	1,2
TIMMDC1	ENST00000494664	7	0		0		2	4,7
TIMP3	ENST00000266085	5	0		0		1	5
TINF2	ENST00000267415	9	0		0		2	1,6
TIRAP	ENST00000392679	3	0		0		1	4
TJP1	ENST00000614355	28	3	18,23,26	27	1,2,3,4,5,6,7,8,9,10,11,12,13,14,15,16,17,18,19,20,21,23,24,25,26,27,28	28	1,2,3,4,5,6,7,8,9,10,11,12,13,14,15,16,17,18,19,20,21,22,23,24,25,26,27,28
TJP2	ENST00000377245	23	0		0		11	4,5,8,11,13,15,16,19,20,21,23
TK2	ENST00000544898	10	0		0		2	2,9
TKFC	ENST00000394900	17	0		0		9	3,4,5,7,9,11,12,14,17
TKT	ENST00000462138	14	0		0		4	4,8,11,13
TLCD3B	ENST00000380495	5	0		0		1	3
TLE1	ENST00000376499	20	0		0		9	1,5,11,13,14,15,16,17,20
TLE6	ENST00000246112	16	0		0		6	2,7,9,13,14,15
TLK2	ENST00000346027	21	0		0		5	4,15,20,21,22
TLL1	ENST00000061240	21	0		0		10	1,4,5,6,8,13,16,17,19,20
TLN1	ENST00000314888	56	0		0		12	7,19,24,26,31,40,41,45,46,49,56,57
TLN2	ENST00000636159	56	0		0		21	11,12,15,18,21,22,26,32,36,37,38,40,44,46,48,49,54,55,57,58,59
TLR1	ENST00000308979	1	0		0		1	4
TLR2	ENST00000642700	1	0		0		1	3
TLR3	ENST00000296795	4	0		0		4	2,3,4,5
TLR4	ENST00000355622	3	0		0		2	1,3
TLR5	ENST00000642603	1	0		0		1	6
TLR7	ENST00000380659	2	0		1	3	2	2,3
TLR8	ENST00000218032	2	0		1	2	2	1,2
TM2D3	ENST00000333202	6	0		0		1	3
TM4SF20	ENST00000304568	4	0		0		3	1,3,4
TM9SF4	ENST00000398022	18	0		0		4	6,8,11,16
TMC1	ENST00000297784	20	0		0		8	6,8,9,10,11,14,16,21
TMC6	ENST00000590602	19	0		0		4	10,13,14,17
TMC8	ENST00000318430	15	0		0		5	5,8,9,12,16
TMCO1	ENST00000367881	7	0		0		2	1,5
TMED7	ENST00000456936	3	0		0		2	1,3
TMEFF1	ENST00000374879	10	0		0		2	2,10
TMEM106B	ENST00000396668	7	0		0		4	2,5,7,8
TMEM107	ENST00000437139	5	0		0		1	4
TMEM126A	ENST00000304511	4	0		0		3	2,3,5
TMEM126B	ENST00000358867	5	0		0		1	3
TMEM127	ENST00000258439	3	0		0		2	3,4
TMEM132D	ENST00000422113	9	0		0		6	2,4,5,6,8,9
TMEM132E	ENST00000631683	9	0		0		8	2,3,4,5,6,7,8,9
TMEM135	ENST00000305494	15	0		0		7	2,3,4,7,11,12,14
TMEM138	ENST00000278826	4	0		0		1	2
TMEM147	ENST00000222284	7	0		0		2	1,5
TMEM151A	ENST00000327259	2	0		0		1	2
TMEM161B	ENST00000296595	12	0		0		5	1,6,8,9,12
TMEM163	ENST00000281924	8	0		0		3	5,7,8
TMEM165	ENST00000381334	6	0		0		2	1,3
TMEM167A	ENST00000502346	4	0		0		0	
TMEM216	ENST00000515837	5	0		0		4	1,2,4,5
TMEM218	ENST00000682305	3	0		0		1	3
TMEM222	ENST00000374076	6	0		0		2	1,2
TMEM230	ENST00000202834	3	0		0		0	
TMEM231	ENST00000258173	7	0		0		3	1,2,3
TMEM237	ENST00000409883	13	0		0		4	4,6,10,12
TMEM240	ENST00000378733	4	0		0		3	2,3,4
TMEM260	ENST00000261556	16	0		0		10	1,4,6,7,8,9,11,12,13,16
TMEM38B	ENST00000374692	6	0		0		3	1,5,6
TMEM43	ENST00000306077	12	0		0		6	3,5,6,8,9,12
TMEM45A	ENST00000323523	5	0		0		2	2,4
TMEM53	ENST00000372237	3	0		0		1	3
TMEM63A	ENST00000366835	22	0		0		6	6,10,12,14,16,19
TMEM63B	ENST00000323267	23	0		0		2	12,22
TMEM63C	ENST00000298351	22	0		0		6	3,9,11,12,21,22
TMEM65	ENST00000297632	7	0		0		3	1,4,7
TMEM67	ENST00000453321	28	0		0		12	1,3,6,8,9,13,15,16,18,24,25,27
TMEM70	ENST00000312184	3	0		0		2	1,3
TMEM92	ENST00000507382	5	0		0		1	3
TMEM94	ENST00000314256	31	0		0		5	3,5,6,16,21
TMEM98	ENST00000579849	6	0		0		2	6,8
TMIE	ENST00000643606	4	0		0		0	
TMLHE	ENST00000334398	7	0		1	6	7	2,3,4,5,6,7,8
TMOD1	ENST00000259365	9	0		0		1	8
TMPO	ENST00000556029	9	0		0		3	1,8,9
TMPRSS15	ENST00000284885	25	0		0		11	3,4,7,10,12,13,15,16,17,18,20
TMPRSS3	ENST00000644384	12	0		0		5	3,4,6,10,12
TMPRSS4	ENST00000437212	13	0		0		1	7
TMPRSS5	ENST00000299882	13	0		0		2	5,8
TMPRSS6	ENST00000676104	17	0		0		3	2,11,17
TMPRSS9	ENST00000696167	18	0		0		8	4,5,6,9,11,13,15,19
TMTC3	ENST00000266712	13	0		0		8	3,4,6,9,10,12,13,14
TMTC4	ENST00000342624	18	0		0		5	4,8,10,11,18
TMX2	ENST00000278422	8	0		0		2	1,7
TNC	ENST00000350763	27	0		0		13	2,3,4,6,10,11,13,16,17,20,22,25,27
TNF	ENST00000449264	4	4	1,2,3,4	4	1,2,3,4	4	1,2,3,4
TNFAIP3	ENST00000612899	8	0		0		5	2,5,6,7,9
TNFRSF10B	ENST00000276431	9	0		0		3	5,7,9
TNFRSF11A	ENST00000586569	10	0		0		5	4,6,7,9,10
TNFRSF11B	ENST00000297350	5	0		0		3	1,2,5
TNFRSF13B	ENST00000261652	5	0		0		2	1,5
TNFRSF13C	ENST00000291232	3	0		0		0	
TNFRSF1A	ENST00000162749	10	0		0		1	10
TNFRSF21	ENST00000296861	6	0		0		5	1,2,3,4,5
TNFRSF4	ENST00000379236	7	0		0		2	5,7
TNFRSF9	ENST00000377507	7	0		0		2	5,8
TNFSF11	ENST00000398795	5	0		0		2	1,5
TNFSF12	ENST00000293825	7	0		0		1	7
TNFSF13	ENST00000338784	6	0		0		1	4
TNFSF4	ENST00000281834	3	0		0		1	3
TNFSF9	ENST00000245817	3	0		0		1	3
TNIK	ENST00000436636	33	0		0		5	7,12,13,24,33
TNIP1	ENST00000521591	17	0		0		7	2,4,5,8,10,11,13
TNK2	ENST00000672887	15	0		0		5	4,5,6,9,16
TNNC1	ENST00000232975	6	0		0		3	3,4,5
TNNC2	ENST00000372555	6	0		0		3	2,4,5
TNNI1	ENST00000361379	7	0		0		1	5
TNNI2	ENST00000381911	7	0		0		0	
TNNI3	ENST00000344887	8	0		0		1	5
TNNI3K	ENST00000326637	25	0		0		7	3,5,9,12,14,15,24
TNNT1	ENST00000588981	13	0		0		4	8,9,11,12
TNNT2	ENST00000656932	16	0		1	4	3	4,10,12
TNNT3	ENST00000278317	15	0		0		0	
TNPO2	ENST00000425528	23	0		0		9	5,7,8,12,14,18,23,24,25
TNPO3	ENST00000265388	22	0		0		8	2,5,8,10,12,16,17,18
TNR	ENST00000367674	21	0		0		12	3,4,5,8,9,12,13,14,15,17,19,21
TNRC6A	ENST00000395799	25	0		0		9	1,4,5,6,8,19,23,24,25
TNRC6B	ENST00000454349	23	0		0		9	4,5,7,10,14,15,17,19,23
TNS2	ENST00000314250	29	0		0		6	2,9,10,18,26,29
TNXB	ENST00000644971	43	43	2,3,4,5,6,7,8,9,10,11,12,13,14,15,16,17,18,19,20,21,22,23,24,25,26,27,28,29,30,31,32,33,34,35,36,37,38,39,40,41,42,43,44	43	2,3,4,5,6,7,8,9,10,11,12,13,14,15,16,17,18,19,20,21,22,23,24,25,26,27,28,29,30,31,32,33,34,35,36,37,38,39,40,41,42,43,44	43	2,3,4,5,6,7,8,9,10,11,12,13,14,15,16,17,18,19,20,21,22,23,24,25,26,27,28,29,30,31,32,33,34,35,36,37,38,39,40,41,42,43,44
TOE1	ENST00000372090	8	0		0		1	8
TOGARAM1	ENST00000361462	20	0		1	10	12	1,2,5,6,7,9,10,11,13,15,17,20
TOGARAM2	ENST00000379558	19	0		0		6	4,6,10,11,12,18
TOM1	ENST00000449058	15	0		0		6	2,6,7,10,11,15
TOMM7	ENST00000358435	3	0		0		1	1
TOMM70	ENST00000284320	12	0		0		5	1,3,5,6,9
TONSL	ENST00000409379	26	0		0		5	7,8,9,17,23
TOP1	ENST00000361337	21	0		0		6	6,11,13,14,16,20
TOP2A	ENST00000423485	35	0		0		11	1,2,3,8,14,16,19,20,22,30,31
TOP2B	ENST00000264331	36	0		0		15	2,3,6,10,13,15,18,25,26,27,28,30,31,32,34
TOP3A	ENST00000321105	19	0		0		10	1,2,5,6,7,10,12,15,18,19
TOP6BL	ENST00000540737	14	0		0		2	2,14
TOPORS	ENST00000360538	3	0		0		3	1,2,3
TOR1A	ENST00000351698	5	0		0		3	2,3,5
TOR1AIP1	ENST00000606911	10	0		0		5	1,6,8,9,10
TP53	ENST00000269305	10	0		0		0	
TP53RK	ENST00000372114	2	0		0		2	1,2
TP53TG5	ENST00000372726	5	0		0		2	3,4
TP63	ENST00000264731	14	0		0		2	2,3
TP63	ENST00000354600	12	0		0		3	2,9,12
TP73	ENST00000378295	13	0		0		0	
TPCN2	ENST00000294309	25	0		0		7	3,5,6,10,12,15,16
TPH2	ENST00000333850	11	0		0		8	1,3,5,6,7,8,9,10
TPI1	ENST00000396705	7	0		0		1	6
TPK1	ENST00000360057	8	0		0		3	2,3,9
TPM1	ENST00000403994	10	0		0		4	3,4,5,8
TPM2	ENST00000645482	9	0		0		1	2
TPM3	ENST00000651641	10	0		0		2	3,6
TPM4	ENST00000643579	8	0		0		2	1,2
TPMT	ENST00000309983	8	0		0		4	4,6,8,9
TPO	ENST00000329066	16	2	6,7	14	3,4,5,6,7,8,9,10,11,12,13,14,15,16	15	2,3,4,5,6,7,8,9,10,11,12,13,14,15,16
TPP1	ENST00000299427	13	0		0		1	13
TPP2	ENST00000376052	30	0		0		12	6,9,19,20,22,23,25,26,27,28,29,30
TPR	ENST00000367478	51	0		1	40	22	1,7,10,11,12,13,17,19,22,24,26,30,31,32,33,36,37,40,43,45,46,50
TPRKB	ENST00000272424	4	0		0		3	2,3,4
TPRN	ENST00000409012	4	0		0		1	1
TRA2B	ENST00000453386	9	0		0		1	2
TRAF3	ENST00000392745	10	0		1	7	2	7,12
TRAF3IP2	ENST00000368761	8	0		0		2	2,7
TRAF6	ENST00000526995	6	0		0		3	3,5,7
TRAF7	ENST00000326181	20	0		0		0	
TRAIP	ENST00000331456	15	0		0		5	2,8,9,10,11
TRAK1	ENST00000327628	16	0		0		7	3,4,6,8,12,13,16
TRAP1	ENST00000246957	18	0		0		10	2,4,6,7,8,9,10,13,14,16
TRAPPC10	ENST00000291574	23	0		3	21,22,23	12	3,4,6,7,8,11,14,16,17,21,22,23
TRAPPC11	ENST00000334690	29	0		0		12	3,4,5,7,11,12,16,18,22,23,24,26
TRAPPC12	ENST00000324266	11	0		10	3,4,5,6,7,8,9,10,11,12	11	2,3,4,5,6,7,8,9,10,11,12
TRAPPC14	ENST00000316937	11	0		0		1	1
TRAPPC2	ENST00000380579	4	0		1	3	4	3,4,5,6
TRAPPC2L	ENST00000696289	5	0		0		2	3,4
TRAPPC4	ENST00000533632	5	0		0		3	1,2,5
TRAPPC6A	ENST00000585934	6	0		0		1	1
TRAPPC6B	ENST00000330149	6	0		0		1	3
TRAPPC9	ENST00000438773	22	0		0		9	2,8,11,14,16,19,20,21,22
TRDN	ENST00000334268	41	0		0		8	11,13,16,23,26,32,33,36
TRDN	ENST00000546248	8	0		0		3	4,5,7
TREH	ENST00000264029	15	0		0		3	8,10,11
TREM2	ENST00000373113	5	0		0		3	2,3,4
TRERF1	ENST00000695948	14	0		0		9	5,8,9,10,11,12,14,16,17
TREX1	ENST00000625293	1	0		0		1	2
TRH	ENST00000302649	2	0		0		1	2
TRHR	ENST00000518632	2	0		0		2	2,3
TRIB3	ENST00000217233	3	0		0		3	2,3,4
TRIM2	ENST00000338700	12	0		0		4	3,4,6,8
TRIM22	ENST00000379965	7	0		0		1	8
TRIM23	ENST00000231524	11	0		0		6	1,2,4,6,7,9
TRIM28	ENST00000253024	17	0		0		5	1,2,4,5,12
TRIM32	ENST00000450136	1	0		0		1	2
TRIM33	ENST00000358465	20	0		0		7	1,5,8,9,13,15,18
TRIM36	ENST00000513154	10	0		0		6	1,4,5,7,8,10
TRIM37	ENST00000262294	24	0		0		9	3,4,14,15,17,18,19,20,24
TRIM44	ENST00000299413	5	0		0		0	
TRIM47	ENST00000254816	6	0		0		5	1,2,3,5,6
TRIM63	ENST00000374272	9	0		0		2	2,3
TRIM69	ENST00000329464	7	0		7	1,2,3,4,5,6,7	7	1,2,3,4,5,6,7
TRIM71	ENST00000383763	4	0		0		2	1,4
TRIM8	ENST00000643721	6	0		0		3	1,3,6
TRIO	ENST00000344204	57	0		0		26	1,3,4,5,7,9,11,12,13,15,26,27,30,33,34,35,36,39,40,42,46,48,49,52,55,57
TRIOBP	ENST00000644935	21	0		0		8	6,7,16,17,18,19,21,23
TRIP11	ENST00000267622	21	0		0		8	1,5,10,11,13,17,20,21
TRIP12	ENST00000675903	41	0		0		16	3,4,9,10,13,14,15,21,22,26,27,32,33,36,38,39
TRIP13	ENST00000166345	13	0		0		4	2,8,11,12
TRIP4	ENST00000261884	13	0		0		5	1,2,6,9,10
TRIT1	ENST00000316891	11	0		0		5	2,3,6,7,11
TRMT1	ENST00000357720	16	0		0		5	2,4,5,7,11
TRMT10A	ENST00000394876	7	0		0		3	2,3,5
TRMT10C	ENST00000309922	1	0		0		1	2
TRMT5	ENST00000261249	5	0		0		2	3,4
TRMU	ENST00000645190	11	0		0		5	1,4,7,8,9
TRNT1	ENST00000251607	7	0		0		5	2,4,5,6,7
TRPA1	ENST00000262209	27	0		0		9	2,4,8,9,11,14,20,26,27
TRPC3	ENST00000379645	12	0		0		6	2,6,7,8,9,12
TRPC4AP	ENST00000252015	19	0		0		6	1,4,6,10,14,15
TRPC5	ENST00000262839	10	0		3	2,3,11	10	2,3,4,5,6,7,8,9,10,11
TRPC6	ENST00000344327	13	0		0		8	1,2,5,7,8,9,10,12
TRPM1	ENST00000256552	27	7	3,4,6,12,13,15,19	26	2,3,4,5,6,7,8,9,10,11,12,13,14,15,16,17,18,19,20,21,22,24,25,26,27,28	27	2,3,4,5,6,7,8,9,10,11,12,13,14,15,16,17,18,19,20,21,22,23,24,25,26,27,28
TRPM3	ENST00000677713	26	0		0		9	1,3,4,6,16,17,18,20,26
TRPM4	ENST00000252826	25	0		0		6	2,6,8,17,20,21
TRPM6	ENST00000360774	39	0		0		13	1,15,17,19,21,23,25,26,28,34,36,37,39
TRPM7	ENST00000646667	39	0		0		13	2,9,11,13,19,20,21,25,26,31,32,35,39
TRPS1	ENST00000395715	6	0		0		5	3,4,5,6,7
TRPV1	ENST00000572705	15	0		0		8	4,7,8,9,10,12,14,15
TRPV3	ENST00000576742	17	0		0		5	3,7,8,9,15
TRPV4	ENST00000261740	15	0		0		8	2,4,5,6,7,8,14,16
TRPV5	ENST00000265310	15	0		14	1,2,3,4,5,6,7,8,9,10,11,13,14,15	15	1,2,3,4,5,6,7,8,9,10,11,12,13,14,15
TRPV6	ENST00000359396	15	0		4	1,6,7,13	14	1,2,3,5,6,7,8,9,10,11,12,13,14,15
TRRAP	ENST00000456197	72	0		0		34	3,5,6,10,19,20,24,25,26,30,34,35,36,37,38,41,42,43,45,47,48,49,52,55,57,59,61,66,67,68,69,70,72,73
TSC1	ENST00000298552	21	0		0		5	8,15,16,17,23
TSC2	ENST00000219476	41	0		0		8	5,11,15,19,21,24,27,28
TSEN15	ENST00000645668	5	0		0		1	1
TSEN2	ENST00000284995	11	0		0		5	3,5,7,8,9
TSEN34	ENST00000396388	4	4	1,2,3,4	4	1,2,3,4	4	1,2,3,4
TSEN54	ENST00000333213	11	0		0		4	7,8,10,11
TSFM	ENST00000652027	6	0		0		3	2,3,5
TSGA10	ENST00000393483	16	0		0		7	7,10,11,14,17,18,21
TSHB	ENST00000256592	2	0		0		0	
TSHR	ENST00000298171	10	0		0		5	1,3,6,9,10
TSHZ1	ENST00000580243	2	0		0		1	2
TSHZ3	ENST00000240587	2	0		0		2	1,2
TSPAN12	ENST00000222747	7	0		0		2	3,5
TSPAN18	ENST00000520358	7	0		0		0	
TSPAN7	ENST00000378482	7	0		1	4	7	1,2,3,4,5,6,7
TSPEAR	ENST00000323084	12	0		0		10	2,3,4,5,6,8,9,10,11,12
TSPOAP1	ENST00000343736	31	0		1	5	11	2,4,5,10,13,15,16,17,19,22,30
TSPYL1	ENST00000368608	1	0		0		1	1
TSR1	ENST00000301364	15	0		0		3	1,5,10
TSR2	ENST00000375151	5	0		0		5	1,2,3,4,5
TTBK2	ENST00000267890	14	0		0		6	5,6,9,13,14,15
TTC12	ENST00000529221	21	0		0		7	7,11,12,13,17,21,22
TTC19	ENST00000261647	10	0		0		3	1,2,4
TTC21A	ENST00000683103	29	0		0		6	9,10,11,14,16,23
TTC21B	ENST00000243344	29	0		0		11	1,3,5,7,11,13,14,22,23,26,29
TTC29	ENST00000325106	11	0		0		6	4,5,6,8,10,11
TTC5	ENST00000258821	10	0		0		4	2,7,8,10
TTC7A	ENST00000319190	20	0		0		8	1,2,14,15,17,18,19,20
TTC8	ENST00000380656	15	0		0		11	1,2,3,4,5,6,7,8,9,11,12
TTF1	ENST00000334270	10	0		0		3	3,9,11
TTF2	ENST00000369466	23	0		0		6	5,11,13,14,18,22
TTI1	ENST00000373447	7	0		0		2	2,4
TTI2	ENST00000431156	7	0		0		4	2,5,6,7
TTL	ENST00000233336	7	0		0		3	1,3,7
TTLL5	ENST00000298832	31	0		0		8	12,17,19,25,26,27,28,30
TTLL9	ENST00000535842	14	0		0		5	3,5,6,8,12
TTN	ENST00000589042	362	0		1	224	208	3,4,6,9,10,11,12,13,14,15,16,17,18,23,24,25,26,27,28,30,31,32,33,34,35,36,37,38,39,40,42,45,46,48,49,50,52,53,54,55,57,58,60,61,62,63,64,65,66,67,68,69,70,71,74,75,76,79,80,81,82,83,86,87,88,89,90,91,94,95,97,98,99,100,102,105,106,107,113,116,119,120,126,130,134,146,147,148,155,156,159,161,163,165,166,167,169,171,173,177,179,189,192,199,200,201,202,208,209,211,213,217,219,220,221,223,224,225,226,227,229,230,232,233,234,237,238,242,248,251,252,253,255,256,257,258,259,262,264,266,268,269,271,272,273,276,279,280,281,282,283,284,287,288,289,290,291,294,296,297,298,300,301,302,303,304,305,306,307,309,310,311,313,315,316,320,324,325,326,327,328,329,331,332,333,334,335,337,338,339,340,341,342,344,345,346,347,350,351,352,355,356,357,358,359,360,362,363
TTPA	ENST00000260116	5	0		0		3	1,4,5
TTR	ENST00000237014	4	0		0		1	2
TUB	ENST00000299506	12	0		0		2	6,9
TUBA1A	ENST00000301071	4	0		0		3	1,2,4
TUBA1C	ENST00000301072	4	0		0		2	2,4
TUBA3D	ENST00000321253	5	0		0		4	2,3,4,5
TUBA3E	ENST00000312988	5	0		1	1	4	1,3,4,5
TUBA4A	ENST00000248437	4	0		0		2	2,4
TUBA8	ENST00000330423	5	0		0		4	2,3,4,5
TUBAL3	ENST00000380419	4	0		0		4	1,2,3,4
TUBB	ENST00000327892	4	4	1,2,3,4	4	1,2,3,4	4	1,2,3,4
TUBB1	ENST00000217133	4	0		0		3	2,3,4
TUBB2A	ENST00000333628	4	0		0		1	4
TUBB2B	ENST00000259818	4	0		0		3	2,3,4
TUBB3	ENST00000315491	4	0		0		2	2,4
TUBB4A	ENST00000264071	4	0		0		3	2,3,4
TUBB4B	ENST00000340384	4	0		0		1	4
TUBB6	ENST00000317702	4	0		0		3	2,3,4
TUBB8	ENST00000568584	4	0		0		2	1,4
TUBG1	ENST00000251413	11	0		0		4	1,3,8,9
TUBGCP2	ENST00000252936	17	0		0		11	2,3,4,6,7,8,9,10,11,13,17
TUBGCP4	ENST00000564079	18	0		0		6	1,3,6,8,9,16
TUBGCP6	ENST00000248846	25	0		0		8	1,2,4,9,21,22,23,24
TUFM	ENST00000313511	10	0		0		3	1,2,3
TUFT1	ENST00000368849	13	0		0		4	1,5,9,13
TULP1	ENST00000229771	15	0		0		4	4,11,12,13
TULP3	ENST00000448120	11	0		0		2	4,10
TUSC3	ENST00000503731	10	0		0		5	1,6,7,9,10
TWIST1	ENST00000242261	1	0		0		1	1
TWIST2	ENST00000612363	1	0		0		1	1
TWNK	ENST00000311916	5	0		0		4	1,2,3,5
TXN2	ENST00000216185	3	0		0		0	
TXNDC15	ENST00000358387	5	0		0		0	
TXNL4A	ENST00000269601	3	0		0		2	1,2
TXNRD2	ENST00000400521	17	0		0		6	2,4,5,6,11,15
TYK2	ENST00000525621	23	0		0		10	3,4,11,17,18,19,20,22,24,25
TYMP	ENST00000252029	9	0		0		2	3,6
TYMS	ENST00000323274	7	0		0		5	1,2,5,6,7
TYR	ENST00000263321	5	0		0		3	1,2,5
TYROBP	ENST00000262629	5	0		0		0	
TYRP1	ENST00000388918	7	0		0		3	2,4,6
U2AF2	ENST00000308924	12	0		0		0	
UBA1	ENST00000335972	25	0		1	18	24	2,3,4,5,6,7,8,9,10,11,12,13,15,16,17,18,19,20,21,22,23,24,25,26
UBA2	ENST00000246548	17	0		0		4	5,10,11,16
UBA5	ENST00000356232	12	0		0		6	1,5,6,8,10,11
UBA6	ENST00000322244	33	0		0		13	1,2,3,5,6,8,10,14,15,21,27,28,31
UBAP1	ENST00000297661	6	0		0		4	2,3,4,7
UBAP1L	ENST00000559089	5	0		0		3	3,4,6
UBAP2L	ENST00000428931	26	0		0		5	8,9,12,22,23
UBE2A	ENST00000371558	6	0		0		6	1,2,3,4,5,6
UBE2B	ENST00000265339	6	0		1	3	2	2,3
UBE2L3	ENST00000342192	4	0		0		2	1,2
UBE2T	ENST00000646651	6	0		0		1	4
UBE2U	ENST00000371077	10	0		0		0	
UBE3A	ENST00000648336	11	0		0		6	4,5,6,7,9,12
UBE3B	ENST00000342494	26	0		0		9	4,7,8,15,18,21,22,25,28
UBE3C	ENST00000348165	23	0		0		9	6,8,10,14,16,17,18,19,23
UBE4A	ENST00000252108	19	0		0		7	2,8,9,11,12,16,18
UBE4B	ENST00000343090	28	0		0		9	2,6,7,16,21,23,24,25,27
UBIAD1	ENST00000376810	2	0		0		2	1,2
UBQLN1	ENST00000376395	11	0		0		1	1
UBQLN2	ENST00000338222	1	0		1	1	1	1
UBR1	ENST00000290650	47	0		0		18	5,9,10,14,15,16,17,18,19,22,23,26,32,34,37,41,42,47
UBR4	ENST00000375254	106	0		0		31	1,2,12,19,24,25,34,36,38,40,47,48,49,53,56,57,58,62,63,66,68,69,70,71,77,84,89,90,93,98,101
UBR5	ENST00000520539	59	0		0		23	5,6,9,14,16,18,20,22,25,26,27,31,32,33,38,39,44,50,52,53,55,57,58
UBR7	ENST00000013070	11	0		10	1,2,3,5,6,7,8,9,10,11	11	1,2,3,4,5,6,7,8,9,10,11
UBTF	ENST00000436088	20	0		0		4	2,9,10,15
UCHL1	ENST00000284440	9	0		0		5	3,4,6,7,8
UCP2	ENST00000663595	6	0		0		3	3,4,5
UCP3	ENST00000314032	6	0		0		2	4,6
UFC1	ENST00000368003	6	0		0		1	1
UFM1	ENST00000239878	6	0		0		3	2,3,6
UFSP2	ENST00000264689	12	0		0		4	1,5,10,11
UGCG	ENST00000374279	9	0		0		1	1
UGDH	ENST00000316423	11	0		0		3	3,4,9
UGGT1	ENST00000259253	41	0		0		15	2,3,6,8,11,14,16,20,23,26,27,28,29,32,39
UGP2	ENST00000337130	10	0		0		5	3,4,5,8,9
UGT1A1	ENST00000305208	5	0		0		1	1
UGT2B17	ENST00000317746	6	6	2,3,4,5,6,7	6	2,3,4,5,6,7	6	2,3,4,5,6,7
UHRF1	ENST00000650932	16	0		0		7	4,5,6,7,14,15,16
ULK4	ENST00000301831	36	0		0		9	4,6,10,17,24,25,32,35,37
UMOD	ENST00000396138	10	0		0		6	3,4,5,6,9,11
UMPS	ENST00000232607	6	0		0		2	1,3
UNC119	ENST00000335765	5	0		0		1	1
UNC13A	ENST00000519716	44	0		0		8	3,4,10,15,17,19,28,29
UNC13B	ENST00000635942	40	0		0		11	5,8,9,16,17,18,24,29,33,39,40
UNC13D	ENST00000207549	32	0		0		3	1,6,31
UNC45A	ENST00000418476	20	0		0		8	2,6,7,10,12,15,19,20
UNC45B	ENST00000394570	19	0		0		12	2,4,5,6,7,8,9,10,11,13,14,19
UNC50	ENST00000357765	5	0		0		2	2,4
UNC79	ENST00000695012	52	0		51	1,3,4,5,6,7,8,9,10,11,12,13,14,15,16,17,18,19,20,21,22,23,24,25,26,27,28,29,30,31,32,33,34,35,36,37,38,39,40,41,42,43,44,45,46,47,48,49,50,51,52	52	1,2,3,4,5,6,7,8,9,10,11,12,13,14,15,16,17,18,19,20,21,22,23,24,25,26,27,28,29,30,31,32,33,34,35,36,37,38,39,40,41,42,43,44,45,46,47,48,49,50,51,52
UNC80	ENST00000673920	65	0		0		28	8,9,14,15,17,23,24,26,27,28,31,32,34,36,38,39,41,42,44,46,47,51,55,56,57,58,60,65
UNC93B1	ENST00000227471	11	0		0		4	3,4,9,11
UNG	ENST00000242576	7	0		0		2	2,3
UNK	ENST00000589666	16	0		0		3	2,9,16
UPB1	ENST00000326010	10	0		0		2	8,10
UPF1	ENST00000262803	23	0		0		13	2,5,6,10,13,14,15,17,18,19,21,22,23
UPF3B	ENST00000276201	11	0		3	1,2,5	10	1,2,3,4,5,6,8,9,10,11
UPK3A	ENST00000216211	6	0		0		4	2,3,4,6
UQCC2	ENST00000607484	4	0		0		1	3
UQCC3	ENST00000377953	2	0		0		2	1,2
UQCRB	ENST00000287022	4	0		0		2	1,3
UQCRC1	ENST00000203407	13	0		0		4	6,7,8,12
UQCRC2	ENST00000268379	14	0		0		7	1,3,4,6,10,11,13
UQCRFS1	ENST00000304863	2	0		0		2	1,2
UQCRH	ENST00000311672	4	0		0		0	
UQCRQ	ENST00000378670	2	0		0		2	2,3
UROC1	ENST00000290868	20	0		0		7	5,9,11,13,15,16,17
UROD	ENST00000246337	10	0		0		1	10
UROS	ENST00000368797	9	0		0		5	2,3,4,6,10
USB1	ENST00000219281	7	0		0		3	2,4,6
USF1	ENST00000368021	10	0		0		1	11
USF3	ENST00000316407	5	0		0		2	4,7
USH1C	ENST00000005226	27	0		0		2	19,26
USH1C	ENST00000318024	21	0		0		4	2,3,12,15
USH1G	ENST00000614341	3	0		0		0	
USH2A	ENST00000307340	71	0		0		38	2,4,5,6,7,8,11,13,14,15,17,18,23,24,25,27,29,36,37,38,41,42,45,46,48,49,50,52,53,54,58,61,62,63,64,66,70,71
USP14	ENST00000261601	16	0		0		6	2,4,7,12,14,16
USP18	ENST00000215794	10	0		0		2	8,9
USP2	ENST00000260187	12	0		0		3	2,4,5
USP25	ENST00000400183	26	0		0		10	3,4,9,10,11,17,20,24,25,26
USP26	ENST00000511190	1	0		1	6	1	6
USP27X	ENST00000621775	1	0		1	1	1	1
USP33	ENST00000370794	23	0		0		10	2,7,8,10,14,15,16,17,19,23
USP34	ENST00000398571	80	0		0		33	3,4,6,7,8,9,11,12,15,19,23,24,25,36,37,38,40,43,46,48,49,51,54,58,62,64,65,68,69,71,72,75,80
USP44	ENST00000258499	5	0		0		3	2,3,4
USP45	ENST00000500704	17	0		0		8	2,4,5,6,8,9,13,14
USP48	ENST00000308271	27	0		0		8	1,2,4,12,14,17,21,23
USP53	ENST00000692078	15	0		0		6	6,12,13,15,16,19
USP7	ENST00000344836	31	0		0		14	1,3,5,6,13,14,17,18,22,25,26,27,28,31
USP8	ENST00000307179	19	0		0		11	2,3,4,5,8,10,13,15,18,19,20
USP9X	ENST00000378308	44	0		7	8,23,26,30,31,35,40	41	2,3,4,5,6,7,8,9,10,11,12,13,14,15,16,17,18,19,20,21,23,24,25,26,27,28,29,30,31,32,33,34,35,36,37,39,40,41,42,43,45
USP9Y	ENST00000338981	44	44	3,4,5,6,7,8,9,10,11,12,13,14,15,16,17,18,19,20,21,22,23,24,25,26,27,28,29,30,31,32,33,34,35,36,37,38,39,40,41,42,43,44,45,46	44	3,4,5,6,7,8,9,10,11,12,13,14,15,16,17,18,19,20,21,22,23,24,25,26,27,28,29,30,31,32,33,34,35,36,37,38,39,40,41,42,43,44,45,46	44	3,4,5,6,7,8,9,10,11,12,13,14,15,16,17,18,19,20,21,22,23,24,25,26,27,28,29,30,31,32,33,34,35,36,37,38,39,40,41,42,43,44,45,46
UTP4	ENST00000314423	16	0		9	6,7,8,9,10,12,14,15,16	12	2,6,7,8,9,10,11,12,14,15,16,17
UVSSA	ENST00000389851	13	0		0		3	2,3,9
UXS1	ENST00000283148	15	0		0		4	1,5,6,10
VAC14	ENST00000261776	19	0		0		7	1,5,8,9,10,11,15
VAMP1	ENST00000396308	5	0		0		0	
VAMP2	ENST00000316509	5	0		0		0	
VANGL1	ENST00000355485	7	0		0		1	8
VANGL2	ENST00000368061	7	0		0		1	3
VAPB	ENST00000475243	6	0		0		1	2
VARS1	ENST00000375663	29	29	2,3,4,5,6,7,8,9,10,11,12,13,14,15,16,17,18,19,20,21,22,23,24,25,26,27,28,29,30	29	2,3,4,5,6,7,8,9,10,11,12,13,14,15,16,17,18,19,20,21,22,23,24,25,26,27,28,29,30	29	2,3,4,5,6,7,8,9,10,11,12,13,14,15,16,17,18,19,20,21,22,23,24,25,26,27,28,29,30
VARS2	ENST00000676266	29	29	2,3,4,5,6,7,8,9,10,11,12,13,14,15,16,17,18,19,20,21,22,23,24,25,26,27,28,29,30	29	2,3,4,5,6,7,8,9,10,11,12,13,14,15,16,17,18,19,20,21,22,23,24,25,26,27,28,29,30	29	2,3,4,5,6,7,8,9,10,11,12,13,14,15,16,17,18,19,20,21,22,23,24,25,26,27,28,29,30
VAV1	ENST00000602142	27	0		0		8	1,8,9,10,11,16,17,24
VAX1	ENST00000369206	3	0		0		2	2,3
VCAN	ENST00000265077	14	0		0		4	3,6,7,8
VCL	ENST00000211998	22	0		0		8	1,4,12,13,15,17,18,19
VCP	ENST00000358901	17	0		0		4	6,8,12,14
VDR	ENST00000549336	8	0		0		5	3,6,8,9,10
VEGFA	ENST00000672860	8	0		0		1	1
VEGFC	ENST00000618562	7	0		0		4	1,4,5,6
VEZF1	ENST00000581208	6	0		0		2	2,4
VGLL2	ENST00000326274	4	0		0		2	2,3
VHL	ENST00000256474	3	0		0		2	1,3
VIM	ENST00000544301	9	0		0		4	2,3,4,9
VIP	ENST00000367244	5	0		0		4	2,3,4,5
VIPAS39	ENST00000557658	19	0		0		4	3,8,12,19
VKORC1	ENST00000394975	3	0		0		2	1,3
VLDLR	ENST00000382100	19	0		0		6	5,6,10,15,17,18
VMA12	ENST00000292114	6	0		0		3	1,4,5
VMA21	ENST00000330374	3	0		0		3	1,2,3
VMA22	ENST00000259229	5	0		0		4	1,2,3,5
VNN1	ENST00000367928	7	0		0		3	1,3,6
VPS11	ENST00000621676	16	0		0		10	1,2,3,5,6,12,13,14,15,16
VPS13A	ENST00000360280	72	0		0		33	1,2,4,5,6,7,11,15,17,18,22,24,28,29,30,33,34,37,38,39,40,41,42,43,46,47,50,52,53,55,58,60,69
VPS13B	ENST00000357162	61	0		0		1	28
VPS13B	ENST00000358544	61	0		0		23	8,9,10,11,12,16,26,27,28,34,35,36,40,42,45,47,48,49,54,56,58,60,62
VPS13C	ENST00000644861	85	0		0		35	1,3,4,8,10,16,18,21,22,23,27,28,30,31,32,33,38,42,46,47,48,52,54,56,57,58,61,63,68,70,72,73,74,76,84
VPS13D	ENST00000620676	69	0		0		27	4,14,16,19,20,21,22,24,26,28,30,35,37,38,45,46,48,50,51,55,59,61,64,65,66,68,69
VPS16	ENST00000380445	24	0		0		8	2,5,11,15,17,19,22,24
VPS26C	ENST00000309117	8	0		0		3	2,6,7
VPS33A	ENST00000267199	13	0		0		4	1,2,5,7
VPS33B	ENST00000333371	23	0		0		6	1,7,12,16,17,18
VPS35	ENST00000299138	17	0		0		8	2,3,9,11,12,13,14,15
VPS35L	ENST00000417362	31	0		0		12	3,4,7,13,19,20,22,24,26,27,29,30
VPS37A	ENST00000324849	11	0		0		8	1,2,4,6,7,8,9,10
VPS41	ENST00000310301	29	0		0		6	4,6,8,24,25,27
VPS45	ENST00000644510	15	0		0		5	1,3,4,5,9
VPS4A	ENST00000254950	11	0		1	5	7	3,4,5,6,7,9,10
VPS4B	ENST00000238497	11	0		0		4	5,6,7,8
VPS50	ENST00000305866	28	0		0		9	1,5,9,11,15,17,21,26,27
VPS51	ENST00000279281	10	0		0		3	1,5,10
VPS52	ENST00000445902	20	20	1,2,3,4,5,6,7,8,9,10,11,12,13,14,15,16,17,18,19,20	20	1,2,3,4,5,6,7,8,9,10,11,12,13,14,15,16,17,18,19,20	20	1,2,3,4,5,6,7,8,9,10,11,12,13,14,15,16,17,18,19,20
VPS53	ENST00000437048	22	0		0		5	2,13,18,21,22
VPS8	ENST00000625842	47	0		1	23	19	10,11,13,15,19,20,23,26,28,29,31,33,36,37,38,42,43,45,48
VRK1	ENST00000216639	12	0		0		5	5,6,10,11,12
VSX1	ENST00000376709	5	0		0		1	1
VSX2	ENST00000261980	5	0		0		2	4,5
VTN	ENST00000226218	8	0		0		5	2,3,4,5,7
VWA1	ENST00000476993	3	0		0		2	2,3
VWA2	ENST00000392982	13	0		0		4	3,8,11,12
VWA3B	ENST00000477737	27	0		1	2	11	2,5,9,12,13,15,18,22,24,25,27
VWA8	ENST00000379310	45	0		0		17	6,8,10,13,18,20,22,28,29,33,35,36,37,38,40,42,44
VWF	ENST00000261405	51	0		0		19	2,3,5,7,12,18,19,21,23,28,29,30,34,35,37,38,44,45,52
WAC	ENST00000354911	14	0		0		7	1,4,6,7,10,11,14
WAPL	ENST00000298767	18	0		0		6	2,3,5,8,10,12
WARS1	ENST00000392882	10	0		0		3	3,6,11
WARS2	ENST00000235521	6	0		0		4	1,3,5,6
WAS	ENST00000376701	12	0		0		11	1,2,3,4,5,6,7,8,9,10,11
WASF1	ENST00000392589	8	0		0		2	8,10
WASHC3	ENST00000240079	7	0		0		2	3,7
WASHC4	ENST00000332180	33	0		0		9	1,3,7,12,13,16,26,28,29
WASHC5	ENST00000318410	28	0		0		11	5,8,10,12,13,16,19,24,27,28,29
WASL	ENST00000223023	11	0		0		5	1,4,8,9,11
WBP11	ENST00000261167	11	0		0		2	10,12
WBP2	ENST00000254806	8	0		0		3	3,4,6
WBP4	ENST00000379487	10	0		0		2	1,6
WDFY3	ENST00000295888	65	0		0		23	5,6,9,11,12,18,23,25,30,34,37,43,54,55,56,57,59,60,61,62,63,64,65
WDFY4	ENST00000325239	61	0		0		29	2,5,6,8,9,10,11,12,14,18,22,23,25,26,29,30,31,32,34,35,37,39,41,47,52,53,56,57,58
WDPCP	ENST00000272321	18	0		0		7	1,7,8,10,11,13,17
WDR1	ENST00000499869	15	0		0		9	1,2,6,9,10,11,12,13,14
WDR11	ENST00000263461	29	0		0		11	4,10,12,16,20,21,23,25,26,27,29
WDR13	ENST00000376729	9	0		3	3,6,7	9	2,3,4,5,6,7,8,9,10
WDR19	ENST00000399820	36	0		0		7	12,14,20,25,26,28,34
WDR26	ENST00000414423	14	0		0		4	1,3,5,7
WDR35	ENST00000281405	27	0		0		0	
WDR35	ENST00000345530	28	0		0		9	1,9,12,20,21,23,24,26,27
WDR36	ENST00000513710	23	0		0		9	1,6,9,12,15,16,19,20,23
WDR37	ENST00000263150	13	0		0		3	6,10,14
WDR4	ENST00000398208	11	0		0		4	1,3,5,6
WDR44	ENST00000254029	20	0		5	1,8,15,17,20	19	1,2,4,5,6,7,8,9,10,11,12,13,14,15,16,17,18,19,20
WDR45	ENST00000376372	10	0		2	4,10	10	2,3,4,5,6,7,8,9,10,11
WDR45B	ENST00000392325	10	0		1	10	4	5,8,9,10
WDR47	ENST00000369962	14	0		0		5	3,4,5,9,15
WDR48	ENST00000302313	19	0		0		4	5,6,17,18
WDR5	ENST00000358625	13	0		0		3	6,7,13
WDR62	ENST00000401500	32	0		0		14	4,5,6,8,13,14,19,20,23,25,27,28,29,30
WDR72	ENST00000360509	19	0		1	10	7	8,10,11,12,13,15,18
WDR73	ENST00000434634	8	0		0		5	2,3,6,7,8
WDR81	ENST00000409644	10	2	7,9	9	1,2,3,4,5,6,7,8,9	10	1,2,3,4,5,6,7,8,9,10
WDR83OS	ENST00000596731	4	0		0		0	
WDR87	ENST00000447313	5	0		0		2	4,6
WDR91	ENST00000354475	15	0		0		7	3,4,7,8,9,11,14
WDR93	ENST00000268130	16	0		0		8	3,6,9,12,13,15,16,17
WEE2	ENST00000397541	12	0		11	1,2,3,4,5,6,7,8,9,10,11	12	1,2,3,4,5,6,7,8,9,10,11,12
WFDC2	ENST00000372676	3	0		0		2	2,3
WFS1	ENST00000226760	7	0		0		2	3,8
WHRN	ENST00000362057	12	0		0		6	1,2,4,5,6,7
WIPF1	ENST00000679041	7	0		0		3	2,5,7
WIPI2	ENST00000288828	13	0		0		9	1,3,4,6,7,8,9,10,11
WLS	ENST00000262348	12	0		0		5	1,2,3,5,6
WNK1	ENST00000315939	28	0		0		0	
WNK1	ENST00000340908	28	0		1	24	12	1,2,3,10,14,17,19,22,23,24,26,28
WNK3	ENST00000354646	23	0		6	3,4,6,12,16,20	22	2,3,4,5,6,7,8,9,10,12,13,14,15,16,17,18,19,20,21,22,23,24
WNK4	ENST00000246914	19	0		0		5	1,3,4,6,16
WNT1	ENST00000293549	4	0		0		3	2,3,4
WNT10A	ENST00000258411	4	0		0		2	3,4
WNT10B	ENST00000301061	4	0		0		3	2,3,4
WNT11	ENST00000322563	5	0		0		2	3,4
WNT2B	ENST00000369684	5	0		0		3	2,3,4
WNT3	ENST00000225512	4	3	2,3,4	4	1,2,3,4	4	1,2,3,4
WNT4	ENST00000290167	5	0		0		1	4
WNT5A	ENST00000264634	5	0		0		2	4,5
WNT7A	ENST00000285018	4	0		0		3	1,2,4
WNT7B	ENST00000339464	4	0		0		4	1,2,3,4
WNT9B	ENST00000290015	4	0		3	2,3,4	4	1,2,3,4
WRAP53	ENST00000396463	10	0		0		3	2,3,10
WRAP73	ENST00000270708	12	0		0		5	1,3,6,8,9
WRN	ENST00000298139	34	0		0		16	2,7,8,9,12,13,14,15,20,23,24,25,26,30,33,34
WSB2	ENST00000315436	9	0		0		6	2,3,4,5,6,7
WT1	ENST00000452863	10	0		0		5	1,4,6,7,9
WWC1	ENST00000265293	23	0		0		10	6,7,9,10,11,12,14,19,21,22
WWOX	ENST00000566780	9	0		0		5	1,2,3,4,8
XBP1	ENST00000344347	6	0		0		2	3,6
XDH	ENST00000379416	36	0		0		17	3,4,5,8,9,10,11,12,14,17,22,23,26,27,31,32,35
XIAP	ENST00000371199	6	0		1	5	6	2,3,4,5,6,7
XK	ENST00000378616	3	0		2	1,3	3	1,2,3
XPA	ENST00000375128	6	0		0		3	1,2,6
XPC	ENST00000285021	16	0		0		7	1,4,7,8,9,14,16
XPNPEP2	ENST00000371106	21	0		3	6,10,21	20	1,2,3,4,5,6,7,8,10,11,12,13,14,15,16,17,18,19,20,21
XPNPEP3	ENST00000357137	10	0		0		4	3,6,8,10
XPO5	ENST00000265351	32	0		0		9	2,5,13,15,17,18,21,26,29
XPO7	ENST00000252512	28	0		0		6	6,17,18,23,24,26
XPR1	ENST00000367590	15	0		0		5	1,3,9,12,13
XRCC1	ENST00000262887	17	0		0		2	7,16
XRCC2	ENST00000359321	3	0		0		3	1,2,3
XRCC3	ENST00000555055	7	0		0		1	5
XRCC4	ENST00000396027	7	0		0		4	4,5,6,8
XRCC6	ENST00000360079	12	0		0		4	8,9,11,13
XYLT1	ENST00000261381	12	0		0		8	1,3,5,7,9,10,11,12
XYLT2	ENST00000017003	11	0		0		3	2,3,10
YAP1	ENST00000282441	9	0		0		4	2,5,7,9
YARS1	ENST00000373477	13	0		0		7	3,5,6,7,8,12,13
YARS2	ENST00000324868	5	0		0		3	1,2,5
YEATS2	ENST00000305135	30	0		0		11	2,7,11,13,14,17,19,24,26,28,31
YIF1B	ENST00000339413	8	0		0		3	6,7,8
YIPF5	ENST00000274496	5	0		0		1	4
YKT6	ENST00000223369	7	0		0		2	3,6
YME1L1	ENST00000376016	19	0		0		11	1,4,5,6,7,11,13,14,15,18,19
YPEL2	ENST00000312655	4	0		0		1	4
YRDC	ENST00000373044	5	0		0		2	1,2
YTHDC1	ENST00000344157	17	0		17	1,2,3,4,5,6,7,8,9,10,11,12,13,14,15,16,17	17	1,2,3,4,5,6,7,8,9,10,11,12,13,14,15,16,17
YWHAE	ENST00000264335	6	0		4	1,2,3,5	6	1,2,3,4,5,6
YWHAG	ENST00000307630	2	0		0		1	2
YWHAZ	ENST00000395958	5	0		0		3	2,5,6
YY1	ENST00000262238	5	0		0		3	1,2,4
YY1AP1	ENST00000355499	9	0		0		4	4,7,9,11
ZAP70	ENST00000264972	12	0		0		4	4,8,10,11
ZAR1	ENST00000327939	4	0		0		2	1,4
ZBTB11	ENST00000312938	11	0		0		5	1,2,3,4,11
ZBTB16	ENST00000335953	6	0		0		5	2,3,4,5,6
ZBTB18	ENST00000358704	2	0		0		1	2
ZBTB20	ENST00000675478	4	0		0		1	11
ZBTB24	ENST00000230122	6	0		0		2	2,7
ZBTB40	ENST00000375647	17	0		0		6	2,3,8,12,17,18
ZBTB42	ENST00000342537	1	0		0		1	1
ZBTB47	ENST00000232974	5	0		0		2	2,3
ZBTB7A	ENST00000322357	2	0		0		2	2,3
ZC2HC1C	ENST00000524913	2	0		0		1	2
ZC3H12B	ENST00000338957	5	0		2	6,10	4	6,8,9,10
ZC3H14	ENST00000251038	17	0		0		5	5,6,9,12,15
ZC4H2	ENST00000374839	5	0		1	4	5	1,2,3,4,5
ZCCHC8	ENST00000633063	14	0		0		6	1,3,4,7,8,14
ZDBF2	ENST00000374423	3	0		0		1	5
ZDHHC15	ENST00000373367	11	0		1	9	11	1,2,3,4,5,6,7,8,9,10,11
ZDHHC16	ENST00000393760	10	0		0		4	3,4,9,11
ZDHHC5	ENST00000287169	11	0		0		2	7,11
ZDHHC9	ENST00000357166	9	0		0		8	3,4,5,6,7,8,10,11
ZEB1	ENST00000424869	9	0		0		4	2,3,7,8
ZEB2	ENST00000627532	9	0		0		6	2,3,6,8,9,10
ZFAT	ENST00000377838	16	0		0		9	3,4,5,6,9,10,11,15,16
ZFHX2	ENST00000419474	9	0		0		3	2,9,10
ZFHX3	ENST00000268489	9	0		0		7	2,3,5,7,8,9,10
ZFHX4	ENST00000651372	10	0		0		6	2,3,6,7,8,10
ZFP36L1	ENST00000439696	2	0		0		1	2
ZFP36L2	ENST00000282388	2	0		0		1	2
ZFP57	ENST00000376883	4	4	2,3,4,5	4	2,3,4,5	4	2,3,4,5
ZFPM1	ENST00000319555	10	0		0		2	6,10
ZFPM2	ENST00000407775	8	0		0		5	1,2,4,7,8
ZFR	ENST00000265069	20	0		0		8	2,3,4,6,8,13,18,20
ZFTRAF1	ENST00000530374	4	0		0		2	1,4
ZFX	ENST00000304543	7	0		6	5,6,7,8,9,10	7	4,5,6,7,8,9,10
ZFYVE19	ENST00000355341	11	0		0		3	1,8,9
ZFYVE26	ENST00000347230	41	0		0		14	3,5,7,9,10,11,12,19,21,22,33,34,36,38
ZFYVE27	ENST00000684270	12	0		0		4	2,3,5,10
ZIC1	ENST00000282928	3	0		0		2	1,3
ZIC2	ENST00000376335	3	0		0		2	1,2
ZIC3	ENST00000287538	3	0		2	1,2	3	1,2,3
ZMAT2	ENST00000274712	6	0		0		1	3
ZMIZ1	ENST00000334512	21	0		0		3	11,17,19
ZMPSTE24	ENST00000372759	10	0		0		3	4,5,8
ZMYM2	ENST00000610343	23	0		0		7	3,4,8,9,19,23,24
ZMYM3	ENST00000314425	24	0		0		24	2,3,4,5,6,7,8,9,10,11,12,13,14,15,16,17,18,19,20,21,22,23,24,25
ZMYM5	ENST00000337963	6	0		0		5	3,5,6,7,8
ZMYM6	ENST00000357182	15	0		0		6	2,10,12,13,14,16
ZMYND10	ENST00000231749	12	0		0		3	5,7,12
ZMYND11	ENST00000381604	14	0		0		7	7,8,9,10,11,12,13
ZMYND15	ENST00000433935	13	0		0		3	2,4,7
ZMYND8	ENST00000471951	23	0		0		7	11,14,15,16,19,20,21
ZNF141	ENST00000240499	4	0		0		1	4
ZNF142	ENST00000411696	8	0		0		5	4,5,7,9,11
ZNF143	ENST00000396602	15	0		0		2	4,8
ZNF148	ENST00000360647	6	0		0		3	5,8,9
ZNF219	ENST00000360947	4	0		0		3	3,4,5
ZNF292	ENST00000369577	8	0		0		4	1,3,5,8
ZNF3	ENST00000299667	4	0		0		1	6
ZNF335	ENST00000322927	27	0		0		14	2,3,5,6,7,10,13,14,18,20,21,22,23,28
ZNF341	ENST00000375200	15	0		0		9	3,4,7,8,9,11,12,14,15
ZNF365	ENST00000395254	4	0		0		4	2,3,4,5
ZNF407	ENST00000299687	8	0		0		5	2,3,5,8,9
ZNF408	ENST00000311764	5	0		0		4	1,2,4,5
ZNF41	ENST00000684689	4	0		1	5	4	2,3,4,5
ZNF423	ENST00000563137	8	0		0		1	4
ZNF445	ENST00000396077	6	0		0		3	3,4,8
ZNF462	ENST00000277225	12	0		0		4	3,8,10,13
ZNF469	ENST00000565624	1	0		0		1	3
ZNF483	ENST00000309235	5	0		1	3	3	2,3,6
ZNF513	ENST00000323703	4	0		0		2	2,4
ZNF526	ENST00000301215	1	0		0		1	3
ZNF541	ENST00000391901	15	0		0		8	3,4,5,9,13,14,16,17
ZNF589	ENST00000354698	4	0		0		3	1,3,4
ZNF592	ENST00000560079	8	0		0		6	4,7,8,9,10,11
ZNF606	ENST00000551380	6	0		0		4	4,5,6,7
ZNF644	ENST00000337393	5	0		0		2	3,5
ZNF668	ENST00000300849	2	0		0		2	2,3
ZNF687	ENST00000336715	8	0		0		3	2,3,9
ZNF699	ENST00000591998	5	0		0		3	4,5,6
ZNF711	ENST00000674551	8	0		2	5,11	7	4,5,6,7,8,10,11
ZNF713	ENST00000429591	4	0		0		2	4,7
ZNF750	ENST00000269394	2	0		0		2	2,3
ZNF804A	ENST00000302277	4	0		0		1	4
ZNF808	ENST00000359798	3	0		0		2	3,5
ZNF81	ENST00000338637	4	0		1	5	4	2,3,4,5
ZNF862	ENST00000223210	8	0		0		4	4,5,6,7
ZNFX1	ENST00000396105	13	0		0		5	3,4,6,9,14
ZNHIT3	ENST00000617429	5	0		5	1,2,3,4,5	5	1,2,3,4,5
ZNRF3	ENST00000544604	9	0		0		3	2,5,8
ZP1	ENST00000278853	12	0		0		3	5,11,12
ZP2	ENST00000574091	19	0		0		7	1,2,6,7,10,12,19
ZP3	ENST00000394857	8	0		0		4	1,2,5,8
ZPBP	ENST00000046087	8	0		0		5	1,2,3,4,5
ZPR1	ENST00000227322	14	0		0		3	1,2,3
ZRSR2	ENST00000307771	11	0		2	7,11	7	1,2,6,7,8,10,11
ZSCAN10	ENST00000576985	5	0		0		3	2,3,6
ZSWIM6	ENST00000252744	14	0		1	1	4	1,2,4,14
ZSWIM7	ENST00000399277	5	0		0		0	
ZWILCH	ENST00000307897	18	0		0		7	1,5,6,9,10,13,15
ZYG11B	ENST00000294353	14	0		1	8	7	3,5,7,8,9,12,14
