Jun-12 04:22:39.315 [main] DEBUG nextflow.cli.Launcher - $> nextflow -c /home/pipeline/tertiary_code/nextflow_tertiary.config run /home/pipeline/tertiary_code/main_tertiary.nf -profile dgm -work-dir /home/n102968/NGS_UI/nf_work/batch-1781238156-29316524 --pipeline_type nckuh --samplesheet /home/n102968/NGS_UI/data/jobs/tertiary/1781238156-29316524/samplesheet.csv --out_dir /home/pipeline/tertiary_output --run_pgx false -resume
Jun-12 04:22:39.498 [main] DEBUG nextflow.cli.CmdRun - N E X T F L O W  ~  version 25.10.2
Jun-12 04:22:39.520 [main] DEBUG nextflow.plugin.PluginsFacade - Setting up plugin manager > mode=prod; embedded=false; plugins-dir=/home/pipeline/nextflow_home/plugins; core-plugins: nf-amazon@3.4.2,nf-azure@1.20.2,nf-cloudcache@0.5.0,nf-codecommit@0.5.0,nf-console@1.3.0,nf-google@1.23.3,nf-k8s@1.2.2,nf-tower@1.17.3,nf-wave@1.16.1
Jun-12 04:22:39.569 [main] INFO  o.pf4j.DefaultPluginStatusProvider - Enabled plugins: []
Jun-12 04:22:39.570 [main] INFO  o.pf4j.DefaultPluginStatusProvider - Disabled plugins: []
Jun-12 04:22:39.573 [main] INFO  org.pf4j.DefaultPluginManager - PF4J version 3.12.0 in 'deployment' mode
Jun-12 04:22:39.587 [main] DEBUG nextflow.util.RetryConfig - Missing nextflow session - using default retry config
Jun-12 04:22:39.727 [main] INFO  org.pf4j.AbstractPluginManager - No plugins
Jun-12 04:22:39.758 [main] DEBUG nextflow.config.ConfigBuilder - User config file: /home/pipeline/tertiary_code/nextflow_tertiary.config
Jun-12 04:22:39.759 [main] DEBUG nextflow.config.ConfigBuilder - Parsing config file: /home/pipeline/tertiary_code/nextflow_tertiary.config
Jun-12 04:22:39.783 [main] DEBUG nextflow.config.ConfigBuilder - Applying config profile: `dgm`
Jun-12 04:22:40.361 [main] DEBUG nextflow.config.ConfigBuilder - Available config profiles: [dgm, local]
Jun-12 04:22:40.390 [main] DEBUG nextflow.plugin.PluginsFacade - Plugins default=[]
Jun-12 04:22:40.390 [main] DEBUG nextflow.plugin.PluginsFacade - Plugins resolved requirement=[]
Jun-12 04:22:40.406 [main] DEBUG n.secret.LocalSecretsProvider - Secrets store: /home/pipeline/nextflow_home/secrets/store.json
Jun-12 04:22:40.409 [main] DEBUG nextflow.secret.SecretsLoader - Discovered secrets providers: [nextflow.secret.LocalSecretsProvider@47e51549] - activable => nextflow.secret.LocalSecretsProvider@47e51549
Jun-12 04:22:40.411 [main] DEBUG nextflow.cli.CmdRun - Applied DSL=2 from script declaration
Jun-12 04:22:40.430 [main] DEBUG nextflow.cli.CmdRun - Launching `/home/pipeline/tertiary_code/main_tertiary.nf` [nice_keller] DSL2 - revision: f6815e62ca
Jun-12 04:22:40.479 [main] DEBUG nextflow.Session - Session UUID: 6ea75757-8368-44e7-9789-6da839215b5e
Jun-12 04:22:40.480 [main] DEBUG nextflow.Session - Run name: nice_keller
Jun-12 04:22:40.480 [main] DEBUG nextflow.Session - Executor pool size: 64
Jun-12 04:22:40.488 [main] DEBUG nextflow.file.FilePorter - File porter settings maxRetries=3; maxTransfers=50; pollTimeout=null
Jun-12 04:22:40.493 [main] DEBUG nextflow.util.ThreadPoolBuilder - Creating thread pool 'FileTransfer' minSize=10; maxSize=192; workQueue=LinkedBlockingQueue[-1]; allowCoreThreadTimeout=false
Jun-12 04:22:40.513 [main] DEBUG nextflow.cli.CmdRun - 
  Version: 25.10.2 build 10555
  Created: 28-11-2025 19:24 UTC 
  System: Linux 6.8.0-124-generic
  Runtime: Groovy 4.0.28 on OpenJDK 64-Bit Server VM 17.0.17-internal+0-adhoc..src
  Encoding: UTF-8 (UTF-8)
  Process: 4098780@server [127.0.1.1]
  CPUs: 64 - Mem: 125.4 GB (19.5 GB) - Swap: 8 GB (4 GB)
Jun-12 04:22:40.555 [main] DEBUG nextflow.Session - Work-dir: /home/n102968/NGS_UI/nf_work/batch-1781238156-29316524 [ext2/ext3]
Jun-12 04:22:40.556 [main] DEBUG nextflow.Session - Script base path does not exist or is not a directory: /home/pipeline/tertiary_code/bin
Jun-12 04:22:40.578 [main] DEBUG nextflow.executor.ExecutorFactory - Extension executors providers=[]
Jun-12 04:22:40.587 [main] DEBUG nextflow.Session - Observer factory (v2): LinObserverFactory
Jun-12 04:22:40.590 [main] DEBUG nextflow.Session - Observer factory (v2): DefaultObserverFactory
Jun-12 04:22:40.629 [main] DEBUG nextflow.cache.CacheFactory - Using Nextflow cache factory: nextflow.cache.DefaultCacheFactory
Jun-12 04:22:40.639 [main] DEBUG nextflow.util.CustomThreadPool - Creating default thread pool > poolSize: 65; maxThreads: 1000
Jun-12 04:22:40.757 [main] DEBUG nextflow.Session - Session start
Jun-12 04:22:40.763 [main] DEBUG nextflow.trace.TraceFileObserver - Workflow started -- trace file: /home/pipeline/tertiary_output/pipeline_info/execution_trace.txt
Jun-12 04:22:41.379 [main] DEBUG nextflow.script.ScriptRunner - > Launching execution
Jun-12 04:22:42.756 [main] INFO  nextflow.Nextflow - 
╔══════════════════════════════════════════════════════╗
║         臨床三級分析 Pipeline  v1.0.0                ║
╚══════════════════════════════════════════════════════╝
Pipeline 類型 : NCKUH
樣本數        : 8
Sample sheet  : /home/n102968/NGS_UI/data/jobs/tertiary/1781238156-29316524/samplesheet.csv
輸出目錄      : /home/pipeline/tertiary_output
容器目錄      : /home/pipeline/nextflow_containers
VEP cache     : /home/pipeline/reference/hg38/tertiary/vep_cache
dbNSFP        : /home/pipeline/reference/hg38/tertiary/dbnsfp/dbNSFP4.9c_with_pknn_grch38.gz
ClinVar       : /home/pipeline/reference/hg38/tertiary/clinvar/clinvar_20260510.vcf.gz
ClinGen HI    : /home/pipeline/reference/hg38/tertiary/clingen/ClinGen_gene_curation_list_GRCh38.tsv
Gene MOI      : /home/pipeline/reference/hg38/tertiary/clingen/gene_moi.tsv.gz
PGx           : 停用（--run_pgx）
PGx CYP2D6    : StellarPGx BAM-based
PGx HLA       : OptiType BAM-based

Jun-12 04:22:42.757 [main] INFO  nextflow.Nextflow -   樣本：VAL-33-WGS  seq_type=WGS  input=/home/datalake_Intermediate/pipeline/nextflow_output/260428_WGS_VAL/VAL-33-WGS
Jun-12 04:22:42.758 [main] INFO  nextflow.Nextflow -   樣本：VAL-34-WGS  seq_type=WGS  input=/home/datalake_Intermediate/pipeline/nextflow_output/260428_WGS_VAL/VAL-34-WGS
Jun-12 04:22:42.758 [main] INFO  nextflow.Nextflow -   樣本：VAL-35-WGS  seq_type=WGS  input=/home/datalake_Intermediate/pipeline/nextflow_output/260428_WGS_VAL/VAL-35-WGS
Jun-12 04:22:42.758 [main] INFO  nextflow.Nextflow -   樣本：VAL-36-WGS  seq_type=WGS  input=/home/datalake_Intermediate/pipeline/nextflow_output/260428_WGS_VAL/VAL-36-WGS
Jun-12 04:22:42.758 [main] INFO  nextflow.Nextflow -   樣本：VAL-37-WGS  seq_type=WGS  input=/home/datalake_Intermediate/pipeline/nextflow_output/260428_WGS_VAL/VAL-37-WGS
Jun-12 04:22:42.758 [main] INFO  nextflow.Nextflow -   樣本：VAL-38-WGS  seq_type=WGS  input=/home/datalake_Intermediate/pipeline/nextflow_output/260428_WGS_VAL/VAL-38-WGS
Jun-12 04:22:42.758 [main] INFO  nextflow.Nextflow -   樣本：VAL-39-WGS  seq_type=WGS  input=/home/datalake_Intermediate/pipeline/nextflow_output/260428_WGS_VAL/VAL-39-WGS
Jun-12 04:22:42.758 [main] INFO  nextflow.Nextflow -   樣本：VAL-40-WGS  seq_type=WGS  input=/home/datalake_Intermediate/pipeline/nextflow_output/260428_WGS_VAL/VAL-40-WGS
Jun-12 04:22:42.811 [main] DEBUG n.script.dsl.ProcessConfigBuilder - Config settings `withLabel:process_low` matches labels `process_low` for process with name PREPARE_VCF:ADD_CALLERS_TAG
Jun-12 04:22:42.819 [main] DEBUG nextflow.executor.ExecutorFactory - << taskConfig executor: null
Jun-12 04:22:42.819 [main] DEBUG nextflow.executor.ExecutorFactory - >> processorType: 'local'
Jun-12 04:22:42.827 [main] DEBUG nextflow.executor.Executor - [warm up] executor > local
Jun-12 04:22:42.833 [main] DEBUG n.processor.LocalPollingMonitor - Creating local task monitor for executor 'local' > cpus=64; memory=125.4 GB; capacity=64; pollInterval=100ms; dumpInterval=5m
Jun-12 04:22:42.835 [main] DEBUG n.processor.TaskPollingMonitor - >>> barrier register (monitor: local)
Jun-12 04:22:42.854 [main] DEBUG nextflow.processor.TaskProcessor - Creating process 'PREPARE_VCF:ADD_CALLERS_TAG': maxForks=0; fair=false; array=0
Jun-12 04:22:42.882 [main] DEBUG n.script.dsl.ProcessConfigBuilder - Config settings `withLabel:process_low` matches labels `process_low` for process with name PREPARE_VCF:FILTER_FOR_ANNOTATION
Jun-12 04:22:42.883 [main] DEBUG nextflow.executor.ExecutorFactory - << taskConfig executor: null
Jun-12 04:22:42.884 [main] DEBUG nextflow.executor.ExecutorFactory - >> processorType: 'local'
Jun-12 04:22:42.885 [main] DEBUG nextflow.processor.TaskProcessor - Creating process 'PREPARE_VCF:FILTER_FOR_ANNOTATION': maxForks=0; fair=false; array=0
Jun-12 04:22:42.891 [main] DEBUG n.script.dsl.ProcessConfigBuilder - Config settings `withLabel:process_medium` matches labels `process_medium` for process with name MITO_ANNOTATE:MITO_VEP
Jun-12 04:22:42.892 [main] DEBUG nextflow.executor.ExecutorFactory - << taskConfig executor: null
Jun-12 04:22:42.893 [main] DEBUG nextflow.executor.ExecutorFactory - >> processorType: 'local'
Jun-12 04:22:42.894 [main] DEBUG nextflow.processor.TaskProcessor - Creating process 'MITO_ANNOTATE:MITO_VEP': maxForks=0; fair=false; array=0
Jun-12 04:22:42.896 [main] DEBUG n.script.dsl.ProcessConfigBuilder - Config settings `withLabel:process_low` matches labels `process_low` for process with name MITO_ANNOTATE:MITO_PARSE
Jun-12 04:22:42.897 [main] DEBUG nextflow.executor.ExecutorFactory - << taskConfig executor: null
Jun-12 04:22:42.897 [main] DEBUG nextflow.executor.ExecutorFactory - >> processorType: 'local'
Jun-12 04:22:42.898 [main] DEBUG nextflow.processor.TaskProcessor - Creating process 'MITO_ANNOTATE:MITO_PARSE': maxForks=0; fair=false; array=0
Jun-12 04:22:42.904 [main] DEBUG n.script.dsl.ProcessConfigBuilder - Config settings `withLabel:process_low` matches labels `process_low` for process with name STR_PREPARE_NCKUH
Jun-12 04:22:42.905 [main] DEBUG nextflow.executor.ExecutorFactory - << taskConfig executor: null
Jun-12 04:22:42.905 [main] DEBUG nextflow.executor.ExecutorFactory - >> processorType: 'local'
Jun-12 04:22:42.906 [main] DEBUG nextflow.processor.TaskProcessor - Creating process 'STR_PREPARE_NCKUH': maxForks=0; fair=false; array=0
Jun-12 04:22:42.908 [main] DEBUG n.script.dsl.ProcessConfigBuilder - Config settings `withLabel:process_low` matches labels `process_low` for process with name STR_PARSE_NCKUH
Jun-12 04:22:42.909 [main] DEBUG nextflow.executor.ExecutorFactory - << taskConfig executor: null
Jun-12 04:22:42.909 [main] DEBUG nextflow.executor.ExecutorFactory - >> processorType: 'local'
Jun-12 04:22:42.909 [main] DEBUG nextflow.processor.TaskProcessor - Creating process 'STR_PARSE_NCKUH': maxForks=0; fair=false; array=0
Jun-12 04:22:42.917 [main] DEBUG n.script.dsl.ProcessConfigBuilder - Config settings `withLabel:process_low` matches labels `process_low` for process with name CNVKIT_TO_BED
Jun-12 04:22:42.918 [main] DEBUG nextflow.executor.ExecutorFactory - << taskConfig executor: null
Jun-12 04:22:42.918 [main] DEBUG nextflow.executor.ExecutorFactory - >> processorType: 'local'
Jun-12 04:22:42.918 [main] DEBUG nextflow.processor.TaskProcessor - Creating process 'CNVKIT_TO_BED': maxForks=0; fair=false; array=0
Jun-12 04:22:42.921 [main] DEBUG n.script.dsl.ProcessConfigBuilder - Config settings `withLabel:process_medium` matches labels `process_medium` for process with name ANNOTSV_CNV_NCKUH_WGS
Jun-12 04:22:42.922 [main] DEBUG nextflow.executor.ExecutorFactory - << taskConfig executor: null
Jun-12 04:22:42.922 [main] DEBUG nextflow.executor.ExecutorFactory - >> processorType: 'local'
Jun-12 04:22:42.923 [main] DEBUG nextflow.processor.TaskProcessor - Creating process 'ANNOTSV_CNV_NCKUH_WGS': maxForks=0; fair=false; array=0
Jun-12 04:22:42.929 [main] DEBUG n.script.dsl.ProcessConfigBuilder - Config settings `withLabel:process_medium` matches labels `process_medium` for process with name ANNOTSV_SV_NCKUH
Jun-12 04:22:42.930 [main] DEBUG nextflow.executor.ExecutorFactory - << taskConfig executor: null
Jun-12 04:22:42.930 [main] DEBUG nextflow.executor.ExecutorFactory - >> processorType: 'local'
Jun-12 04:22:42.930 [main] DEBUG nextflow.processor.TaskProcessor - Creating process 'ANNOTSV_SV_NCKUH': maxForks=0; fair=false; array=0
Jun-12 04:22:42.937 [main] DEBUG n.script.dsl.ProcessConfigBuilder - Config settings `withLabel:process_high` matches labels `process_high` for process with name SNV_ANNOTATE:VEP_ANNOTATE
Jun-12 04:22:42.938 [main] DEBUG nextflow.executor.ExecutorFactory - << taskConfig executor: null
Jun-12 04:22:42.938 [main] DEBUG nextflow.executor.ExecutorFactory - >> processorType: 'local'
Jun-12 04:22:42.938 [main] DEBUG nextflow.processor.TaskProcessor - Creating process 'SNV_ANNOTATE:VEP_ANNOTATE': maxForks=0; fair=false; array=0
Jun-12 04:22:42.940 [main] DEBUG n.script.dsl.ProcessConfigBuilder - Config settings `withLabel:process_gpu` matches labels `process_gpu` for process with name SNV_ANNOTATE:PANGOLIN_SCORE
Jun-12 04:22:42.941 [main] DEBUG nextflow.executor.ExecutorFactory - << taskConfig executor: null
Jun-12 04:22:42.941 [main] DEBUG nextflow.executor.ExecutorFactory - >> processorType: 'local'
Jun-12 04:22:42.943 [main] DEBUG nextflow.processor.TaskProcessor - Creating process 'SNV_ANNOTATE:PANGOLIN_SCORE': maxForks=1; fair=false; array=0
Jun-12 04:22:42.947 [main] DEBUG n.script.dsl.ProcessConfigBuilder - Config settings `withLabel:process_medium` matches labels `process_medium` for process with name PARSE_VEP_CSQ:PARSE_CSQ
Jun-12 04:22:42.948 [main] DEBUG nextflow.executor.ExecutorFactory - << taskConfig executor: null
Jun-12 04:22:42.948 [main] DEBUG nextflow.executor.ExecutorFactory - >> processorType: 'local'
Jun-12 04:22:42.948 [main] DEBUG nextflow.processor.TaskProcessor - Creating process 'PARSE_VEP_CSQ:PARSE_CSQ': maxForks=0; fair=false; array=0
Jun-12 04:22:42.953 [main] DEBUG n.script.dsl.ProcessConfigBuilder - Config settings `withLabel:process_medium` matches labels `process_medium` for process with name ACMG_CLASSIFY
Jun-12 04:22:42.954 [main] DEBUG nextflow.executor.ExecutorFactory - << taskConfig executor: null
Jun-12 04:22:42.954 [main] DEBUG nextflow.executor.ExecutorFactory - >> processorType: 'local'
Jun-12 04:22:42.954 [main] DEBUG nextflow.processor.TaskProcessor - Creating process 'ACMG_CLASSIFY': maxForks=0; fair=false; array=0
Jun-12 04:22:42.958 [main] DEBUG nextflow.Session - Workflow process names [dsl2]: ADD_DRAGEN_TAG, STR_PARSE_NCKUH, FILTER_FOR_ANNOTATION, SNV_ANNOTATE:PANGOLIN_SCORE, PGX_OPTITYPE, MITO_PARSE, SNV_ANNOTATE:VEP_ANNOTATE, STR_PREPARE_NCKUH, PGX_PARSE, PREPARE_CNV_DRAGEN, ANNOTSV_CNV_DRAGEN, MITO_ANNOTATE:MITO_PARSE, ADD_CALLERS_TAG, PANGOLIN_SCORE, ACMG_CLASSIFY, PARSE_CSQ, VEP_ANNOTATE, PREPARE_VCF:ADD_CALLERS_TAG, PREPARE_SV_DRAGEN, PGX_STELLARPGX, MITO_VEP, CNVKIT_TO_BED, ANNOTSV_CNV_NCKUH_WGS, MITO_ANNOTATE:MITO_VEP, ANNOTSV_SV_NCKUH, ANNOTSV_CNV_NCKUH_WES, PREPARE_VCF:FILTER_FOR_ANNOTATION, PARSE_VEP_CSQ:PARSE_CSQ, PGX_PHARMCAT, ANNOTSV_SV_DRAGEN, PGX_HLA_EXTRACT, STR_PARSE_DRAGEN
Jun-12 04:22:42.960 [main] DEBUG nextflow.Session - Igniting dataflow network (20)
Jun-12 04:22:42.961 [main] DEBUG nextflow.processor.TaskProcessor - Starting process > PREPARE_VCF:ADD_CALLERS_TAG
Jun-12 04:22:42.961 [main] DEBUG nextflow.processor.TaskProcessor - Starting process > PREPARE_VCF:FILTER_FOR_ANNOTATION
Jun-12 04:22:42.962 [main] DEBUG nextflow.processor.TaskProcessor - Starting process > MITO_ANNOTATE:MITO_VEP
Jun-12 04:22:42.962 [main] DEBUG nextflow.processor.TaskProcessor - Starting process > MITO_ANNOTATE:MITO_PARSE
Jun-12 04:22:42.963 [main] DEBUG nextflow.processor.TaskProcessor - Starting process > STR_PREPARE_NCKUH
Jun-12 04:22:42.963 [main] DEBUG nextflow.processor.TaskProcessor - Starting process > STR_PARSE_NCKUH
Jun-12 04:22:42.964 [main] DEBUG nextflow.processor.TaskProcessor - Starting process > CNVKIT_TO_BED
Jun-12 04:22:42.964 [main] DEBUG nextflow.processor.TaskProcessor - Starting process > ANNOTSV_CNV_NCKUH_WGS
Jun-12 04:22:42.965 [main] DEBUG nextflow.processor.TaskProcessor - Starting process > ANNOTSV_SV_NCKUH
Jun-12 04:22:42.966 [main] DEBUG nextflow.processor.TaskProcessor - Starting process > SNV_ANNOTATE:VEP_ANNOTATE
Jun-12 04:22:42.967 [main] DEBUG nextflow.processor.TaskProcessor - Starting process > SNV_ANNOTATE:PANGOLIN_SCORE
Jun-12 04:22:42.967 [main] DEBUG nextflow.processor.TaskProcessor - Starting process > PARSE_VEP_CSQ:PARSE_CSQ
Jun-12 04:22:42.967 [main] DEBUG nextflow.processor.TaskProcessor - Starting process > ACMG_CLASSIFY
Jun-12 04:22:42.969 [main] DEBUG nextflow.script.ScriptRunner - Parsed script files:
  Script_ef2395795c81006b: /home/pipeline/tertiary_code/main_tertiary.nf
  Script_1eb07fc575b52c80: /home/pipeline/tertiary_code/modules/cnv_sv_annotation.nf
  Script_a51f0b3174ff7b6f: /home/pipeline/tertiary_code/modules/snv_annotation.nf
  Script_0a4cf883ac1443a4: /home/pipeline/tertiary_code/modules/mito_annotation.nf
  Script_b6642caa232c65b7: /home/pipeline/tertiary_code/modules/str_annotation.nf
  Script_b0fdf74bb0d86388: /home/pipeline/tertiary_code/modules/acmg_classifier.nf
  Script_783671216694b461: /home/pipeline/tertiary_code/modules/prepare_vcf.nf
  Script_d8744964321ab822: /home/pipeline/tertiary_code/modules/prepare_vcf_dragen.nf
  Script_e82d94206e19c4dd: /home/pipeline/tertiary_code/modules/pgx_annotation.nf
  Script_670714920b262ba8: /home/pipeline/tertiary_code/modules/parse_csq.nf
Jun-12 04:22:42.969 [main] DEBUG nextflow.script.ScriptRunner - > Awaiting termination 
Jun-12 04:22:42.969 [main] DEBUG nextflow.Session - Session await
Jun-12 04:22:43.241 [Task submitter] DEBUG n.executor.local.LocalTaskHandler - Launch cmd line: /bin/bash -ue .command.run
Jun-12 04:22:43.243 [Task submitter] INFO  nextflow.Session - [df/f0426b] Submitted process > STR_PREPARE_NCKUH (8)
Jun-12 04:22:43.254 [Task submitter] DEBUG n.executor.local.LocalTaskHandler - Launch cmd line: /bin/bash -ue .command.run
Jun-12 04:22:43.255 [Task submitter] INFO  nextflow.Session - [da/226f9e] Submitted process > PREPARE_VCF:ADD_CALLERS_TAG (2)
Jun-12 04:22:43.263 [Task submitter] DEBUG n.executor.local.LocalTaskHandler - Launch cmd line: /bin/bash -ue .command.run
Jun-12 04:22:43.264 [Task submitter] INFO  nextflow.Session - [dc/a28222] Submitted process > MITO_ANNOTATE:MITO_VEP (2)
Jun-12 04:22:43.271 [Task submitter] DEBUG n.executor.local.LocalTaskHandler - Launch cmd line: /bin/bash -ue .command.run
Jun-12 04:22:43.271 [Task submitter] INFO  nextflow.Session - [e7/e6c6b2] Submitted process > ANNOTSV_SV_NCKUH (2)
Jun-12 04:22:43.277 [Task submitter] DEBUG n.executor.local.LocalTaskHandler - Launch cmd line: /bin/bash -ue .command.run
Jun-12 04:22:43.277 [Task submitter] INFO  nextflow.Session - [67/293c54] Submitted process > STR_PREPARE_NCKUH (3)
Jun-12 04:22:43.283 [Task submitter] DEBUG n.executor.local.LocalTaskHandler - Launch cmd line: /bin/bash -ue .command.run
Jun-12 04:22:43.284 [Task submitter] INFO  nextflow.Session - [de/87c8a0] Submitted process > STR_PREPARE_NCKUH (4)
Jun-12 04:22:43.293 [Task submitter] DEBUG n.executor.local.LocalTaskHandler - Launch cmd line: /bin/bash -ue .command.run
Jun-12 04:22:43.293 [Task submitter] INFO  nextflow.Session - [9f/8fe695] Submitted process > CNVKIT_TO_BED (6)
Jun-12 04:22:43.299 [Task submitter] DEBUG n.executor.local.LocalTaskHandler - Launch cmd line: /bin/bash -ue .command.run
Jun-12 04:22:43.299 [Task submitter] INFO  nextflow.Session - [ed/52cb8b] Submitted process > CNVKIT_TO_BED (1)
Jun-12 04:22:43.305 [Task submitter] DEBUG n.executor.local.LocalTaskHandler - Launch cmd line: /bin/bash -ue .command.run
Jun-12 04:22:43.306 [Task submitter] INFO  nextflow.Session - [9f/c7d1a8] Submitted process > CNVKIT_TO_BED (7)
Jun-12 04:22:43.910 [Task monitor] DEBUG n.processor.TaskPollingMonitor - Task completed > TaskHandler[id: 2; name: CNVKIT_TO_BED (1); status: COMPLETED; exit: 0; error: -; workDir: /home/n102968/NGS_UI/nf_work/batch-1781238156-29316524/ed/52cb8be1907f54c26512864d9e6997]
Jun-12 04:22:43.910 [Task monitor] DEBUG nextflow.util.ThreadPoolBuilder - Creating thread pool 'TaskFinalizer' minSize=10; maxSize=192; workQueue=LinkedBlockingQueue[-1]; allowCoreThreadTimeout=false
Jun-12 04:22:43.916 [Task submitter] DEBUG n.executor.local.LocalTaskHandler - Launch cmd line: /bin/bash -ue .command.run
Jun-12 04:22:43.917 [Task monitor] DEBUG n.processor.TaskPollingMonitor - Task completed > TaskHandler[id: 32; name: CNVKIT_TO_BED (6); status: COMPLETED; exit: 0; error: -; workDir: /home/n102968/NGS_UI/nf_work/batch-1781238156-29316524/9f/8fe695bc75f51d869fcc98b41ceef5]
Jun-12 04:22:43.917 [Task submitter] INFO  nextflow.Session - [05/7416c0] Submitted process > PREPARE_VCF:ADD_CALLERS_TAG (3)
Jun-12 04:22:43.923 [Task submitter] DEBUG n.executor.local.LocalTaskHandler - Launch cmd line: /bin/bash -ue .command.run
Jun-12 04:22:43.923 [Task submitter] INFO  nextflow.Session - [c6/f068ac] Submitted process > PREPARE_VCF:ADD_CALLERS_TAG (6)
Jun-12 04:22:43.939 [Task monitor] DEBUG n.processor.TaskPollingMonitor - Task completed > TaskHandler[id: 36; name: CNVKIT_TO_BED (7); status: COMPLETED; exit: 0; error: -; workDir: /home/n102968/NGS_UI/nf_work/batch-1781238156-29316524/9f/c7d1a8bd30ddda0c6001e4362a9ec0]
Jun-12 04:22:43.950 [Task submitter] DEBUG n.executor.local.LocalTaskHandler - Launch cmd line: /bin/bash -ue .command.run
Jun-12 04:22:43.950 [Task submitter] INFO  nextflow.Session - [aa/4ce620] Submitted process > PREPARE_VCF:ADD_CALLERS_TAG (4)
Jun-12 04:22:45.171 [Task monitor] DEBUG n.processor.TaskPollingMonitor - Task completed > TaskHandler[id: 14; name: MITO_ANNOTATE:MITO_VEP (2); status: COMPLETED; exit: 0; error: -; workDir: /home/n102968/NGS_UI/nf_work/batch-1781238156-29316524/dc/a282223b2d0dd1e3354eff306bc9a7]
Jun-12 04:22:45.177 [Task submitter] DEBUG n.executor.local.LocalTaskHandler - Launch cmd line: /bin/bash -ue .command.run
Jun-12 04:22:45.177 [Task submitter] INFO  nextflow.Session - [05/21f94e] Submitted process > MITO_ANNOTATE:MITO_VEP (4)
Jun-12 04:22:45.182 [TaskFinalizer-4] DEBUG nextflow.util.ThreadPoolBuilder - Creating thread pool 'PublishDir' minSize=10; maxSize=192; workQueue=LinkedBlockingQueue[-1]; allowCoreThreadTimeout=false
Jun-12 04:22:47.265 [Task monitor] DEBUG n.processor.TaskPollingMonitor - Task completed > TaskHandler[id: 21; name: MITO_ANNOTATE:MITO_VEP (4); status: COMPLETED; exit: 0; error: -; workDir: /home/n102968/NGS_UI/nf_work/batch-1781238156-29316524/05/21f94e58a4e3d760dfd4b07db881e6]
Jun-12 04:22:47.272 [Task submitter] DEBUG n.executor.local.LocalTaskHandler - Launch cmd line: /bin/bash -ue .command.run
Jun-12 04:22:47.272 [Task submitter] INFO  nextflow.Session - [06/e8eb53] Submitted process > MITO_ANNOTATE:MITO_VEP (8)
Jun-12 04:22:49.328 [Task monitor] DEBUG n.processor.TaskPollingMonitor - Task completed > TaskHandler[id: 40; name: MITO_ANNOTATE:MITO_VEP (8); status: COMPLETED; exit: 0; error: -; workDir: /home/n102968/NGS_UI/nf_work/batch-1781238156-29316524/06/e8eb533c7f58a85b4254ce3c9d75a4]
Jun-12 04:22:49.334 [Task submitter] DEBUG n.executor.local.LocalTaskHandler - Launch cmd line: /bin/bash -ue .command.run
Jun-12 04:22:49.335 [Task submitter] INFO  nextflow.Session - [5b/bc2bb5] Submitted process > MITO_ANNOTATE:MITO_VEP (3)
Jun-12 04:22:51.239 [Task monitor] DEBUG n.processor.TaskPollingMonitor - Task completed > TaskHandler[id: 19; name: MITO_ANNOTATE:MITO_VEP (3); status: COMPLETED; exit: 0; error: -; workDir: /home/n102968/NGS_UI/nf_work/batch-1781238156-29316524/5b/bc2bb5acd28c6de8b0a8755e2968bc]
Jun-12 04:22:51.244 [Task submitter] DEBUG n.executor.local.LocalTaskHandler - Launch cmd line: /bin/bash -ue .command.run
Jun-12 04:22:51.245 [Task submitter] INFO  nextflow.Session - [52/fbf3ae] Submitted process > CNVKIT_TO_BED (5)
Jun-12 04:22:51.250 [Task submitter] DEBUG n.executor.local.LocalTaskHandler - Launch cmd line: /bin/bash -ue .command.run
Jun-12 04:22:51.251 [Task submitter] INFO  nextflow.Session - [5e/6c87b2] Submitted process > STR_PREPARE_NCKUH (6)
Jun-12 04:22:51.255 [Task submitter] DEBUG n.executor.local.LocalTaskHandler - Launch cmd line: /bin/bash -ue .command.run
Jun-12 04:22:51.257 [Task submitter] INFO  nextflow.Session - [1b/c15f30] Submitted process > STR_PREPARE_NCKUH (1)
Jun-12 04:22:51.261 [Task submitter] DEBUG n.executor.local.LocalTaskHandler - Launch cmd line: /bin/bash -ue .command.run
Jun-12 04:22:51.261 [Task submitter] INFO  nextflow.Session - [72/27af2d] Submitted process > PREPARE_VCF:ADD_CALLERS_TAG (8)
Jun-12 04:22:51.592 [Task monitor] DEBUG n.processor.TaskPollingMonitor - Task completed > TaskHandler[id: 26; name: CNVKIT_TO_BED (5); status: COMPLETED; exit: 0; error: -; workDir: /home/n102968/NGS_UI/nf_work/batch-1781238156-29316524/52/fbf3ae3e7d609919684b230c08a69d]
Jun-12 04:22:51.597 [Task submitter] DEBUG n.executor.local.LocalTaskHandler - Launch cmd line: /bin/bash -ue .command.run
Jun-12 04:22:51.598 [Task submitter] INFO  nextflow.Session - [48/b8fd62] Submitted process > CNVKIT_TO_BED (4)
Jun-12 04:22:52.060 [Task monitor] DEBUG n.processor.TaskPollingMonitor - Task completed > TaskHandler[id: 23; name: CNVKIT_TO_BED (4); status: COMPLETED; exit: 0; error: -; workDir: /home/n102968/NGS_UI/nf_work/batch-1781238156-29316524/48/b8fd62c40afe888601f306fce21ff8]
Jun-12 04:22:52.064 [Task submitter] DEBUG n.executor.local.LocalTaskHandler - Launch cmd line: /bin/bash -ue .command.run
Jun-12 04:22:52.065 [Task submitter] INFO  nextflow.Session - [73/afaf38] Submitted process > PREPARE_VCF:ADD_CALLERS_TAG (1)
Jun-12 04:23:03.755 [Task monitor] DEBUG n.processor.TaskPollingMonitor - Task completed > TaskHandler[id: 38; name: STR_PREPARE_NCKUH (8); status: COMPLETED; exit: 0; error: -; workDir: /home/n102968/NGS_UI/nf_work/batch-1781238156-29316524/df/f0426b746010e89413f3f15cc8b810]
Jun-12 04:23:03.761 [Task submitter] DEBUG n.executor.local.LocalTaskHandler - Launch cmd line: /bin/bash -ue .command.run
Jun-12 04:23:03.762 [Task submitter] INFO  nextflow.Session - [18/8cce00] Submitted process > PREPARE_VCF:ADD_CALLERS_TAG (5)
Jun-12 04:23:03.919 [Task monitor] DEBUG n.processor.TaskPollingMonitor - Task completed > TaskHandler[id: 24; name: STR_PREPARE_NCKUH (4); status: COMPLETED; exit: 0; error: -; workDir: /home/n102968/NGS_UI/nf_work/batch-1781238156-29316524/de/87c8a00b6c0bff1449e0de3334b397]
Jun-12 04:23:03.925 [Task submitter] DEBUG n.executor.local.LocalTaskHandler - Launch cmd line: /bin/bash -ue .command.run
Jun-12 04:23:03.925 [Task submitter] INFO  nextflow.Session - [04/232083] Submitted process > STR_PREPARE_NCKUH (5)
Jun-12 04:23:03.944 [Task monitor] DEBUG n.processor.TaskPollingMonitor - Task completed > TaskHandler[id: 20; name: STR_PREPARE_NCKUH (3); status: COMPLETED; exit: 0; error: -; workDir: /home/n102968/NGS_UI/nf_work/batch-1781238156-29316524/67/293c5449cf5f7a2ff72bc333a16820]
Jun-12 04:23:03.949 [Task submitter] DEBUG n.executor.local.LocalTaskHandler - Launch cmd line: /bin/bash -ue .command.run
Jun-12 04:23:03.949 [Task submitter] INFO  nextflow.Session - [cd/41b44d] Submitted process > STR_PREPARE_NCKUH (7)
Jun-12 04:23:12.533 [Task monitor] DEBUG n.processor.TaskPollingMonitor - Task completed > TaskHandler[id: 30; name: STR_PREPARE_NCKUH (6); status: COMPLETED; exit: 0; error: -; workDir: /home/n102968/NGS_UI/nf_work/batch-1781238156-29316524/5e/6c87b2a8ce18bd2f20c53dc5474a4c]
Jun-12 04:23:12.538 [Task submitter] DEBUG n.executor.local.LocalTaskHandler - Launch cmd line: /bin/bash -ue .command.run
Jun-12 04:23:12.539 [Task submitter] INFO  nextflow.Session - [72/309c37] Submitted process > CNVKIT_TO_BED (3)
Jun-12 04:23:13.003 [Task monitor] DEBUG n.processor.TaskPollingMonitor - Task completed > TaskHandler[id: 12; name: CNVKIT_TO_BED (3); status: COMPLETED; exit: 0; error: -; workDir: /home/n102968/NGS_UI/nf_work/batch-1781238156-29316524/72/309c37a7d6099b361a59d8bcfb2537]
Jun-12 04:23:13.008 [Task submitter] DEBUG n.executor.local.LocalTaskHandler - Launch cmd line: /bin/bash -ue .command.run
Jun-12 04:23:13.009 [Task submitter] INFO  nextflow.Session - [c9/36344b] Submitted process > CNVKIT_TO_BED (2)
Jun-12 04:23:13.328 [Task monitor] DEBUG n.processor.TaskPollingMonitor - Task completed > TaskHandler[id: 3; name: STR_PREPARE_NCKUH (1); status: COMPLETED; exit: 0; error: -; workDir: /home/n102968/NGS_UI/nf_work/batch-1781238156-29316524/1b/c15f3090050e04d708164d7a3100a6]
Jun-12 04:23:13.333 [Task submitter] DEBUG n.executor.local.LocalTaskHandler - Launch cmd line: /bin/bash -ue .command.run
Jun-12 04:23:13.334 [Task submitter] INFO  nextflow.Session - [12/7b7d2a] Submitted process > STR_PREPARE_NCKUH (2)
Jun-12 04:23:13.416 [Task monitor] DEBUG n.processor.TaskPollingMonitor - Task completed > TaskHandler[id: 8; name: CNVKIT_TO_BED (2); status: COMPLETED; exit: 0; error: -; workDir: /home/n102968/NGS_UI/nf_work/batch-1781238156-29316524/c9/36344bbd32a02f7a91f479b8d78b35]
Jun-12 04:23:13.421 [Task submitter] DEBUG n.executor.local.LocalTaskHandler - Launch cmd line: /bin/bash -ue .command.run
Jun-12 04:23:13.421 [Task submitter] INFO  nextflow.Session - [2e/5e4134] Submitted process > PREPARE_VCF:ADD_CALLERS_TAG (7)
Jun-12 04:23:24.522 [Task monitor] DEBUG n.processor.TaskPollingMonitor - Task completed > TaskHandler[id: 33; name: STR_PREPARE_NCKUH (7); status: COMPLETED; exit: 0; error: -; workDir: /home/n102968/NGS_UI/nf_work/batch-1781238156-29316524/cd/41b44d9e5a1b8fb92c4f56ecf015b7]
Jun-12 04:23:24.523 [Task monitor] DEBUG n.processor.TaskPollingMonitor - Task completed > TaskHandler[id: 27; name: STR_PREPARE_NCKUH (5); status: COMPLETED; exit: 0; error: -; workDir: /home/n102968/NGS_UI/nf_work/batch-1781238156-29316524/04/23208366c780bde839faa28a647fbe]
Jun-12 04:23:24.529 [Task submitter] DEBUG n.executor.local.LocalTaskHandler - Launch cmd line: /bin/bash -ue .command.run
Jun-12 04:23:24.530 [Task submitter] INFO  nextflow.Session - [3b/595c44] Submitted process > CNVKIT_TO_BED (8)
Jun-12 04:23:24.534 [Task submitter] DEBUG n.executor.local.LocalTaskHandler - Launch cmd line: /bin/bash -ue .command.run
Jun-12 04:23:24.534 [Task submitter] INFO  nextflow.Session - [a8/987426] Submitted process > MITO_ANNOTATE:MITO_PARSE (1)
Jun-12 04:23:24.893 [Task monitor] DEBUG n.processor.TaskPollingMonitor - Task completed > TaskHandler[id: 39; name: CNVKIT_TO_BED (8); status: COMPLETED; exit: 0; error: -; workDir: /home/n102968/NGS_UI/nf_work/batch-1781238156-29316524/3b/595c442000d1acc319128ff03448d3]
Jun-12 04:23:24.899 [Task submitter] DEBUG n.executor.local.LocalTaskHandler - Launch cmd line: /bin/bash -ue .command.run
Jun-12 04:23:24.900 [Task submitter] INFO  nextflow.Session - [22/4f072b] Submitted process > MITO_ANNOTATE:MITO_PARSE (2)
Jun-12 04:23:27.555 [Task monitor] DEBUG n.processor.TaskPollingMonitor - Task completed > TaskHandler[id: 44; name: MITO_ANNOTATE:MITO_PARSE (1); status: COMPLETED; exit: 0; error: -; workDir: /home/n102968/NGS_UI/nf_work/batch-1781238156-29316524/a8/987426a752804b716c96b89d0b824f]
Jun-12 04:23:27.560 [Task submitter] DEBUG n.executor.local.LocalTaskHandler - Launch cmd line: /bin/bash -ue .command.run
Jun-12 04:23:27.560 [Task submitter] INFO  nextflow.Session - [1d/1cf3fb] Submitted process > MITO_ANNOTATE:MITO_PARSE (3)
Jun-12 04:23:27.707 [Task monitor] DEBUG n.processor.TaskPollingMonitor - Task completed > TaskHandler[id: 45; name: MITO_ANNOTATE:MITO_PARSE (2); status: COMPLETED; exit: 0; error: -; workDir: /home/n102968/NGS_UI/nf_work/batch-1781238156-29316524/22/4f072b0122136f26c7baa4238fcbf7]
Jun-12 04:23:27.711 [Task submitter] DEBUG n.executor.local.LocalTaskHandler - Launch cmd line: /bin/bash -ue .command.run
Jun-12 04:23:27.711 [Task submitter] INFO  nextflow.Session - [e0/397c99] Submitted process > MITO_ANNOTATE:MITO_PARSE (4)
Jun-12 04:23:28.370 [Task monitor] DEBUG n.processor.TaskPollingMonitor - Task completed > TaskHandler[id: 46; name: MITO_ANNOTATE:MITO_PARSE (3); status: COMPLETED; exit: 0; error: -; workDir: /home/n102968/NGS_UI/nf_work/batch-1781238156-29316524/1d/1cf3fb5549731c585a006e47c70b0d]
Jun-12 04:23:28.375 [Task submitter] DEBUG n.executor.local.LocalTaskHandler - Launch cmd line: /bin/bash -ue .command.run
Jun-12 04:23:28.379 [Task submitter] INFO  nextflow.Session - [1d/4505f5] Submitted process > STR_PARSE_NCKUH (1)
Jun-12 04:23:28.502 [Task monitor] DEBUG n.processor.TaskPollingMonitor - Task completed > TaskHandler[id: 47; name: MITO_ANNOTATE:MITO_PARSE (4); status: COMPLETED; exit: 0; error: -; workDir: /home/n102968/NGS_UI/nf_work/batch-1781238156-29316524/e0/397c99b437ce3245130c04fae89c79]
Jun-12 04:23:28.506 [Task submitter] DEBUG n.executor.local.LocalTaskHandler - Launch cmd line: /bin/bash -ue .command.run
Jun-12 04:23:28.506 [Task submitter] INFO  nextflow.Session - [2b/bdce0a] Submitted process > STR_PARSE_NCKUH (2)
Jun-12 04:23:29.327 [Task monitor] DEBUG n.processor.TaskPollingMonitor - Task completed > TaskHandler[id: 7; name: STR_PREPARE_NCKUH (2); status: COMPLETED; exit: 0; error: -; workDir: /home/n102968/NGS_UI/nf_work/batch-1781238156-29316524/12/7b7d2a0c1fd77d13c841a3cd15ee46]
Jun-12 04:23:29.332 [Task submitter] DEBUG n.executor.local.LocalTaskHandler - Launch cmd line: /bin/bash -ue .command.run
Jun-12 04:23:29.332 [Task submitter] INFO  nextflow.Session - [88/efc415] Submitted process > STR_PARSE_NCKUH (3)
Jun-12 04:23:37.443 [Task monitor] DEBUG n.processor.TaskPollingMonitor - Task completed > TaskHandler[id: 51; name: STR_PARSE_NCKUH (2); status: COMPLETED; exit: 0; error: -; workDir: /home/n102968/NGS_UI/nf_work/batch-1781238156-29316524/2b/bdce0a394f46457113b1d5680aa097]
Jun-12 04:23:37.449 [Task submitter] DEBUG n.executor.local.LocalTaskHandler - Launch cmd line: /bin/bash -ue .command.run
Jun-12 04:23:37.450 [Task submitter] INFO  nextflow.Session - [e2/a4cab0] Submitted process > STR_PARSE_NCKUH (4)
Jun-12 04:23:37.674 [Task monitor] DEBUG n.processor.TaskPollingMonitor - Task completed > TaskHandler[id: 50; name: STR_PARSE_NCKUH (1); status: COMPLETED; exit: 0; error: -; workDir: /home/n102968/NGS_UI/nf_work/batch-1781238156-29316524/1d/4505f59beaa2f5159aab6f7e98ea31]
Jun-12 04:23:37.678 [Task submitter] DEBUG n.executor.local.LocalTaskHandler - Launch cmd line: /bin/bash -ue .command.run
Jun-12 04:23:37.679 [Task submitter] INFO  nextflow.Session - [42/256bf9] Submitted process > STR_PARSE_NCKUH (5)
Jun-12 04:23:38.150 [Task monitor] DEBUG n.processor.TaskPollingMonitor - Task completed > TaskHandler[id: 52; name: STR_PARSE_NCKUH (3); status: COMPLETED; exit: 0; error: -; workDir: /home/n102968/NGS_UI/nf_work/batch-1781238156-29316524/88/efc415c9644fc657ea98ebce57aefd]
Jun-12 04:23:38.167 [Task submitter] DEBUG n.executor.local.LocalTaskHandler - Launch cmd line: /bin/bash -ue .command.run
Jun-12 04:23:38.171 [Task submitter] INFO  nextflow.Session - [a0/f01c8b] Submitted process > STR_PARSE_NCKUH (7)
Jun-12 04:23:44.138 [Task monitor] DEBUG n.processor.TaskPollingMonitor - Task completed > TaskHandler[id: 55; name: STR_PARSE_NCKUH (5); status: COMPLETED; exit: 0; error: -; workDir: /home/n102968/NGS_UI/nf_work/batch-1781238156-29316524/42/256bf9e1a2b46a0ed97ad2af93ecdc]
Jun-12 04:23:44.144 [Task submitter] DEBUG n.executor.local.LocalTaskHandler - Launch cmd line: /bin/bash -ue .command.run
Jun-12 04:23:44.145 [Task submitter] INFO  nextflow.Session - [47/1c055c] Submitted process > STR_PARSE_NCKUH (6)
Jun-12 04:23:44.365 [Task monitor] DEBUG n.processor.TaskPollingMonitor - Task completed > TaskHandler[id: 53; name: STR_PARSE_NCKUH (4); status: COMPLETED; exit: 0; error: -; workDir: /home/n102968/NGS_UI/nf_work/batch-1781238156-29316524/e2/a4cab0babc7db064cd35d7c6a7ff3b]
Jun-12 04:23:44.370 [Task submitter] DEBUG n.executor.local.LocalTaskHandler - Launch cmd line: /bin/bash -ue .command.run
Jun-12 04:23:44.370 [Task submitter] INFO  nextflow.Session - [a9/5730c7] Submitted process > STR_PARSE_NCKUH (8)
Jun-12 04:23:44.724 [Task monitor] DEBUG n.processor.TaskPollingMonitor - Task completed > TaskHandler[id: 58; name: STR_PARSE_NCKUH (7); status: COMPLETED; exit: 0; error: -; workDir: /home/n102968/NGS_UI/nf_work/batch-1781238156-29316524/a0/f01c8b8343b2533c6b4001d8ecac4c]
Jun-12 04:23:51.028 [Task monitor] DEBUG n.processor.TaskPollingMonitor - Task completed > TaskHandler[id: 57; name: STR_PARSE_NCKUH (6); status: COMPLETED; exit: 0; error: -; workDir: /home/n102968/NGS_UI/nf_work/batch-1781238156-29316524/47/1c055ccaf56c02a0e282e2c278f06b]
Jun-12 04:23:52.495 [Task monitor] DEBUG n.processor.TaskPollingMonitor - Task completed > TaskHandler[id: 60; name: STR_PARSE_NCKUH (8); status: COMPLETED; exit: 0; error: -; workDir: /home/n102968/NGS_UI/nf_work/batch-1781238156-29316524/a9/5730c7291bcb994a5d1e0876129ce1]
Jun-12 04:24:16.958 [Task monitor] DEBUG n.processor.TaskPollingMonitor - Task completed > TaskHandler[id: 6; name: PREPARE_VCF:ADD_CALLERS_TAG (2); status: COMPLETED; exit: 0; error: -; workDir: /home/n102968/NGS_UI/nf_work/batch-1781238156-29316524/da/226f9e82916350ce623f624d4d519c]
Jun-12 04:24:16.965 [Task submitter] DEBUG n.executor.local.LocalTaskHandler - Launch cmd line: /bin/bash -ue .command.run
Jun-12 04:24:16.965 [Task submitter] INFO  nextflow.Session - [7f/9436b4] Submitted process > ANNOTSV_SV_NCKUH (8)
Jun-12 04:24:20.951 [Task monitor] DEBUG n.processor.TaskPollingMonitor - Task completed > TaskHandler[id: 15; name: PREPARE_VCF:ADD_CALLERS_TAG (6); status: COMPLETED; exit: 0; error: -; workDir: /home/n102968/NGS_UI/nf_work/batch-1781238156-29316524/c6/f068acf57d305cb884d14e6ec363be]
Jun-12 04:24:20.957 [Task submitter] DEBUG n.executor.local.LocalTaskHandler - Launch cmd line: /bin/bash -ue .command.run
Jun-12 04:24:20.958 [Task submitter] INFO  nextflow.Session - [c1/2b3663] Submitted process > PREPARE_VCF:FILTER_FOR_ANNOTATION (1)
Jun-12 04:24:23.210 [Task monitor] DEBUG n.processor.TaskPollingMonitor - Task completed > TaskHandler[id: 11; name: PREPARE_VCF:ADD_CALLERS_TAG (4); status: COMPLETED; exit: 0; error: -; workDir: /home/n102968/NGS_UI/nf_work/batch-1781238156-29316524/aa/4ce6202fd21f7789004e30d1ae742d]
Jun-12 04:24:23.216 [Task submitter] DEBUG n.executor.local.LocalTaskHandler - Launch cmd line: /bin/bash -ue .command.run
Jun-12 04:24:23.216 [Task submitter] INFO  nextflow.Session - [32/adcaf0] Submitted process > PREPARE_VCF:FILTER_FOR_ANNOTATION (2)
Jun-12 04:24:25.074 [Task monitor] DEBUG n.processor.TaskPollingMonitor - Task completed > TaskHandler[id: 9; name: PREPARE_VCF:ADD_CALLERS_TAG (3); status: COMPLETED; exit: 0; error: -; workDir: /home/n102968/NGS_UI/nf_work/batch-1781238156-29316524/05/7416c0eb531b10b67f1ba3c4aef693]
Jun-12 04:24:25.078 [Task submitter] DEBUG n.executor.local.LocalTaskHandler - Launch cmd line: /bin/bash -ue .command.run
Jun-12 04:24:25.079 [Task submitter] INFO  nextflow.Session - [02/71844d] Submitted process > PREPARE_VCF:FILTER_FOR_ANNOTATION (3)
Jun-12 04:24:27.155 [Task monitor] DEBUG n.processor.TaskPollingMonitor - Task completed > TaskHandler[id: 18; name: PREPARE_VCF:ADD_CALLERS_TAG (8); status: COMPLETED; exit: 0; error: -; workDir: /home/n102968/NGS_UI/nf_work/batch-1781238156-29316524/72/27af2da928e2cad9c33430bb673f06]
Jun-12 04:24:27.160 [Task submitter] DEBUG n.executor.local.LocalTaskHandler - Launch cmd line: /bin/bash -ue .command.run
Jun-12 04:24:27.160 [Task submitter] INFO  nextflow.Session - [74/5c874d] Submitted process > PREPARE_VCF:FILTER_FOR_ANNOTATION (4)
Jun-12 04:24:30.451 [Task monitor] DEBUG n.processor.TaskPollingMonitor - Task completed > TaskHandler[id: 1; name: PREPARE_VCF:ADD_CALLERS_TAG (1); status: COMPLETED; exit: 0; error: -; workDir: /home/n102968/NGS_UI/nf_work/batch-1781238156-29316524/73/afaf3886184ee4cb4d71b2e3d4b5a8]
Jun-12 04:24:30.457 [Task submitter] DEBUG n.executor.local.LocalTaskHandler - Launch cmd line: /bin/bash -ue .command.run
Jun-12 04:24:30.458 [Task submitter] INFO  nextflow.Session - [91/c9ed62] Submitted process > PREPARE_VCF:FILTER_FOR_ANNOTATION (5)
Jun-12 04:24:37.947 [Task monitor] DEBUG n.processor.TaskPollingMonitor - Task completed > TaskHandler[id: 13; name: PREPARE_VCF:ADD_CALLERS_TAG (5); status: COMPLETED; exit: 0; error: -; workDir: /home/n102968/NGS_UI/nf_work/batch-1781238156-29316524/18/8cce0044a19b54c5102be3985b5fb6]
Jun-12 04:24:37.953 [Task submitter] DEBUG n.executor.local.LocalTaskHandler - Launch cmd line: /bin/bash -ue .command.run
Jun-12 04:24:37.954 [Task submitter] INFO  nextflow.Session - [f9/863c7c] Submitted process > PREPARE_VCF:FILTER_FOR_ANNOTATION (6)
Jun-12 04:24:45.329 [Task monitor] DEBUG n.processor.TaskPollingMonitor - Task completed > TaskHandler[id: 16; name: PREPARE_VCF:ADD_CALLERS_TAG (7); status: COMPLETED; exit: 0; error: -; workDir: /home/n102968/NGS_UI/nf_work/batch-1781238156-29316524/2e/5e4134bc7a60bb73ed76857baf6f5e]
Jun-12 04:24:45.334 [Task submitter] DEBUG n.executor.local.LocalTaskHandler - Launch cmd line: /bin/bash -ue .command.run
Jun-12 04:24:45.334 [Task submitter] INFO  nextflow.Session - [ec/3bd12f] Submitted process > PREPARE_VCF:FILTER_FOR_ANNOTATION (7)
Jun-12 04:25:09.184 [Task monitor] DEBUG n.processor.TaskPollingMonitor - Task completed > TaskHandler[id: 62; name: PREPARE_VCF:FILTER_FOR_ANNOTATION (2); status: COMPLETED; exit: 0; error: -; workDir: /home/n102968/NGS_UI/nf_work/batch-1781238156-29316524/32/adcaf06c6c37ca06fbcebb24c120c4]
Jun-12 04:25:09.188 [Task submitter] DEBUG n.executor.local.LocalTaskHandler - Launch cmd line: /bin/bash -ue .command.run
Jun-12 04:25:09.189 [Task submitter] INFO  nextflow.Session - [2a/8fbb18] Submitted process > PREPARE_VCF:FILTER_FOR_ANNOTATION (8)
Jun-12 04:25:09.648 [Task monitor] DEBUG n.processor.TaskPollingMonitor - Task completed > TaskHandler[id: 65; name: PREPARE_VCF:FILTER_FOR_ANNOTATION (5); status: COMPLETED; exit: 0; error: -; workDir: /home/n102968/NGS_UI/nf_work/batch-1781238156-29316524/91/c9ed6240835c362a2bdf8cb27964f0]
Jun-12 04:25:10.241 [Task monitor] DEBUG n.processor.TaskPollingMonitor - Task completed > TaskHandler[id: 63; name: PREPARE_VCF:FILTER_FOR_ANNOTATION (3); status: COMPLETED; exit: 0; error: -; workDir: /home/n102968/NGS_UI/nf_work/batch-1781238156-29316524/02/71844db0ae1609c1939068f2d67e40]
Jun-12 04:25:10.243 [Task monitor] DEBUG n.processor.TaskPollingMonitor - Task completed > TaskHandler[id: 61; name: PREPARE_VCF:FILTER_FOR_ANNOTATION (1); status: COMPLETED; exit: 0; error: -; workDir: /home/n102968/NGS_UI/nf_work/batch-1781238156-29316524/c1/2b3663198ef59d7cc79dbd0b855173]
Jun-12 04:25:11.000 [Task monitor] DEBUG n.processor.TaskPollingMonitor - Task completed > TaskHandler[id: 64; name: PREPARE_VCF:FILTER_FOR_ANNOTATION (4); status: COMPLETED; exit: 0; error: -; workDir: /home/n102968/NGS_UI/nf_work/batch-1781238156-29316524/74/5c874d1b51854a04b825ae3fa2e795]
Jun-12 04:25:11.006 [Task submitter] DEBUG n.executor.local.LocalTaskHandler - Launch cmd line: /bin/bash -ue .command.run
Jun-12 04:25:11.006 [Task submitter] INFO  nextflow.Session - [bc/17a890] Submitted process > MITO_ANNOTATE:MITO_VEP (7)
Jun-12 04:25:13.625 [Task monitor] DEBUG n.processor.TaskPollingMonitor - Task completed > TaskHandler[id: 35; name: MITO_ANNOTATE:MITO_VEP (7); status: COMPLETED; exit: 0; error: -; workDir: /home/n102968/NGS_UI/nf_work/batch-1781238156-29316524/bc/17a89064aa1e03122b467cfc488eb3]
Jun-12 04:25:13.630 [Task submitter] DEBUG n.executor.local.LocalTaskHandler - Launch cmd line: /bin/bash -ue .command.run
Jun-12 04:25:13.630 [Task submitter] INFO  nextflow.Session - [05/dfe24e] Submitted process > ANNOTSV_SV_NCKUH (3)
Jun-12 04:25:18.374 [Task monitor] DEBUG n.processor.TaskPollingMonitor - Task completed > TaskHandler[id: 66; name: PREPARE_VCF:FILTER_FOR_ANNOTATION (6); status: COMPLETED; exit: 0; error: -; workDir: /home/n102968/NGS_UI/nf_work/batch-1781238156-29316524/f9/863c7c4f61930dfefa396a33aadd17]
Jun-12 04:25:18.378 [Task submitter] DEBUG n.executor.local.LocalTaskHandler - Launch cmd line: /bin/bash -ue .command.run
Jun-12 04:25:18.379 [Task submitter] INFO  nextflow.Session - [d4/1463e7] Submitted process > MITO_ANNOTATE:MITO_PARSE (5)
Jun-12 04:25:19.211 [Task monitor] DEBUG n.processor.TaskPollingMonitor - Task completed > TaskHandler[id: 74; name: MITO_ANNOTATE:MITO_PARSE (5); status: COMPLETED; exit: 0; error: -; workDir: /home/n102968/NGS_UI/nf_work/batch-1781238156-29316524/d4/1463e7255f7bfcc1b35ae28c8973cb]
Jun-12 04:25:20.279 [Task monitor] DEBUG n.processor.TaskPollingMonitor - Task completed > TaskHandler[id: 67; name: PREPARE_VCF:FILTER_FOR_ANNOTATION (7); status: COMPLETED; exit: 0; error: -; workDir: /home/n102968/NGS_UI/nf_work/batch-1781238156-29316524/ec/3bd12f080cf5d813cb3df2fa7d1902]
Jun-12 04:25:44.194 [Task monitor] DEBUG n.processor.TaskPollingMonitor - Task completed > TaskHandler[id: 68; name: PREPARE_VCF:FILTER_FOR_ANNOTATION (8); status: COMPLETED; exit: 0; error: -; workDir: /home/n102968/NGS_UI/nf_work/batch-1781238156-29316524/2a/8fbb180ed089f00439b74d5fb2d5a0]
Jun-12 04:27:43.020 [Task monitor] DEBUG n.processor.TaskPollingMonitor - !! executor local > tasks to be completed: 3 -- submitted tasks are shown below
~> TaskHandler[id: 10; name: ANNOTSV_SV_NCKUH (2); status: RUNNING; exit: -; error: -; workDir: /home/n102968/NGS_UI/nf_work/batch-1781238156-29316524/e7/e6c6b29eb88bb30ef3f2617ecbbb71]
~> TaskHandler[id: 37; name: ANNOTSV_SV_NCKUH (8); status: RUNNING; exit: -; error: -; workDir: /home/n102968/NGS_UI/nf_work/batch-1781238156-29316524/7f/9436b44802ed975ac435295e2c53bc]
~> TaskHandler[id: 17; name: ANNOTSV_SV_NCKUH (3); status: RUNNING; exit: -; error: -; workDir: /home/n102968/NGS_UI/nf_work/batch-1781238156-29316524/05/dfe24ea3fa205c9c7311ed1cadb5da]
Jun-12 04:27:44.261 [Task submitter] DEBUG n.processor.TaskPollingMonitor - %% executor local > tasks in the submission queue: 24 -- tasks to be submitted are shown below
~> TaskHandler[id: 22; name: ANNOTSV_SV_NCKUH (4); status: NEW; exit: -; error: -; workDir: /home/n102968/NGS_UI/nf_work/batch-1781238156-29316524/54/e1615cca383df599629dd29a54cf9a]
~> TaskHandler[id: 29; name: MITO_ANNOTATE:MITO_VEP (6); status: NEW; exit: -; error: -; workDir: /home/n102968/NGS_UI/nf_work/batch-1781238156-29316524/62/e82798c2633cbe35ecc4ed0ab1a5ef]
~> TaskHandler[id: 28; name: ANNOTSV_SV_NCKUH (5); status: NEW; exit: -; error: -; workDir: /home/n102968/NGS_UI/nf_work/batch-1781238156-29316524/8c/dce79ac1b7cb00301099fbbc6fbc9f]
~> TaskHandler[id: 5; name: ANNOTSV_SV_NCKUH (1); status: NEW; exit: -; error: -; workDir: /home/n102968/NGS_UI/nf_work/batch-1781238156-29316524/bb/130046e4dda16d0632b16881a093d3]
~> TaskHandler[id: 34; name: ANNOTSV_SV_NCKUH (7); status: NEW; exit: -; error: -; workDir: /home/n102968/NGS_UI/nf_work/batch-1781238156-29316524/11/920dec6c97aa6e193f84ffca2ec9bd]
~> TaskHandler[id: 25; name: MITO_ANNOTATE:MITO_VEP (5); status: NEW; exit: -; error: -; workDir: /home/n102968/NGS_UI/nf_work/batch-1781238156-29316524/24/9ab133cffd69dba986bb353940576c]
~> TaskHandler[id: 31; name: ANNOTSV_SV_NCKUH (6); status: NEW; exit: -; error: -; workDir: /home/n102968/NGS_UI/nf_work/batch-1781238156-29316524/2a/ddc44a1ab529b7e1dc4fd6579e9e5a]
~> TaskHandler[id: 4; name: MITO_ANNOTATE:MITO_VEP (1); status: NEW; exit: -; error: -; workDir: /home/n102968/NGS_UI/nf_work/batch-1781238156-29316524/32/6c5b3521f85e0d392abe43c4a759c1]
~> TaskHandler[id: 41; name: ANNOTSV_CNV_NCKUH_WGS (1); status: NEW; exit: -; error: -; workDir: /home/n102968/NGS_UI/nf_work/batch-1781238156-29316524/1b/42c91c1a154050da65130d02be00d5]
~> TaskHandler[id: 42; name: ANNOTSV_CNV_NCKUH_WGS (2); status: NEW; exit: -; error: -; workDir: /home/n102968/NGS_UI/nf_work/batch-1781238156-29316524/e1/d0edda35b4cb12e39fef7ab192c985]
.. remaining tasks omitted.
Jun-12 04:32:43.022 [Task monitor] DEBUG n.processor.TaskPollingMonitor - !! executor local > tasks to be completed: 3 -- submitted tasks are shown below
~> TaskHandler[id: 10; name: ANNOTSV_SV_NCKUH (2); status: RUNNING; exit: -; error: -; workDir: /home/n102968/NGS_UI/nf_work/batch-1781238156-29316524/e7/e6c6b29eb88bb30ef3f2617ecbbb71]
~> TaskHandler[id: 37; name: ANNOTSV_SV_NCKUH (8); status: RUNNING; exit: -; error: -; workDir: /home/n102968/NGS_UI/nf_work/batch-1781238156-29316524/7f/9436b44802ed975ac435295e2c53bc]
~> TaskHandler[id: 17; name: ANNOTSV_SV_NCKUH (3); status: RUNNING; exit: -; error: -; workDir: /home/n102968/NGS_UI/nf_work/batch-1781238156-29316524/05/dfe24ea3fa205c9c7311ed1cadb5da]
Jun-12 04:32:44.387 [Task submitter] DEBUG n.processor.TaskPollingMonitor - %% executor local > tasks in the submission queue: 24 -- tasks to be submitted are shown below
~> TaskHandler[id: 22; name: ANNOTSV_SV_NCKUH (4); status: NEW; exit: -; error: -; workDir: /home/n102968/NGS_UI/nf_work/batch-1781238156-29316524/54/e1615cca383df599629dd29a54cf9a]
~> TaskHandler[id: 29; name: MITO_ANNOTATE:MITO_VEP (6); status: NEW; exit: -; error: -; workDir: /home/n102968/NGS_UI/nf_work/batch-1781238156-29316524/62/e82798c2633cbe35ecc4ed0ab1a5ef]
~> TaskHandler[id: 28; name: ANNOTSV_SV_NCKUH (5); status: NEW; exit: -; error: -; workDir: /home/n102968/NGS_UI/nf_work/batch-1781238156-29316524/8c/dce79ac1b7cb00301099fbbc6fbc9f]
~> TaskHandler[id: 5; name: ANNOTSV_SV_NCKUH (1); status: NEW; exit: -; error: -; workDir: /home/n102968/NGS_UI/nf_work/batch-1781238156-29316524/bb/130046e4dda16d0632b16881a093d3]
~> TaskHandler[id: 34; name: ANNOTSV_SV_NCKUH (7); status: NEW; exit: -; error: -; workDir: /home/n102968/NGS_UI/nf_work/batch-1781238156-29316524/11/920dec6c97aa6e193f84ffca2ec9bd]
~> TaskHandler[id: 25; name: MITO_ANNOTATE:MITO_VEP (5); status: NEW; exit: -; error: -; workDir: /home/n102968/NGS_UI/nf_work/batch-1781238156-29316524/24/9ab133cffd69dba986bb353940576c]
~> TaskHandler[id: 31; name: ANNOTSV_SV_NCKUH (6); status: NEW; exit: -; error: -; workDir: /home/n102968/NGS_UI/nf_work/batch-1781238156-29316524/2a/ddc44a1ab529b7e1dc4fd6579e9e5a]
~> TaskHandler[id: 4; name: MITO_ANNOTATE:MITO_VEP (1); status: NEW; exit: -; error: -; workDir: /home/n102968/NGS_UI/nf_work/batch-1781238156-29316524/32/6c5b3521f85e0d392abe43c4a759c1]
~> TaskHandler[id: 41; name: ANNOTSV_CNV_NCKUH_WGS (1); status: NEW; exit: -; error: -; workDir: /home/n102968/NGS_UI/nf_work/batch-1781238156-29316524/1b/42c91c1a154050da65130d02be00d5]
~> TaskHandler[id: 42; name: ANNOTSV_CNV_NCKUH_WGS (2); status: NEW; exit: -; error: -; workDir: /home/n102968/NGS_UI/nf_work/batch-1781238156-29316524/e1/d0edda35b4cb12e39fef7ab192c985]
.. remaining tasks omitted.
Jun-12 04:37:43.081 [Task monitor] DEBUG n.processor.TaskPollingMonitor - !! executor local > tasks to be completed: 3 -- submitted tasks are shown below
~> TaskHandler[id: 10; name: ANNOTSV_SV_NCKUH (2); status: RUNNING; exit: -; error: -; workDir: /home/n102968/NGS_UI/nf_work/batch-1781238156-29316524/e7/e6c6b29eb88bb30ef3f2617ecbbb71]
~> TaskHandler[id: 37; name: ANNOTSV_SV_NCKUH (8); status: RUNNING; exit: -; error: -; workDir: /home/n102968/NGS_UI/nf_work/batch-1781238156-29316524/7f/9436b44802ed975ac435295e2c53bc]
~> TaskHandler[id: 17; name: ANNOTSV_SV_NCKUH (3); status: RUNNING; exit: -; error: -; workDir: /home/n102968/NGS_UI/nf_work/batch-1781238156-29316524/05/dfe24ea3fa205c9c7311ed1cadb5da]
Jun-12 04:37:44.481 [Task submitter] DEBUG n.processor.TaskPollingMonitor - %% executor local > tasks in the submission queue: 24 -- tasks to be submitted are shown below
~> TaskHandler[id: 22; name: ANNOTSV_SV_NCKUH (4); status: NEW; exit: -; error: -; workDir: /home/n102968/NGS_UI/nf_work/batch-1781238156-29316524/54/e1615cca383df599629dd29a54cf9a]
~> TaskHandler[id: 29; name: MITO_ANNOTATE:MITO_VEP (6); status: NEW; exit: -; error: -; workDir: /home/n102968/NGS_UI/nf_work/batch-1781238156-29316524/62/e82798c2633cbe35ecc4ed0ab1a5ef]
~> TaskHandler[id: 28; name: ANNOTSV_SV_NCKUH (5); status: NEW; exit: -; error: -; workDir: /home/n102968/NGS_UI/nf_work/batch-1781238156-29316524/8c/dce79ac1b7cb00301099fbbc6fbc9f]
~> TaskHandler[id: 5; name: ANNOTSV_SV_NCKUH (1); status: NEW; exit: -; error: -; workDir: /home/n102968/NGS_UI/nf_work/batch-1781238156-29316524/bb/130046e4dda16d0632b16881a093d3]
~> TaskHandler[id: 34; name: ANNOTSV_SV_NCKUH (7); status: NEW; exit: -; error: -; workDir: /home/n102968/NGS_UI/nf_work/batch-1781238156-29316524/11/920dec6c97aa6e193f84ffca2ec9bd]
~> TaskHandler[id: 25; name: MITO_ANNOTATE:MITO_VEP (5); status: NEW; exit: -; error: -; workDir: /home/n102968/NGS_UI/nf_work/batch-1781238156-29316524/24/9ab133cffd69dba986bb353940576c]
~> TaskHandler[id: 31; name: ANNOTSV_SV_NCKUH (6); status: NEW; exit: -; error: -; workDir: /home/n102968/NGS_UI/nf_work/batch-1781238156-29316524/2a/ddc44a1ab529b7e1dc4fd6579e9e5a]
~> TaskHandler[id: 4; name: MITO_ANNOTATE:MITO_VEP (1); status: NEW; exit: -; error: -; workDir: /home/n102968/NGS_UI/nf_work/batch-1781238156-29316524/32/6c5b3521f85e0d392abe43c4a759c1]
~> TaskHandler[id: 41; name: ANNOTSV_CNV_NCKUH_WGS (1); status: NEW; exit: -; error: -; workDir: /home/n102968/NGS_UI/nf_work/batch-1781238156-29316524/1b/42c91c1a154050da65130d02be00d5]
~> TaskHandler[id: 42; name: ANNOTSV_CNV_NCKUH_WGS (2); status: NEW; exit: -; error: -; workDir: /home/n102968/NGS_UI/nf_work/batch-1781238156-29316524/e1/d0edda35b4cb12e39fef7ab192c985]
.. remaining tasks omitted.
Jun-12 04:42:43.139 [Task monitor] DEBUG n.processor.TaskPollingMonitor - !! executor local > tasks to be completed: 3 -- submitted tasks are shown below
~> TaskHandler[id: 10; name: ANNOTSV_SV_NCKUH (2); status: RUNNING; exit: -; error: -; workDir: /home/n102968/NGS_UI/nf_work/batch-1781238156-29316524/e7/e6c6b29eb88bb30ef3f2617ecbbb71]
~> TaskHandler[id: 37; name: ANNOTSV_SV_NCKUH (8); status: RUNNING; exit: -; error: -; workDir: /home/n102968/NGS_UI/nf_work/batch-1781238156-29316524/7f/9436b44802ed975ac435295e2c53bc]
~> TaskHandler[id: 17; name: ANNOTSV_SV_NCKUH (3); status: RUNNING; exit: -; error: -; workDir: /home/n102968/NGS_UI/nf_work/batch-1781238156-29316524/05/dfe24ea3fa205c9c7311ed1cadb5da]
Jun-12 04:42:44.569 [Task submitter] DEBUG n.processor.TaskPollingMonitor - %% executor local > tasks in the submission queue: 24 -- tasks to be submitted are shown below
~> TaskHandler[id: 22; name: ANNOTSV_SV_NCKUH (4); status: NEW; exit: -; error: -; workDir: /home/n102968/NGS_UI/nf_work/batch-1781238156-29316524/54/e1615cca383df599629dd29a54cf9a]
~> TaskHandler[id: 29; name: MITO_ANNOTATE:MITO_VEP (6); status: NEW; exit: -; error: -; workDir: /home/n102968/NGS_UI/nf_work/batch-1781238156-29316524/62/e82798c2633cbe35ecc4ed0ab1a5ef]
~> TaskHandler[id: 28; name: ANNOTSV_SV_NCKUH (5); status: NEW; exit: -; error: -; workDir: /home/n102968/NGS_UI/nf_work/batch-1781238156-29316524/8c/dce79ac1b7cb00301099fbbc6fbc9f]
~> TaskHandler[id: 5; name: ANNOTSV_SV_NCKUH (1); status: NEW; exit: -; error: -; workDir: /home/n102968/NGS_UI/nf_work/batch-1781238156-29316524/bb/130046e4dda16d0632b16881a093d3]
~> TaskHandler[id: 34; name: ANNOTSV_SV_NCKUH (7); status: NEW; exit: -; error: -; workDir: /home/n102968/NGS_UI/nf_work/batch-1781238156-29316524/11/920dec6c97aa6e193f84ffca2ec9bd]
~> TaskHandler[id: 25; name: MITO_ANNOTATE:MITO_VEP (5); status: NEW; exit: -; error: -; workDir: /home/n102968/NGS_UI/nf_work/batch-1781238156-29316524/24/9ab133cffd69dba986bb353940576c]
~> TaskHandler[id: 31; name: ANNOTSV_SV_NCKUH (6); status: NEW; exit: -; error: -; workDir: /home/n102968/NGS_UI/nf_work/batch-1781238156-29316524/2a/ddc44a1ab529b7e1dc4fd6579e9e5a]
~> TaskHandler[id: 4; name: MITO_ANNOTATE:MITO_VEP (1); status: NEW; exit: -; error: -; workDir: /home/n102968/NGS_UI/nf_work/batch-1781238156-29316524/32/6c5b3521f85e0d392abe43c4a759c1]
~> TaskHandler[id: 41; name: ANNOTSV_CNV_NCKUH_WGS (1); status: NEW; exit: -; error: -; workDir: /home/n102968/NGS_UI/nf_work/batch-1781238156-29316524/1b/42c91c1a154050da65130d02be00d5]
~> TaskHandler[id: 42; name: ANNOTSV_CNV_NCKUH_WGS (2); status: NEW; exit: -; error: -; workDir: /home/n102968/NGS_UI/nf_work/batch-1781238156-29316524/e1/d0edda35b4cb12e39fef7ab192c985]
.. remaining tasks omitted.
Jun-12 04:44:19.887 [Task monitor] DEBUG n.processor.TaskPollingMonitor - Task completed > TaskHandler[id: 10; name: ANNOTSV_SV_NCKUH (2); status: COMPLETED; exit: 0; error: -; workDir: /home/n102968/NGS_UI/nf_work/batch-1781238156-29316524/e7/e6c6b29eb88bb30ef3f2617ecbbb71]
Jun-12 04:44:19.894 [Task submitter] DEBUG n.executor.local.LocalTaskHandler - Launch cmd line: /bin/bash -ue .command.run
Jun-12 04:44:19.894 [Task submitter] INFO  nextflow.Session - [54/e1615c] Submitted process > ANNOTSV_SV_NCKUH (4)
Jun-12 04:47:43.223 [Task monitor] DEBUG n.processor.TaskPollingMonitor - !! executor local > tasks to be completed: 3 -- submitted tasks are shown below
~> TaskHandler[id: 37; name: ANNOTSV_SV_NCKUH (8); status: RUNNING; exit: -; error: -; workDir: /home/n102968/NGS_UI/nf_work/batch-1781238156-29316524/7f/9436b44802ed975ac435295e2c53bc]
~> TaskHandler[id: 17; name: ANNOTSV_SV_NCKUH (3); status: RUNNING; exit: -; error: -; workDir: /home/n102968/NGS_UI/nf_work/batch-1781238156-29316524/05/dfe24ea3fa205c9c7311ed1cadb5da]
~> TaskHandler[id: 22; name: ANNOTSV_SV_NCKUH (4); status: RUNNING; exit: -; error: -; workDir: /home/n102968/NGS_UI/nf_work/batch-1781238156-29316524/54/e1615cca383df599629dd29a54cf9a]
Jun-12 04:47:44.958 [Task submitter] DEBUG n.processor.TaskPollingMonitor - %% executor local > tasks in the submission queue: 23 -- tasks to be submitted are shown below
~> TaskHandler[id: 29; name: MITO_ANNOTATE:MITO_VEP (6); status: NEW; exit: -; error: -; workDir: /home/n102968/NGS_UI/nf_work/batch-1781238156-29316524/62/e82798c2633cbe35ecc4ed0ab1a5ef]
~> TaskHandler[id: 28; name: ANNOTSV_SV_NCKUH (5); status: NEW; exit: -; error: -; workDir: /home/n102968/NGS_UI/nf_work/batch-1781238156-29316524/8c/dce79ac1b7cb00301099fbbc6fbc9f]
~> TaskHandler[id: 5; name: ANNOTSV_SV_NCKUH (1); status: NEW; exit: -; error: -; workDir: /home/n102968/NGS_UI/nf_work/batch-1781238156-29316524/bb/130046e4dda16d0632b16881a093d3]
~> TaskHandler[id: 34; name: ANNOTSV_SV_NCKUH (7); status: NEW; exit: -; error: -; workDir: /home/n102968/NGS_UI/nf_work/batch-1781238156-29316524/11/920dec6c97aa6e193f84ffca2ec9bd]
~> TaskHandler[id: 25; name: MITO_ANNOTATE:MITO_VEP (5); status: NEW; exit: -; error: -; workDir: /home/n102968/NGS_UI/nf_work/batch-1781238156-29316524/24/9ab133cffd69dba986bb353940576c]
~> TaskHandler[id: 31; name: ANNOTSV_SV_NCKUH (6); status: NEW; exit: -; error: -; workDir: /home/n102968/NGS_UI/nf_work/batch-1781238156-29316524/2a/ddc44a1ab529b7e1dc4fd6579e9e5a]
~> TaskHandler[id: 4; name: MITO_ANNOTATE:MITO_VEP (1); status: NEW; exit: -; error: -; workDir: /home/n102968/NGS_UI/nf_work/batch-1781238156-29316524/32/6c5b3521f85e0d392abe43c4a759c1]
~> TaskHandler[id: 41; name: ANNOTSV_CNV_NCKUH_WGS (1); status: NEW; exit: -; error: -; workDir: /home/n102968/NGS_UI/nf_work/batch-1781238156-29316524/1b/42c91c1a154050da65130d02be00d5]
~> TaskHandler[id: 42; name: ANNOTSV_CNV_NCKUH_WGS (2); status: NEW; exit: -; error: -; workDir: /home/n102968/NGS_UI/nf_work/batch-1781238156-29316524/e1/d0edda35b4cb12e39fef7ab192c985]
~> TaskHandler[id: 43; name: ANNOTSV_CNV_NCKUH_WGS (3); status: NEW; exit: -; error: -; workDir: /home/n102968/NGS_UI/nf_work/batch-1781238156-29316524/5c/ffd70b7b5e783783b672e347d1cdc6]
.. remaining tasks omitted.
Jun-12 04:52:43.287 [Task monitor] DEBUG n.processor.TaskPollingMonitor - !! executor local > tasks to be completed: 3 -- submitted tasks are shown below
~> TaskHandler[id: 37; name: ANNOTSV_SV_NCKUH (8); status: RUNNING; exit: -; error: -; workDir: /home/n102968/NGS_UI/nf_work/batch-1781238156-29316524/7f/9436b44802ed975ac435295e2c53bc]
~> TaskHandler[id: 17; name: ANNOTSV_SV_NCKUH (3); status: RUNNING; exit: -; error: -; workDir: /home/n102968/NGS_UI/nf_work/batch-1781238156-29316524/05/dfe24ea3fa205c9c7311ed1cadb5da]
~> TaskHandler[id: 22; name: ANNOTSV_SV_NCKUH (4); status: RUNNING; exit: -; error: -; workDir: /home/n102968/NGS_UI/nf_work/batch-1781238156-29316524/54/e1615cca383df599629dd29a54cf9a]
Jun-12 04:52:45.042 [Task submitter] DEBUG n.processor.TaskPollingMonitor - %% executor local > tasks in the submission queue: 23 -- tasks to be submitted are shown below
~> TaskHandler[id: 29; name: MITO_ANNOTATE:MITO_VEP (6); status: NEW; exit: -; error: -; workDir: /home/n102968/NGS_UI/nf_work/batch-1781238156-29316524/62/e82798c2633cbe35ecc4ed0ab1a5ef]
~> TaskHandler[id: 28; name: ANNOTSV_SV_NCKUH (5); status: NEW; exit: -; error: -; workDir: /home/n102968/NGS_UI/nf_work/batch-1781238156-29316524/8c/dce79ac1b7cb00301099fbbc6fbc9f]
~> TaskHandler[id: 5; name: ANNOTSV_SV_NCKUH (1); status: NEW; exit: -; error: -; workDir: /home/n102968/NGS_UI/nf_work/batch-1781238156-29316524/bb/130046e4dda16d0632b16881a093d3]
~> TaskHandler[id: 34; name: ANNOTSV_SV_NCKUH (7); status: NEW; exit: -; error: -; workDir: /home/n102968/NGS_UI/nf_work/batch-1781238156-29316524/11/920dec6c97aa6e193f84ffca2ec9bd]
~> TaskHandler[id: 25; name: MITO_ANNOTATE:MITO_VEP (5); status: NEW; exit: -; error: -; workDir: /home/n102968/NGS_UI/nf_work/batch-1781238156-29316524/24/9ab133cffd69dba986bb353940576c]
~> TaskHandler[id: 31; name: ANNOTSV_SV_NCKUH (6); status: NEW; exit: -; error: -; workDir: /home/n102968/NGS_UI/nf_work/batch-1781238156-29316524/2a/ddc44a1ab529b7e1dc4fd6579e9e5a]
~> TaskHandler[id: 4; name: MITO_ANNOTATE:MITO_VEP (1); status: NEW; exit: -; error: -; workDir: /home/n102968/NGS_UI/nf_work/batch-1781238156-29316524/32/6c5b3521f85e0d392abe43c4a759c1]
~> TaskHandler[id: 41; name: ANNOTSV_CNV_NCKUH_WGS (1); status: NEW; exit: -; error: -; workDir: /home/n102968/NGS_UI/nf_work/batch-1781238156-29316524/1b/42c91c1a154050da65130d02be00d5]
~> TaskHandler[id: 42; name: ANNOTSV_CNV_NCKUH_WGS (2); status: NEW; exit: -; error: -; workDir: /home/n102968/NGS_UI/nf_work/batch-1781238156-29316524/e1/d0edda35b4cb12e39fef7ab192c985]
~> TaskHandler[id: 43; name: ANNOTSV_CNV_NCKUH_WGS (3); status: NEW; exit: -; error: -; workDir: /home/n102968/NGS_UI/nf_work/batch-1781238156-29316524/5c/ffd70b7b5e783783b672e347d1cdc6]
.. remaining tasks omitted.
Jun-12 04:53:47.574 [Task monitor] DEBUG n.processor.TaskPollingMonitor - Task completed > TaskHandler[id: 17; name: ANNOTSV_SV_NCKUH (3); status: COMPLETED; exit: 0; error: -; workDir: /home/n102968/NGS_UI/nf_work/batch-1781238156-29316524/05/dfe24ea3fa205c9c7311ed1cadb5da]
Jun-12 04:53:47.612 [Task submitter] DEBUG n.executor.local.LocalTaskHandler - Launch cmd line: /bin/bash -ue .command.run
Jun-12 04:53:47.614 [Task submitter] INFO  nextflow.Session - [62/e82798] Submitted process > MITO_ANNOTATE:MITO_VEP (6)
Jun-12 04:53:50.326 [Task monitor] DEBUG n.processor.TaskPollingMonitor - Task completed > TaskHandler[id: 29; name: MITO_ANNOTATE:MITO_VEP (6); status: COMPLETED; exit: 0; error: -; workDir: /home/n102968/NGS_UI/nf_work/batch-1781238156-29316524/62/e82798c2633cbe35ecc4ed0ab1a5ef]
Jun-12 04:53:50.349 [Task submitter] DEBUG n.executor.local.LocalTaskHandler - Launch cmd line: /bin/bash -ue .command.run
Jun-12 04:53:50.350 [Task submitter] INFO  nextflow.Session - [8c/dce79a] Submitted process > ANNOTSV_SV_NCKUH (5)
Jun-12 04:53:50.355 [Task submitter] DEBUG n.executor.local.LocalTaskHandler - Launch cmd line: /bin/bash -ue .command.run
Jun-12 04:53:50.355 [Task submitter] INFO  nextflow.Session - [01/0fdf7e] Submitted process > MITO_ANNOTATE:MITO_PARSE (6)
Jun-12 04:53:52.393 [Task monitor] DEBUG n.processor.TaskPollingMonitor - Task completed > TaskHandler[id: 78; name: MITO_ANNOTATE:MITO_PARSE (6); status: COMPLETED; exit: 0; error: -; workDir: /home/n102968/NGS_UI/nf_work/batch-1781238156-29316524/01/0fdf7e4828307dccabc263695769f8]
Jun-12 04:56:06.645 [Task monitor] DEBUG n.processor.TaskPollingMonitor - Task completed > TaskHandler[id: 37; name: ANNOTSV_SV_NCKUH (8); status: COMPLETED; exit: 0; error: -; workDir: /home/n102968/NGS_UI/nf_work/batch-1781238156-29316524/7f/9436b44802ed975ac435295e2c53bc]
Jun-12 04:56:06.716 [Task submitter] DEBUG n.executor.local.LocalTaskHandler - Launch cmd line: /bin/bash -ue .command.run
Jun-12 04:56:06.717 [Task submitter] INFO  nextflow.Session - [bb/130046] Submitted process > ANNOTSV_SV_NCKUH (1)
Jun-12 04:57:43.355 [Task monitor] DEBUG n.processor.TaskPollingMonitor - !! executor local > tasks to be completed: 3 -- submitted tasks are shown below
~> TaskHandler[id: 22; name: ANNOTSV_SV_NCKUH (4); status: RUNNING; exit: -; error: -; workDir: /home/n102968/NGS_UI/nf_work/batch-1781238156-29316524/54/e1615cca383df599629dd29a54cf9a]
~> TaskHandler[id: 28; name: ANNOTSV_SV_NCKUH (5); status: RUNNING; exit: -; error: -; workDir: /home/n102968/NGS_UI/nf_work/batch-1781238156-29316524/8c/dce79ac1b7cb00301099fbbc6fbc9f]
~> TaskHandler[id: 5; name: ANNOTSV_SV_NCKUH (1); status: RUNNING; exit: -; error: -; workDir: /home/n102968/NGS_UI/nf_work/batch-1781238156-29316524/bb/130046e4dda16d0632b16881a093d3]
Jun-12 04:57:45.743 [Task submitter] DEBUG n.processor.TaskPollingMonitor - %% executor local > tasks in the submission queue: 20 -- tasks to be submitted are shown below
~> TaskHandler[id: 34; name: ANNOTSV_SV_NCKUH (7); status: NEW; exit: -; error: -; workDir: /home/n102968/NGS_UI/nf_work/batch-1781238156-29316524/11/920dec6c97aa6e193f84ffca2ec9bd]
~> TaskHandler[id: 25; name: MITO_ANNOTATE:MITO_VEP (5); status: NEW; exit: -; error: -; workDir: /home/n102968/NGS_UI/nf_work/batch-1781238156-29316524/24/9ab133cffd69dba986bb353940576c]
~> TaskHandler[id: 31; name: ANNOTSV_SV_NCKUH (6); status: NEW; exit: -; error: -; workDir: /home/n102968/NGS_UI/nf_work/batch-1781238156-29316524/2a/ddc44a1ab529b7e1dc4fd6579e9e5a]
~> TaskHandler[id: 4; name: MITO_ANNOTATE:MITO_VEP (1); status: NEW; exit: -; error: -; workDir: /home/n102968/NGS_UI/nf_work/batch-1781238156-29316524/32/6c5b3521f85e0d392abe43c4a759c1]
~> TaskHandler[id: 41; name: ANNOTSV_CNV_NCKUH_WGS (1); status: NEW; exit: -; error: -; workDir: /home/n102968/NGS_UI/nf_work/batch-1781238156-29316524/1b/42c91c1a154050da65130d02be00d5]
~> TaskHandler[id: 42; name: ANNOTSV_CNV_NCKUH_WGS (2); status: NEW; exit: -; error: -; workDir: /home/n102968/NGS_UI/nf_work/batch-1781238156-29316524/e1/d0edda35b4cb12e39fef7ab192c985]
~> TaskHandler[id: 43; name: ANNOTSV_CNV_NCKUH_WGS (3); status: NEW; exit: -; error: -; workDir: /home/n102968/NGS_UI/nf_work/batch-1781238156-29316524/5c/ffd70b7b5e783783b672e347d1cdc6]
~> TaskHandler[id: 48; name: ANNOTSV_CNV_NCKUH_WGS (4); status: NEW; exit: -; error: -; workDir: /home/n102968/NGS_UI/nf_work/batch-1781238156-29316524/7c/3440a44ceb1a80cd284d27cd37ed96]
~> TaskHandler[id: 49; name: ANNOTSV_CNV_NCKUH_WGS (5); status: NEW; exit: -; error: -; workDir: /home/n102968/NGS_UI/nf_work/batch-1781238156-29316524/41/3be4dd121b3032bd71eba7758919eb]
~> TaskHandler[id: 54; name: ANNOTSV_CNV_NCKUH_WGS (6); status: NEW; exit: -; error: -; workDir: /home/n102968/NGS_UI/nf_work/batch-1781238156-29316524/a7/1c6145025b5435f6e82047bf827f7d]
.. remaining tasks omitted.
Jun-12 05:02:43.394 [Task monitor] DEBUG n.processor.TaskPollingMonitor - !! executor local > tasks to be completed: 3 -- submitted tasks are shown below
~> TaskHandler[id: 22; name: ANNOTSV_SV_NCKUH (4); status: RUNNING; exit: -; error: -; workDir: /home/n102968/NGS_UI/nf_work/batch-1781238156-29316524/54/e1615cca383df599629dd29a54cf9a]
~> TaskHandler[id: 28; name: ANNOTSV_SV_NCKUH (5); status: RUNNING; exit: -; error: -; workDir: /home/n102968/NGS_UI/nf_work/batch-1781238156-29316524/8c/dce79ac1b7cb00301099fbbc6fbc9f]
~> TaskHandler[id: 5; name: ANNOTSV_SV_NCKUH (1); status: RUNNING; exit: -; error: -; workDir: /home/n102968/NGS_UI/nf_work/batch-1781238156-29316524/bb/130046e4dda16d0632b16881a093d3]
Jun-12 05:02:45.817 [Task submitter] DEBUG n.processor.TaskPollingMonitor - %% executor local > tasks in the submission queue: 20 -- tasks to be submitted are shown below
~> TaskHandler[id: 34; name: ANNOTSV_SV_NCKUH (7); status: NEW; exit: -; error: -; workDir: /home/n102968/NGS_UI/nf_work/batch-1781238156-29316524/11/920dec6c97aa6e193f84ffca2ec9bd]
~> TaskHandler[id: 25; name: MITO_ANNOTATE:MITO_VEP (5); status: NEW; exit: -; error: -; workDir: /home/n102968/NGS_UI/nf_work/batch-1781238156-29316524/24/9ab133cffd69dba986bb353940576c]
~> TaskHandler[id: 31; name: ANNOTSV_SV_NCKUH (6); status: NEW; exit: -; error: -; workDir: /home/n102968/NGS_UI/nf_work/batch-1781238156-29316524/2a/ddc44a1ab529b7e1dc4fd6579e9e5a]
~> TaskHandler[id: 4; name: MITO_ANNOTATE:MITO_VEP (1); status: NEW; exit: -; error: -; workDir: /home/n102968/NGS_UI/nf_work/batch-1781238156-29316524/32/6c5b3521f85e0d392abe43c4a759c1]
~> TaskHandler[id: 41; name: ANNOTSV_CNV_NCKUH_WGS (1); status: NEW; exit: -; error: -; workDir: /home/n102968/NGS_UI/nf_work/batch-1781238156-29316524/1b/42c91c1a154050da65130d02be00d5]
~> TaskHandler[id: 42; name: ANNOTSV_CNV_NCKUH_WGS (2); status: NEW; exit: -; error: -; workDir: /home/n102968/NGS_UI/nf_work/batch-1781238156-29316524/e1/d0edda35b4cb12e39fef7ab192c985]
~> TaskHandler[id: 43; name: ANNOTSV_CNV_NCKUH_WGS (3); status: NEW; exit: -; error: -; workDir: /home/n102968/NGS_UI/nf_work/batch-1781238156-29316524/5c/ffd70b7b5e783783b672e347d1cdc6]
~> TaskHandler[id: 48; name: ANNOTSV_CNV_NCKUH_WGS (4); status: NEW; exit: -; error: -; workDir: /home/n102968/NGS_UI/nf_work/batch-1781238156-29316524/7c/3440a44ceb1a80cd284d27cd37ed96]
~> TaskHandler[id: 49; name: ANNOTSV_CNV_NCKUH_WGS (5); status: NEW; exit: -; error: -; workDir: /home/n102968/NGS_UI/nf_work/batch-1781238156-29316524/41/3be4dd121b3032bd71eba7758919eb]
~> TaskHandler[id: 54; name: ANNOTSV_CNV_NCKUH_WGS (6); status: NEW; exit: -; error: -; workDir: /home/n102968/NGS_UI/nf_work/batch-1781238156-29316524/a7/1c6145025b5435f6e82047bf827f7d]
.. remaining tasks omitted.
Jun-12 05:07:43.399 [Task monitor] DEBUG n.processor.TaskPollingMonitor - !! executor local > tasks to be completed: 3 -- submitted tasks are shown below
~> TaskHandler[id: 22; name: ANNOTSV_SV_NCKUH (4); status: RUNNING; exit: -; error: -; workDir: /home/n102968/NGS_UI/nf_work/batch-1781238156-29316524/54/e1615cca383df599629dd29a54cf9a]
~> TaskHandler[id: 28; name: ANNOTSV_SV_NCKUH (5); status: RUNNING; exit: -; error: -; workDir: /home/n102968/NGS_UI/nf_work/batch-1781238156-29316524/8c/dce79ac1b7cb00301099fbbc6fbc9f]
~> TaskHandler[id: 5; name: ANNOTSV_SV_NCKUH (1); status: RUNNING; exit: -; error: -; workDir: /home/n102968/NGS_UI/nf_work/batch-1781238156-29316524/bb/130046e4dda16d0632b16881a093d3]
Jun-12 05:07:45.888 [Task submitter] DEBUG n.processor.TaskPollingMonitor - %% executor local > tasks in the submission queue: 20 -- tasks to be submitted are shown below
~> TaskHandler[id: 34; name: ANNOTSV_SV_NCKUH (7); status: NEW; exit: -; error: -; workDir: /home/n102968/NGS_UI/nf_work/batch-1781238156-29316524/11/920dec6c97aa6e193f84ffca2ec9bd]
~> TaskHandler[id: 25; name: MITO_ANNOTATE:MITO_VEP (5); status: NEW; exit: -; error: -; workDir: /home/n102968/NGS_UI/nf_work/batch-1781238156-29316524/24/9ab133cffd69dba986bb353940576c]
~> TaskHandler[id: 31; name: ANNOTSV_SV_NCKUH (6); status: NEW; exit: -; error: -; workDir: /home/n102968/NGS_UI/nf_work/batch-1781238156-29316524/2a/ddc44a1ab529b7e1dc4fd6579e9e5a]
~> TaskHandler[id: 4; name: MITO_ANNOTATE:MITO_VEP (1); status: NEW; exit: -; error: -; workDir: /home/n102968/NGS_UI/nf_work/batch-1781238156-29316524/32/6c5b3521f85e0d392abe43c4a759c1]
~> TaskHandler[id: 41; name: ANNOTSV_CNV_NCKUH_WGS (1); status: NEW; exit: -; error: -; workDir: /home/n102968/NGS_UI/nf_work/batch-1781238156-29316524/1b/42c91c1a154050da65130d02be00d5]
~> TaskHandler[id: 42; name: ANNOTSV_CNV_NCKUH_WGS (2); status: NEW; exit: -; error: -; workDir: /home/n102968/NGS_UI/nf_work/batch-1781238156-29316524/e1/d0edda35b4cb12e39fef7ab192c985]
~> TaskHandler[id: 43; name: ANNOTSV_CNV_NCKUH_WGS (3); status: NEW; exit: -; error: -; workDir: /home/n102968/NGS_UI/nf_work/batch-1781238156-29316524/5c/ffd70b7b5e783783b672e347d1cdc6]
~> TaskHandler[id: 48; name: ANNOTSV_CNV_NCKUH_WGS (4); status: NEW; exit: -; error: -; workDir: /home/n102968/NGS_UI/nf_work/batch-1781238156-29316524/7c/3440a44ceb1a80cd284d27cd37ed96]
~> TaskHandler[id: 49; name: ANNOTSV_CNV_NCKUH_WGS (5); status: NEW; exit: -; error: -; workDir: /home/n102968/NGS_UI/nf_work/batch-1781238156-29316524/41/3be4dd121b3032bd71eba7758919eb]
~> TaskHandler[id: 54; name: ANNOTSV_CNV_NCKUH_WGS (6); status: NEW; exit: -; error: -; workDir: /home/n102968/NGS_UI/nf_work/batch-1781238156-29316524/a7/1c6145025b5435f6e82047bf827f7d]
.. remaining tasks omitted.
Jun-12 05:12:43.454 [Task monitor] DEBUG n.processor.TaskPollingMonitor - !! executor local > tasks to be completed: 3 -- submitted tasks are shown below
~> TaskHandler[id: 22; name: ANNOTSV_SV_NCKUH (4); status: RUNNING; exit: -; error: -; workDir: /home/n102968/NGS_UI/nf_work/batch-1781238156-29316524/54/e1615cca383df599629dd29a54cf9a]
~> TaskHandler[id: 28; name: ANNOTSV_SV_NCKUH (5); status: RUNNING; exit: -; error: -; workDir: /home/n102968/NGS_UI/nf_work/batch-1781238156-29316524/8c/dce79ac1b7cb00301099fbbc6fbc9f]
~> TaskHandler[id: 5; name: ANNOTSV_SV_NCKUH (1); status: RUNNING; exit: -; error: -; workDir: /home/n102968/NGS_UI/nf_work/batch-1781238156-29316524/bb/130046e4dda16d0632b16881a093d3]
Jun-12 05:12:45.950 [Task submitter] DEBUG n.processor.TaskPollingMonitor - %% executor local > tasks in the submission queue: 20 -- tasks to be submitted are shown below
~> TaskHandler[id: 34; name: ANNOTSV_SV_NCKUH (7); status: NEW; exit: -; error: -; workDir: /home/n102968/NGS_UI/nf_work/batch-1781238156-29316524/11/920dec6c97aa6e193f84ffca2ec9bd]
~> TaskHandler[id: 25; name: MITO_ANNOTATE:MITO_VEP (5); status: NEW; exit: -; error: -; workDir: /home/n102968/NGS_UI/nf_work/batch-1781238156-29316524/24/9ab133cffd69dba986bb353940576c]
~> TaskHandler[id: 31; name: ANNOTSV_SV_NCKUH (6); status: NEW; exit: -; error: -; workDir: /home/n102968/NGS_UI/nf_work/batch-1781238156-29316524/2a/ddc44a1ab529b7e1dc4fd6579e9e5a]
~> TaskHandler[id: 4; name: MITO_ANNOTATE:MITO_VEP (1); status: NEW; exit: -; error: -; workDir: /home/n102968/NGS_UI/nf_work/batch-1781238156-29316524/32/6c5b3521f85e0d392abe43c4a759c1]
~> TaskHandler[id: 41; name: ANNOTSV_CNV_NCKUH_WGS (1); status: NEW; exit: -; error: -; workDir: /home/n102968/NGS_UI/nf_work/batch-1781238156-29316524/1b/42c91c1a154050da65130d02be00d5]
~> TaskHandler[id: 42; name: ANNOTSV_CNV_NCKUH_WGS (2); status: NEW; exit: -; error: -; workDir: /home/n102968/NGS_UI/nf_work/batch-1781238156-29316524/e1/d0edda35b4cb12e39fef7ab192c985]
~> TaskHandler[id: 43; name: ANNOTSV_CNV_NCKUH_WGS (3); status: NEW; exit: -; error: -; workDir: /home/n102968/NGS_UI/nf_work/batch-1781238156-29316524/5c/ffd70b7b5e783783b672e347d1cdc6]
~> TaskHandler[id: 48; name: ANNOTSV_CNV_NCKUH_WGS (4); status: NEW; exit: -; error: -; workDir: /home/n102968/NGS_UI/nf_work/batch-1781238156-29316524/7c/3440a44ceb1a80cd284d27cd37ed96]
~> TaskHandler[id: 49; name: ANNOTSV_CNV_NCKUH_WGS (5); status: NEW; exit: -; error: -; workDir: /home/n102968/NGS_UI/nf_work/batch-1781238156-29316524/41/3be4dd121b3032bd71eba7758919eb]
~> TaskHandler[id: 54; name: ANNOTSV_CNV_NCKUH_WGS (6); status: NEW; exit: -; error: -; workDir: /home/n102968/NGS_UI/nf_work/batch-1781238156-29316524/a7/1c6145025b5435f6e82047bf827f7d]
.. remaining tasks omitted.
Jun-12 05:13:28.884 [Task monitor] DEBUG n.processor.TaskPollingMonitor - Task completed > TaskHandler[id: 22; name: ANNOTSV_SV_NCKUH (4); status: COMPLETED; exit: 0; error: -; workDir: /home/n102968/NGS_UI/nf_work/batch-1781238156-29316524/54/e1615cca383df599629dd29a54cf9a]
Jun-12 05:13:28.902 [Task submitter] DEBUG n.executor.local.LocalTaskHandler - Launch cmd line: /bin/bash -ue .command.run
Jun-12 05:13:28.902 [Task submitter] INFO  nextflow.Session - [11/920dec] Submitted process > ANNOTSV_SV_NCKUH (7)
Jun-12 05:14:05.813 [Task monitor] DEBUG n.processor.TaskPollingMonitor - Task completed > TaskHandler[id: 28; name: ANNOTSV_SV_NCKUH (5); status: COMPLETED; exit: 0; error: -; workDir: /home/n102968/NGS_UI/nf_work/batch-1781238156-29316524/8c/dce79ac1b7cb00301099fbbc6fbc9f]
Jun-12 05:14:06.569 [Task submitter] DEBUG n.executor.local.LocalTaskHandler - Launch cmd line: /bin/bash -ue .command.run
Jun-12 05:14:06.570 [Task submitter] INFO  nextflow.Session - [24/9ab133] Submitted process > MITO_ANNOTATE:MITO_VEP (5)
Jun-12 05:14:09.032 [Task monitor] DEBUG n.processor.TaskPollingMonitor - Task completed > TaskHandler[id: 25; name: MITO_ANNOTATE:MITO_VEP (5); status: COMPLETED; exit: 0; error: -; workDir: /home/n102968/NGS_UI/nf_work/batch-1781238156-29316524/24/9ab133cffd69dba986bb353940576c]
Jun-12 05:14:09.060 [Task submitter] DEBUG n.executor.local.LocalTaskHandler - Launch cmd line: /bin/bash -ue .command.run
Jun-12 05:14:09.061 [Task submitter] INFO  nextflow.Session - [2a/ddc44a] Submitted process > ANNOTSV_SV_NCKUH (6)
Jun-12 05:14:09.064 [Task submitter] DEBUG n.executor.local.LocalTaskHandler - Launch cmd line: /bin/bash -ue .command.run
Jun-12 05:14:09.065 [Task submitter] INFO  nextflow.Session - [20/21840b] Submitted process > MITO_ANNOTATE:MITO_PARSE (7)
Jun-12 05:14:12.088 [Task monitor] DEBUG n.processor.TaskPollingMonitor - Task completed > TaskHandler[id: 79; name: MITO_ANNOTATE:MITO_PARSE (7); status: COMPLETED; exit: 0; error: -; workDir: /home/n102968/NGS_UI/nf_work/batch-1781238156-29316524/20/21840b46ab85191c62f4c6fd64fdb3]
Jun-12 05:17:43.507 [Task monitor] DEBUG n.processor.TaskPollingMonitor - !! executor local > tasks to be completed: 3 -- submitted tasks are shown below
~> TaskHandler[id: 5; name: ANNOTSV_SV_NCKUH (1); status: RUNNING; exit: -; error: -; workDir: /home/n102968/NGS_UI/nf_work/batch-1781238156-29316524/bb/130046e4dda16d0632b16881a093d3]
~> TaskHandler[id: 34; name: ANNOTSV_SV_NCKUH (7); status: RUNNING; exit: -; error: -; workDir: /home/n102968/NGS_UI/nf_work/batch-1781238156-29316524/11/920dec6c97aa6e193f84ffca2ec9bd]
~> TaskHandler[id: 31; name: ANNOTSV_SV_NCKUH (6); status: RUNNING; exit: -; error: -; workDir: /home/n102968/NGS_UI/nf_work/batch-1781238156-29316524/2a/ddc44a1ab529b7e1dc4fd6579e9e5a]
Jun-12 05:17:46.137 [Task submitter] DEBUG n.processor.TaskPollingMonitor - %% executor local > tasks in the submission queue: 17 -- tasks to be submitted are shown below
~> TaskHandler[id: 4; name: MITO_ANNOTATE:MITO_VEP (1); status: NEW; exit: -; error: -; workDir: /home/n102968/NGS_UI/nf_work/batch-1781238156-29316524/32/6c5b3521f85e0d392abe43c4a759c1]
~> TaskHandler[id: 41; name: ANNOTSV_CNV_NCKUH_WGS (1); status: NEW; exit: -; error: -; workDir: /home/n102968/NGS_UI/nf_work/batch-1781238156-29316524/1b/42c91c1a154050da65130d02be00d5]
~> TaskHandler[id: 42; name: ANNOTSV_CNV_NCKUH_WGS (2); status: NEW; exit: -; error: -; workDir: /home/n102968/NGS_UI/nf_work/batch-1781238156-29316524/e1/d0edda35b4cb12e39fef7ab192c985]
~> TaskHandler[id: 43; name: ANNOTSV_CNV_NCKUH_WGS (3); status: NEW; exit: -; error: -; workDir: /home/n102968/NGS_UI/nf_work/batch-1781238156-29316524/5c/ffd70b7b5e783783b672e347d1cdc6]
~> TaskHandler[id: 48; name: ANNOTSV_CNV_NCKUH_WGS (4); status: NEW; exit: -; error: -; workDir: /home/n102968/NGS_UI/nf_work/batch-1781238156-29316524/7c/3440a44ceb1a80cd284d27cd37ed96]
~> TaskHandler[id: 49; name: ANNOTSV_CNV_NCKUH_WGS (5); status: NEW; exit: -; error: -; workDir: /home/n102968/NGS_UI/nf_work/batch-1781238156-29316524/41/3be4dd121b3032bd71eba7758919eb]
~> TaskHandler[id: 54; name: ANNOTSV_CNV_NCKUH_WGS (6); status: NEW; exit: -; error: -; workDir: /home/n102968/NGS_UI/nf_work/batch-1781238156-29316524/a7/1c6145025b5435f6e82047bf827f7d]
~> TaskHandler[id: 56; name: ANNOTSV_CNV_NCKUH_WGS (7); status: NEW; exit: -; error: -; workDir: /home/n102968/NGS_UI/nf_work/batch-1781238156-29316524/04/0ea21c3e3c8741f10c96098943f43a]
~> TaskHandler[id: 59; name: ANNOTSV_CNV_NCKUH_WGS (8); status: NEW; exit: -; error: -; workDir: /home/n102968/NGS_UI/nf_work/batch-1781238156-29316524/94/015824d332d21bb948cf14726e201c]
~> TaskHandler[id: 69; name: SNV_ANNOTATE:VEP_ANNOTATE (1); status: NEW; exit: -; error: -; workDir: /home/n102968/NGS_UI/nf_work/batch-1781238156-29316524/e2/87549da0eecfc850673c5988f3b580]
.. remaining tasks omitted.
Jun-12 05:22:43.603 [Task monitor] DEBUG n.processor.TaskPollingMonitor - !! executor local > tasks to be completed: 3 -- submitted tasks are shown below
~> TaskHandler[id: 5; name: ANNOTSV_SV_NCKUH (1); status: RUNNING; exit: -; error: -; workDir: /home/n102968/NGS_UI/nf_work/batch-1781238156-29316524/bb/130046e4dda16d0632b16881a093d3]
~> TaskHandler[id: 34; name: ANNOTSV_SV_NCKUH (7); status: RUNNING; exit: -; error: -; workDir: /home/n102968/NGS_UI/nf_work/batch-1781238156-29316524/11/920dec6c97aa6e193f84ffca2ec9bd]
~> TaskHandler[id: 31; name: ANNOTSV_SV_NCKUH (6); status: RUNNING; exit: -; error: -; workDir: /home/n102968/NGS_UI/nf_work/batch-1781238156-29316524/2a/ddc44a1ab529b7e1dc4fd6579e9e5a]
Jun-12 05:22:46.725 [Task submitter] DEBUG n.processor.TaskPollingMonitor - %% executor local > tasks in the submission queue: 17 -- tasks to be submitted are shown below
~> TaskHandler[id: 4; name: MITO_ANNOTATE:MITO_VEP (1); status: NEW; exit: -; error: -; workDir: /home/n102968/NGS_UI/nf_work/batch-1781238156-29316524/32/6c5b3521f85e0d392abe43c4a759c1]
~> TaskHandler[id: 41; name: ANNOTSV_CNV_NCKUH_WGS (1); status: NEW; exit: -; error: -; workDir: /home/n102968/NGS_UI/nf_work/batch-1781238156-29316524/1b/42c91c1a154050da65130d02be00d5]
~> TaskHandler[id: 42; name: ANNOTSV_CNV_NCKUH_WGS (2); status: NEW; exit: -; error: -; workDir: /home/n102968/NGS_UI/nf_work/batch-1781238156-29316524/e1/d0edda35b4cb12e39fef7ab192c985]
~> TaskHandler[id: 43; name: ANNOTSV_CNV_NCKUH_WGS (3); status: NEW; exit: -; error: -; workDir: /home/n102968/NGS_UI/nf_work/batch-1781238156-29316524/5c/ffd70b7b5e783783b672e347d1cdc6]
~> TaskHandler[id: 48; name: ANNOTSV_CNV_NCKUH_WGS (4); status: NEW; exit: -; error: -; workDir: /home/n102968/NGS_UI/nf_work/batch-1781238156-29316524/7c/3440a44ceb1a80cd284d27cd37ed96]
~> TaskHandler[id: 49; name: ANNOTSV_CNV_NCKUH_WGS (5); status: NEW; exit: -; error: -; workDir: /home/n102968/NGS_UI/nf_work/batch-1781238156-29316524/41/3be4dd121b3032bd71eba7758919eb]
~> TaskHandler[id: 54; name: ANNOTSV_CNV_NCKUH_WGS (6); status: NEW; exit: -; error: -; workDir: /home/n102968/NGS_UI/nf_work/batch-1781238156-29316524/a7/1c6145025b5435f6e82047bf827f7d]
~> TaskHandler[id: 56; name: ANNOTSV_CNV_NCKUH_WGS (7); status: NEW; exit: -; error: -; workDir: /home/n102968/NGS_UI/nf_work/batch-1781238156-29316524/04/0ea21c3e3c8741f10c96098943f43a]
~> TaskHandler[id: 59; name: ANNOTSV_CNV_NCKUH_WGS (8); status: NEW; exit: -; error: -; workDir: /home/n102968/NGS_UI/nf_work/batch-1781238156-29316524/94/015824d332d21bb948cf14726e201c]
~> TaskHandler[id: 69; name: SNV_ANNOTATE:VEP_ANNOTATE (1); status: NEW; exit: -; error: -; workDir: /home/n102968/NGS_UI/nf_work/batch-1781238156-29316524/e2/87549da0eecfc850673c5988f3b580]
.. remaining tasks omitted.
Jun-12 05:22:52.792 [Task monitor] DEBUG n.processor.TaskPollingMonitor - Task completed > TaskHandler[id: 5; name: ANNOTSV_SV_NCKUH (1); status: COMPLETED; exit: 0; error: -; workDir: /home/n102968/NGS_UI/nf_work/batch-1781238156-29316524/bb/130046e4dda16d0632b16881a093d3]
Jun-12 05:22:52.817 [Task submitter] DEBUG n.executor.local.LocalTaskHandler - Launch cmd line: /bin/bash -ue .command.run
Jun-12 05:22:52.818 [Task submitter] INFO  nextflow.Session - [32/6c5b35] Submitted process > MITO_ANNOTATE:MITO_VEP (1)
Jun-12 05:22:55.040 [Task monitor] DEBUG n.processor.TaskPollingMonitor - Task completed > TaskHandler[id: 4; name: MITO_ANNOTATE:MITO_VEP (1); status: COMPLETED; exit: 0; error: -; workDir: /home/n102968/NGS_UI/nf_work/batch-1781238156-29316524/32/6c5b3521f85e0d392abe43c4a759c1]
Jun-12 05:22:55.056 [Task submitter] DEBUG n.executor.local.LocalTaskHandler - Launch cmd line: /bin/bash -ue .command.run
Jun-12 05:22:55.057 [Task submitter] INFO  nextflow.Session - [1b/42c91c] Submitted process > ANNOTSV_CNV_NCKUH_WGS (1)
Jun-12 05:22:56.074 [Task submitter] DEBUG n.executor.local.LocalTaskHandler - Launch cmd line: /bin/bash -ue .command.run
Jun-12 05:22:56.075 [Task submitter] INFO  nextflow.Session - [9d/223ccc] Submitted process > MITO_ANNOTATE:MITO_PARSE (8)
Jun-12 05:22:57.806 [Task monitor] DEBUG n.processor.TaskPollingMonitor - Task completed > TaskHandler[id: 80; name: MITO_ANNOTATE:MITO_PARSE (8); status: COMPLETED; exit: 0; error: -; workDir: /home/n102968/NGS_UI/nf_work/batch-1781238156-29316524/9d/223cccc4d367dc96a574f5ae564e10]
Jun-12 05:23:13.143 [Task monitor] DEBUG n.processor.TaskPollingMonitor - Task completed > TaskHandler[id: 41; name: ANNOTSV_CNV_NCKUH_WGS (1); status: COMPLETED; exit: 0; error: -; workDir: /home/n102968/NGS_UI/nf_work/batch-1781238156-29316524/1b/42c91c1a154050da65130d02be00d5]
Jun-12 05:23:13.167 [Task submitter] DEBUG n.executor.local.LocalTaskHandler - Launch cmd line: /bin/bash -ue .command.run
Jun-12 05:23:13.167 [Task submitter] INFO  nextflow.Session - [e1/d0edda] Submitted process > ANNOTSV_CNV_NCKUH_WGS (2)
Jun-12 05:23:25.727 [Task monitor] DEBUG n.processor.TaskPollingMonitor - Task completed > TaskHandler[id: 42; name: ANNOTSV_CNV_NCKUH_WGS (2); status: COMPLETED; exit: 0; error: -; workDir: /home/n102968/NGS_UI/nf_work/batch-1781238156-29316524/e1/d0edda35b4cb12e39fef7ab192c985]
Jun-12 05:23:25.735 [Task submitter] DEBUG n.executor.local.LocalTaskHandler - Launch cmd line: /bin/bash -ue .command.run
Jun-12 05:23:25.735 [Task submitter] INFO  nextflow.Session - [5c/ffd70b] Submitted process > ANNOTSV_CNV_NCKUH_WGS (3)
Jun-12 05:23:38.031 [Task monitor] DEBUG n.processor.TaskPollingMonitor - Task completed > TaskHandler[id: 43; name: ANNOTSV_CNV_NCKUH_WGS (3); status: COMPLETED; exit: 0; error: -; workDir: /home/n102968/NGS_UI/nf_work/batch-1781238156-29316524/5c/ffd70b7b5e783783b672e347d1cdc6]
Jun-12 05:23:38.049 [Task submitter] DEBUG n.executor.local.LocalTaskHandler - Launch cmd line: /bin/bash -ue .command.run
Jun-12 05:23:38.049 [Task submitter] INFO  nextflow.Session - [7c/3440a4] Submitted process > ANNOTSV_CNV_NCKUH_WGS (4)
Jun-12 05:23:49.968 [Task monitor] DEBUG n.processor.TaskPollingMonitor - Task completed > TaskHandler[id: 48; name: ANNOTSV_CNV_NCKUH_WGS (4); status: COMPLETED; exit: 0; error: -; workDir: /home/n102968/NGS_UI/nf_work/batch-1781238156-29316524/7c/3440a44ceb1a80cd284d27cd37ed96]
Jun-12 05:23:49.987 [Task submitter] DEBUG n.executor.local.LocalTaskHandler - Launch cmd line: /bin/bash -ue .command.run
Jun-12 05:23:49.987 [Task submitter] INFO  nextflow.Session - [41/3be4dd] Submitted process > ANNOTSV_CNV_NCKUH_WGS (5)
Jun-12 05:24:04.405 [Task monitor] DEBUG n.processor.TaskPollingMonitor - Task completed > TaskHandler[id: 49; name: ANNOTSV_CNV_NCKUH_WGS (5); status: COMPLETED; exit: 0; error: -; workDir: /home/n102968/NGS_UI/nf_work/batch-1781238156-29316524/41/3be4dd121b3032bd71eba7758919eb]
Jun-12 05:24:04.417 [Task submitter] DEBUG n.executor.local.LocalTaskHandler - Launch cmd line: /bin/bash -ue .command.run
Jun-12 05:24:04.417 [Task submitter] INFO  nextflow.Session - [a7/1c6145] Submitted process > ANNOTSV_CNV_NCKUH_WGS (6)
Jun-12 05:24:16.820 [Task monitor] DEBUG n.processor.TaskPollingMonitor - Task completed > TaskHandler[id: 54; name: ANNOTSV_CNV_NCKUH_WGS (6); status: COMPLETED; exit: 0; error: -; workDir: /home/n102968/NGS_UI/nf_work/batch-1781238156-29316524/a7/1c6145025b5435f6e82047bf827f7d]
Jun-12 05:24:16.829 [Task submitter] DEBUG n.executor.local.LocalTaskHandler - Launch cmd line: /bin/bash -ue .command.run
Jun-12 05:24:16.830 [Task submitter] INFO  nextflow.Session - [04/0ea21c] Submitted process > ANNOTSV_CNV_NCKUH_WGS (7)
Jun-12 05:24:29.265 [Task monitor] DEBUG n.processor.TaskPollingMonitor - Task completed > TaskHandler[id: 56; name: ANNOTSV_CNV_NCKUH_WGS (7); status: COMPLETED; exit: 0; error: -; workDir: /home/n102968/NGS_UI/nf_work/batch-1781238156-29316524/04/0ea21c3e3c8741f10c96098943f43a]
Jun-12 05:24:29.275 [Task submitter] DEBUG n.executor.local.LocalTaskHandler - Launch cmd line: /bin/bash -ue .command.run
Jun-12 05:24:29.276 [Task submitter] INFO  nextflow.Session - [94/015824] Submitted process > ANNOTSV_CNV_NCKUH_WGS (8)
Jun-12 05:24:46.121 [Task monitor] DEBUG n.processor.TaskPollingMonitor - Task completed > TaskHandler[id: 59; name: ANNOTSV_CNV_NCKUH_WGS (8); status: COMPLETED; exit: 0; error: -; workDir: /home/n102968/NGS_UI/nf_work/batch-1781238156-29316524/94/015824d332d21bb948cf14726e201c]
Jun-12 05:27:43.696 [Task monitor] DEBUG n.processor.TaskPollingMonitor - !! executor local > tasks to be completed: 2 -- submitted tasks are shown below
~> TaskHandler[id: 34; name: ANNOTSV_SV_NCKUH (7); status: RUNNING; exit: -; error: -; workDir: /home/n102968/NGS_UI/nf_work/batch-1781238156-29316524/11/920dec6c97aa6e193f84ffca2ec9bd]
~> TaskHandler[id: 31; name: ANNOTSV_SV_NCKUH (6); status: RUNNING; exit: -; error: -; workDir: /home/n102968/NGS_UI/nf_work/batch-1781238156-29316524/2a/ddc44a1ab529b7e1dc4fd6579e9e5a]
Jun-12 05:27:47.382 [Task submitter] DEBUG n.processor.TaskPollingMonitor - %% executor local > tasks in the submission queue: 8 -- tasks to be submitted are shown below
~> TaskHandler[id: 69; name: SNV_ANNOTATE:VEP_ANNOTATE (1); status: NEW; exit: -; error: -; workDir: /home/n102968/NGS_UI/nf_work/batch-1781238156-29316524/e2/87549da0eecfc850673c5988f3b580]
~> TaskHandler[id: 70; name: SNV_ANNOTATE:VEP_ANNOTATE (2); status: NEW; exit: -; error: -; workDir: /home/n102968/NGS_UI/nf_work/batch-1781238156-29316524/58/a00791a14eb9b518cb4fabbee75c3d]
~> TaskHandler[id: 71; name: SNV_ANNOTATE:VEP_ANNOTATE (3); status: NEW; exit: -; error: -; workDir: /home/n102968/NGS_UI/nf_work/batch-1781238156-29316524/21/d6e2bfedb651971fdc7c4f105e5d77]
~> TaskHandler[id: 72; name: SNV_ANNOTATE:VEP_ANNOTATE (4); status: NEW; exit: -; error: -; workDir: /home/n102968/NGS_UI/nf_work/batch-1781238156-29316524/94/a740c09676e2797ba6ca2d303da138]
~> TaskHandler[id: 73; name: SNV_ANNOTATE:VEP_ANNOTATE (5); status: NEW; exit: -; error: -; workDir: /home/n102968/NGS_UI/nf_work/batch-1781238156-29316524/ba/129424880a29f723fd11f19236a636]
~> TaskHandler[id: 75; name: SNV_ANNOTATE:VEP_ANNOTATE (6); status: NEW; exit: -; error: -; workDir: /home/n102968/NGS_UI/nf_work/batch-1781238156-29316524/c5/66d2fd5c76672fd95bf2a28e33ef41]
~> TaskHandler[id: 76; name: SNV_ANNOTATE:VEP_ANNOTATE (7); status: NEW; exit: -; error: -; workDir: /home/n102968/NGS_UI/nf_work/batch-1781238156-29316524/e9/cdb58791bb99508fefc3eab883e54f]
~> TaskHandler[id: 77; name: SNV_ANNOTATE:VEP_ANNOTATE (8); status: NEW; exit: -; error: -; workDir: /home/n102968/NGS_UI/nf_work/batch-1781238156-29316524/84/3306d89a10fc98af04bcc396fb4994]
Jun-12 05:32:42.226 [Task monitor] DEBUG n.processor.TaskPollingMonitor - Task completed > TaskHandler[id: 31; name: ANNOTSV_SV_NCKUH (6); status: COMPLETED; exit: 0; error: -; workDir: /home/n102968/NGS_UI/nf_work/batch-1781238156-29316524/2a/ddc44a1ab529b7e1dc4fd6579e9e5a]
Jun-12 05:32:42.259 [Task submitter] DEBUG n.executor.local.LocalTaskHandler - Launch cmd line: /bin/bash -ue .command.run
Jun-12 05:32:42.260 [Task submitter] INFO  nextflow.Session - [e2/87549d] Submitted process > SNV_ANNOTATE:VEP_ANNOTATE (1)
Jun-12 05:32:43.729 [Task monitor] DEBUG n.processor.TaskPollingMonitor - !! executor local > tasks to be completed: 2 -- submitted tasks are shown below
~> TaskHandler[id: 34; name: ANNOTSV_SV_NCKUH (7); status: RUNNING; exit: -; error: -; workDir: /home/n102968/NGS_UI/nf_work/batch-1781238156-29316524/11/920dec6c97aa6e193f84ffca2ec9bd]
~> TaskHandler[id: 69; name: SNV_ANNOTATE:VEP_ANNOTATE (1); status: RUNNING; exit: -; error: -; workDir: /home/n102968/NGS_UI/nf_work/batch-1781238156-29316524/e2/87549da0eecfc850673c5988f3b580]
Jun-12 05:32:48.263 [Task submitter] DEBUG n.processor.TaskPollingMonitor - %% executor local > tasks in the submission queue: 7 -- tasks to be submitted are shown below
~> TaskHandler[id: 70; name: SNV_ANNOTATE:VEP_ANNOTATE (2); status: NEW; exit: -; error: -; workDir: /home/n102968/NGS_UI/nf_work/batch-1781238156-29316524/58/a00791a14eb9b518cb4fabbee75c3d]
~> TaskHandler[id: 71; name: SNV_ANNOTATE:VEP_ANNOTATE (3); status: NEW; exit: -; error: -; workDir: /home/n102968/NGS_UI/nf_work/batch-1781238156-29316524/21/d6e2bfedb651971fdc7c4f105e5d77]
~> TaskHandler[id: 72; name: SNV_ANNOTATE:VEP_ANNOTATE (4); status: NEW; exit: -; error: -; workDir: /home/n102968/NGS_UI/nf_work/batch-1781238156-29316524/94/a740c09676e2797ba6ca2d303da138]
~> TaskHandler[id: 73; name: SNV_ANNOTATE:VEP_ANNOTATE (5); status: NEW; exit: -; error: -; workDir: /home/n102968/NGS_UI/nf_work/batch-1781238156-29316524/ba/129424880a29f723fd11f19236a636]
~> TaskHandler[id: 75; name: SNV_ANNOTATE:VEP_ANNOTATE (6); status: NEW; exit: -; error: -; workDir: /home/n102968/NGS_UI/nf_work/batch-1781238156-29316524/c5/66d2fd5c76672fd95bf2a28e33ef41]
~> TaskHandler[id: 76; name: SNV_ANNOTATE:VEP_ANNOTATE (7); status: NEW; exit: -; error: -; workDir: /home/n102968/NGS_UI/nf_work/batch-1781238156-29316524/e9/cdb58791bb99508fefc3eab883e54f]
~> TaskHandler[id: 77; name: SNV_ANNOTATE:VEP_ANNOTATE (8); status: NEW; exit: -; error: -; workDir: /home/n102968/NGS_UI/nf_work/batch-1781238156-29316524/84/3306d89a10fc98af04bcc396fb4994]
Jun-12 05:36:23.002 [Task monitor] DEBUG n.processor.TaskPollingMonitor - Task completed > TaskHandler[id: 34; name: ANNOTSV_SV_NCKUH (7); status: COMPLETED; exit: 0; error: -; workDir: /home/n102968/NGS_UI/nf_work/batch-1781238156-29316524/11/920dec6c97aa6e193f84ffca2ec9bd]
Jun-12 05:37:43.739 [Task monitor] DEBUG n.processor.TaskPollingMonitor - !! executor local > tasks to be completed: 1 -- submitted tasks are shown below
~> TaskHandler[id: 69; name: SNV_ANNOTATE:VEP_ANNOTATE (1); status: RUNNING; exit: -; error: -; workDir: /home/n102968/NGS_UI/nf_work/batch-1781238156-29316524/e2/87549da0eecfc850673c5988f3b580]
Jun-12 05:37:49.088 [Task submitter] DEBUG n.processor.TaskPollingMonitor - %% executor local > tasks in the submission queue: 7 -- tasks to be submitted are shown below
~> TaskHandler[id: 70; name: SNV_ANNOTATE:VEP_ANNOTATE (2); status: NEW; exit: -; error: -; workDir: /home/n102968/NGS_UI/nf_work/batch-1781238156-29316524/58/a00791a14eb9b518cb4fabbee75c3d]
~> TaskHandler[id: 71; name: SNV_ANNOTATE:VEP_ANNOTATE (3); status: NEW; exit: -; error: -; workDir: /home/n102968/NGS_UI/nf_work/batch-1781238156-29316524/21/d6e2bfedb651971fdc7c4f105e5d77]
~> TaskHandler[id: 72; name: SNV_ANNOTATE:VEP_ANNOTATE (4); status: NEW; exit: -; error: -; workDir: /home/n102968/NGS_UI/nf_work/batch-1781238156-29316524/94/a740c09676e2797ba6ca2d303da138]
~> TaskHandler[id: 73; name: SNV_ANNOTATE:VEP_ANNOTATE (5); status: NEW; exit: -; error: -; workDir: /home/n102968/NGS_UI/nf_work/batch-1781238156-29316524/ba/129424880a29f723fd11f19236a636]
~> TaskHandler[id: 75; name: SNV_ANNOTATE:VEP_ANNOTATE (6); status: NEW; exit: -; error: -; workDir: /home/n102968/NGS_UI/nf_work/batch-1781238156-29316524/c5/66d2fd5c76672fd95bf2a28e33ef41]
~> TaskHandler[id: 76; name: SNV_ANNOTATE:VEP_ANNOTATE (7); status: NEW; exit: -; error: -; workDir: /home/n102968/NGS_UI/nf_work/batch-1781238156-29316524/e9/cdb58791bb99508fefc3eab883e54f]
~> TaskHandler[id: 77; name: SNV_ANNOTATE:VEP_ANNOTATE (8); status: NEW; exit: -; error: -; workDir: /home/n102968/NGS_UI/nf_work/batch-1781238156-29316524/84/3306d89a10fc98af04bcc396fb4994]
Jun-12 05:42:43.775 [Task monitor] DEBUG n.processor.TaskPollingMonitor - !! executor local > tasks to be completed: 1 -- submitted tasks are shown below
~> TaskHandler[id: 69; name: SNV_ANNOTATE:VEP_ANNOTATE (1); status: RUNNING; exit: -; error: -; workDir: /home/n102968/NGS_UI/nf_work/batch-1781238156-29316524/e2/87549da0eecfc850673c5988f3b580]
Jun-12 05:42:49.239 [Task submitter] DEBUG n.processor.TaskPollingMonitor - %% executor local > tasks in the submission queue: 7 -- tasks to be submitted are shown below
~> TaskHandler[id: 70; name: SNV_ANNOTATE:VEP_ANNOTATE (2); status: NEW; exit: -; error: -; workDir: /home/n102968/NGS_UI/nf_work/batch-1781238156-29316524/58/a00791a14eb9b518cb4fabbee75c3d]
~> TaskHandler[id: 71; name: SNV_ANNOTATE:VEP_ANNOTATE (3); status: NEW; exit: -; error: -; workDir: /home/n102968/NGS_UI/nf_work/batch-1781238156-29316524/21/d6e2bfedb651971fdc7c4f105e5d77]
~> TaskHandler[id: 72; name: SNV_ANNOTATE:VEP_ANNOTATE (4); status: NEW; exit: -; error: -; workDir: /home/n102968/NGS_UI/nf_work/batch-1781238156-29316524/94/a740c09676e2797ba6ca2d303da138]
~> TaskHandler[id: 73; name: SNV_ANNOTATE:VEP_ANNOTATE (5); status: NEW; exit: -; error: -; workDir: /home/n102968/NGS_UI/nf_work/batch-1781238156-29316524/ba/129424880a29f723fd11f19236a636]
~> TaskHandler[id: 75; name: SNV_ANNOTATE:VEP_ANNOTATE (6); status: NEW; exit: -; error: -; workDir: /home/n102968/NGS_UI/nf_work/batch-1781238156-29316524/c5/66d2fd5c76672fd95bf2a28e33ef41]
~> TaskHandler[id: 76; name: SNV_ANNOTATE:VEP_ANNOTATE (7); status: NEW; exit: -; error: -; workDir: /home/n102968/NGS_UI/nf_work/batch-1781238156-29316524/e9/cdb58791bb99508fefc3eab883e54f]
~> TaskHandler[id: 77; name: SNV_ANNOTATE:VEP_ANNOTATE (8); status: NEW; exit: -; error: -; workDir: /home/n102968/NGS_UI/nf_work/batch-1781238156-29316524/84/3306d89a10fc98af04bcc396fb4994]
Jun-12 05:47:43.811 [Task monitor] DEBUG n.processor.TaskPollingMonitor - !! executor local > tasks to be completed: 1 -- submitted tasks are shown below
~> TaskHandler[id: 69; name: SNV_ANNOTATE:VEP_ANNOTATE (1); status: RUNNING; exit: -; error: -; workDir: /home/n102968/NGS_UI/nf_work/batch-1781238156-29316524/e2/87549da0eecfc850673c5988f3b580]
Jun-12 05:47:49.290 [Task submitter] DEBUG n.processor.TaskPollingMonitor - %% executor local > tasks in the submission queue: 7 -- tasks to be submitted are shown below
~> TaskHandler[id: 70; name: SNV_ANNOTATE:VEP_ANNOTATE (2); status: NEW; exit: -; error: -; workDir: /home/n102968/NGS_UI/nf_work/batch-1781238156-29316524/58/a00791a14eb9b518cb4fabbee75c3d]
~> TaskHandler[id: 71; name: SNV_ANNOTATE:VEP_ANNOTATE (3); status: NEW; exit: -; error: -; workDir: /home/n102968/NGS_UI/nf_work/batch-1781238156-29316524/21/d6e2bfedb651971fdc7c4f105e5d77]
~> TaskHandler[id: 72; name: SNV_ANNOTATE:VEP_ANNOTATE (4); status: NEW; exit: -; error: -; workDir: /home/n102968/NGS_UI/nf_work/batch-1781238156-29316524/94/a740c09676e2797ba6ca2d303da138]
~> TaskHandler[id: 73; name: SNV_ANNOTATE:VEP_ANNOTATE (5); status: NEW; exit: -; error: -; workDir: /home/n102968/NGS_UI/nf_work/batch-1781238156-29316524/ba/129424880a29f723fd11f19236a636]
~> TaskHandler[id: 75; name: SNV_ANNOTATE:VEP_ANNOTATE (6); status: NEW; exit: -; error: -; workDir: /home/n102968/NGS_UI/nf_work/batch-1781238156-29316524/c5/66d2fd5c76672fd95bf2a28e33ef41]
~> TaskHandler[id: 76; name: SNV_ANNOTATE:VEP_ANNOTATE (7); status: NEW; exit: -; error: -; workDir: /home/n102968/NGS_UI/nf_work/batch-1781238156-29316524/e9/cdb58791bb99508fefc3eab883e54f]
~> TaskHandler[id: 77; name: SNV_ANNOTATE:VEP_ANNOTATE (8); status: NEW; exit: -; error: -; workDir: /home/n102968/NGS_UI/nf_work/batch-1781238156-29316524/84/3306d89a10fc98af04bcc396fb4994]
Jun-12 05:52:43.852 [Task monitor] DEBUG n.processor.TaskPollingMonitor - !! executor local > tasks to be completed: 1 -- submitted tasks are shown below
~> TaskHandler[id: 69; name: SNV_ANNOTATE:VEP_ANNOTATE (1); status: RUNNING; exit: -; error: -; workDir: /home/n102968/NGS_UI/nf_work/batch-1781238156-29316524/e2/87549da0eecfc850673c5988f3b580]
Jun-12 05:52:49.342 [Task submitter] DEBUG n.processor.TaskPollingMonitor - %% executor local > tasks in the submission queue: 7 -- tasks to be submitted are shown below
~> TaskHandler[id: 70; name: SNV_ANNOTATE:VEP_ANNOTATE (2); status: NEW; exit: -; error: -; workDir: /home/n102968/NGS_UI/nf_work/batch-1781238156-29316524/58/a00791a14eb9b518cb4fabbee75c3d]
~> TaskHandler[id: 71; name: SNV_ANNOTATE:VEP_ANNOTATE (3); status: NEW; exit: -; error: -; workDir: /home/n102968/NGS_UI/nf_work/batch-1781238156-29316524/21/d6e2bfedb651971fdc7c4f105e5d77]
~> TaskHandler[id: 72; name: SNV_ANNOTATE:VEP_ANNOTATE (4); status: NEW; exit: -; error: -; workDir: /home/n102968/NGS_UI/nf_work/batch-1781238156-29316524/94/a740c09676e2797ba6ca2d303da138]
~> TaskHandler[id: 73; name: SNV_ANNOTATE:VEP_ANNOTATE (5); status: NEW; exit: -; error: -; workDir: /home/n102968/NGS_UI/nf_work/batch-1781238156-29316524/ba/129424880a29f723fd11f19236a636]
~> TaskHandler[id: 75; name: SNV_ANNOTATE:VEP_ANNOTATE (6); status: NEW; exit: -; error: -; workDir: /home/n102968/NGS_UI/nf_work/batch-1781238156-29316524/c5/66d2fd5c76672fd95bf2a28e33ef41]
~> TaskHandler[id: 76; name: SNV_ANNOTATE:VEP_ANNOTATE (7); status: NEW; exit: -; error: -; workDir: /home/n102968/NGS_UI/nf_work/batch-1781238156-29316524/e9/cdb58791bb99508fefc3eab883e54f]
~> TaskHandler[id: 77; name: SNV_ANNOTATE:VEP_ANNOTATE (8); status: NEW; exit: -; error: -; workDir: /home/n102968/NGS_UI/nf_work/batch-1781238156-29316524/84/3306d89a10fc98af04bcc396fb4994]
Jun-12 05:57:43.886 [Task monitor] DEBUG n.processor.TaskPollingMonitor - !! executor local > tasks to be completed: 1 -- submitted tasks are shown below
~> TaskHandler[id: 69; name: SNV_ANNOTATE:VEP_ANNOTATE (1); status: RUNNING; exit: -; error: -; workDir: /home/n102968/NGS_UI/nf_work/batch-1781238156-29316524/e2/87549da0eecfc850673c5988f3b580]
Jun-12 05:57:49.394 [Task submitter] DEBUG n.processor.TaskPollingMonitor - %% executor local > tasks in the submission queue: 7 -- tasks to be submitted are shown below
~> TaskHandler[id: 70; name: SNV_ANNOTATE:VEP_ANNOTATE (2); status: NEW; exit: -; error: -; workDir: /home/n102968/NGS_UI/nf_work/batch-1781238156-29316524/58/a00791a14eb9b518cb4fabbee75c3d]
~> TaskHandler[id: 71; name: SNV_ANNOTATE:VEP_ANNOTATE (3); status: NEW; exit: -; error: -; workDir: /home/n102968/NGS_UI/nf_work/batch-1781238156-29316524/21/d6e2bfedb651971fdc7c4f105e5d77]
~> TaskHandler[id: 72; name: SNV_ANNOTATE:VEP_ANNOTATE (4); status: NEW; exit: -; error: -; workDir: /home/n102968/NGS_UI/nf_work/batch-1781238156-29316524/94/a740c09676e2797ba6ca2d303da138]
~> TaskHandler[id: 73; name: SNV_ANNOTATE:VEP_ANNOTATE (5); status: NEW; exit: -; error: -; workDir: /home/n102968/NGS_UI/nf_work/batch-1781238156-29316524/ba/129424880a29f723fd11f19236a636]
~> TaskHandler[id: 75; name: SNV_ANNOTATE:VEP_ANNOTATE (6); status: NEW; exit: -; error: -; workDir: /home/n102968/NGS_UI/nf_work/batch-1781238156-29316524/c5/66d2fd5c76672fd95bf2a28e33ef41]
~> TaskHandler[id: 76; name: SNV_ANNOTATE:VEP_ANNOTATE (7); status: NEW; exit: -; error: -; workDir: /home/n102968/NGS_UI/nf_work/batch-1781238156-29316524/e9/cdb58791bb99508fefc3eab883e54f]
~> TaskHandler[id: 77; name: SNV_ANNOTATE:VEP_ANNOTATE (8); status: NEW; exit: -; error: -; workDir: /home/n102968/NGS_UI/nf_work/batch-1781238156-29316524/84/3306d89a10fc98af04bcc396fb4994]
Jun-12 06:02:43.915 [Task monitor] DEBUG n.processor.TaskPollingMonitor - !! executor local > tasks to be completed: 1 -- submitted tasks are shown below
~> TaskHandler[id: 69; name: SNV_ANNOTATE:VEP_ANNOTATE (1); status: RUNNING; exit: -; error: -; workDir: /home/n102968/NGS_UI/nf_work/batch-1781238156-29316524/e2/87549da0eecfc850673c5988f3b580]
Jun-12 06:02:49.446 [Task submitter] DEBUG n.processor.TaskPollingMonitor - %% executor local > tasks in the submission queue: 7 -- tasks to be submitted are shown below
~> TaskHandler[id: 70; name: SNV_ANNOTATE:VEP_ANNOTATE (2); status: NEW; exit: -; error: -; workDir: /home/n102968/NGS_UI/nf_work/batch-1781238156-29316524/58/a00791a14eb9b518cb4fabbee75c3d]
~> TaskHandler[id: 71; name: SNV_ANNOTATE:VEP_ANNOTATE (3); status: NEW; exit: -; error: -; workDir: /home/n102968/NGS_UI/nf_work/batch-1781238156-29316524/21/d6e2bfedb651971fdc7c4f105e5d77]
~> TaskHandler[id: 72; name: SNV_ANNOTATE:VEP_ANNOTATE (4); status: NEW; exit: -; error: -; workDir: /home/n102968/NGS_UI/nf_work/batch-1781238156-29316524/94/a740c09676e2797ba6ca2d303da138]
~> TaskHandler[id: 73; name: SNV_ANNOTATE:VEP_ANNOTATE (5); status: NEW; exit: -; error: -; workDir: /home/n102968/NGS_UI/nf_work/batch-1781238156-29316524/ba/129424880a29f723fd11f19236a636]
~> TaskHandler[id: 75; name: SNV_ANNOTATE:VEP_ANNOTATE (6); status: NEW; exit: -; error: -; workDir: /home/n102968/NGS_UI/nf_work/batch-1781238156-29316524/c5/66d2fd5c76672fd95bf2a28e33ef41]
~> TaskHandler[id: 76; name: SNV_ANNOTATE:VEP_ANNOTATE (7); status: NEW; exit: -; error: -; workDir: /home/n102968/NGS_UI/nf_work/batch-1781238156-29316524/e9/cdb58791bb99508fefc3eab883e54f]
~> TaskHandler[id: 77; name: SNV_ANNOTATE:VEP_ANNOTATE (8); status: NEW; exit: -; error: -; workDir: /home/n102968/NGS_UI/nf_work/batch-1781238156-29316524/84/3306d89a10fc98af04bcc396fb4994]
Jun-12 06:07:43.928 [Task monitor] DEBUG n.processor.TaskPollingMonitor - !! executor local > tasks to be completed: 1 -- submitted tasks are shown below
~> TaskHandler[id: 69; name: SNV_ANNOTATE:VEP_ANNOTATE (1); status: RUNNING; exit: -; error: -; workDir: /home/n102968/NGS_UI/nf_work/batch-1781238156-29316524/e2/87549da0eecfc850673c5988f3b580]
Jun-12 06:07:49.499 [Task submitter] DEBUG n.processor.TaskPollingMonitor - %% executor local > tasks in the submission queue: 7 -- tasks to be submitted are shown below
~> TaskHandler[id: 70; name: SNV_ANNOTATE:VEP_ANNOTATE (2); status: NEW; exit: -; error: -; workDir: /home/n102968/NGS_UI/nf_work/batch-1781238156-29316524/58/a00791a14eb9b518cb4fabbee75c3d]
~> TaskHandler[id: 71; name: SNV_ANNOTATE:VEP_ANNOTATE (3); status: NEW; exit: -; error: -; workDir: /home/n102968/NGS_UI/nf_work/batch-1781238156-29316524/21/d6e2bfedb651971fdc7c4f105e5d77]
~> TaskHandler[id: 72; name: SNV_ANNOTATE:VEP_ANNOTATE (4); status: NEW; exit: -; error: -; workDir: /home/n102968/NGS_UI/nf_work/batch-1781238156-29316524/94/a740c09676e2797ba6ca2d303da138]
~> TaskHandler[id: 73; name: SNV_ANNOTATE:VEP_ANNOTATE (5); status: NEW; exit: -; error: -; workDir: /home/n102968/NGS_UI/nf_work/batch-1781238156-29316524/ba/129424880a29f723fd11f19236a636]
~> TaskHandler[id: 75; name: SNV_ANNOTATE:VEP_ANNOTATE (6); status: NEW; exit: -; error: -; workDir: /home/n102968/NGS_UI/nf_work/batch-1781238156-29316524/c5/66d2fd5c76672fd95bf2a28e33ef41]
~> TaskHandler[id: 76; name: SNV_ANNOTATE:VEP_ANNOTATE (7); status: NEW; exit: -; error: -; workDir: /home/n102968/NGS_UI/nf_work/batch-1781238156-29316524/e9/cdb58791bb99508fefc3eab883e54f]
~> TaskHandler[id: 77; name: SNV_ANNOTATE:VEP_ANNOTATE (8); status: NEW; exit: -; error: -; workDir: /home/n102968/NGS_UI/nf_work/batch-1781238156-29316524/84/3306d89a10fc98af04bcc396fb4994]
Jun-12 06:12:44.023 [Task monitor] DEBUG n.processor.TaskPollingMonitor - !! executor local > tasks to be completed: 1 -- submitted tasks are shown below
~> TaskHandler[id: 69; name: SNV_ANNOTATE:VEP_ANNOTATE (1); status: RUNNING; exit: -; error: -; workDir: /home/n102968/NGS_UI/nf_work/batch-1781238156-29316524/e2/87549da0eecfc850673c5988f3b580]
Jun-12 06:12:49.550 [Task submitter] DEBUG n.processor.TaskPollingMonitor - %% executor local > tasks in the submission queue: 7 -- tasks to be submitted are shown below
~> TaskHandler[id: 70; name: SNV_ANNOTATE:VEP_ANNOTATE (2); status: NEW; exit: -; error: -; workDir: /home/n102968/NGS_UI/nf_work/batch-1781238156-29316524/58/a00791a14eb9b518cb4fabbee75c3d]
~> TaskHandler[id: 71; name: SNV_ANNOTATE:VEP_ANNOTATE (3); status: NEW; exit: -; error: -; workDir: /home/n102968/NGS_UI/nf_work/batch-1781238156-29316524/21/d6e2bfedb651971fdc7c4f105e5d77]
~> TaskHandler[id: 72; name: SNV_ANNOTATE:VEP_ANNOTATE (4); status: NEW; exit: -; error: -; workDir: /home/n102968/NGS_UI/nf_work/batch-1781238156-29316524/94/a740c09676e2797ba6ca2d303da138]
~> TaskHandler[id: 73; name: SNV_ANNOTATE:VEP_ANNOTATE (5); status: NEW; exit: -; error: -; workDir: /home/n102968/NGS_UI/nf_work/batch-1781238156-29316524/ba/129424880a29f723fd11f19236a636]
~> TaskHandler[id: 75; name: SNV_ANNOTATE:VEP_ANNOTATE (6); status: NEW; exit: -; error: -; workDir: /home/n102968/NGS_UI/nf_work/batch-1781238156-29316524/c5/66d2fd5c76672fd95bf2a28e33ef41]
~> TaskHandler[id: 76; name: SNV_ANNOTATE:VEP_ANNOTATE (7); status: NEW; exit: -; error: -; workDir: /home/n102968/NGS_UI/nf_work/batch-1781238156-29316524/e9/cdb58791bb99508fefc3eab883e54f]
~> TaskHandler[id: 77; name: SNV_ANNOTATE:VEP_ANNOTATE (8); status: NEW; exit: -; error: -; workDir: /home/n102968/NGS_UI/nf_work/batch-1781238156-29316524/84/3306d89a10fc98af04bcc396fb4994]
Jun-12 06:17:44.033 [Task monitor] DEBUG n.processor.TaskPollingMonitor - !! executor local > tasks to be completed: 1 -- submitted tasks are shown below
~> TaskHandler[id: 69; name: SNV_ANNOTATE:VEP_ANNOTATE (1); status: RUNNING; exit: -; error: -; workDir: /home/n102968/NGS_UI/nf_work/batch-1781238156-29316524/e2/87549da0eecfc850673c5988f3b580]
Jun-12 06:17:49.602 [Task submitter] DEBUG n.processor.TaskPollingMonitor - %% executor local > tasks in the submission queue: 7 -- tasks to be submitted are shown below
~> TaskHandler[id: 70; name: SNV_ANNOTATE:VEP_ANNOTATE (2); status: NEW; exit: -; error: -; workDir: /home/n102968/NGS_UI/nf_work/batch-1781238156-29316524/58/a00791a14eb9b518cb4fabbee75c3d]
~> TaskHandler[id: 71; name: SNV_ANNOTATE:VEP_ANNOTATE (3); status: NEW; exit: -; error: -; workDir: /home/n102968/NGS_UI/nf_work/batch-1781238156-29316524/21/d6e2bfedb651971fdc7c4f105e5d77]
~> TaskHandler[id: 72; name: SNV_ANNOTATE:VEP_ANNOTATE (4); status: NEW; exit: -; error: -; workDir: /home/n102968/NGS_UI/nf_work/batch-1781238156-29316524/94/a740c09676e2797ba6ca2d303da138]
~> TaskHandler[id: 73; name: SNV_ANNOTATE:VEP_ANNOTATE (5); status: NEW; exit: -; error: -; workDir: /home/n102968/NGS_UI/nf_work/batch-1781238156-29316524/ba/129424880a29f723fd11f19236a636]
~> TaskHandler[id: 75; name: SNV_ANNOTATE:VEP_ANNOTATE (6); status: NEW; exit: -; error: -; workDir: /home/n102968/NGS_UI/nf_work/batch-1781238156-29316524/c5/66d2fd5c76672fd95bf2a28e33ef41]
~> TaskHandler[id: 76; name: SNV_ANNOTATE:VEP_ANNOTATE (7); status: NEW; exit: -; error: -; workDir: /home/n102968/NGS_UI/nf_work/batch-1781238156-29316524/e9/cdb58791bb99508fefc3eab883e54f]
~> TaskHandler[id: 77; name: SNV_ANNOTATE:VEP_ANNOTATE (8); status: NEW; exit: -; error: -; workDir: /home/n102968/NGS_UI/nf_work/batch-1781238156-29316524/84/3306d89a10fc98af04bcc396fb4994]
Jun-12 06:22:44.051 [Task monitor] DEBUG n.processor.TaskPollingMonitor - !! executor local > tasks to be completed: 1 -- submitted tasks are shown below
~> TaskHandler[id: 69; name: SNV_ANNOTATE:VEP_ANNOTATE (1); status: RUNNING; exit: -; error: -; workDir: /home/n102968/NGS_UI/nf_work/batch-1781238156-29316524/e2/87549da0eecfc850673c5988f3b580]
Jun-12 06:22:49.656 [Task submitter] DEBUG n.processor.TaskPollingMonitor - %% executor local > tasks in the submission queue: 7 -- tasks to be submitted are shown below
~> TaskHandler[id: 70; name: SNV_ANNOTATE:VEP_ANNOTATE (2); status: NEW; exit: -; error: -; workDir: /home/n102968/NGS_UI/nf_work/batch-1781238156-29316524/58/a00791a14eb9b518cb4fabbee75c3d]
~> TaskHandler[id: 71; name: SNV_ANNOTATE:VEP_ANNOTATE (3); status: NEW; exit: -; error: -; workDir: /home/n102968/NGS_UI/nf_work/batch-1781238156-29316524/21/d6e2bfedb651971fdc7c4f105e5d77]
~> TaskHandler[id: 72; name: SNV_ANNOTATE:VEP_ANNOTATE (4); status: NEW; exit: -; error: -; workDir: /home/n102968/NGS_UI/nf_work/batch-1781238156-29316524/94/a740c09676e2797ba6ca2d303da138]
~> TaskHandler[id: 73; name: SNV_ANNOTATE:VEP_ANNOTATE (5); status: NEW; exit: -; error: -; workDir: /home/n102968/NGS_UI/nf_work/batch-1781238156-29316524/ba/129424880a29f723fd11f19236a636]
~> TaskHandler[id: 75; name: SNV_ANNOTATE:VEP_ANNOTATE (6); status: NEW; exit: -; error: -; workDir: /home/n102968/NGS_UI/nf_work/batch-1781238156-29316524/c5/66d2fd5c76672fd95bf2a28e33ef41]
~> TaskHandler[id: 76; name: SNV_ANNOTATE:VEP_ANNOTATE (7); status: NEW; exit: -; error: -; workDir: /home/n102968/NGS_UI/nf_work/batch-1781238156-29316524/e9/cdb58791bb99508fefc3eab883e54f]
~> TaskHandler[id: 77; name: SNV_ANNOTATE:VEP_ANNOTATE (8); status: NEW; exit: -; error: -; workDir: /home/n102968/NGS_UI/nf_work/batch-1781238156-29316524/84/3306d89a10fc98af04bcc396fb4994]
Jun-12 06:24:20.519 [Task monitor] DEBUG n.processor.TaskPollingMonitor - Task completed > TaskHandler[id: 69; name: SNV_ANNOTATE:VEP_ANNOTATE (1); status: COMPLETED; exit: 0; error: -; workDir: /home/n102968/NGS_UI/nf_work/batch-1781238156-29316524/e2/87549da0eecfc850673c5988f3b580]
Jun-12 06:24:20.545 [Task submitter] DEBUG n.executor.local.LocalTaskHandler - Launch cmd line: /bin/bash -ue .command.run
Jun-12 06:24:20.545 [Task submitter] INFO  nextflow.Session - [58/a00791] Submitted process > SNV_ANNOTATE:VEP_ANNOTATE (2)
Jun-12 06:24:21.562 [Task submitter] DEBUG n.executor.local.LocalTaskHandler - Launch cmd line: /bin/bash -ue .command.run
Jun-12 06:24:21.562 [Task submitter] INFO  nextflow.Session - [c6/7e69d7] Submitted process > SNV_ANNOTATE:PANGOLIN_SCORE (1)
Jun-12 06:27:44.097 [Task monitor] DEBUG n.processor.TaskPollingMonitor - !! executor local > tasks to be completed: 2 -- submitted tasks are shown below
~> TaskHandler[id: 70; name: SNV_ANNOTATE:VEP_ANNOTATE (2); status: RUNNING; exit: -; error: -; workDir: /home/n102968/NGS_UI/nf_work/batch-1781238156-29316524/58/a00791a14eb9b518cb4fabbee75c3d]
~> TaskHandler[id: 81; name: SNV_ANNOTATE:PANGOLIN_SCORE (1); status: RUNNING; exit: -; error: -; workDir: /home/n102968/NGS_UI/nf_work/batch-1781238156-29316524/c6/7e69d75c6d62f31680f297dbbd5f5d]
Jun-12 06:27:50.623 [Task submitter] DEBUG n.processor.TaskPollingMonitor - %% executor local > tasks in the submission queue: 6 -- tasks to be submitted are shown below
~> TaskHandler[id: 71; name: SNV_ANNOTATE:VEP_ANNOTATE (3); status: NEW; exit: -; error: -; workDir: /home/n102968/NGS_UI/nf_work/batch-1781238156-29316524/21/d6e2bfedb651971fdc7c4f105e5d77]
~> TaskHandler[id: 72; name: SNV_ANNOTATE:VEP_ANNOTATE (4); status: NEW; exit: -; error: -; workDir: /home/n102968/NGS_UI/nf_work/batch-1781238156-29316524/94/a740c09676e2797ba6ca2d303da138]
~> TaskHandler[id: 73; name: SNV_ANNOTATE:VEP_ANNOTATE (5); status: NEW; exit: -; error: -; workDir: /home/n102968/NGS_UI/nf_work/batch-1781238156-29316524/ba/129424880a29f723fd11f19236a636]
~> TaskHandler[id: 75; name: SNV_ANNOTATE:VEP_ANNOTATE (6); status: NEW; exit: -; error: -; workDir: /home/n102968/NGS_UI/nf_work/batch-1781238156-29316524/c5/66d2fd5c76672fd95bf2a28e33ef41]
~> TaskHandler[id: 76; name: SNV_ANNOTATE:VEP_ANNOTATE (7); status: NEW; exit: -; error: -; workDir: /home/n102968/NGS_UI/nf_work/batch-1781238156-29316524/e9/cdb58791bb99508fefc3eab883e54f]
~> TaskHandler[id: 77; name: SNV_ANNOTATE:VEP_ANNOTATE (8); status: NEW; exit: -; error: -; workDir: /home/n102968/NGS_UI/nf_work/batch-1781238156-29316524/84/3306d89a10fc98af04bcc396fb4994]
Jun-12 06:32:44.159 [Task monitor] DEBUG n.processor.TaskPollingMonitor - !! executor local > tasks to be completed: 2 -- submitted tasks are shown below
~> TaskHandler[id: 70; name: SNV_ANNOTATE:VEP_ANNOTATE (2); status: RUNNING; exit: -; error: -; workDir: /home/n102968/NGS_UI/nf_work/batch-1781238156-29316524/58/a00791a14eb9b518cb4fabbee75c3d]
~> TaskHandler[id: 81; name: SNV_ANNOTATE:PANGOLIN_SCORE (1); status: RUNNING; exit: -; error: -; workDir: /home/n102968/NGS_UI/nf_work/batch-1781238156-29316524/c6/7e69d75c6d62f31680f297dbbd5f5d]
Jun-12 06:32:50.717 [Task submitter] DEBUG n.processor.TaskPollingMonitor - %% executor local > tasks in the submission queue: 6 -- tasks to be submitted are shown below
~> TaskHandler[id: 71; name: SNV_ANNOTATE:VEP_ANNOTATE (3); status: NEW; exit: -; error: -; workDir: /home/n102968/NGS_UI/nf_work/batch-1781238156-29316524/21/d6e2bfedb651971fdc7c4f105e5d77]
~> TaskHandler[id: 72; name: SNV_ANNOTATE:VEP_ANNOTATE (4); status: NEW; exit: -; error: -; workDir: /home/n102968/NGS_UI/nf_work/batch-1781238156-29316524/94/a740c09676e2797ba6ca2d303da138]
~> TaskHandler[id: 73; name: SNV_ANNOTATE:VEP_ANNOTATE (5); status: NEW; exit: -; error: -; workDir: /home/n102968/NGS_UI/nf_work/batch-1781238156-29316524/ba/129424880a29f723fd11f19236a636]
~> TaskHandler[id: 75; name: SNV_ANNOTATE:VEP_ANNOTATE (6); status: NEW; exit: -; error: -; workDir: /home/n102968/NGS_UI/nf_work/batch-1781238156-29316524/c5/66d2fd5c76672fd95bf2a28e33ef41]
~> TaskHandler[id: 76; name: SNV_ANNOTATE:VEP_ANNOTATE (7); status: NEW; exit: -; error: -; workDir: /home/n102968/NGS_UI/nf_work/batch-1781238156-29316524/e9/cdb58791bb99508fefc3eab883e54f]
~> TaskHandler[id: 77; name: SNV_ANNOTATE:VEP_ANNOTATE (8); status: NEW; exit: -; error: -; workDir: /home/n102968/NGS_UI/nf_work/batch-1781238156-29316524/84/3306d89a10fc98af04bcc396fb4994]
Jun-12 06:37:44.184 [Task monitor] DEBUG n.processor.TaskPollingMonitor - !! executor local > tasks to be completed: 2 -- submitted tasks are shown below
~> TaskHandler[id: 70; name: SNV_ANNOTATE:VEP_ANNOTATE (2); status: RUNNING; exit: -; error: -; workDir: /home/n102968/NGS_UI/nf_work/batch-1781238156-29316524/58/a00791a14eb9b518cb4fabbee75c3d]
~> TaskHandler[id: 81; name: SNV_ANNOTATE:PANGOLIN_SCORE (1); status: RUNNING; exit: -; error: -; workDir: /home/n102968/NGS_UI/nf_work/batch-1781238156-29316524/c6/7e69d75c6d62f31680f297dbbd5f5d]
Jun-12 06:37:50.813 [Task submitter] DEBUG n.processor.TaskPollingMonitor - %% executor local > tasks in the submission queue: 6 -- tasks to be submitted are shown below
~> TaskHandler[id: 71; name: SNV_ANNOTATE:VEP_ANNOTATE (3); status: NEW; exit: -; error: -; workDir: /home/n102968/NGS_UI/nf_work/batch-1781238156-29316524/21/d6e2bfedb651971fdc7c4f105e5d77]
~> TaskHandler[id: 72; name: SNV_ANNOTATE:VEP_ANNOTATE (4); status: NEW; exit: -; error: -; workDir: /home/n102968/NGS_UI/nf_work/batch-1781238156-29316524/94/a740c09676e2797ba6ca2d303da138]
~> TaskHandler[id: 73; name: SNV_ANNOTATE:VEP_ANNOTATE (5); status: NEW; exit: -; error: -; workDir: /home/n102968/NGS_UI/nf_work/batch-1781238156-29316524/ba/129424880a29f723fd11f19236a636]
~> TaskHandler[id: 75; name: SNV_ANNOTATE:VEP_ANNOTATE (6); status: NEW; exit: -; error: -; workDir: /home/n102968/NGS_UI/nf_work/batch-1781238156-29316524/c5/66d2fd5c76672fd95bf2a28e33ef41]
~> TaskHandler[id: 76; name: SNV_ANNOTATE:VEP_ANNOTATE (7); status: NEW; exit: -; error: -; workDir: /home/n102968/NGS_UI/nf_work/batch-1781238156-29316524/e9/cdb58791bb99508fefc3eab883e54f]
~> TaskHandler[id: 77; name: SNV_ANNOTATE:VEP_ANNOTATE (8); status: NEW; exit: -; error: -; workDir: /home/n102968/NGS_UI/nf_work/batch-1781238156-29316524/84/3306d89a10fc98af04bcc396fb4994]
Jun-12 06:42:44.252 [Task monitor] DEBUG n.processor.TaskPollingMonitor - !! executor local > tasks to be completed: 2 -- submitted tasks are shown below
~> TaskHandler[id: 70; name: SNV_ANNOTATE:VEP_ANNOTATE (2); status: RUNNING; exit: -; error: -; workDir: /home/n102968/NGS_UI/nf_work/batch-1781238156-29316524/58/a00791a14eb9b518cb4fabbee75c3d]
~> TaskHandler[id: 81; name: SNV_ANNOTATE:PANGOLIN_SCORE (1); status: RUNNING; exit: -; error: -; workDir: /home/n102968/NGS_UI/nf_work/batch-1781238156-29316524/c6/7e69d75c6d62f31680f297dbbd5f5d]
Jun-12 06:42:50.879 [Task submitter] DEBUG n.processor.TaskPollingMonitor - %% executor local > tasks in the submission queue: 6 -- tasks to be submitted are shown below
~> TaskHandler[id: 71; name: SNV_ANNOTATE:VEP_ANNOTATE (3); status: NEW; exit: -; error: -; workDir: /home/n102968/NGS_UI/nf_work/batch-1781238156-29316524/21/d6e2bfedb651971fdc7c4f105e5d77]
~> TaskHandler[id: 72; name: SNV_ANNOTATE:VEP_ANNOTATE (4); status: NEW; exit: -; error: -; workDir: /home/n102968/NGS_UI/nf_work/batch-1781238156-29316524/94/a740c09676e2797ba6ca2d303da138]
~> TaskHandler[id: 73; name: SNV_ANNOTATE:VEP_ANNOTATE (5); status: NEW; exit: -; error: -; workDir: /home/n102968/NGS_UI/nf_work/batch-1781238156-29316524/ba/129424880a29f723fd11f19236a636]
~> TaskHandler[id: 75; name: SNV_ANNOTATE:VEP_ANNOTATE (6); status: NEW; exit: -; error: -; workDir: /home/n102968/NGS_UI/nf_work/batch-1781238156-29316524/c5/66d2fd5c76672fd95bf2a28e33ef41]
~> TaskHandler[id: 76; name: SNV_ANNOTATE:VEP_ANNOTATE (7); status: NEW; exit: -; error: -; workDir: /home/n102968/NGS_UI/nf_work/batch-1781238156-29316524/e9/cdb58791bb99508fefc3eab883e54f]
~> TaskHandler[id: 77; name: SNV_ANNOTATE:VEP_ANNOTATE (8); status: NEW; exit: -; error: -; workDir: /home/n102968/NGS_UI/nf_work/batch-1781238156-29316524/84/3306d89a10fc98af04bcc396fb4994]
Jun-12 06:47:44.326 [Task monitor] DEBUG n.processor.TaskPollingMonitor - !! executor local > tasks to be completed: 2 -- submitted tasks are shown below
~> TaskHandler[id: 70; name: SNV_ANNOTATE:VEP_ANNOTATE (2); status: RUNNING; exit: -; error: -; workDir: /home/n102968/NGS_UI/nf_work/batch-1781238156-29316524/58/a00791a14eb9b518cb4fabbee75c3d]
~> TaskHandler[id: 81; name: SNV_ANNOTATE:PANGOLIN_SCORE (1); status: RUNNING; exit: -; error: -; workDir: /home/n102968/NGS_UI/nf_work/batch-1781238156-29316524/c6/7e69d75c6d62f31680f297dbbd5f5d]
Jun-12 06:47:50.937 [Task submitter] DEBUG n.processor.TaskPollingMonitor - %% executor local > tasks in the submission queue: 6 -- tasks to be submitted are shown below
~> TaskHandler[id: 71; name: SNV_ANNOTATE:VEP_ANNOTATE (3); status: NEW; exit: -; error: -; workDir: /home/n102968/NGS_UI/nf_work/batch-1781238156-29316524/21/d6e2bfedb651971fdc7c4f105e5d77]
~> TaskHandler[id: 72; name: SNV_ANNOTATE:VEP_ANNOTATE (4); status: NEW; exit: -; error: -; workDir: /home/n102968/NGS_UI/nf_work/batch-1781238156-29316524/94/a740c09676e2797ba6ca2d303da138]
~> TaskHandler[id: 73; name: SNV_ANNOTATE:VEP_ANNOTATE (5); status: NEW; exit: -; error: -; workDir: /home/n102968/NGS_UI/nf_work/batch-1781238156-29316524/ba/129424880a29f723fd11f19236a636]
~> TaskHandler[id: 75; name: SNV_ANNOTATE:VEP_ANNOTATE (6); status: NEW; exit: -; error: -; workDir: /home/n102968/NGS_UI/nf_work/batch-1781238156-29316524/c5/66d2fd5c76672fd95bf2a28e33ef41]
~> TaskHandler[id: 76; name: SNV_ANNOTATE:VEP_ANNOTATE (7); status: NEW; exit: -; error: -; workDir: /home/n102968/NGS_UI/nf_work/batch-1781238156-29316524/e9/cdb58791bb99508fefc3eab883e54f]
~> TaskHandler[id: 77; name: SNV_ANNOTATE:VEP_ANNOTATE (8); status: NEW; exit: -; error: -; workDir: /home/n102968/NGS_UI/nf_work/batch-1781238156-29316524/84/3306d89a10fc98af04bcc396fb4994]
Jun-12 06:52:44.357 [Task monitor] DEBUG n.processor.TaskPollingMonitor - !! executor local > tasks to be completed: 2 -- submitted tasks are shown below
~> TaskHandler[id: 70; name: SNV_ANNOTATE:VEP_ANNOTATE (2); status: RUNNING; exit: -; error: -; workDir: /home/n102968/NGS_UI/nf_work/batch-1781238156-29316524/58/a00791a14eb9b518cb4fabbee75c3d]
~> TaskHandler[id: 81; name: SNV_ANNOTATE:PANGOLIN_SCORE (1); status: RUNNING; exit: -; error: -; workDir: /home/n102968/NGS_UI/nf_work/batch-1781238156-29316524/c6/7e69d75c6d62f31680f297dbbd5f5d]
Jun-12 06:52:50.992 [Task submitter] DEBUG n.processor.TaskPollingMonitor - %% executor local > tasks in the submission queue: 6 -- tasks to be submitted are shown below
~> TaskHandler[id: 71; name: SNV_ANNOTATE:VEP_ANNOTATE (3); status: NEW; exit: -; error: -; workDir: /home/n102968/NGS_UI/nf_work/batch-1781238156-29316524/21/d6e2bfedb651971fdc7c4f105e5d77]
~> TaskHandler[id: 72; name: SNV_ANNOTATE:VEP_ANNOTATE (4); status: NEW; exit: -; error: -; workDir: /home/n102968/NGS_UI/nf_work/batch-1781238156-29316524/94/a740c09676e2797ba6ca2d303da138]
~> TaskHandler[id: 73; name: SNV_ANNOTATE:VEP_ANNOTATE (5); status: NEW; exit: -; error: -; workDir: /home/n102968/NGS_UI/nf_work/batch-1781238156-29316524/ba/129424880a29f723fd11f19236a636]
~> TaskHandler[id: 75; name: SNV_ANNOTATE:VEP_ANNOTATE (6); status: NEW; exit: -; error: -; workDir: /home/n102968/NGS_UI/nf_work/batch-1781238156-29316524/c5/66d2fd5c76672fd95bf2a28e33ef41]
~> TaskHandler[id: 76; name: SNV_ANNOTATE:VEP_ANNOTATE (7); status: NEW; exit: -; error: -; workDir: /home/n102968/NGS_UI/nf_work/batch-1781238156-29316524/e9/cdb58791bb99508fefc3eab883e54f]
~> TaskHandler[id: 77; name: SNV_ANNOTATE:VEP_ANNOTATE (8); status: NEW; exit: -; error: -; workDir: /home/n102968/NGS_UI/nf_work/batch-1781238156-29316524/84/3306d89a10fc98af04bcc396fb4994]
Jun-12 06:57:44.422 [Task monitor] DEBUG n.processor.TaskPollingMonitor - !! executor local > tasks to be completed: 2 -- submitted tasks are shown below
~> TaskHandler[id: 70; name: SNV_ANNOTATE:VEP_ANNOTATE (2); status: RUNNING; exit: -; error: -; workDir: /home/n102968/NGS_UI/nf_work/batch-1781238156-29316524/58/a00791a14eb9b518cb4fabbee75c3d]
~> TaskHandler[id: 81; name: SNV_ANNOTATE:PANGOLIN_SCORE (1); status: RUNNING; exit: -; error: -; workDir: /home/n102968/NGS_UI/nf_work/batch-1781238156-29316524/c6/7e69d75c6d62f31680f297dbbd5f5d]
Jun-12 06:57:51.105 [Task submitter] DEBUG n.processor.TaskPollingMonitor - %% executor local > tasks in the submission queue: 6 -- tasks to be submitted are shown below
~> TaskHandler[id: 71; name: SNV_ANNOTATE:VEP_ANNOTATE (3); status: NEW; exit: -; error: -; workDir: /home/n102968/NGS_UI/nf_work/batch-1781238156-29316524/21/d6e2bfedb651971fdc7c4f105e5d77]
~> TaskHandler[id: 72; name: SNV_ANNOTATE:VEP_ANNOTATE (4); status: NEW; exit: -; error: -; workDir: /home/n102968/NGS_UI/nf_work/batch-1781238156-29316524/94/a740c09676e2797ba6ca2d303da138]
~> TaskHandler[id: 73; name: SNV_ANNOTATE:VEP_ANNOTATE (5); status: NEW; exit: -; error: -; workDir: /home/n102968/NGS_UI/nf_work/batch-1781238156-29316524/ba/129424880a29f723fd11f19236a636]
~> TaskHandler[id: 75; name: SNV_ANNOTATE:VEP_ANNOTATE (6); status: NEW; exit: -; error: -; workDir: /home/n102968/NGS_UI/nf_work/batch-1781238156-29316524/c5/66d2fd5c76672fd95bf2a28e33ef41]
~> TaskHandler[id: 76; name: SNV_ANNOTATE:VEP_ANNOTATE (7); status: NEW; exit: -; error: -; workDir: /home/n102968/NGS_UI/nf_work/batch-1781238156-29316524/e9/cdb58791bb99508fefc3eab883e54f]
~> TaskHandler[id: 77; name: SNV_ANNOTATE:VEP_ANNOTATE (8); status: NEW; exit: -; error: -; workDir: /home/n102968/NGS_UI/nf_work/batch-1781238156-29316524/84/3306d89a10fc98af04bcc396fb4994]
Jun-12 07:02:44.447 [Task monitor] DEBUG n.processor.TaskPollingMonitor - !! executor local > tasks to be completed: 2 -- submitted tasks are shown below
~> TaskHandler[id: 70; name: SNV_ANNOTATE:VEP_ANNOTATE (2); status: RUNNING; exit: -; error: -; workDir: /home/n102968/NGS_UI/nf_work/batch-1781238156-29316524/58/a00791a14eb9b518cb4fabbee75c3d]
~> TaskHandler[id: 81; name: SNV_ANNOTATE:PANGOLIN_SCORE (1); status: RUNNING; exit: -; error: -; workDir: /home/n102968/NGS_UI/nf_work/batch-1781238156-29316524/c6/7e69d75c6d62f31680f297dbbd5f5d]
Jun-12 07:02:51.303 [Task submitter] DEBUG n.processor.TaskPollingMonitor - %% executor local > tasks in the submission queue: 6 -- tasks to be submitted are shown below
~> TaskHandler[id: 71; name: SNV_ANNOTATE:VEP_ANNOTATE (3); status: NEW; exit: -; error: -; workDir: /home/n102968/NGS_UI/nf_work/batch-1781238156-29316524/21/d6e2bfedb651971fdc7c4f105e5d77]
~> TaskHandler[id: 72; name: SNV_ANNOTATE:VEP_ANNOTATE (4); status: NEW; exit: -; error: -; workDir: /home/n102968/NGS_UI/nf_work/batch-1781238156-29316524/94/a740c09676e2797ba6ca2d303da138]
~> TaskHandler[id: 73; name: SNV_ANNOTATE:VEP_ANNOTATE (5); status: NEW; exit: -; error: -; workDir: /home/n102968/NGS_UI/nf_work/batch-1781238156-29316524/ba/129424880a29f723fd11f19236a636]
~> TaskHandler[id: 75; name: SNV_ANNOTATE:VEP_ANNOTATE (6); status: NEW; exit: -; error: -; workDir: /home/n102968/NGS_UI/nf_work/batch-1781238156-29316524/c5/66d2fd5c76672fd95bf2a28e33ef41]
~> TaskHandler[id: 76; name: SNV_ANNOTATE:VEP_ANNOTATE (7); status: NEW; exit: -; error: -; workDir: /home/n102968/NGS_UI/nf_work/batch-1781238156-29316524/e9/cdb58791bb99508fefc3eab883e54f]
~> TaskHandler[id: 77; name: SNV_ANNOTATE:VEP_ANNOTATE (8); status: NEW; exit: -; error: -; workDir: /home/n102968/NGS_UI/nf_work/batch-1781238156-29316524/84/3306d89a10fc98af04bcc396fb4994]
Jun-12 07:07:44.530 [Task monitor] DEBUG n.processor.TaskPollingMonitor - !! executor local > tasks to be completed: 2 -- submitted tasks are shown below
~> TaskHandler[id: 70; name: SNV_ANNOTATE:VEP_ANNOTATE (2); status: RUNNING; exit: -; error: -; workDir: /home/n102968/NGS_UI/nf_work/batch-1781238156-29316524/58/a00791a14eb9b518cb4fabbee75c3d]
~> TaskHandler[id: 81; name: SNV_ANNOTATE:PANGOLIN_SCORE (1); status: RUNNING; exit: -; error: -; workDir: /home/n102968/NGS_UI/nf_work/batch-1781238156-29316524/c6/7e69d75c6d62f31680f297dbbd5f5d]
Jun-12 07:07:51.594 [Task submitter] DEBUG n.processor.TaskPollingMonitor - %% executor local > tasks in the submission queue: 6 -- tasks to be submitted are shown below
~> TaskHandler[id: 71; name: SNV_ANNOTATE:VEP_ANNOTATE (3); status: NEW; exit: -; error: -; workDir: /home/n102968/NGS_UI/nf_work/batch-1781238156-29316524/21/d6e2bfedb651971fdc7c4f105e5d77]
~> TaskHandler[id: 72; name: SNV_ANNOTATE:VEP_ANNOTATE (4); status: NEW; exit: -; error: -; workDir: /home/n102968/NGS_UI/nf_work/batch-1781238156-29316524/94/a740c09676e2797ba6ca2d303da138]
~> TaskHandler[id: 73; name: SNV_ANNOTATE:VEP_ANNOTATE (5); status: NEW; exit: -; error: -; workDir: /home/n102968/NGS_UI/nf_work/batch-1781238156-29316524/ba/129424880a29f723fd11f19236a636]
~> TaskHandler[id: 75; name: SNV_ANNOTATE:VEP_ANNOTATE (6); status: NEW; exit: -; error: -; workDir: /home/n102968/NGS_UI/nf_work/batch-1781238156-29316524/c5/66d2fd5c76672fd95bf2a28e33ef41]
~> TaskHandler[id: 76; name: SNV_ANNOTATE:VEP_ANNOTATE (7); status: NEW; exit: -; error: -; workDir: /home/n102968/NGS_UI/nf_work/batch-1781238156-29316524/e9/cdb58791bb99508fefc3eab883e54f]
~> TaskHandler[id: 77; name: SNV_ANNOTATE:VEP_ANNOTATE (8); status: NEW; exit: -; error: -; workDir: /home/n102968/NGS_UI/nf_work/batch-1781238156-29316524/84/3306d89a10fc98af04bcc396fb4994]
Jun-12 07:12:34.996 [Task monitor] DEBUG n.processor.TaskPollingMonitor - Task completed > TaskHandler[id: 81; name: SNV_ANNOTATE:PANGOLIN_SCORE (1); status: COMPLETED; exit: 0; error: -; workDir: /home/n102968/NGS_UI/nf_work/batch-1781238156-29316524/c6/7e69d75c6d62f31680f297dbbd5f5d]
Jun-12 07:12:36.014 [Task submitter] DEBUG n.executor.local.LocalTaskHandler - Launch cmd line: /bin/bash -ue .command.run
Jun-12 07:12:36.014 [Task submitter] INFO  nextflow.Session - [d0/72ed4d] Submitted process > PARSE_VEP_CSQ:PARSE_CSQ (1)
Jun-12 07:12:44.608 [Task monitor] DEBUG n.processor.TaskPollingMonitor - !! executor local > tasks to be completed: 2 -- submitted tasks are shown below
~> TaskHandler[id: 70; name: SNV_ANNOTATE:VEP_ANNOTATE (2); status: RUNNING; exit: -; error: -; workDir: /home/n102968/NGS_UI/nf_work/batch-1781238156-29316524/58/a00791a14eb9b518cb4fabbee75c3d]
~> TaskHandler[id: 82; name: PARSE_VEP_CSQ:PARSE_CSQ (1); status: RUNNING; exit: -; error: -; workDir: /home/n102968/NGS_UI/nf_work/batch-1781238156-29316524/d0/72ed4d8cfb6a07dcdccb9d53b1380a]
Jun-12 07:12:52.018 [Task submitter] DEBUG n.processor.TaskPollingMonitor - %% executor local > tasks in the submission queue: 6 -- tasks to be submitted are shown below
~> TaskHandler[id: 71; name: SNV_ANNOTATE:VEP_ANNOTATE (3); status: NEW; exit: -; error: -; workDir: /home/n102968/NGS_UI/nf_work/batch-1781238156-29316524/21/d6e2bfedb651971fdc7c4f105e5d77]
~> TaskHandler[id: 72; name: SNV_ANNOTATE:VEP_ANNOTATE (4); status: NEW; exit: -; error: -; workDir: /home/n102968/NGS_UI/nf_work/batch-1781238156-29316524/94/a740c09676e2797ba6ca2d303da138]
~> TaskHandler[id: 73; name: SNV_ANNOTATE:VEP_ANNOTATE (5); status: NEW; exit: -; error: -; workDir: /home/n102968/NGS_UI/nf_work/batch-1781238156-29316524/ba/129424880a29f723fd11f19236a636]
~> TaskHandler[id: 75; name: SNV_ANNOTATE:VEP_ANNOTATE (6); status: NEW; exit: -; error: -; workDir: /home/n102968/NGS_UI/nf_work/batch-1781238156-29316524/c5/66d2fd5c76672fd95bf2a28e33ef41]
~> TaskHandler[id: 76; name: SNV_ANNOTATE:VEP_ANNOTATE (7); status: NEW; exit: -; error: -; workDir: /home/n102968/NGS_UI/nf_work/batch-1781238156-29316524/e9/cdb58791bb99508fefc3eab883e54f]
~> TaskHandler[id: 77; name: SNV_ANNOTATE:VEP_ANNOTATE (8); status: NEW; exit: -; error: -; workDir: /home/n102968/NGS_UI/nf_work/batch-1781238156-29316524/84/3306d89a10fc98af04bcc396fb4994]
Jun-12 07:16:42.376 [Task monitor] DEBUG n.processor.TaskPollingMonitor - Task completed > TaskHandler[id: 70; name: SNV_ANNOTATE:VEP_ANNOTATE (2); status: COMPLETED; exit: 0; error: -; workDir: /home/n102968/NGS_UI/nf_work/batch-1781238156-29316524/58/a00791a14eb9b518cb4fabbee75c3d]
Jun-12 07:16:42.400 [Task submitter] DEBUG n.executor.local.LocalTaskHandler - Launch cmd line: /bin/bash -ue .command.run
Jun-12 07:16:42.401 [Task submitter] INFO  nextflow.Session - [21/d6e2bf] Submitted process > SNV_ANNOTATE:VEP_ANNOTATE (3)
Jun-12 07:16:43.418 [Task submitter] DEBUG n.executor.local.LocalTaskHandler - Launch cmd line: /bin/bash -ue .command.run
Jun-12 07:16:43.418 [Task submitter] INFO  nextflow.Session - [11/9bb57b] Submitted process > SNV_ANNOTATE:PANGOLIN_SCORE (2)
Jun-12 07:17:44.667 [Task monitor] DEBUG n.processor.TaskPollingMonitor - !! executor local > tasks to be completed: 3 -- submitted tasks are shown below
~> TaskHandler[id: 82; name: PARSE_VEP_CSQ:PARSE_CSQ (1); status: RUNNING; exit: -; error: -; workDir: /home/n102968/NGS_UI/nf_work/batch-1781238156-29316524/d0/72ed4d8cfb6a07dcdccb9d53b1380a]
~> TaskHandler[id: 71; name: SNV_ANNOTATE:VEP_ANNOTATE (3); status: RUNNING; exit: -; error: -; workDir: /home/n102968/NGS_UI/nf_work/batch-1781238156-29316524/21/d6e2bfedb651971fdc7c4f105e5d77]
~> TaskHandler[id: 83; name: SNV_ANNOTATE:PANGOLIN_SCORE (2); status: RUNNING; exit: -; error: -; workDir: /home/n102968/NGS_UI/nf_work/batch-1781238156-29316524/11/9bb57bbd950bf446f47d452969bc27]
Jun-12 07:17:52.488 [Task submitter] DEBUG n.processor.TaskPollingMonitor - %% executor local > tasks in the submission queue: 5 -- tasks to be submitted are shown below
~> TaskHandler[id: 72; name: SNV_ANNOTATE:VEP_ANNOTATE (4); status: NEW; exit: -; error: -; workDir: /home/n102968/NGS_UI/nf_work/batch-1781238156-29316524/94/a740c09676e2797ba6ca2d303da138]
~> TaskHandler[id: 73; name: SNV_ANNOTATE:VEP_ANNOTATE (5); status: NEW; exit: -; error: -; workDir: /home/n102968/NGS_UI/nf_work/batch-1781238156-29316524/ba/129424880a29f723fd11f19236a636]
~> TaskHandler[id: 75; name: SNV_ANNOTATE:VEP_ANNOTATE (6); status: NEW; exit: -; error: -; workDir: /home/n102968/NGS_UI/nf_work/batch-1781238156-29316524/c5/66d2fd5c76672fd95bf2a28e33ef41]
~> TaskHandler[id: 76; name: SNV_ANNOTATE:VEP_ANNOTATE (7); status: NEW; exit: -; error: -; workDir: /home/n102968/NGS_UI/nf_work/batch-1781238156-29316524/e9/cdb58791bb99508fefc3eab883e54f]
~> TaskHandler[id: 77; name: SNV_ANNOTATE:VEP_ANNOTATE (8); status: NEW; exit: -; error: -; workDir: /home/n102968/NGS_UI/nf_work/batch-1781238156-29316524/84/3306d89a10fc98af04bcc396fb4994]
Jun-12 07:20:20.640 [Task monitor] DEBUG n.processor.TaskPollingMonitor - Task completed > TaskHandler[id: 82; name: PARSE_VEP_CSQ:PARSE_CSQ (1); status: COMPLETED; exit: 0; error: -; workDir: /home/n102968/NGS_UI/nf_work/batch-1781238156-29316524/d0/72ed4d8cfb6a07dcdccb9d53b1380a]
Jun-12 07:20:21.658 [Task submitter] DEBUG n.executor.local.LocalTaskHandler - Launch cmd line: /bin/bash -ue .command.run
Jun-12 07:20:21.659 [Task submitter] INFO  nextflow.Session - [b6/ebfc2d] Submitted process > ACMG_CLASSIFY (1)
Jun-12 07:21:06.402 [Task monitor] DEBUG n.processor.TaskPollingMonitor - Task completed > TaskHandler[id: 84; name: ACMG_CLASSIFY (1); status: COMPLETED; exit: 0; error: -; workDir: /home/n102968/NGS_UI/nf_work/batch-1781238156-29316524/b6/ebfc2d76cc0f828f714622ebfc5eae]
Jun-12 07:22:44.692 [Task monitor] DEBUG n.processor.TaskPollingMonitor - !! executor local > tasks to be completed: 2 -- submitted tasks are shown below
~> TaskHandler[id: 71; name: SNV_ANNOTATE:VEP_ANNOTATE (3); status: RUNNING; exit: -; error: -; workDir: /home/n102968/NGS_UI/nf_work/batch-1781238156-29316524/21/d6e2bfedb651971fdc7c4f105e5d77]
~> TaskHandler[id: 83; name: SNV_ANNOTATE:PANGOLIN_SCORE (2); status: RUNNING; exit: -; error: -; workDir: /home/n102968/NGS_UI/nf_work/batch-1781238156-29316524/11/9bb57bbd950bf446f47d452969bc27]
Jun-12 07:22:52.490 [Task submitter] DEBUG n.processor.TaskPollingMonitor - %% executor local > tasks in the submission queue: 5 -- tasks to be submitted are shown below
~> TaskHandler[id: 72; name: SNV_ANNOTATE:VEP_ANNOTATE (4); status: NEW; exit: -; error: -; workDir: /home/n102968/NGS_UI/nf_work/batch-1781238156-29316524/94/a740c09676e2797ba6ca2d303da138]
~> TaskHandler[id: 73; name: SNV_ANNOTATE:VEP_ANNOTATE (5); status: NEW; exit: -; error: -; workDir: /home/n102968/NGS_UI/nf_work/batch-1781238156-29316524/ba/129424880a29f723fd11f19236a636]
~> TaskHandler[id: 75; name: SNV_ANNOTATE:VEP_ANNOTATE (6); status: NEW; exit: -; error: -; workDir: /home/n102968/NGS_UI/nf_work/batch-1781238156-29316524/c5/66d2fd5c76672fd95bf2a28e33ef41]
~> TaskHandler[id: 76; name: SNV_ANNOTATE:VEP_ANNOTATE (7); status: NEW; exit: -; error: -; workDir: /home/n102968/NGS_UI/nf_work/batch-1781238156-29316524/e9/cdb58791bb99508fefc3eab883e54f]
~> TaskHandler[id: 77; name: SNV_ANNOTATE:VEP_ANNOTATE (8); status: NEW; exit: -; error: -; workDir: /home/n102968/NGS_UI/nf_work/batch-1781238156-29316524/84/3306d89a10fc98af04bcc396fb4994]
Jun-12 07:27:44.745 [Task monitor] DEBUG n.processor.TaskPollingMonitor - !! executor local > tasks to be completed: 2 -- submitted tasks are shown below
~> TaskHandler[id: 71; name: SNV_ANNOTATE:VEP_ANNOTATE (3); status: RUNNING; exit: -; error: -; workDir: /home/n102968/NGS_UI/nf_work/batch-1781238156-29316524/21/d6e2bfedb651971fdc7c4f105e5d77]
~> TaskHandler[id: 83; name: SNV_ANNOTATE:PANGOLIN_SCORE (2); status: RUNNING; exit: -; error: -; workDir: /home/n102968/NGS_UI/nf_work/batch-1781238156-29316524/11/9bb57bbd950bf446f47d452969bc27]
Jun-12 07:27:52.755 [Task submitter] DEBUG n.processor.TaskPollingMonitor - %% executor local > tasks in the submission queue: 5 -- tasks to be submitted are shown below
~> TaskHandler[id: 72; name: SNV_ANNOTATE:VEP_ANNOTATE (4); status: NEW; exit: -; error: -; workDir: /home/n102968/NGS_UI/nf_work/batch-1781238156-29316524/94/a740c09676e2797ba6ca2d303da138]
~> TaskHandler[id: 73; name: SNV_ANNOTATE:VEP_ANNOTATE (5); status: NEW; exit: -; error: -; workDir: /home/n102968/NGS_UI/nf_work/batch-1781238156-29316524/ba/129424880a29f723fd11f19236a636]
~> TaskHandler[id: 75; name: SNV_ANNOTATE:VEP_ANNOTATE (6); status: NEW; exit: -; error: -; workDir: /home/n102968/NGS_UI/nf_work/batch-1781238156-29316524/c5/66d2fd5c76672fd95bf2a28e33ef41]
~> TaskHandler[id: 76; name: SNV_ANNOTATE:VEP_ANNOTATE (7); status: NEW; exit: -; error: -; workDir: /home/n102968/NGS_UI/nf_work/batch-1781238156-29316524/e9/cdb58791bb99508fefc3eab883e54f]
~> TaskHandler[id: 77; name: SNV_ANNOTATE:VEP_ANNOTATE (8); status: NEW; exit: -; error: -; workDir: /home/n102968/NGS_UI/nf_work/batch-1781238156-29316524/84/3306d89a10fc98af04bcc396fb4994]
Jun-12 07:32:44.834 [Task monitor] DEBUG n.processor.TaskPollingMonitor - !! executor local > tasks to be completed: 2 -- submitted tasks are shown below
~> TaskHandler[id: 71; name: SNV_ANNOTATE:VEP_ANNOTATE (3); status: RUNNING; exit: -; error: -; workDir: /home/n102968/NGS_UI/nf_work/batch-1781238156-29316524/21/d6e2bfedb651971fdc7c4f105e5d77]
~> TaskHandler[id: 83; name: SNV_ANNOTATE:PANGOLIN_SCORE (2); status: RUNNING; exit: -; error: -; workDir: /home/n102968/NGS_UI/nf_work/batch-1781238156-29316524/11/9bb57bbd950bf446f47d452969bc27]
Jun-12 07:32:52.933 [Task submitter] DEBUG n.processor.TaskPollingMonitor - %% executor local > tasks in the submission queue: 5 -- tasks to be submitted are shown below
~> TaskHandler[id: 72; name: SNV_ANNOTATE:VEP_ANNOTATE (4); status: NEW; exit: -; error: -; workDir: /home/n102968/NGS_UI/nf_work/batch-1781238156-29316524/94/a740c09676e2797ba6ca2d303da138]
~> TaskHandler[id: 73; name: SNV_ANNOTATE:VEP_ANNOTATE (5); status: NEW; exit: -; error: -; workDir: /home/n102968/NGS_UI/nf_work/batch-1781238156-29316524/ba/129424880a29f723fd11f19236a636]
~> TaskHandler[id: 75; name: SNV_ANNOTATE:VEP_ANNOTATE (6); status: NEW; exit: -; error: -; workDir: /home/n102968/NGS_UI/nf_work/batch-1781238156-29316524/c5/66d2fd5c76672fd95bf2a28e33ef41]
~> TaskHandler[id: 76; name: SNV_ANNOTATE:VEP_ANNOTATE (7); status: NEW; exit: -; error: -; workDir: /home/n102968/NGS_UI/nf_work/batch-1781238156-29316524/e9/cdb58791bb99508fefc3eab883e54f]
~> TaskHandler[id: 77; name: SNV_ANNOTATE:VEP_ANNOTATE (8); status: NEW; exit: -; error: -; workDir: /home/n102968/NGS_UI/nf_work/batch-1781238156-29316524/84/3306d89a10fc98af04bcc396fb4994]
Jun-12 07:37:44.845 [Task monitor] DEBUG n.processor.TaskPollingMonitor - !! executor local > tasks to be completed: 2 -- submitted tasks are shown below
~> TaskHandler[id: 71; name: SNV_ANNOTATE:VEP_ANNOTATE (3); status: RUNNING; exit: -; error: -; workDir: /home/n102968/NGS_UI/nf_work/batch-1781238156-29316524/21/d6e2bfedb651971fdc7c4f105e5d77]
~> TaskHandler[id: 83; name: SNV_ANNOTATE:PANGOLIN_SCORE (2); status: RUNNING; exit: -; error: -; workDir: /home/n102968/NGS_UI/nf_work/batch-1781238156-29316524/11/9bb57bbd950bf446f47d452969bc27]
Jun-12 07:37:53.242 [Task submitter] DEBUG n.processor.TaskPollingMonitor - %% executor local > tasks in the submission queue: 5 -- tasks to be submitted are shown below
~> TaskHandler[id: 72; name: SNV_ANNOTATE:VEP_ANNOTATE (4); status: NEW; exit: -; error: -; workDir: /home/n102968/NGS_UI/nf_work/batch-1781238156-29316524/94/a740c09676e2797ba6ca2d303da138]
~> TaskHandler[id: 73; name: SNV_ANNOTATE:VEP_ANNOTATE (5); status: NEW; exit: -; error: -; workDir: /home/n102968/NGS_UI/nf_work/batch-1781238156-29316524/ba/129424880a29f723fd11f19236a636]
~> TaskHandler[id: 75; name: SNV_ANNOTATE:VEP_ANNOTATE (6); status: NEW; exit: -; error: -; workDir: /home/n102968/NGS_UI/nf_work/batch-1781238156-29316524/c5/66d2fd5c76672fd95bf2a28e33ef41]
~> TaskHandler[id: 76; name: SNV_ANNOTATE:VEP_ANNOTATE (7); status: NEW; exit: -; error: -; workDir: /home/n102968/NGS_UI/nf_work/batch-1781238156-29316524/e9/cdb58791bb99508fefc3eab883e54f]
~> TaskHandler[id: 77; name: SNV_ANNOTATE:VEP_ANNOTATE (8); status: NEW; exit: -; error: -; workDir: /home/n102968/NGS_UI/nf_work/batch-1781238156-29316524/84/3306d89a10fc98af04bcc396fb4994]
Jun-12 07:42:44.912 [Task monitor] DEBUG n.processor.TaskPollingMonitor - !! executor local > tasks to be completed: 2 -- submitted tasks are shown below
~> TaskHandler[id: 71; name: SNV_ANNOTATE:VEP_ANNOTATE (3); status: RUNNING; exit: -; error: -; workDir: /home/n102968/NGS_UI/nf_work/batch-1781238156-29316524/21/d6e2bfedb651971fdc7c4f105e5d77]
~> TaskHandler[id: 83; name: SNV_ANNOTATE:PANGOLIN_SCORE (2); status: RUNNING; exit: -; error: -; workDir: /home/n102968/NGS_UI/nf_work/batch-1781238156-29316524/11/9bb57bbd950bf446f47d452969bc27]
Jun-12 07:42:53.490 [Task submitter] DEBUG n.processor.TaskPollingMonitor - %% executor local > tasks in the submission queue: 5 -- tasks to be submitted are shown below
~> TaskHandler[id: 72; name: SNV_ANNOTATE:VEP_ANNOTATE (4); status: NEW; exit: -; error: -; workDir: /home/n102968/NGS_UI/nf_work/batch-1781238156-29316524/94/a740c09676e2797ba6ca2d303da138]
~> TaskHandler[id: 73; name: SNV_ANNOTATE:VEP_ANNOTATE (5); status: NEW; exit: -; error: -; workDir: /home/n102968/NGS_UI/nf_work/batch-1781238156-29316524/ba/129424880a29f723fd11f19236a636]
~> TaskHandler[id: 75; name: SNV_ANNOTATE:VEP_ANNOTATE (6); status: NEW; exit: -; error: -; workDir: /home/n102968/NGS_UI/nf_work/batch-1781238156-29316524/c5/66d2fd5c76672fd95bf2a28e33ef41]
~> TaskHandler[id: 76; name: SNV_ANNOTATE:VEP_ANNOTATE (7); status: NEW; exit: -; error: -; workDir: /home/n102968/NGS_UI/nf_work/batch-1781238156-29316524/e9/cdb58791bb99508fefc3eab883e54f]
~> TaskHandler[id: 77; name: SNV_ANNOTATE:VEP_ANNOTATE (8); status: NEW; exit: -; error: -; workDir: /home/n102968/NGS_UI/nf_work/batch-1781238156-29316524/84/3306d89a10fc98af04bcc396fb4994]
Jun-12 07:47:44.975 [Task monitor] DEBUG n.processor.TaskPollingMonitor - !! executor local > tasks to be completed: 2 -- submitted tasks are shown below
~> TaskHandler[id: 71; name: SNV_ANNOTATE:VEP_ANNOTATE (3); status: RUNNING; exit: -; error: -; workDir: /home/n102968/NGS_UI/nf_work/batch-1781238156-29316524/21/d6e2bfedb651971fdc7c4f105e5d77]
~> TaskHandler[id: 83; name: SNV_ANNOTATE:PANGOLIN_SCORE (2); status: RUNNING; exit: -; error: -; workDir: /home/n102968/NGS_UI/nf_work/batch-1781238156-29316524/11/9bb57bbd950bf446f47d452969bc27]
Jun-12 07:47:53.559 [Task submitter] DEBUG n.processor.TaskPollingMonitor - %% executor local > tasks in the submission queue: 5 -- tasks to be submitted are shown below
~> TaskHandler[id: 72; name: SNV_ANNOTATE:VEP_ANNOTATE (4); status: NEW; exit: -; error: -; workDir: /home/n102968/NGS_UI/nf_work/batch-1781238156-29316524/94/a740c09676e2797ba6ca2d303da138]
~> TaskHandler[id: 73; name: SNV_ANNOTATE:VEP_ANNOTATE (5); status: NEW; exit: -; error: -; workDir: /home/n102968/NGS_UI/nf_work/batch-1781238156-29316524/ba/129424880a29f723fd11f19236a636]
~> TaskHandler[id: 75; name: SNV_ANNOTATE:VEP_ANNOTATE (6); status: NEW; exit: -; error: -; workDir: /home/n102968/NGS_UI/nf_work/batch-1781238156-29316524/c5/66d2fd5c76672fd95bf2a28e33ef41]
~> TaskHandler[id: 76; name: SNV_ANNOTATE:VEP_ANNOTATE (7); status: NEW; exit: -; error: -; workDir: /home/n102968/NGS_UI/nf_work/batch-1781238156-29316524/e9/cdb58791bb99508fefc3eab883e54f]
~> TaskHandler[id: 77; name: SNV_ANNOTATE:VEP_ANNOTATE (8); status: NEW; exit: -; error: -; workDir: /home/n102968/NGS_UI/nf_work/batch-1781238156-29316524/84/3306d89a10fc98af04bcc396fb4994]
Jun-12 07:52:44.978 [Task monitor] DEBUG n.processor.TaskPollingMonitor - !! executor local > tasks to be completed: 2 -- submitted tasks are shown below
~> TaskHandler[id: 71; name: SNV_ANNOTATE:VEP_ANNOTATE (3); status: RUNNING; exit: -; error: -; workDir: /home/n102968/NGS_UI/nf_work/batch-1781238156-29316524/21/d6e2bfedb651971fdc7c4f105e5d77]
~> TaskHandler[id: 83; name: SNV_ANNOTATE:PANGOLIN_SCORE (2); status: RUNNING; exit: -; error: -; workDir: /home/n102968/NGS_UI/nf_work/batch-1781238156-29316524/11/9bb57bbd950bf446f47d452969bc27]
Jun-12 07:52:53.816 [Task submitter] DEBUG n.processor.TaskPollingMonitor - %% executor local > tasks in the submission queue: 5 -- tasks to be submitted are shown below
~> TaskHandler[id: 72; name: SNV_ANNOTATE:VEP_ANNOTATE (4); status: NEW; exit: -; error: -; workDir: /home/n102968/NGS_UI/nf_work/batch-1781238156-29316524/94/a740c09676e2797ba6ca2d303da138]
~> TaskHandler[id: 73; name: SNV_ANNOTATE:VEP_ANNOTATE (5); status: NEW; exit: -; error: -; workDir: /home/n102968/NGS_UI/nf_work/batch-1781238156-29316524/ba/129424880a29f723fd11f19236a636]
~> TaskHandler[id: 75; name: SNV_ANNOTATE:VEP_ANNOTATE (6); status: NEW; exit: -; error: -; workDir: /home/n102968/NGS_UI/nf_work/batch-1781238156-29316524/c5/66d2fd5c76672fd95bf2a28e33ef41]
~> TaskHandler[id: 76; name: SNV_ANNOTATE:VEP_ANNOTATE (7); status: NEW; exit: -; error: -; workDir: /home/n102968/NGS_UI/nf_work/batch-1781238156-29316524/e9/cdb58791bb99508fefc3eab883e54f]
~> TaskHandler[id: 77; name: SNV_ANNOTATE:VEP_ANNOTATE (8); status: NEW; exit: -; error: -; workDir: /home/n102968/NGS_UI/nf_work/batch-1781238156-29316524/84/3306d89a10fc98af04bcc396fb4994]
Jun-12 07:57:45.034 [Task monitor] DEBUG n.processor.TaskPollingMonitor - !! executor local > tasks to be completed: 2 -- submitted tasks are shown below
~> TaskHandler[id: 71; name: SNV_ANNOTATE:VEP_ANNOTATE (3); status: RUNNING; exit: -; error: -; workDir: /home/n102968/NGS_UI/nf_work/batch-1781238156-29316524/21/d6e2bfedb651971fdc7c4f105e5d77]
~> TaskHandler[id: 83; name: SNV_ANNOTATE:PANGOLIN_SCORE (2); status: RUNNING; exit: -; error: -; workDir: /home/n102968/NGS_UI/nf_work/batch-1781238156-29316524/11/9bb57bbd950bf446f47d452969bc27]
Jun-12 07:57:54.004 [Task submitter] DEBUG n.processor.TaskPollingMonitor - %% executor local > tasks in the submission queue: 5 -- tasks to be submitted are shown below
~> TaskHandler[id: 72; name: SNV_ANNOTATE:VEP_ANNOTATE (4); status: NEW; exit: -; error: -; workDir: /home/n102968/NGS_UI/nf_work/batch-1781238156-29316524/94/a740c09676e2797ba6ca2d303da138]
~> TaskHandler[id: 73; name: SNV_ANNOTATE:VEP_ANNOTATE (5); status: NEW; exit: -; error: -; workDir: /home/n102968/NGS_UI/nf_work/batch-1781238156-29316524/ba/129424880a29f723fd11f19236a636]
~> TaskHandler[id: 75; name: SNV_ANNOTATE:VEP_ANNOTATE (6); status: NEW; exit: -; error: -; workDir: /home/n102968/NGS_UI/nf_work/batch-1781238156-29316524/c5/66d2fd5c76672fd95bf2a28e33ef41]
~> TaskHandler[id: 76; name: SNV_ANNOTATE:VEP_ANNOTATE (7); status: NEW; exit: -; error: -; workDir: /home/n102968/NGS_UI/nf_work/batch-1781238156-29316524/e9/cdb58791bb99508fefc3eab883e54f]
~> TaskHandler[id: 77; name: SNV_ANNOTATE:VEP_ANNOTATE (8); status: NEW; exit: -; error: -; workDir: /home/n102968/NGS_UI/nf_work/batch-1781238156-29316524/84/3306d89a10fc98af04bcc396fb4994]
Jun-12 08:02:45.072 [Task monitor] DEBUG n.processor.TaskPollingMonitor - !! executor local > tasks to be completed: 2 -- submitted tasks are shown below
~> TaskHandler[id: 71; name: SNV_ANNOTATE:VEP_ANNOTATE (3); status: RUNNING; exit: -; error: -; workDir: /home/n102968/NGS_UI/nf_work/batch-1781238156-29316524/21/d6e2bfedb651971fdc7c4f105e5d77]
~> TaskHandler[id: 83; name: SNV_ANNOTATE:PANGOLIN_SCORE (2); status: RUNNING; exit: -; error: -; workDir: /home/n102968/NGS_UI/nf_work/batch-1781238156-29316524/11/9bb57bbd950bf446f47d452969bc27]
Jun-12 08:02:54.123 [Task submitter] DEBUG n.processor.TaskPollingMonitor - %% executor local > tasks in the submission queue: 5 -- tasks to be submitted are shown below
~> TaskHandler[id: 72; name: SNV_ANNOTATE:VEP_ANNOTATE (4); status: NEW; exit: -; error: -; workDir: /home/n102968/NGS_UI/nf_work/batch-1781238156-29316524/94/a740c09676e2797ba6ca2d303da138]
~> TaskHandler[id: 73; name: SNV_ANNOTATE:VEP_ANNOTATE (5); status: NEW; exit: -; error: -; workDir: /home/n102968/NGS_UI/nf_work/batch-1781238156-29316524/ba/129424880a29f723fd11f19236a636]
~> TaskHandler[id: 75; name: SNV_ANNOTATE:VEP_ANNOTATE (6); status: NEW; exit: -; error: -; workDir: /home/n102968/NGS_UI/nf_work/batch-1781238156-29316524/c5/66d2fd5c76672fd95bf2a28e33ef41]
~> TaskHandler[id: 76; name: SNV_ANNOTATE:VEP_ANNOTATE (7); status: NEW; exit: -; error: -; workDir: /home/n102968/NGS_UI/nf_work/batch-1781238156-29316524/e9/cdb58791bb99508fefc3eab883e54f]
~> TaskHandler[id: 77; name: SNV_ANNOTATE:VEP_ANNOTATE (8); status: NEW; exit: -; error: -; workDir: /home/n102968/NGS_UI/nf_work/batch-1781238156-29316524/84/3306d89a10fc98af04bcc396fb4994]
Jun-12 08:03:40.166 [Task monitor] DEBUG n.processor.TaskPollingMonitor - Task completed > TaskHandler[id: 83; name: SNV_ANNOTATE:PANGOLIN_SCORE (2); status: COMPLETED; exit: 0; error: -; workDir: /home/n102968/NGS_UI/nf_work/batch-1781238156-29316524/11/9bb57bbd950bf446f47d452969bc27]
Jun-12 08:03:41.180 [Task submitter] DEBUG n.executor.local.LocalTaskHandler - Launch cmd line: /bin/bash -ue .command.run
Jun-12 08:03:41.181 [Task submitter] INFO  nextflow.Session - [ed/3e9ee6] Submitted process > PARSE_VEP_CSQ:PARSE_CSQ (2)
Jun-12 08:07:45.116 [Task monitor] DEBUG n.processor.TaskPollingMonitor - !! executor local > tasks to be completed: 2 -- submitted tasks are shown below
~> TaskHandler[id: 71; name: SNV_ANNOTATE:VEP_ANNOTATE (3); status: RUNNING; exit: -; error: -; workDir: /home/n102968/NGS_UI/nf_work/batch-1781238156-29316524/21/d6e2bfedb651971fdc7c4f105e5d77]
~> TaskHandler[id: 85; name: PARSE_VEP_CSQ:PARSE_CSQ (2); status: RUNNING; exit: -; error: -; workDir: /home/n102968/NGS_UI/nf_work/batch-1781238156-29316524/ed/3e9ee69f3fba7b062bf2ec63f3f55a]
Jun-12 08:07:54.224 [Task submitter] DEBUG n.processor.TaskPollingMonitor - %% executor local > tasks in the submission queue: 5 -- tasks to be submitted are shown below
~> TaskHandler[id: 72; name: SNV_ANNOTATE:VEP_ANNOTATE (4); status: NEW; exit: -; error: -; workDir: /home/n102968/NGS_UI/nf_work/batch-1781238156-29316524/94/a740c09676e2797ba6ca2d303da138]
~> TaskHandler[id: 73; name: SNV_ANNOTATE:VEP_ANNOTATE (5); status: NEW; exit: -; error: -; workDir: /home/n102968/NGS_UI/nf_work/batch-1781238156-29316524/ba/129424880a29f723fd11f19236a636]
~> TaskHandler[id: 75; name: SNV_ANNOTATE:VEP_ANNOTATE (6); status: NEW; exit: -; error: -; workDir: /home/n102968/NGS_UI/nf_work/batch-1781238156-29316524/c5/66d2fd5c76672fd95bf2a28e33ef41]
~> TaskHandler[id: 76; name: SNV_ANNOTATE:VEP_ANNOTATE (7); status: NEW; exit: -; error: -; workDir: /home/n102968/NGS_UI/nf_work/batch-1781238156-29316524/e9/cdb58791bb99508fefc3eab883e54f]
~> TaskHandler[id: 77; name: SNV_ANNOTATE:VEP_ANNOTATE (8); status: NEW; exit: -; error: -; workDir: /home/n102968/NGS_UI/nf_work/batch-1781238156-29316524/84/3306d89a10fc98af04bcc396fb4994]
Jun-12 08:10:00.764 [Task monitor] DEBUG n.processor.TaskPollingMonitor - Task completed > TaskHandler[id: 71; name: SNV_ANNOTATE:VEP_ANNOTATE (3); status: COMPLETED; exit: 0; error: -; workDir: /home/n102968/NGS_UI/nf_work/batch-1781238156-29316524/21/d6e2bfedb651971fdc7c4f105e5d77]
Jun-12 08:10:00.791 [Task submitter] DEBUG n.executor.local.LocalTaskHandler - Launch cmd line: /bin/bash -ue .command.run
Jun-12 08:10:00.791 [Task submitter] INFO  nextflow.Session - [94/a740c0] Submitted process > SNV_ANNOTATE:VEP_ANNOTATE (4)
Jun-12 08:10:01.809 [Task submitter] DEBUG n.executor.local.LocalTaskHandler - Launch cmd line: /bin/bash -ue .command.run
Jun-12 08:10:01.809 [Task submitter] INFO  nextflow.Session - [65/86c623] Submitted process > SNV_ANNOTATE:PANGOLIN_SCORE (3)
Jun-12 08:11:17.555 [Task monitor] DEBUG n.processor.TaskPollingMonitor - Task completed > TaskHandler[id: 85; name: PARSE_VEP_CSQ:PARSE_CSQ (2); status: COMPLETED; exit: 0; error: -; workDir: /home/n102968/NGS_UI/nf_work/batch-1781238156-29316524/ed/3e9ee69f3fba7b062bf2ec63f3f55a]
Jun-12 08:11:18.571 [Task submitter] DEBUG n.executor.local.LocalTaskHandler - Launch cmd line: /bin/bash -ue .command.run
Jun-12 08:11:18.572 [Task submitter] INFO  nextflow.Session - [a0/06bb5d] Submitted process > ACMG_CLASSIFY (2)
Jun-12 08:12:02.764 [Task monitor] DEBUG n.processor.TaskPollingMonitor - Task completed > TaskHandler[id: 87; name: ACMG_CLASSIFY (2); status: COMPLETED; exit: 0; error: -; workDir: /home/n102968/NGS_UI/nf_work/batch-1781238156-29316524/a0/06bb5dd0e80200651e2257a15ba309]
Jun-12 08:12:45.166 [Task monitor] DEBUG n.processor.TaskPollingMonitor - !! executor local > tasks to be completed: 2 -- submitted tasks are shown below
~> TaskHandler[id: 72; name: SNV_ANNOTATE:VEP_ANNOTATE (4); status: RUNNING; exit: -; error: -; workDir: /home/n102968/NGS_UI/nf_work/batch-1781238156-29316524/94/a740c09676e2797ba6ca2d303da138]
~> TaskHandler[id: 86; name: SNV_ANNOTATE:PANGOLIN_SCORE (3); status: RUNNING; exit: -; error: -; workDir: /home/n102968/NGS_UI/nf_work/batch-1781238156-29316524/65/86c623c18b8ff25c7bcb55773a8441]
Jun-12 08:12:54.827 [Task submitter] DEBUG n.processor.TaskPollingMonitor - %% executor local > tasks in the submission queue: 4 -- tasks to be submitted are shown below
~> TaskHandler[id: 73; name: SNV_ANNOTATE:VEP_ANNOTATE (5); status: NEW; exit: -; error: -; workDir: /home/n102968/NGS_UI/nf_work/batch-1781238156-29316524/ba/129424880a29f723fd11f19236a636]
~> TaskHandler[id: 75; name: SNV_ANNOTATE:VEP_ANNOTATE (6); status: NEW; exit: -; error: -; workDir: /home/n102968/NGS_UI/nf_work/batch-1781238156-29316524/c5/66d2fd5c76672fd95bf2a28e33ef41]
~> TaskHandler[id: 76; name: SNV_ANNOTATE:VEP_ANNOTATE (7); status: NEW; exit: -; error: -; workDir: /home/n102968/NGS_UI/nf_work/batch-1781238156-29316524/e9/cdb58791bb99508fefc3eab883e54f]
~> TaskHandler[id: 77; name: SNV_ANNOTATE:VEP_ANNOTATE (8); status: NEW; exit: -; error: -; workDir: /home/n102968/NGS_UI/nf_work/batch-1781238156-29316524/84/3306d89a10fc98af04bcc396fb4994]
Jun-12 08:17:45.226 [Task monitor] DEBUG n.processor.TaskPollingMonitor - !! executor local > tasks to be completed: 2 -- submitted tasks are shown below
~> TaskHandler[id: 72; name: SNV_ANNOTATE:VEP_ANNOTATE (4); status: RUNNING; exit: -; error: -; workDir: /home/n102968/NGS_UI/nf_work/batch-1781238156-29316524/94/a740c09676e2797ba6ca2d303da138]
~> TaskHandler[id: 86; name: SNV_ANNOTATE:PANGOLIN_SCORE (3); status: RUNNING; exit: -; error: -; workDir: /home/n102968/NGS_UI/nf_work/batch-1781238156-29316524/65/86c623c18b8ff25c7bcb55773a8441]
Jun-12 08:17:55.072 [Task submitter] DEBUG n.processor.TaskPollingMonitor - %% executor local > tasks in the submission queue: 4 -- tasks to be submitted are shown below
~> TaskHandler[id: 73; name: SNV_ANNOTATE:VEP_ANNOTATE (5); status: NEW; exit: -; error: -; workDir: /home/n102968/NGS_UI/nf_work/batch-1781238156-29316524/ba/129424880a29f723fd11f19236a636]
~> TaskHandler[id: 75; name: SNV_ANNOTATE:VEP_ANNOTATE (6); status: NEW; exit: -; error: -; workDir: /home/n102968/NGS_UI/nf_work/batch-1781238156-29316524/c5/66d2fd5c76672fd95bf2a28e33ef41]
~> TaskHandler[id: 76; name: SNV_ANNOTATE:VEP_ANNOTATE (7); status: NEW; exit: -; error: -; workDir: /home/n102968/NGS_UI/nf_work/batch-1781238156-29316524/e9/cdb58791bb99508fefc3eab883e54f]
~> TaskHandler[id: 77; name: SNV_ANNOTATE:VEP_ANNOTATE (8); status: NEW; exit: -; error: -; workDir: /home/n102968/NGS_UI/nf_work/batch-1781238156-29316524/84/3306d89a10fc98af04bcc396fb4994]
Jun-12 08:22:45.280 [Task monitor] DEBUG n.processor.TaskPollingMonitor - !! executor local > tasks to be completed: 2 -- submitted tasks are shown below
~> TaskHandler[id: 72; name: SNV_ANNOTATE:VEP_ANNOTATE (4); status: RUNNING; exit: -; error: -; workDir: /home/n102968/NGS_UI/nf_work/batch-1781238156-29316524/94/a740c09676e2797ba6ca2d303da138]
~> TaskHandler[id: 86; name: SNV_ANNOTATE:PANGOLIN_SCORE (3); status: RUNNING; exit: -; error: -; workDir: /home/n102968/NGS_UI/nf_work/batch-1781238156-29316524/65/86c623c18b8ff25c7bcb55773a8441]
Jun-12 08:22:55.309 [Task submitter] DEBUG n.processor.TaskPollingMonitor - %% executor local > tasks in the submission queue: 4 -- tasks to be submitted are shown below
~> TaskHandler[id: 73; name: SNV_ANNOTATE:VEP_ANNOTATE (5); status: NEW; exit: -; error: -; workDir: /home/n102968/NGS_UI/nf_work/batch-1781238156-29316524/ba/129424880a29f723fd11f19236a636]
~> TaskHandler[id: 75; name: SNV_ANNOTATE:VEP_ANNOTATE (6); status: NEW; exit: -; error: -; workDir: /home/n102968/NGS_UI/nf_work/batch-1781238156-29316524/c5/66d2fd5c76672fd95bf2a28e33ef41]
~> TaskHandler[id: 76; name: SNV_ANNOTATE:VEP_ANNOTATE (7); status: NEW; exit: -; error: -; workDir: /home/n102968/NGS_UI/nf_work/batch-1781238156-29316524/e9/cdb58791bb99508fefc3eab883e54f]
~> TaskHandler[id: 77; name: SNV_ANNOTATE:VEP_ANNOTATE (8); status: NEW; exit: -; error: -; workDir: /home/n102968/NGS_UI/nf_work/batch-1781238156-29316524/84/3306d89a10fc98af04bcc396fb4994]
Jun-12 08:27:45.376 [Task monitor] DEBUG n.processor.TaskPollingMonitor - !! executor local > tasks to be completed: 2 -- submitted tasks are shown below
~> TaskHandler[id: 72; name: SNV_ANNOTATE:VEP_ANNOTATE (4); status: RUNNING; exit: -; error: -; workDir: /home/n102968/NGS_UI/nf_work/batch-1781238156-29316524/94/a740c09676e2797ba6ca2d303da138]
~> TaskHandler[id: 86; name: SNV_ANNOTATE:PANGOLIN_SCORE (3); status: RUNNING; exit: -; error: -; workDir: /home/n102968/NGS_UI/nf_work/batch-1781238156-29316524/65/86c623c18b8ff25c7bcb55773a8441]
Jun-12 08:27:55.476 [Task submitter] DEBUG n.processor.TaskPollingMonitor - %% executor local > tasks in the submission queue: 4 -- tasks to be submitted are shown below
~> TaskHandler[id: 73; name: SNV_ANNOTATE:VEP_ANNOTATE (5); status: NEW; exit: -; error: -; workDir: /home/n102968/NGS_UI/nf_work/batch-1781238156-29316524/ba/129424880a29f723fd11f19236a636]
~> TaskHandler[id: 75; name: SNV_ANNOTATE:VEP_ANNOTATE (6); status: NEW; exit: -; error: -; workDir: /home/n102968/NGS_UI/nf_work/batch-1781238156-29316524/c5/66d2fd5c76672fd95bf2a28e33ef41]
~> TaskHandler[id: 76; name: SNV_ANNOTATE:VEP_ANNOTATE (7); status: NEW; exit: -; error: -; workDir: /home/n102968/NGS_UI/nf_work/batch-1781238156-29316524/e9/cdb58791bb99508fefc3eab883e54f]
~> TaskHandler[id: 77; name: SNV_ANNOTATE:VEP_ANNOTATE (8); status: NEW; exit: -; error: -; workDir: /home/n102968/NGS_UI/nf_work/batch-1781238156-29316524/84/3306d89a10fc98af04bcc396fb4994]
Jun-12 08:32:45.417 [Task monitor] DEBUG n.processor.TaskPollingMonitor - !! executor local > tasks to be completed: 2 -- submitted tasks are shown below
~> TaskHandler[id: 72; name: SNV_ANNOTATE:VEP_ANNOTATE (4); status: RUNNING; exit: -; error: -; workDir: /home/n102968/NGS_UI/nf_work/batch-1781238156-29316524/94/a740c09676e2797ba6ca2d303da138]
~> TaskHandler[id: 86; name: SNV_ANNOTATE:PANGOLIN_SCORE (3); status: RUNNING; exit: -; error: -; workDir: /home/n102968/NGS_UI/nf_work/batch-1781238156-29316524/65/86c623c18b8ff25c7bcb55773a8441]
Jun-12 08:32:55.751 [Task submitter] DEBUG n.processor.TaskPollingMonitor - %% executor local > tasks in the submission queue: 4 -- tasks to be submitted are shown below
~> TaskHandler[id: 73; name: SNV_ANNOTATE:VEP_ANNOTATE (5); status: NEW; exit: -; error: -; workDir: /home/n102968/NGS_UI/nf_work/batch-1781238156-29316524/ba/129424880a29f723fd11f19236a636]
~> TaskHandler[id: 75; name: SNV_ANNOTATE:VEP_ANNOTATE (6); status: NEW; exit: -; error: -; workDir: /home/n102968/NGS_UI/nf_work/batch-1781238156-29316524/c5/66d2fd5c76672fd95bf2a28e33ef41]
~> TaskHandler[id: 76; name: SNV_ANNOTATE:VEP_ANNOTATE (7); status: NEW; exit: -; error: -; workDir: /home/n102968/NGS_UI/nf_work/batch-1781238156-29316524/e9/cdb58791bb99508fefc3eab883e54f]
~> TaskHandler[id: 77; name: SNV_ANNOTATE:VEP_ANNOTATE (8); status: NEW; exit: -; error: -; workDir: /home/n102968/NGS_UI/nf_work/batch-1781238156-29316524/84/3306d89a10fc98af04bcc396fb4994]
Jun-12 08:37:45.441 [Task monitor] DEBUG n.processor.TaskPollingMonitor - !! executor local > tasks to be completed: 2 -- submitted tasks are shown below
~> TaskHandler[id: 72; name: SNV_ANNOTATE:VEP_ANNOTATE (4); status: RUNNING; exit: -; error: -; workDir: /home/n102968/NGS_UI/nf_work/batch-1781238156-29316524/94/a740c09676e2797ba6ca2d303da138]
~> TaskHandler[id: 86; name: SNV_ANNOTATE:PANGOLIN_SCORE (3); status: RUNNING; exit: -; error: -; workDir: /home/n102968/NGS_UI/nf_work/batch-1781238156-29316524/65/86c623c18b8ff25c7bcb55773a8441]
Jun-12 08:37:56.040 [Task submitter] DEBUG n.processor.TaskPollingMonitor - %% executor local > tasks in the submission queue: 4 -- tasks to be submitted are shown below
~> TaskHandler[id: 73; name: SNV_ANNOTATE:VEP_ANNOTATE (5); status: NEW; exit: -; error: -; workDir: /home/n102968/NGS_UI/nf_work/batch-1781238156-29316524/ba/129424880a29f723fd11f19236a636]
~> TaskHandler[id: 75; name: SNV_ANNOTATE:VEP_ANNOTATE (6); status: NEW; exit: -; error: -; workDir: /home/n102968/NGS_UI/nf_work/batch-1781238156-29316524/c5/66d2fd5c76672fd95bf2a28e33ef41]
~> TaskHandler[id: 76; name: SNV_ANNOTATE:VEP_ANNOTATE (7); status: NEW; exit: -; error: -; workDir: /home/n102968/NGS_UI/nf_work/batch-1781238156-29316524/e9/cdb58791bb99508fefc3eab883e54f]
~> TaskHandler[id: 77; name: SNV_ANNOTATE:VEP_ANNOTATE (8); status: NEW; exit: -; error: -; workDir: /home/n102968/NGS_UI/nf_work/batch-1781238156-29316524/84/3306d89a10fc98af04bcc396fb4994]
Jun-12 08:42:45.487 [Task monitor] DEBUG n.processor.TaskPollingMonitor - !! executor local > tasks to be completed: 2 -- submitted tasks are shown below
~> TaskHandler[id: 72; name: SNV_ANNOTATE:VEP_ANNOTATE (4); status: RUNNING; exit: -; error: -; workDir: /home/n102968/NGS_UI/nf_work/batch-1781238156-29316524/94/a740c09676e2797ba6ca2d303da138]
~> TaskHandler[id: 86; name: SNV_ANNOTATE:PANGOLIN_SCORE (3); status: RUNNING; exit: -; error: -; workDir: /home/n102968/NGS_UI/nf_work/batch-1781238156-29316524/65/86c623c18b8ff25c7bcb55773a8441]
Jun-12 08:42:56.259 [Task submitter] DEBUG n.processor.TaskPollingMonitor - %% executor local > tasks in the submission queue: 4 -- tasks to be submitted are shown below
~> TaskHandler[id: 73; name: SNV_ANNOTATE:VEP_ANNOTATE (5); status: NEW; exit: -; error: -; workDir: /home/n102968/NGS_UI/nf_work/batch-1781238156-29316524/ba/129424880a29f723fd11f19236a636]
~> TaskHandler[id: 75; name: SNV_ANNOTATE:VEP_ANNOTATE (6); status: NEW; exit: -; error: -; workDir: /home/n102968/NGS_UI/nf_work/batch-1781238156-29316524/c5/66d2fd5c76672fd95bf2a28e33ef41]
~> TaskHandler[id: 76; name: SNV_ANNOTATE:VEP_ANNOTATE (7); status: NEW; exit: -; error: -; workDir: /home/n102968/NGS_UI/nf_work/batch-1781238156-29316524/e9/cdb58791bb99508fefc3eab883e54f]
~> TaskHandler[id: 77; name: SNV_ANNOTATE:VEP_ANNOTATE (8); status: NEW; exit: -; error: -; workDir: /home/n102968/NGS_UI/nf_work/batch-1781238156-29316524/84/3306d89a10fc98af04bcc396fb4994]
Jun-12 08:47:45.572 [Task monitor] DEBUG n.processor.TaskPollingMonitor - !! executor local > tasks to be completed: 2 -- submitted tasks are shown below
~> TaskHandler[id: 72; name: SNV_ANNOTATE:VEP_ANNOTATE (4); status: RUNNING; exit: -; error: -; workDir: /home/n102968/NGS_UI/nf_work/batch-1781238156-29316524/94/a740c09676e2797ba6ca2d303da138]
~> TaskHandler[id: 86; name: SNV_ANNOTATE:PANGOLIN_SCORE (3); status: RUNNING; exit: -; error: -; workDir: /home/n102968/NGS_UI/nf_work/batch-1781238156-29316524/65/86c623c18b8ff25c7bcb55773a8441]
Jun-12 08:47:56.467 [Task submitter] DEBUG n.processor.TaskPollingMonitor - %% executor local > tasks in the submission queue: 4 -- tasks to be submitted are shown below
~> TaskHandler[id: 73; name: SNV_ANNOTATE:VEP_ANNOTATE (5); status: NEW; exit: -; error: -; workDir: /home/n102968/NGS_UI/nf_work/batch-1781238156-29316524/ba/129424880a29f723fd11f19236a636]
~> TaskHandler[id: 75; name: SNV_ANNOTATE:VEP_ANNOTATE (6); status: NEW; exit: -; error: -; workDir: /home/n102968/NGS_UI/nf_work/batch-1781238156-29316524/c5/66d2fd5c76672fd95bf2a28e33ef41]
~> TaskHandler[id: 76; name: SNV_ANNOTATE:VEP_ANNOTATE (7); status: NEW; exit: -; error: -; workDir: /home/n102968/NGS_UI/nf_work/batch-1781238156-29316524/e9/cdb58791bb99508fefc3eab883e54f]
~> TaskHandler[id: 77; name: SNV_ANNOTATE:VEP_ANNOTATE (8); status: NEW; exit: -; error: -; workDir: /home/n102968/NGS_UI/nf_work/batch-1781238156-29316524/84/3306d89a10fc98af04bcc396fb4994]
Jun-12 08:52:45.654 [Task monitor] DEBUG n.processor.TaskPollingMonitor - !! executor local > tasks to be completed: 2 -- submitted tasks are shown below
~> TaskHandler[id: 72; name: SNV_ANNOTATE:VEP_ANNOTATE (4); status: RUNNING; exit: -; error: -; workDir: /home/n102968/NGS_UI/nf_work/batch-1781238156-29316524/94/a740c09676e2797ba6ca2d303da138]
~> TaskHandler[id: 86; name: SNV_ANNOTATE:PANGOLIN_SCORE (3); status: RUNNING; exit: -; error: -; workDir: /home/n102968/NGS_UI/nf_work/batch-1781238156-29316524/65/86c623c18b8ff25c7bcb55773a8441]
Jun-12 08:52:56.676 [Task submitter] DEBUG n.processor.TaskPollingMonitor - %% executor local > tasks in the submission queue: 4 -- tasks to be submitted are shown below
~> TaskHandler[id: 73; name: SNV_ANNOTATE:VEP_ANNOTATE (5); status: NEW; exit: -; error: -; workDir: /home/n102968/NGS_UI/nf_work/batch-1781238156-29316524/ba/129424880a29f723fd11f19236a636]
~> TaskHandler[id: 75; name: SNV_ANNOTATE:VEP_ANNOTATE (6); status: NEW; exit: -; error: -; workDir: /home/n102968/NGS_UI/nf_work/batch-1781238156-29316524/c5/66d2fd5c76672fd95bf2a28e33ef41]
~> TaskHandler[id: 76; name: SNV_ANNOTATE:VEP_ANNOTATE (7); status: NEW; exit: -; error: -; workDir: /home/n102968/NGS_UI/nf_work/batch-1781238156-29316524/e9/cdb58791bb99508fefc3eab883e54f]
~> TaskHandler[id: 77; name: SNV_ANNOTATE:VEP_ANNOTATE (8); status: NEW; exit: -; error: -; workDir: /home/n102968/NGS_UI/nf_work/batch-1781238156-29316524/84/3306d89a10fc98af04bcc396fb4994]
Jun-12 08:57:21.697 [Task monitor] DEBUG n.processor.TaskPollingMonitor - Task completed > TaskHandler[id: 86; name: SNV_ANNOTATE:PANGOLIN_SCORE (3); status: COMPLETED; exit: 0; error: -; workDir: /home/n102968/NGS_UI/nf_work/batch-1781238156-29316524/65/86c623c18b8ff25c7bcb55773a8441]
Jun-12 08:57:22.713 [Task submitter] DEBUG n.executor.local.LocalTaskHandler - Launch cmd line: /bin/bash -ue .command.run
Jun-12 08:57:22.713 [Task submitter] INFO  nextflow.Session - [08/0b9675] Submitted process > PARSE_VEP_CSQ:PARSE_CSQ (3)
Jun-12 08:57:45.727 [Task monitor] DEBUG n.processor.TaskPollingMonitor - !! executor local > tasks to be completed: 2 -- submitted tasks are shown below
~> TaskHandler[id: 72; name: SNV_ANNOTATE:VEP_ANNOTATE (4); status: RUNNING; exit: -; error: -; workDir: /home/n102968/NGS_UI/nf_work/batch-1781238156-29316524/94/a740c09676e2797ba6ca2d303da138]
~> TaskHandler[id: 88; name: PARSE_VEP_CSQ:PARSE_CSQ (3); status: RUNNING; exit: -; error: -; workDir: /home/n102968/NGS_UI/nf_work/batch-1781238156-29316524/08/0b96750cd35c84787431e93889421d]
Jun-12 08:57:56.737 [Task submitter] DEBUG n.processor.TaskPollingMonitor - %% executor local > tasks in the submission queue: 4 -- tasks to be submitted are shown below
~> TaskHandler[id: 73; name: SNV_ANNOTATE:VEP_ANNOTATE (5); status: NEW; exit: -; error: -; workDir: /home/n102968/NGS_UI/nf_work/batch-1781238156-29316524/ba/129424880a29f723fd11f19236a636]
~> TaskHandler[id: 75; name: SNV_ANNOTATE:VEP_ANNOTATE (6); status: NEW; exit: -; error: -; workDir: /home/n102968/NGS_UI/nf_work/batch-1781238156-29316524/c5/66d2fd5c76672fd95bf2a28e33ef41]
~> TaskHandler[id: 76; name: SNV_ANNOTATE:VEP_ANNOTATE (7); status: NEW; exit: -; error: -; workDir: /home/n102968/NGS_UI/nf_work/batch-1781238156-29316524/e9/cdb58791bb99508fefc3eab883e54f]
~> TaskHandler[id: 77; name: SNV_ANNOTATE:VEP_ANNOTATE (8); status: NEW; exit: -; error: -; workDir: /home/n102968/NGS_UI/nf_work/batch-1781238156-29316524/84/3306d89a10fc98af04bcc396fb4994]
Jun-12 09:02:45.807 [Task monitor] DEBUG n.processor.TaskPollingMonitor - !! executor local > tasks to be completed: 2 -- submitted tasks are shown below
~> TaskHandler[id: 72; name: SNV_ANNOTATE:VEP_ANNOTATE (4); status: RUNNING; exit: -; error: -; workDir: /home/n102968/NGS_UI/nf_work/batch-1781238156-29316524/94/a740c09676e2797ba6ca2d303da138]
~> TaskHandler[id: 88; name: PARSE_VEP_CSQ:PARSE_CSQ (3); status: RUNNING; exit: -; error: -; workDir: /home/n102968/NGS_UI/nf_work/batch-1781238156-29316524/08/0b96750cd35c84787431e93889421d]
Jun-12 09:02:56.850 [Task submitter] DEBUG n.processor.TaskPollingMonitor - %% executor local > tasks in the submission queue: 4 -- tasks to be submitted are shown below
~> TaskHandler[id: 73; name: SNV_ANNOTATE:VEP_ANNOTATE (5); status: NEW; exit: -; error: -; workDir: /home/n102968/NGS_UI/nf_work/batch-1781238156-29316524/ba/129424880a29f723fd11f19236a636]
~> TaskHandler[id: 75; name: SNV_ANNOTATE:VEP_ANNOTATE (6); status: NEW; exit: -; error: -; workDir: /home/n102968/NGS_UI/nf_work/batch-1781238156-29316524/c5/66d2fd5c76672fd95bf2a28e33ef41]
~> TaskHandler[id: 76; name: SNV_ANNOTATE:VEP_ANNOTATE (7); status: NEW; exit: -; error: -; workDir: /home/n102968/NGS_UI/nf_work/batch-1781238156-29316524/e9/cdb58791bb99508fefc3eab883e54f]
~> TaskHandler[id: 77; name: SNV_ANNOTATE:VEP_ANNOTATE (8); status: NEW; exit: -; error: -; workDir: /home/n102968/NGS_UI/nf_work/batch-1781238156-29316524/84/3306d89a10fc98af04bcc396fb4994]
Jun-12 09:03:26.364 [Task monitor] DEBUG n.processor.TaskPollingMonitor - Task completed > TaskHandler[id: 72; name: SNV_ANNOTATE:VEP_ANNOTATE (4); status: COMPLETED; exit: 0; error: -; workDir: /home/n102968/NGS_UI/nf_work/batch-1781238156-29316524/94/a740c09676e2797ba6ca2d303da138]
Jun-12 09:03:26.386 [Task submitter] DEBUG n.executor.local.LocalTaskHandler - Launch cmd line: /bin/bash -ue .command.run
Jun-12 09:03:26.387 [Task submitter] INFO  nextflow.Session - [ba/129424] Submitted process > SNV_ANNOTATE:VEP_ANNOTATE (5)
Jun-12 09:03:27.406 [Task submitter] DEBUG n.executor.local.LocalTaskHandler - Launch cmd line: /bin/bash -ue .command.run
Jun-12 09:03:27.406 [Task submitter] INFO  nextflow.Session - [19/af2c5e] Submitted process > SNV_ANNOTATE:PANGOLIN_SCORE (4)
Jun-12 09:05:01.322 [Task monitor] DEBUG n.processor.TaskPollingMonitor - Task completed > TaskHandler[id: 88; name: PARSE_VEP_CSQ:PARSE_CSQ (3); status: COMPLETED; exit: 0; error: -; workDir: /home/n102968/NGS_UI/nf_work/batch-1781238156-29316524/08/0b96750cd35c84787431e93889421d]
Jun-12 09:05:02.339 [Task submitter] DEBUG n.executor.local.LocalTaskHandler - Launch cmd line: /bin/bash -ue .command.run
Jun-12 09:05:02.339 [Task submitter] INFO  nextflow.Session - [3b/97393a] Submitted process > ACMG_CLASSIFY (3)
Jun-12 09:05:46.719 [Task monitor] DEBUG n.processor.TaskPollingMonitor - Task completed > TaskHandler[id: 90; name: ACMG_CLASSIFY (3); status: COMPLETED; exit: 0; error: -; workDir: /home/n102968/NGS_UI/nf_work/batch-1781238156-29316524/3b/97393a1ba7269d1d68adbf48b6eb36]
Jun-12 09:07:45.835 [Task monitor] DEBUG n.processor.TaskPollingMonitor - !! executor local > tasks to be completed: 2 -- submitted tasks are shown below
~> TaskHandler[id: 73; name: SNV_ANNOTATE:VEP_ANNOTATE (5); status: RUNNING; exit: -; error: -; workDir: /home/n102968/NGS_UI/nf_work/batch-1781238156-29316524/ba/129424880a29f723fd11f19236a636]
~> TaskHandler[id: 89; name: SNV_ANNOTATE:PANGOLIN_SCORE (4); status: RUNNING; exit: -; error: -; workDir: /home/n102968/NGS_UI/nf_work/batch-1781238156-29316524/19/af2c5e80ad516ea9e3ad542350c571]
Jun-12 09:07:57.813 [Task submitter] DEBUG n.processor.TaskPollingMonitor - %% executor local > tasks in the submission queue: 3 -- tasks to be submitted are shown below
~> TaskHandler[id: 75; name: SNV_ANNOTATE:VEP_ANNOTATE (6); status: NEW; exit: -; error: -; workDir: /home/n102968/NGS_UI/nf_work/batch-1781238156-29316524/c5/66d2fd5c76672fd95bf2a28e33ef41]
~> TaskHandler[id: 76; name: SNV_ANNOTATE:VEP_ANNOTATE (7); status: NEW; exit: -; error: -; workDir: /home/n102968/NGS_UI/nf_work/batch-1781238156-29316524/e9/cdb58791bb99508fefc3eab883e54f]
~> TaskHandler[id: 77; name: SNV_ANNOTATE:VEP_ANNOTATE (8); status: NEW; exit: -; error: -; workDir: /home/n102968/NGS_UI/nf_work/batch-1781238156-29316524/84/3306d89a10fc98af04bcc396fb4994]
Jun-12 09:12:45.896 [Task monitor] DEBUG n.processor.TaskPollingMonitor - !! executor local > tasks to be completed: 2 -- submitted tasks are shown below
~> TaskHandler[id: 73; name: SNV_ANNOTATE:VEP_ANNOTATE (5); status: RUNNING; exit: -; error: -; workDir: /home/n102968/NGS_UI/nf_work/batch-1781238156-29316524/ba/129424880a29f723fd11f19236a636]
~> TaskHandler[id: 89; name: SNV_ANNOTATE:PANGOLIN_SCORE (4); status: RUNNING; exit: -; error: -; workDir: /home/n102968/NGS_UI/nf_work/batch-1781238156-29316524/19/af2c5e80ad516ea9e3ad542350c571]
Jun-12 09:12:57.986 [Task submitter] DEBUG n.processor.TaskPollingMonitor - %% executor local > tasks in the submission queue: 3 -- tasks to be submitted are shown below
~> TaskHandler[id: 75; name: SNV_ANNOTATE:VEP_ANNOTATE (6); status: NEW; exit: -; error: -; workDir: /home/n102968/NGS_UI/nf_work/batch-1781238156-29316524/c5/66d2fd5c76672fd95bf2a28e33ef41]
~> TaskHandler[id: 76; name: SNV_ANNOTATE:VEP_ANNOTATE (7); status: NEW; exit: -; error: -; workDir: /home/n102968/NGS_UI/nf_work/batch-1781238156-29316524/e9/cdb58791bb99508fefc3eab883e54f]
~> TaskHandler[id: 77; name: SNV_ANNOTATE:VEP_ANNOTATE (8); status: NEW; exit: -; error: -; workDir: /home/n102968/NGS_UI/nf_work/batch-1781238156-29316524/84/3306d89a10fc98af04bcc396fb4994]
Jun-12 09:17:45.938 [Task monitor] DEBUG n.processor.TaskPollingMonitor - !! executor local > tasks to be completed: 2 -- submitted tasks are shown below
~> TaskHandler[id: 73; name: SNV_ANNOTATE:VEP_ANNOTATE (5); status: RUNNING; exit: -; error: -; workDir: /home/n102968/NGS_UI/nf_work/batch-1781238156-29316524/ba/129424880a29f723fd11f19236a636]
~> TaskHandler[id: 89; name: SNV_ANNOTATE:PANGOLIN_SCORE (4); status: RUNNING; exit: -; error: -; workDir: /home/n102968/NGS_UI/nf_work/batch-1781238156-29316524/19/af2c5e80ad516ea9e3ad542350c571]
Jun-12 09:17:58.126 [Task submitter] DEBUG n.processor.TaskPollingMonitor - %% executor local > tasks in the submission queue: 3 -- tasks to be submitted are shown below
~> TaskHandler[id: 75; name: SNV_ANNOTATE:VEP_ANNOTATE (6); status: NEW; exit: -; error: -; workDir: /home/n102968/NGS_UI/nf_work/batch-1781238156-29316524/c5/66d2fd5c76672fd95bf2a28e33ef41]
~> TaskHandler[id: 76; name: SNV_ANNOTATE:VEP_ANNOTATE (7); status: NEW; exit: -; error: -; workDir: /home/n102968/NGS_UI/nf_work/batch-1781238156-29316524/e9/cdb58791bb99508fefc3eab883e54f]
~> TaskHandler[id: 77; name: SNV_ANNOTATE:VEP_ANNOTATE (8); status: NEW; exit: -; error: -; workDir: /home/n102968/NGS_UI/nf_work/batch-1781238156-29316524/84/3306d89a10fc98af04bcc396fb4994]
Jun-12 09:22:46.007 [Task monitor] DEBUG n.processor.TaskPollingMonitor - !! executor local > tasks to be completed: 2 -- submitted tasks are shown below
~> TaskHandler[id: 73; name: SNV_ANNOTATE:VEP_ANNOTATE (5); status: RUNNING; exit: -; error: -; workDir: /home/n102968/NGS_UI/nf_work/batch-1781238156-29316524/ba/129424880a29f723fd11f19236a636]
~> TaskHandler[id: 89; name: SNV_ANNOTATE:PANGOLIN_SCORE (4); status: RUNNING; exit: -; error: -; workDir: /home/n102968/NGS_UI/nf_work/batch-1781238156-29316524/19/af2c5e80ad516ea9e3ad542350c571]
Jun-12 09:22:58.284 [Task submitter] DEBUG n.processor.TaskPollingMonitor - %% executor local > tasks in the submission queue: 3 -- tasks to be submitted are shown below
~> TaskHandler[id: 75; name: SNV_ANNOTATE:VEP_ANNOTATE (6); status: NEW; exit: -; error: -; workDir: /home/n102968/NGS_UI/nf_work/batch-1781238156-29316524/c5/66d2fd5c76672fd95bf2a28e33ef41]
~> TaskHandler[id: 76; name: SNV_ANNOTATE:VEP_ANNOTATE (7); status: NEW; exit: -; error: -; workDir: /home/n102968/NGS_UI/nf_work/batch-1781238156-29316524/e9/cdb58791bb99508fefc3eab883e54f]
~> TaskHandler[id: 77; name: SNV_ANNOTATE:VEP_ANNOTATE (8); status: NEW; exit: -; error: -; workDir: /home/n102968/NGS_UI/nf_work/batch-1781238156-29316524/84/3306d89a10fc98af04bcc396fb4994]
Jun-12 09:27:46.039 [Task monitor] DEBUG n.processor.TaskPollingMonitor - !! executor local > tasks to be completed: 2 -- submitted tasks are shown below
~> TaskHandler[id: 73; name: SNV_ANNOTATE:VEP_ANNOTATE (5); status: RUNNING; exit: -; error: -; workDir: /home/n102968/NGS_UI/nf_work/batch-1781238156-29316524/ba/129424880a29f723fd11f19236a636]
~> TaskHandler[id: 89; name: SNV_ANNOTATE:PANGOLIN_SCORE (4); status: RUNNING; exit: -; error: -; workDir: /home/n102968/NGS_UI/nf_work/batch-1781238156-29316524/19/af2c5e80ad516ea9e3ad542350c571]
Jun-12 09:27:58.352 [Task submitter] DEBUG n.processor.TaskPollingMonitor - %% executor local > tasks in the submission queue: 3 -- tasks to be submitted are shown below
~> TaskHandler[id: 75; name: SNV_ANNOTATE:VEP_ANNOTATE (6); status: NEW; exit: -; error: -; workDir: /home/n102968/NGS_UI/nf_work/batch-1781238156-29316524/c5/66d2fd5c76672fd95bf2a28e33ef41]
~> TaskHandler[id: 76; name: SNV_ANNOTATE:VEP_ANNOTATE (7); status: NEW; exit: -; error: -; workDir: /home/n102968/NGS_UI/nf_work/batch-1781238156-29316524/e9/cdb58791bb99508fefc3eab883e54f]
~> TaskHandler[id: 77; name: SNV_ANNOTATE:VEP_ANNOTATE (8); status: NEW; exit: -; error: -; workDir: /home/n102968/NGS_UI/nf_work/batch-1781238156-29316524/84/3306d89a10fc98af04bcc396fb4994]
Jun-12 09:32:46.125 [Task monitor] DEBUG n.processor.TaskPollingMonitor - !! executor local > tasks to be completed: 2 -- submitted tasks are shown below
~> TaskHandler[id: 73; name: SNV_ANNOTATE:VEP_ANNOTATE (5); status: RUNNING; exit: -; error: -; workDir: /home/n102968/NGS_UI/nf_work/batch-1781238156-29316524/ba/129424880a29f723fd11f19236a636]
~> TaskHandler[id: 89; name: SNV_ANNOTATE:PANGOLIN_SCORE (4); status: RUNNING; exit: -; error: -; workDir: /home/n102968/NGS_UI/nf_work/batch-1781238156-29316524/19/af2c5e80ad516ea9e3ad542350c571]
Jun-12 09:32:58.407 [Task submitter] DEBUG n.processor.TaskPollingMonitor - %% executor local > tasks in the submission queue: 3 -- tasks to be submitted are shown below
~> TaskHandler[id: 75; name: SNV_ANNOTATE:VEP_ANNOTATE (6); status: NEW; exit: -; error: -; workDir: /home/n102968/NGS_UI/nf_work/batch-1781238156-29316524/c5/66d2fd5c76672fd95bf2a28e33ef41]
~> TaskHandler[id: 76; name: SNV_ANNOTATE:VEP_ANNOTATE (7); status: NEW; exit: -; error: -; workDir: /home/n102968/NGS_UI/nf_work/batch-1781238156-29316524/e9/cdb58791bb99508fefc3eab883e54f]
~> TaskHandler[id: 77; name: SNV_ANNOTATE:VEP_ANNOTATE (8); status: NEW; exit: -; error: -; workDir: /home/n102968/NGS_UI/nf_work/batch-1781238156-29316524/84/3306d89a10fc98af04bcc396fb4994]
Jun-12 09:37:46.157 [Task monitor] DEBUG n.processor.TaskPollingMonitor - !! executor local > tasks to be completed: 2 -- submitted tasks are shown below
~> TaskHandler[id: 73; name: SNV_ANNOTATE:VEP_ANNOTATE (5); status: RUNNING; exit: -; error: -; workDir: /home/n102968/NGS_UI/nf_work/batch-1781238156-29316524/ba/129424880a29f723fd11f19236a636]
~> TaskHandler[id: 89; name: SNV_ANNOTATE:PANGOLIN_SCORE (4); status: RUNNING; exit: -; error: -; workDir: /home/n102968/NGS_UI/nf_work/batch-1781238156-29316524/19/af2c5e80ad516ea9e3ad542350c571]
Jun-12 09:37:58.563 [Task submitter] DEBUG n.processor.TaskPollingMonitor - %% executor local > tasks in the submission queue: 3 -- tasks to be submitted are shown below
~> TaskHandler[id: 75; name: SNV_ANNOTATE:VEP_ANNOTATE (6); status: NEW; exit: -; error: -; workDir: /home/n102968/NGS_UI/nf_work/batch-1781238156-29316524/c5/66d2fd5c76672fd95bf2a28e33ef41]
~> TaskHandler[id: 76; name: SNV_ANNOTATE:VEP_ANNOTATE (7); status: NEW; exit: -; error: -; workDir: /home/n102968/NGS_UI/nf_work/batch-1781238156-29316524/e9/cdb58791bb99508fefc3eab883e54f]
~> TaskHandler[id: 77; name: SNV_ANNOTATE:VEP_ANNOTATE (8); status: NEW; exit: -; error: -; workDir: /home/n102968/NGS_UI/nf_work/batch-1781238156-29316524/84/3306d89a10fc98af04bcc396fb4994]
Jun-12 09:42:46.196 [Task monitor] DEBUG n.processor.TaskPollingMonitor - !! executor local > tasks to be completed: 2 -- submitted tasks are shown below
~> TaskHandler[id: 73; name: SNV_ANNOTATE:VEP_ANNOTATE (5); status: RUNNING; exit: -; error: -; workDir: /home/n102968/NGS_UI/nf_work/batch-1781238156-29316524/ba/129424880a29f723fd11f19236a636]
~> TaskHandler[id: 89; name: SNV_ANNOTATE:PANGOLIN_SCORE (4); status: RUNNING; exit: -; error: -; workDir: /home/n102968/NGS_UI/nf_work/batch-1781238156-29316524/19/af2c5e80ad516ea9e3ad542350c571]
Jun-12 09:42:58.759 [Task submitter] DEBUG n.processor.TaskPollingMonitor - %% executor local > tasks in the submission queue: 3 -- tasks to be submitted are shown below
~> TaskHandler[id: 75; name: SNV_ANNOTATE:VEP_ANNOTATE (6); status: NEW; exit: -; error: -; workDir: /home/n102968/NGS_UI/nf_work/batch-1781238156-29316524/c5/66d2fd5c76672fd95bf2a28e33ef41]
~> TaskHandler[id: 76; name: SNV_ANNOTATE:VEP_ANNOTATE (7); status: NEW; exit: -; error: -; workDir: /home/n102968/NGS_UI/nf_work/batch-1781238156-29316524/e9/cdb58791bb99508fefc3eab883e54f]
~> TaskHandler[id: 77; name: SNV_ANNOTATE:VEP_ANNOTATE (8); status: NEW; exit: -; error: -; workDir: /home/n102968/NGS_UI/nf_work/batch-1781238156-29316524/84/3306d89a10fc98af04bcc396fb4994]
Jun-12 09:47:46.243 [Task monitor] DEBUG n.processor.TaskPollingMonitor - !! executor local > tasks to be completed: 2 -- submitted tasks are shown below
~> TaskHandler[id: 73; name: SNV_ANNOTATE:VEP_ANNOTATE (5); status: RUNNING; exit: -; error: -; workDir: /home/n102968/NGS_UI/nf_work/batch-1781238156-29316524/ba/129424880a29f723fd11f19236a636]
~> TaskHandler[id: 89; name: SNV_ANNOTATE:PANGOLIN_SCORE (4); status: RUNNING; exit: -; error: -; workDir: /home/n102968/NGS_UI/nf_work/batch-1781238156-29316524/19/af2c5e80ad516ea9e3ad542350c571]
Jun-12 09:47:59.003 [Task submitter] DEBUG n.processor.TaskPollingMonitor - %% executor local > tasks in the submission queue: 3 -- tasks to be submitted are shown below
~> TaskHandler[id: 75; name: SNV_ANNOTATE:VEP_ANNOTATE (6); status: NEW; exit: -; error: -; workDir: /home/n102968/NGS_UI/nf_work/batch-1781238156-29316524/c5/66d2fd5c76672fd95bf2a28e33ef41]
~> TaskHandler[id: 76; name: SNV_ANNOTATE:VEP_ANNOTATE (7); status: NEW; exit: -; error: -; workDir: /home/n102968/NGS_UI/nf_work/batch-1781238156-29316524/e9/cdb58791bb99508fefc3eab883e54f]
~> TaskHandler[id: 77; name: SNV_ANNOTATE:VEP_ANNOTATE (8); status: NEW; exit: -; error: -; workDir: /home/n102968/NGS_UI/nf_work/batch-1781238156-29316524/84/3306d89a10fc98af04bcc396fb4994]
Jun-12 09:51:56.570 [Task monitor] DEBUG n.processor.TaskPollingMonitor - Task completed > TaskHandler[id: 89; name: SNV_ANNOTATE:PANGOLIN_SCORE (4); status: COMPLETED; exit: 0; error: -; workDir: /home/n102968/NGS_UI/nf_work/batch-1781238156-29316524/19/af2c5e80ad516ea9e3ad542350c571]
Jun-12 09:51:57.589 [Task submitter] DEBUG n.executor.local.LocalTaskHandler - Launch cmd line: /bin/bash -ue .command.run
Jun-12 09:51:57.589 [Task submitter] INFO  nextflow.Session - [cc/64eb10] Submitted process > PARSE_VEP_CSQ:PARSE_CSQ (4)
Jun-12 09:52:46.240 [Task monitor] DEBUG n.processor.TaskPollingMonitor - !! executor local > tasks to be completed: 2 -- submitted tasks are shown below
~> TaskHandler[id: 73; name: SNV_ANNOTATE:VEP_ANNOTATE (5); status: RUNNING; exit: -; error: -; workDir: /home/n102968/NGS_UI/nf_work/batch-1781238156-29316524/ba/129424880a29f723fd11f19236a636]
~> TaskHandler[id: 91; name: PARSE_VEP_CSQ:PARSE_CSQ (4); status: RUNNING; exit: -; error: -; workDir: /home/n102968/NGS_UI/nf_work/batch-1781238156-29316524/cc/64eb10eb511f35bf67329a24f4926e]
Jun-12 09:52:59.634 [Task submitter] DEBUG n.processor.TaskPollingMonitor - %% executor local > tasks in the submission queue: 3 -- tasks to be submitted are shown below
~> TaskHandler[id: 75; name: SNV_ANNOTATE:VEP_ANNOTATE (6); status: NEW; exit: -; error: -; workDir: /home/n102968/NGS_UI/nf_work/batch-1781238156-29316524/c5/66d2fd5c76672fd95bf2a28e33ef41]
~> TaskHandler[id: 76; name: SNV_ANNOTATE:VEP_ANNOTATE (7); status: NEW; exit: -; error: -; workDir: /home/n102968/NGS_UI/nf_work/batch-1781238156-29316524/e9/cdb58791bb99508fefc3eab883e54f]
~> TaskHandler[id: 77; name: SNV_ANNOTATE:VEP_ANNOTATE (8); status: NEW; exit: -; error: -; workDir: /home/n102968/NGS_UI/nf_work/batch-1781238156-29316524/84/3306d89a10fc98af04bcc396fb4994]
Jun-12 09:56:55.029 [Task monitor] DEBUG n.processor.TaskPollingMonitor - Task completed > TaskHandler[id: 73; name: SNV_ANNOTATE:VEP_ANNOTATE (5); status: COMPLETED; exit: 0; error: -; workDir: /home/n102968/NGS_UI/nf_work/batch-1781238156-29316524/ba/129424880a29f723fd11f19236a636]
Jun-12 09:56:55.043 [Task submitter] DEBUG n.executor.local.LocalTaskHandler - Launch cmd line: /bin/bash -ue .command.run
Jun-12 09:56:55.043 [Task submitter] INFO  nextflow.Session - [c5/66d2fd] Submitted process > SNV_ANNOTATE:VEP_ANNOTATE (6)
Jun-12 09:56:56.061 [Task submitter] DEBUG n.executor.local.LocalTaskHandler - Launch cmd line: /bin/bash -ue .command.run
Jun-12 09:56:56.062 [Task submitter] INFO  nextflow.Session - [76/27db2a] Submitted process > SNV_ANNOTATE:PANGOLIN_SCORE (5)
Jun-12 09:57:46.297 [Task monitor] DEBUG n.processor.TaskPollingMonitor - !! executor local > tasks to be completed: 3 -- submitted tasks are shown below
~> TaskHandler[id: 91; name: PARSE_VEP_CSQ:PARSE_CSQ (4); status: RUNNING; exit: -; error: -; workDir: /home/n102968/NGS_UI/nf_work/batch-1781238156-29316524/cc/64eb10eb511f35bf67329a24f4926e]
~> TaskHandler[id: 75; name: SNV_ANNOTATE:VEP_ANNOTATE (6); status: RUNNING; exit: -; error: -; workDir: /home/n102968/NGS_UI/nf_work/batch-1781238156-29316524/c5/66d2fd5c76672fd95bf2a28e33ef41]
~> TaskHandler[id: 92; name: SNV_ANNOTATE:PANGOLIN_SCORE (5); status: RUNNING; exit: -; error: -; workDir: /home/n102968/NGS_UI/nf_work/batch-1781238156-29316524/76/27db2ac592580d7a6363b7f46d2a6c]
Jun-12 09:58:00.091 [Task submitter] DEBUG n.processor.TaskPollingMonitor - %% executor local > tasks in the submission queue: 2 -- tasks to be submitted are shown below
~> TaskHandler[id: 76; name: SNV_ANNOTATE:VEP_ANNOTATE (7); status: NEW; exit: -; error: -; workDir: /home/n102968/NGS_UI/nf_work/batch-1781238156-29316524/e9/cdb58791bb99508fefc3eab883e54f]
~> TaskHandler[id: 77; name: SNV_ANNOTATE:VEP_ANNOTATE (8); status: NEW; exit: -; error: -; workDir: /home/n102968/NGS_UI/nf_work/batch-1781238156-29316524/84/3306d89a10fc98af04bcc396fb4994]
Jun-12 09:59:44.332 [Task monitor] DEBUG n.processor.TaskPollingMonitor - Task completed > TaskHandler[id: 91; name: PARSE_VEP_CSQ:PARSE_CSQ (4); status: COMPLETED; exit: 0; error: -; workDir: /home/n102968/NGS_UI/nf_work/batch-1781238156-29316524/cc/64eb10eb511f35bf67329a24f4926e]
Jun-12 09:59:45.348 [Task submitter] DEBUG n.executor.local.LocalTaskHandler - Launch cmd line: /bin/bash -ue .command.run
Jun-12 09:59:45.348 [Task submitter] INFO  nextflow.Session - [0e/d7769b] Submitted process > ACMG_CLASSIFY (4)
Jun-12 10:00:30.779 [Task monitor] DEBUG n.processor.TaskPollingMonitor - Task completed > TaskHandler[id: 93; name: ACMG_CLASSIFY (4); status: COMPLETED; exit: 0; error: -; workDir: /home/n102968/NGS_UI/nf_work/batch-1781238156-29316524/0e/d7769ba045feab0dcb62d9feab00b3]
Jun-12 10:02:46.326 [Task monitor] DEBUG n.processor.TaskPollingMonitor - !! executor local > tasks to be completed: 2 -- submitted tasks are shown below
~> TaskHandler[id: 75; name: SNV_ANNOTATE:VEP_ANNOTATE (6); status: RUNNING; exit: -; error: -; workDir: /home/n102968/NGS_UI/nf_work/batch-1781238156-29316524/c5/66d2fd5c76672fd95bf2a28e33ef41]
~> TaskHandler[id: 92; name: SNV_ANNOTATE:PANGOLIN_SCORE (5); status: RUNNING; exit: -; error: -; workDir: /home/n102968/NGS_UI/nf_work/batch-1781238156-29316524/76/27db2ac592580d7a6363b7f46d2a6c]
Jun-12 10:03:00.865 [Task submitter] DEBUG n.processor.TaskPollingMonitor - %% executor local > tasks in the submission queue: 2 -- tasks to be submitted are shown below
~> TaskHandler[id: 76; name: SNV_ANNOTATE:VEP_ANNOTATE (7); status: NEW; exit: -; error: -; workDir: /home/n102968/NGS_UI/nf_work/batch-1781238156-29316524/e9/cdb58791bb99508fefc3eab883e54f]
~> TaskHandler[id: 77; name: SNV_ANNOTATE:VEP_ANNOTATE (8); status: NEW; exit: -; error: -; workDir: /home/n102968/NGS_UI/nf_work/batch-1781238156-29316524/84/3306d89a10fc98af04bcc396fb4994]
Jun-12 10:07:46.401 [Task monitor] DEBUG n.processor.TaskPollingMonitor - !! executor local > tasks to be completed: 2 -- submitted tasks are shown below
~> TaskHandler[id: 75; name: SNV_ANNOTATE:VEP_ANNOTATE (6); status: RUNNING; exit: -; error: -; workDir: /home/n102968/NGS_UI/nf_work/batch-1781238156-29316524/c5/66d2fd5c76672fd95bf2a28e33ef41]
~> TaskHandler[id: 92; name: SNV_ANNOTATE:PANGOLIN_SCORE (5); status: RUNNING; exit: -; error: -; workDir: /home/n102968/NGS_UI/nf_work/batch-1781238156-29316524/76/27db2ac592580d7a6363b7f46d2a6c]
Jun-12 10:08:01.061 [Task submitter] DEBUG n.processor.TaskPollingMonitor - %% executor local > tasks in the submission queue: 2 -- tasks to be submitted are shown below
~> TaskHandler[id: 76; name: SNV_ANNOTATE:VEP_ANNOTATE (7); status: NEW; exit: -; error: -; workDir: /home/n102968/NGS_UI/nf_work/batch-1781238156-29316524/e9/cdb58791bb99508fefc3eab883e54f]
~> TaskHandler[id: 77; name: SNV_ANNOTATE:VEP_ANNOTATE (8); status: NEW; exit: -; error: -; workDir: /home/n102968/NGS_UI/nf_work/batch-1781238156-29316524/84/3306d89a10fc98af04bcc396fb4994]
Jun-12 10:12:46.455 [Task monitor] DEBUG n.processor.TaskPollingMonitor - !! executor local > tasks to be completed: 2 -- submitted tasks are shown below
~> TaskHandler[id: 75; name: SNV_ANNOTATE:VEP_ANNOTATE (6); status: RUNNING; exit: -; error: -; workDir: /home/n102968/NGS_UI/nf_work/batch-1781238156-29316524/c5/66d2fd5c76672fd95bf2a28e33ef41]
~> TaskHandler[id: 92; name: SNV_ANNOTATE:PANGOLIN_SCORE (5); status: RUNNING; exit: -; error: -; workDir: /home/n102968/NGS_UI/nf_work/batch-1781238156-29316524/76/27db2ac592580d7a6363b7f46d2a6c]
Jun-12 10:13:01.121 [Task submitter] DEBUG n.processor.TaskPollingMonitor - %% executor local > tasks in the submission queue: 2 -- tasks to be submitted are shown below
~> TaskHandler[id: 76; name: SNV_ANNOTATE:VEP_ANNOTATE (7); status: NEW; exit: -; error: -; workDir: /home/n102968/NGS_UI/nf_work/batch-1781238156-29316524/e9/cdb58791bb99508fefc3eab883e54f]
~> TaskHandler[id: 77; name: SNV_ANNOTATE:VEP_ANNOTATE (8); status: NEW; exit: -; error: -; workDir: /home/n102968/NGS_UI/nf_work/batch-1781238156-29316524/84/3306d89a10fc98af04bcc396fb4994]
Jun-12 10:17:46.472 [Task monitor] DEBUG n.processor.TaskPollingMonitor - !! executor local > tasks to be completed: 2 -- submitted tasks are shown below
~> TaskHandler[id: 75; name: SNV_ANNOTATE:VEP_ANNOTATE (6); status: RUNNING; exit: -; error: -; workDir: /home/n102968/NGS_UI/nf_work/batch-1781238156-29316524/c5/66d2fd5c76672fd95bf2a28e33ef41]
~> TaskHandler[id: 92; name: SNV_ANNOTATE:PANGOLIN_SCORE (5); status: RUNNING; exit: -; error: -; workDir: /home/n102968/NGS_UI/nf_work/batch-1781238156-29316524/76/27db2ac592580d7a6363b7f46d2a6c]
Jun-12 10:18:01.174 [Task submitter] DEBUG n.processor.TaskPollingMonitor - %% executor local > tasks in the submission queue: 2 -- tasks to be submitted are shown below
~> TaskHandler[id: 76; name: SNV_ANNOTATE:VEP_ANNOTATE (7); status: NEW; exit: -; error: -; workDir: /home/n102968/NGS_UI/nf_work/batch-1781238156-29316524/e9/cdb58791bb99508fefc3eab883e54f]
~> TaskHandler[id: 77; name: SNV_ANNOTATE:VEP_ANNOTATE (8); status: NEW; exit: -; error: -; workDir: /home/n102968/NGS_UI/nf_work/batch-1781238156-29316524/84/3306d89a10fc98af04bcc396fb4994]
Jun-12 10:22:46.507 [Task monitor] DEBUG n.processor.TaskPollingMonitor - !! executor local > tasks to be completed: 2 -- submitted tasks are shown below
~> TaskHandler[id: 75; name: SNV_ANNOTATE:VEP_ANNOTATE (6); status: RUNNING; exit: -; error: -; workDir: /home/n102968/NGS_UI/nf_work/batch-1781238156-29316524/c5/66d2fd5c76672fd95bf2a28e33ef41]
~> TaskHandler[id: 92; name: SNV_ANNOTATE:PANGOLIN_SCORE (5); status: RUNNING; exit: -; error: -; workDir: /home/n102968/NGS_UI/nf_work/batch-1781238156-29316524/76/27db2ac592580d7a6363b7f46d2a6c]
Jun-12 10:23:01.229 [Task submitter] DEBUG n.processor.TaskPollingMonitor - %% executor local > tasks in the submission queue: 2 -- tasks to be submitted are shown below
~> TaskHandler[id: 76; name: SNV_ANNOTATE:VEP_ANNOTATE (7); status: NEW; exit: -; error: -; workDir: /home/n102968/NGS_UI/nf_work/batch-1781238156-29316524/e9/cdb58791bb99508fefc3eab883e54f]
~> TaskHandler[id: 77; name: SNV_ANNOTATE:VEP_ANNOTATE (8); status: NEW; exit: -; error: -; workDir: /home/n102968/NGS_UI/nf_work/batch-1781238156-29316524/84/3306d89a10fc98af04bcc396fb4994]
Jun-12 10:27:46.569 [Task monitor] DEBUG n.processor.TaskPollingMonitor - !! executor local > tasks to be completed: 2 -- submitted tasks are shown below
~> TaskHandler[id: 75; name: SNV_ANNOTATE:VEP_ANNOTATE (6); status: RUNNING; exit: -; error: -; workDir: /home/n102968/NGS_UI/nf_work/batch-1781238156-29316524/c5/66d2fd5c76672fd95bf2a28e33ef41]
~> TaskHandler[id: 92; name: SNV_ANNOTATE:PANGOLIN_SCORE (5); status: RUNNING; exit: -; error: -; workDir: /home/n102968/NGS_UI/nf_work/batch-1781238156-29316524/76/27db2ac592580d7a6363b7f46d2a6c]
Jun-12 10:28:01.282 [Task submitter] DEBUG n.processor.TaskPollingMonitor - %% executor local > tasks in the submission queue: 2 -- tasks to be submitted are shown below
~> TaskHandler[id: 76; name: SNV_ANNOTATE:VEP_ANNOTATE (7); status: NEW; exit: -; error: -; workDir: /home/n102968/NGS_UI/nf_work/batch-1781238156-29316524/e9/cdb58791bb99508fefc3eab883e54f]
~> TaskHandler[id: 77; name: SNV_ANNOTATE:VEP_ANNOTATE (8); status: NEW; exit: -; error: -; workDir: /home/n102968/NGS_UI/nf_work/batch-1781238156-29316524/84/3306d89a10fc98af04bcc396fb4994]
Jun-12 10:32:46.635 [Task monitor] DEBUG n.processor.TaskPollingMonitor - !! executor local > tasks to be completed: 2 -- submitted tasks are shown below
~> TaskHandler[id: 75; name: SNV_ANNOTATE:VEP_ANNOTATE (6); status: RUNNING; exit: -; error: -; workDir: /home/n102968/NGS_UI/nf_work/batch-1781238156-29316524/c5/66d2fd5c76672fd95bf2a28e33ef41]
~> TaskHandler[id: 92; name: SNV_ANNOTATE:PANGOLIN_SCORE (5); status: RUNNING; exit: -; error: -; workDir: /home/n102968/NGS_UI/nf_work/batch-1781238156-29316524/76/27db2ac592580d7a6363b7f46d2a6c]
Jun-12 10:33:01.345 [Task submitter] DEBUG n.processor.TaskPollingMonitor - %% executor local > tasks in the submission queue: 2 -- tasks to be submitted are shown below
~> TaskHandler[id: 76; name: SNV_ANNOTATE:VEP_ANNOTATE (7); status: NEW; exit: -; error: -; workDir: /home/n102968/NGS_UI/nf_work/batch-1781238156-29316524/e9/cdb58791bb99508fefc3eab883e54f]
~> TaskHandler[id: 77; name: SNV_ANNOTATE:VEP_ANNOTATE (8); status: NEW; exit: -; error: -; workDir: /home/n102968/NGS_UI/nf_work/batch-1781238156-29316524/84/3306d89a10fc98af04bcc396fb4994]
Jun-12 10:37:46.726 [Task monitor] DEBUG n.processor.TaskPollingMonitor - !! executor local > tasks to be completed: 2 -- submitted tasks are shown below
~> TaskHandler[id: 75; name: SNV_ANNOTATE:VEP_ANNOTATE (6); status: RUNNING; exit: -; error: -; workDir: /home/n102968/NGS_UI/nf_work/batch-1781238156-29316524/c5/66d2fd5c76672fd95bf2a28e33ef41]
~> TaskHandler[id: 92; name: SNV_ANNOTATE:PANGOLIN_SCORE (5); status: RUNNING; exit: -; error: -; workDir: /home/n102968/NGS_UI/nf_work/batch-1781238156-29316524/76/27db2ac592580d7a6363b7f46d2a6c]
Jun-12 10:38:01.400 [Task submitter] DEBUG n.processor.TaskPollingMonitor - %% executor local > tasks in the submission queue: 2 -- tasks to be submitted are shown below
~> TaskHandler[id: 76; name: SNV_ANNOTATE:VEP_ANNOTATE (7); status: NEW; exit: -; error: -; workDir: /home/n102968/NGS_UI/nf_work/batch-1781238156-29316524/e9/cdb58791bb99508fefc3eab883e54f]
~> TaskHandler[id: 77; name: SNV_ANNOTATE:VEP_ANNOTATE (8); status: NEW; exit: -; error: -; workDir: /home/n102968/NGS_UI/nf_work/batch-1781238156-29316524/84/3306d89a10fc98af04bcc396fb4994]
Jun-12 10:42:46.791 [Task monitor] DEBUG n.processor.TaskPollingMonitor - !! executor local > tasks to be completed: 2 -- submitted tasks are shown below
~> TaskHandler[id: 75; name: SNV_ANNOTATE:VEP_ANNOTATE (6); status: RUNNING; exit: -; error: -; workDir: /home/n102968/NGS_UI/nf_work/batch-1781238156-29316524/c5/66d2fd5c76672fd95bf2a28e33ef41]
~> TaskHandler[id: 92; name: SNV_ANNOTATE:PANGOLIN_SCORE (5); status: RUNNING; exit: -; error: -; workDir: /home/n102968/NGS_UI/nf_work/batch-1781238156-29316524/76/27db2ac592580d7a6363b7f46d2a6c]
Jun-12 10:43:01.462 [Task submitter] DEBUG n.processor.TaskPollingMonitor - %% executor local > tasks in the submission queue: 2 -- tasks to be submitted are shown below
~> TaskHandler[id: 76; name: SNV_ANNOTATE:VEP_ANNOTATE (7); status: NEW; exit: -; error: -; workDir: /home/n102968/NGS_UI/nf_work/batch-1781238156-29316524/e9/cdb58791bb99508fefc3eab883e54f]
~> TaskHandler[id: 77; name: SNV_ANNOTATE:VEP_ANNOTATE (8); status: NEW; exit: -; error: -; workDir: /home/n102968/NGS_UI/nf_work/batch-1781238156-29316524/84/3306d89a10fc98af04bcc396fb4994]
Jun-12 10:44:43.865 [Task monitor] DEBUG n.processor.TaskPollingMonitor - Task completed > TaskHandler[id: 92; name: SNV_ANNOTATE:PANGOLIN_SCORE (5); status: COMPLETED; exit: 0; error: -; workDir: /home/n102968/NGS_UI/nf_work/batch-1781238156-29316524/76/27db2ac592580d7a6363b7f46d2a6c]
Jun-12 10:44:44.870 [Task submitter] DEBUG n.executor.local.LocalTaskHandler - Launch cmd line: /bin/bash -ue .command.run
Jun-12 10:44:44.870 [Task submitter] INFO  nextflow.Session - [f4/b728a5] Submitted process > PARSE_VEP_CSQ:PARSE_CSQ (5)
Jun-12 10:47:46.841 [Task monitor] DEBUG n.processor.TaskPollingMonitor - !! executor local > tasks to be completed: 2 -- submitted tasks are shown below
~> TaskHandler[id: 75; name: SNV_ANNOTATE:VEP_ANNOTATE (6); status: RUNNING; exit: -; error: -; workDir: /home/n102968/NGS_UI/nf_work/batch-1781238156-29316524/c5/66d2fd5c76672fd95bf2a28e33ef41]
~> TaskHandler[id: 94; name: PARSE_VEP_CSQ:PARSE_CSQ (5); status: RUNNING; exit: -; error: -; workDir: /home/n102968/NGS_UI/nf_work/batch-1781238156-29316524/f4/b728a54f5252a1c8ec49c72ea25611]
Jun-12 10:48:01.903 [Task submitter] DEBUG n.processor.TaskPollingMonitor - %% executor local > tasks in the submission queue: 2 -- tasks to be submitted are shown below
~> TaskHandler[id: 76; name: SNV_ANNOTATE:VEP_ANNOTATE (7); status: NEW; exit: -; error: -; workDir: /home/n102968/NGS_UI/nf_work/batch-1781238156-29316524/e9/cdb58791bb99508fefc3eab883e54f]
~> TaskHandler[id: 77; name: SNV_ANNOTATE:VEP_ANNOTATE (8); status: NEW; exit: -; error: -; workDir: /home/n102968/NGS_UI/nf_work/batch-1781238156-29316524/84/3306d89a10fc98af04bcc396fb4994]
Jun-12 10:49:44.598 [Task monitor] DEBUG n.processor.TaskPollingMonitor - Task completed > TaskHandler[id: 75; name: SNV_ANNOTATE:VEP_ANNOTATE (6); status: COMPLETED; exit: 0; error: -; workDir: /home/n102968/NGS_UI/nf_work/batch-1781238156-29316524/c5/66d2fd5c76672fd95bf2a28e33ef41]
Jun-12 10:49:44.608 [Task submitter] DEBUG n.executor.local.LocalTaskHandler - Launch cmd line: /bin/bash -ue .command.run
Jun-12 10:49:44.609 [Task submitter] INFO  nextflow.Session - [e9/cdb587] Submitted process > SNV_ANNOTATE:VEP_ANNOTATE (7)
Jun-12 10:49:44.612 [Task submitter] DEBUG n.executor.local.LocalTaskHandler - Launch cmd line: /bin/bash -ue .command.run
Jun-12 10:49:44.612 [Task submitter] INFO  nextflow.Session - [3c/0f5141] Submitted process > SNV_ANNOTATE:PANGOLIN_SCORE (6)
Jun-12 10:52:27.588 [Task monitor] DEBUG n.processor.TaskPollingMonitor - Task completed > TaskHandler[id: 94; name: PARSE_VEP_CSQ:PARSE_CSQ (5); status: COMPLETED; exit: 0; error: -; workDir: /home/n102968/NGS_UI/nf_work/batch-1781238156-29316524/f4/b728a54f5252a1c8ec49c72ea25611]
Jun-12 10:52:28.604 [Task submitter] DEBUG n.executor.local.LocalTaskHandler - Launch cmd line: /bin/bash -ue .command.run
Jun-12 10:52:28.604 [Task submitter] INFO  nextflow.Session - [d0/273c84] Submitted process > ACMG_CLASSIFY (5)
Jun-12 10:52:46.930 [Task monitor] DEBUG n.processor.TaskPollingMonitor - !! executor local > tasks to be completed: 3 -- submitted tasks are shown below
~> TaskHandler[id: 76; name: SNV_ANNOTATE:VEP_ANNOTATE (7); status: RUNNING; exit: -; error: -; workDir: /home/n102968/NGS_UI/nf_work/batch-1781238156-29316524/e9/cdb58791bb99508fefc3eab883e54f]
~> TaskHandler[id: 95; name: SNV_ANNOTATE:PANGOLIN_SCORE (6); status: RUNNING; exit: -; error: -; workDir: /home/n102968/NGS_UI/nf_work/batch-1781238156-29316524/3c/0f5141dabe3202663e9580c6dcf2c8]
~> TaskHandler[id: 96; name: ACMG_CLASSIFY (5); status: RUNNING; exit: -; error: -; workDir: /home/n102968/NGS_UI/nf_work/batch-1781238156-29316524/d0/273c84f0c6502be3b3aa9256b0a7d6]
Jun-12 10:53:02.610 [Task submitter] DEBUG n.processor.TaskPollingMonitor - %% executor local > tasks in the submission queue: 1 -- tasks to be submitted are shown below
~> TaskHandler[id: 77; name: SNV_ANNOTATE:VEP_ANNOTATE (8); status: NEW; exit: -; error: -; workDir: /home/n102968/NGS_UI/nf_work/batch-1781238156-29316524/84/3306d89a10fc98af04bcc396fb4994]
Jun-12 10:53:14.473 [Task monitor] DEBUG n.processor.TaskPollingMonitor - Task completed > TaskHandler[id: 96; name: ACMG_CLASSIFY (5); status: COMPLETED; exit: 0; error: -; workDir: /home/n102968/NGS_UI/nf_work/batch-1781238156-29316524/d0/273c84f0c6502be3b3aa9256b0a7d6]
Jun-12 10:57:46.993 [Task monitor] DEBUG n.processor.TaskPollingMonitor - !! executor local > tasks to be completed: 2 -- submitted tasks are shown below
~> TaskHandler[id: 76; name: SNV_ANNOTATE:VEP_ANNOTATE (7); status: RUNNING; exit: -; error: -; workDir: /home/n102968/NGS_UI/nf_work/batch-1781238156-29316524/e9/cdb58791bb99508fefc3eab883e54f]
~> TaskHandler[id: 95; name: SNV_ANNOTATE:PANGOLIN_SCORE (6); status: RUNNING; exit: -; error: -; workDir: /home/n102968/NGS_UI/nf_work/batch-1781238156-29316524/3c/0f5141dabe3202663e9580c6dcf2c8]
Jun-12 10:58:03.536 [Task submitter] DEBUG n.processor.TaskPollingMonitor - %% executor local > tasks in the submission queue: 1 -- tasks to be submitted are shown below
~> TaskHandler[id: 77; name: SNV_ANNOTATE:VEP_ANNOTATE (8); status: NEW; exit: -; error: -; workDir: /home/n102968/NGS_UI/nf_work/batch-1781238156-29316524/84/3306d89a10fc98af04bcc396fb4994]
Jun-12 11:02:47.022 [Task monitor] DEBUG n.processor.TaskPollingMonitor - !! executor local > tasks to be completed: 2 -- submitted tasks are shown below
~> TaskHandler[id: 76; name: SNV_ANNOTATE:VEP_ANNOTATE (7); status: RUNNING; exit: -; error: -; workDir: /home/n102968/NGS_UI/nf_work/batch-1781238156-29316524/e9/cdb58791bb99508fefc3eab883e54f]
~> TaskHandler[id: 95; name: SNV_ANNOTATE:PANGOLIN_SCORE (6); status: RUNNING; exit: -; error: -; workDir: /home/n102968/NGS_UI/nf_work/batch-1781238156-29316524/3c/0f5141dabe3202663e9580c6dcf2c8]
Jun-12 11:03:03.610 [Task submitter] DEBUG n.processor.TaskPollingMonitor - %% executor local > tasks in the submission queue: 1 -- tasks to be submitted are shown below
~> TaskHandler[id: 77; name: SNV_ANNOTATE:VEP_ANNOTATE (8); status: NEW; exit: -; error: -; workDir: /home/n102968/NGS_UI/nf_work/batch-1781238156-29316524/84/3306d89a10fc98af04bcc396fb4994]
Jun-12 11:07:47.053 [Task monitor] DEBUG n.processor.TaskPollingMonitor - !! executor local > tasks to be completed: 2 -- submitted tasks are shown below
~> TaskHandler[id: 76; name: SNV_ANNOTATE:VEP_ANNOTATE (7); status: RUNNING; exit: -; error: -; workDir: /home/n102968/NGS_UI/nf_work/batch-1781238156-29316524/e9/cdb58791bb99508fefc3eab883e54f]
~> TaskHandler[id: 95; name: SNV_ANNOTATE:PANGOLIN_SCORE (6); status: RUNNING; exit: -; error: -; workDir: /home/n102968/NGS_UI/nf_work/batch-1781238156-29316524/3c/0f5141dabe3202663e9580c6dcf2c8]
Jun-12 11:08:03.681 [Task submitter] DEBUG n.processor.TaskPollingMonitor - %% executor local > tasks in the submission queue: 1 -- tasks to be submitted are shown below
~> TaskHandler[id: 77; name: SNV_ANNOTATE:VEP_ANNOTATE (8); status: NEW; exit: -; error: -; workDir: /home/n102968/NGS_UI/nf_work/batch-1781238156-29316524/84/3306d89a10fc98af04bcc396fb4994]
Jun-12 11:12:47.148 [Task monitor] DEBUG n.processor.TaskPollingMonitor - !! executor local > tasks to be completed: 2 -- submitted tasks are shown below
~> TaskHandler[id: 76; name: SNV_ANNOTATE:VEP_ANNOTATE (7); status: RUNNING; exit: -; error: -; workDir: /home/n102968/NGS_UI/nf_work/batch-1781238156-29316524/e9/cdb58791bb99508fefc3eab883e54f]
~> TaskHandler[id: 95; name: SNV_ANNOTATE:PANGOLIN_SCORE (6); status: RUNNING; exit: -; error: -; workDir: /home/n102968/NGS_UI/nf_work/batch-1781238156-29316524/3c/0f5141dabe3202663e9580c6dcf2c8]
Jun-12 11:13:03.735 [Task submitter] DEBUG n.processor.TaskPollingMonitor - %% executor local > tasks in the submission queue: 1 -- tasks to be submitted are shown below
~> TaskHandler[id: 77; name: SNV_ANNOTATE:VEP_ANNOTATE (8); status: NEW; exit: -; error: -; workDir: /home/n102968/NGS_UI/nf_work/batch-1781238156-29316524/84/3306d89a10fc98af04bcc396fb4994]
Jun-12 11:17:47.146 [Task monitor] DEBUG n.processor.TaskPollingMonitor - !! executor local > tasks to be completed: 2 -- submitted tasks are shown below
~> TaskHandler[id: 76; name: SNV_ANNOTATE:VEP_ANNOTATE (7); status: RUNNING; exit: -; error: -; workDir: /home/n102968/NGS_UI/nf_work/batch-1781238156-29316524/e9/cdb58791bb99508fefc3eab883e54f]
~> TaskHandler[id: 95; name: SNV_ANNOTATE:PANGOLIN_SCORE (6); status: RUNNING; exit: -; error: -; workDir: /home/n102968/NGS_UI/nf_work/batch-1781238156-29316524/3c/0f5141dabe3202663e9580c6dcf2c8]
Jun-12 11:18:03.789 [Task submitter] DEBUG n.processor.TaskPollingMonitor - %% executor local > tasks in the submission queue: 1 -- tasks to be submitted are shown below
~> TaskHandler[id: 77; name: SNV_ANNOTATE:VEP_ANNOTATE (8); status: NEW; exit: -; error: -; workDir: /home/n102968/NGS_UI/nf_work/batch-1781238156-29316524/84/3306d89a10fc98af04bcc396fb4994]
Jun-12 11:22:47.183 [Task monitor] DEBUG n.processor.TaskPollingMonitor - !! executor local > tasks to be completed: 2 -- submitted tasks are shown below
~> TaskHandler[id: 76; name: SNV_ANNOTATE:VEP_ANNOTATE (7); status: RUNNING; exit: -; error: -; workDir: /home/n102968/NGS_UI/nf_work/batch-1781238156-29316524/e9/cdb58791bb99508fefc3eab883e54f]
~> TaskHandler[id: 95; name: SNV_ANNOTATE:PANGOLIN_SCORE (6); status: RUNNING; exit: -; error: -; workDir: /home/n102968/NGS_UI/nf_work/batch-1781238156-29316524/3c/0f5141dabe3202663e9580c6dcf2c8]
Jun-12 11:23:03.846 [Task submitter] DEBUG n.processor.TaskPollingMonitor - %% executor local > tasks in the submission queue: 1 -- tasks to be submitted are shown below
~> TaskHandler[id: 77; name: SNV_ANNOTATE:VEP_ANNOTATE (8); status: NEW; exit: -; error: -; workDir: /home/n102968/NGS_UI/nf_work/batch-1781238156-29316524/84/3306d89a10fc98af04bcc396fb4994]
Jun-12 11:27:47.251 [Task monitor] DEBUG n.processor.TaskPollingMonitor - !! executor local > tasks to be completed: 2 -- submitted tasks are shown below
~> TaskHandler[id: 76; name: SNV_ANNOTATE:VEP_ANNOTATE (7); status: RUNNING; exit: -; error: -; workDir: /home/n102968/NGS_UI/nf_work/batch-1781238156-29316524/e9/cdb58791bb99508fefc3eab883e54f]
~> TaskHandler[id: 95; name: SNV_ANNOTATE:PANGOLIN_SCORE (6); status: RUNNING; exit: -; error: -; workDir: /home/n102968/NGS_UI/nf_work/batch-1781238156-29316524/3c/0f5141dabe3202663e9580c6dcf2c8]
Jun-12 11:28:03.905 [Task submitter] DEBUG n.processor.TaskPollingMonitor - %% executor local > tasks in the submission queue: 1 -- tasks to be submitted are shown below
~> TaskHandler[id: 77; name: SNV_ANNOTATE:VEP_ANNOTATE (8); status: NEW; exit: -; error: -; workDir: /home/n102968/NGS_UI/nf_work/batch-1781238156-29316524/84/3306d89a10fc98af04bcc396fb4994]
Jun-12 11:32:47.280 [Task monitor] DEBUG n.processor.TaskPollingMonitor - !! executor local > tasks to be completed: 2 -- submitted tasks are shown below
~> TaskHandler[id: 76; name: SNV_ANNOTATE:VEP_ANNOTATE (7); status: RUNNING; exit: -; error: -; workDir: /home/n102968/NGS_UI/nf_work/batch-1781238156-29316524/e9/cdb58791bb99508fefc3eab883e54f]
~> TaskHandler[id: 95; name: SNV_ANNOTATE:PANGOLIN_SCORE (6); status: RUNNING; exit: -; error: -; workDir: /home/n102968/NGS_UI/nf_work/batch-1781238156-29316524/3c/0f5141dabe3202663e9580c6dcf2c8]
Jun-12 11:33:03.986 [Task submitter] DEBUG n.processor.TaskPollingMonitor - %% executor local > tasks in the submission queue: 1 -- tasks to be submitted are shown below
~> TaskHandler[id: 77; name: SNV_ANNOTATE:VEP_ANNOTATE (8); status: NEW; exit: -; error: -; workDir: /home/n102968/NGS_UI/nf_work/batch-1781238156-29316524/84/3306d89a10fc98af04bcc396fb4994]
Jun-12 11:36:46.962 [Task monitor] DEBUG n.processor.TaskPollingMonitor - Task completed > TaskHandler[id: 95; name: SNV_ANNOTATE:PANGOLIN_SCORE (6); status: COMPLETED; exit: 0; error: -; workDir: /home/n102968/NGS_UI/nf_work/batch-1781238156-29316524/3c/0f5141dabe3202663e9580c6dcf2c8]
Jun-12 11:36:47.977 [Task submitter] DEBUG n.executor.local.LocalTaskHandler - Launch cmd line: /bin/bash -ue .command.run
Jun-12 11:36:47.977 [Task submitter] INFO  nextflow.Session - [9f/4fcf3c] Submitted process > PARSE_VEP_CSQ:PARSE_CSQ (6)
Jun-12 11:37:47.321 [Task monitor] DEBUG n.processor.TaskPollingMonitor - !! executor local > tasks to be completed: 2 -- submitted tasks are shown below
~> TaskHandler[id: 76; name: SNV_ANNOTATE:VEP_ANNOTATE (7); status: RUNNING; exit: -; error: -; workDir: /home/n102968/NGS_UI/nf_work/batch-1781238156-29316524/e9/cdb58791bb99508fefc3eab883e54f]
~> TaskHandler[id: 97; name: PARSE_VEP_CSQ:PARSE_CSQ (6); status: RUNNING; exit: -; error: -; workDir: /home/n102968/NGS_UI/nf_work/batch-1781238156-29316524/9f/4fcf3cb5b764bf95e756a1e8ca605b]
Jun-12 11:38:03.990 [Task submitter] DEBUG n.processor.TaskPollingMonitor - %% executor local > tasks in the submission queue: 1 -- tasks to be submitted are shown below
~> TaskHandler[id: 77; name: SNV_ANNOTATE:VEP_ANNOTATE (8); status: NEW; exit: -; error: -; workDir: /home/n102968/NGS_UI/nf_work/batch-1781238156-29316524/84/3306d89a10fc98af04bcc396fb4994]
Jun-12 11:42:14.601 [Task monitor] DEBUG n.processor.TaskPollingMonitor - Task completed > TaskHandler[id: 76; name: SNV_ANNOTATE:VEP_ANNOTATE (7); status: COMPLETED; exit: 0; error: -; workDir: /home/n102968/NGS_UI/nf_work/batch-1781238156-29316524/e9/cdb58791bb99508fefc3eab883e54f]
Jun-12 11:42:14.621 [Task submitter] DEBUG n.executor.local.LocalTaskHandler - Launch cmd line: /bin/bash -ue .command.run
Jun-12 11:42:14.621 [Task submitter] INFO  nextflow.Session - [84/3306d8] Submitted process > SNV_ANNOTATE:VEP_ANNOTATE (8)
Jun-12 11:42:14.640 [Task submitter] DEBUG n.executor.local.LocalTaskHandler - Launch cmd line: /bin/bash -ue .command.run
Jun-12 11:42:14.640 [Task submitter] INFO  nextflow.Session - [5a/0ae453] Submitted process > SNV_ANNOTATE:PANGOLIN_SCORE (7)
Jun-12 11:42:47.332 [Task monitor] DEBUG n.processor.TaskPollingMonitor - !! executor local > tasks to be completed: 3 -- submitted tasks are shown below
~> TaskHandler[id: 97; name: PARSE_VEP_CSQ:PARSE_CSQ (6); status: RUNNING; exit: -; error: -; workDir: /home/n102968/NGS_UI/nf_work/batch-1781238156-29316524/9f/4fcf3cb5b764bf95e756a1e8ca605b]
~> TaskHandler[id: 77; name: SNV_ANNOTATE:VEP_ANNOTATE (8); status: RUNNING; exit: -; error: -; workDir: /home/n102968/NGS_UI/nf_work/batch-1781238156-29316524/84/3306d89a10fc98af04bcc396fb4994]
~> TaskHandler[id: 98; name: SNV_ANNOTATE:PANGOLIN_SCORE (7); status: RUNNING; exit: -; error: -; workDir: /home/n102968/NGS_UI/nf_work/batch-1781238156-29316524/5a/0ae45310f730184f08b6a637654810]
Jun-12 11:44:35.223 [Task monitor] DEBUG n.processor.TaskPollingMonitor - Task completed > TaskHandler[id: 97; name: PARSE_VEP_CSQ:PARSE_CSQ (6); status: COMPLETED; exit: 0; error: -; workDir: /home/n102968/NGS_UI/nf_work/batch-1781238156-29316524/9f/4fcf3cb5b764bf95e756a1e8ca605b]
Jun-12 11:44:35.241 [Task submitter] DEBUG n.executor.local.LocalTaskHandler - Launch cmd line: /bin/bash -ue .command.run
Jun-12 11:44:35.241 [Task submitter] INFO  nextflow.Session - [d6/4e02de] Submitted process > ACMG_CLASSIFY (6)
Jun-12 11:45:20.351 [Task monitor] DEBUG n.processor.TaskPollingMonitor - Task completed > TaskHandler[id: 99; name: ACMG_CLASSIFY (6); status: COMPLETED; exit: 0; error: -; workDir: /home/n102968/NGS_UI/nf_work/batch-1781238156-29316524/d6/4e02de4d7ba11c5b622bf07c72df01]
Jun-12 11:47:47.373 [Task monitor] DEBUG n.processor.TaskPollingMonitor - !! executor local > tasks to be completed: 2 -- submitted tasks are shown below
~> TaskHandler[id: 77; name: SNV_ANNOTATE:VEP_ANNOTATE (8); status: RUNNING; exit: -; error: -; workDir: /home/n102968/NGS_UI/nf_work/batch-1781238156-29316524/84/3306d89a10fc98af04bcc396fb4994]
~> TaskHandler[id: 98; name: SNV_ANNOTATE:PANGOLIN_SCORE (7); status: RUNNING; exit: -; error: -; workDir: /home/n102968/NGS_UI/nf_work/batch-1781238156-29316524/5a/0ae45310f730184f08b6a637654810]
Jun-12 11:52:47.420 [Task monitor] DEBUG n.processor.TaskPollingMonitor - !! executor local > tasks to be completed: 2 -- submitted tasks are shown below
~> TaskHandler[id: 77; name: SNV_ANNOTATE:VEP_ANNOTATE (8); status: RUNNING; exit: -; error: -; workDir: /home/n102968/NGS_UI/nf_work/batch-1781238156-29316524/84/3306d89a10fc98af04bcc396fb4994]
~> TaskHandler[id: 98; name: SNV_ANNOTATE:PANGOLIN_SCORE (7); status: RUNNING; exit: -; error: -; workDir: /home/n102968/NGS_UI/nf_work/batch-1781238156-29316524/5a/0ae45310f730184f08b6a637654810]
Jun-12 11:57:47.480 [Task monitor] DEBUG n.processor.TaskPollingMonitor - !! executor local > tasks to be completed: 2 -- submitted tasks are shown below
~> TaskHandler[id: 77; name: SNV_ANNOTATE:VEP_ANNOTATE (8); status: RUNNING; exit: -; error: -; workDir: /home/n102968/NGS_UI/nf_work/batch-1781238156-29316524/84/3306d89a10fc98af04bcc396fb4994]
~> TaskHandler[id: 98; name: SNV_ANNOTATE:PANGOLIN_SCORE (7); status: RUNNING; exit: -; error: -; workDir: /home/n102968/NGS_UI/nf_work/batch-1781238156-29316524/5a/0ae45310f730184f08b6a637654810]
Jun-12 12:02:47.532 [Task monitor] DEBUG n.processor.TaskPollingMonitor - !! executor local > tasks to be completed: 2 -- submitted tasks are shown below
~> TaskHandler[id: 77; name: SNV_ANNOTATE:VEP_ANNOTATE (8); status: RUNNING; exit: -; error: -; workDir: /home/n102968/NGS_UI/nf_work/batch-1781238156-29316524/84/3306d89a10fc98af04bcc396fb4994]
~> TaskHandler[id: 98; name: SNV_ANNOTATE:PANGOLIN_SCORE (7); status: RUNNING; exit: -; error: -; workDir: /home/n102968/NGS_UI/nf_work/batch-1781238156-29316524/5a/0ae45310f730184f08b6a637654810]
Jun-12 12:07:47.607 [Task monitor] DEBUG n.processor.TaskPollingMonitor - !! executor local > tasks to be completed: 2 -- submitted tasks are shown below
~> TaskHandler[id: 77; name: SNV_ANNOTATE:VEP_ANNOTATE (8); status: RUNNING; exit: -; error: -; workDir: /home/n102968/NGS_UI/nf_work/batch-1781238156-29316524/84/3306d89a10fc98af04bcc396fb4994]
~> TaskHandler[id: 98; name: SNV_ANNOTATE:PANGOLIN_SCORE (7); status: RUNNING; exit: -; error: -; workDir: /home/n102968/NGS_UI/nf_work/batch-1781238156-29316524/5a/0ae45310f730184f08b6a637654810]
Jun-12 12:12:47.656 [Task monitor] DEBUG n.processor.TaskPollingMonitor - !! executor local > tasks to be completed: 2 -- submitted tasks are shown below
~> TaskHandler[id: 77; name: SNV_ANNOTATE:VEP_ANNOTATE (8); status: RUNNING; exit: -; error: -; workDir: /home/n102968/NGS_UI/nf_work/batch-1781238156-29316524/84/3306d89a10fc98af04bcc396fb4994]
~> TaskHandler[id: 98; name: SNV_ANNOTATE:PANGOLIN_SCORE (7); status: RUNNING; exit: -; error: -; workDir: /home/n102968/NGS_UI/nf_work/batch-1781238156-29316524/5a/0ae45310f730184f08b6a637654810]
