gene	transcript	n_cds_exons	dead_10x_n	dead_10x_exons	dead_20x_n	dead_20x_exons	dead_30x_n	dead_30x_exons
A2M	ENST00000318602	36	0		2	2,28	9	2,6,14,18,24-26,28,34
A2ML1	ENST00000299698	35	1	9	2	9,14	5	2,9,14,16,21
A4GALT	ENST00000642412	1	0		0		0	
AAAS	ENST00000209873	16	0		0		0	
AAGAB	ENST00000261880	10	1	4	2	2,4	3	2,4,8
AANAT	ENST00000392492	3	0		1	4	1	4
AAR2	ENST00000320849	3	0		0		1	2
AARS1	ENST00000261772	20	0		0		0	
AARS2	ENST00000244571	22	0		0		0	
AASS	ENST00000417368	23	0		0		0	
ABAT	ENST00000268251	15	0		0		0	
ABCA1	ENST00000374736	49	0		0		1	12
ABCA12	ENST00000272895	53	0		0		0	
ABCA13	ENST00000435803	62	0		7	10,14,18,31,33,41,53	28	9-10,13-15,18,21,24-25,31-33,35-36,40-43,48,50-53,55-56,59-61
ABCA2	ENST00000341511	49	1	1	1	1	3	1,30-31
ABCA3	ENST00000301732	30	0		0		0	
ABCA4	ENST00000370225	50	0		0		0	
ABCA5	ENST00000392676	38	1	8	3	8-9,24	16	2-3,6,8-10,12-13,15,22,24,26-29,32
ABCA7	ENST00000263094	46	2	22,42	2	22,42	7	5-7,13,22,37,42
ABCB1	ENST00000622132	27	0		0		0	
ABCB11	ENST00000650372	27	1	25	9	10,19,22-28	11	5,10,19,21-28
ABCB4	ENST00000649586	27	0		0		0	
ABCB5	ENST00000404938	27	1	16	1	16	7	6,9,14-16,27-28
ABCB6	ENST00000265316	19	0		0		2	1,5
ABCB7	ENST00000373394	16	0		0		1	13
ABCC1	ENST00000399410	31	5	1,13,19,21-22	11	1-2,8,13,17-19,21-23,30	26	1-5,7-10,12-13,15-27,29-30
ABCC11	ENST00000356608	29	1	3	1	3	5	3,11-13,25
ABCC2	ENST00000647814	32	0		0		0	
ABCC4	ENST00000645237	31	0		2	11,25	6	6,11,16,19,21,25
ABCC6	ENST00000205557	31	2	18-19	4	12,18-19,26	10	10-12,18-19,21,25-27,30
ABCC8	ENST00000302539	39	0		0		0	
ABCC8	ENST00000389817	39	0		0		0	
ABCC9	ENST00000261200	38	0		1	29	1	29
ABCD1	ENST00000218104	10	0		0		0	
ABCD3	ENST00000370214	23	0		0		0	
ABCD4	ENST00000356924	19	0		0		1	1
ABCG2	ENST00000237612	15	0		0		4	6,9,12,16
ABCG5	ENST00000405322	13	0		0		0	
ABCG8	ENST00000272286	13	0		0		0	
ABHD12	ENST00000339157	13	0		1	1	1	1
ABHD16A	ENST00000395952	20	11	1-3,5,7-8,10-13,16	20	1-20	20	1-20
ABHD5	ENST00000644371	7	0		0		0	
ABL1	ENST00000318560	11	1	4	2	4,11	4	2-4,11
ABL2	ENST00000502732	12	0		1	5	4	4-5,7,9
ACACA	ENST00000616317	56	0		3	1-2,15	11	1-2,11,13,15,27,30,34-36,44
ACACB	ENST00000338432	52	1	13	1	13	6	2,13,18,41-42,53
ACAD8	ENST00000281182	11	0		0		0	
ACAD9	ENST00000308982	18	0		0		0	
ACADL	ENST00000233710	11	0		0		0	
ACADM	ENST00000370841	12	0		0		0	
ACADS	ENST00000242592	10	0		0		0	
ACADSB	ENST00000358776	11	0		0		0	
ACADVL	ENST00000356839	20	0		0		0	
ACAN	ENST00000560601	18	1	7	2	3,7	3	3,6-7
ACAT1	ENST00000265838	12	0		0		0	
ACAT2	ENST00000367048	9	0		0		1	9
ACBD5	ENST00000396271	13	0		0		0	
ACBD6	ENST00000367595	8	0		0		0	
ACD	ENST00000620761	12	0		0		1	9
ACE	ENST00000290866	25	1	1	1	1	1	1
ACER3	ENST00000532485	11	0		0		3	1-2,7
ACHE	ENST00000241069	4	0		2	3-4	2	3-4
ACKR1	ENST00000368122	2	0		0		0	
ACKR3	ENST00000272928	1	0		0		0	
ACMSD	ENST00000356140	10	0		0		0	
ACO2	ENST00000216254	18	0		0		3	3-5
ACOX1	ENST00000293217	14	0		0		0	
ACOX2	ENST00000302819	14	0		2	7,9	3	7,9-10
ACP2	ENST00000672073	11	0		0		0	
ACP4	ENST00000270593	11	1	5	1	5	2	5,10
ACP5	ENST00000648477	4	0		0		0	
ACR	ENST00000216139	5	0		1	5	1	5
ACSF3	ENST00000614302	9	0		0		0	
ACSL4	ENST00000672401	14	0		0		1	5
ACSL5	ENST00000354655	20	0		0		2	7,18
ACSL6	ENST00000651883	21	1	4	1	4	1	4
ACSM3	ENST00000289416	13	1	11	1	11	1	11
ACTA1	ENST00000366684	6	0		0		0	
ACTA2	ENST00000224784	8	0		0		1	8
ACTB	ENST00000646664	5	0		0		0	
ACTC1	ENST00000290378	6	0		0		0	
ACTG1	ENST00000573283	5	0		0		0	
ACTG2	ENST00000345517	8	0		0		0	
ACTL6A	ENST00000429709	14	0		0		2	3,12
ACTL6B	ENST00000160382	14	1	1	2	1-2	2	1-2
ACTL7A	ENST00000333999	1	0		0		0	
ACTL9	ENST00000324436	1	0		0		1	1
ACTN1	ENST00000394419	22	0		2	20,22	2	20,22
ACTN2	ENST00000366578	21	0		0		1	1
ACTN3	ENST00000513398	21	0		0		2	1,10
ACTN4	ENST00000252699	21	0		0		0	
ACVR1	ENST00000434821	9	0		0		0	
ACVR1B	ENST00000257963	9	1	1	1	1	3	1,4,7
ACVR2B	ENST00000352511	11	1	1	1	1	1	1
ACVRL1	ENST00000388922	9	0		0		0	
ACY1	ENST00000636358	14	0		0		0	
ADA	ENST00000372874	12	0		0		0	
ADA2	ENST00000399837	9	0		0		0	
ADAM10	ENST00000260408	16	0		0		0	
ADAM17	ENST00000310823	19	2	7,10	2	7,10	6	2,4-5,7,9-10
ADAM20	ENST00000256389	1	0		0		0	
ADAM22	ENST00000413139	32	0		0		5	15,21,24,26-27
ADAM9	ENST00000487273	22	0		0		0	
ADAMTS1	ENST00000284984	9	0		1	1	4	1-2,6,8
ADAMTS10	ENST00000597188	24	0		1	24	1	24
ADAMTS13	ENST00000355699	29	1	7	1	7	1	7
ADAMTS15	ENST00000299164	8	0		1	5	4	1,4-5,8
ADAMTS17	ENST00000268070	22	1	2	1	2	1	2
ADAMTS18	ENST00000282849	23	0		0		1	1
ADAMTS19	ENST00000274487	23	2	2,22	3	2-3,22	11	2-4,8-9,11,15,17,19,21-22
ADAMTS2	ENST00000251582	22	1	1	1	1	1	1
ADAMTS3	ENST00000286657	22	0		1	4	9	3-4,8,10-12,14,18,22
ADAMTS6	ENST00000381055	24	2	13,17	2	13,17	9	4,11,13,17,19-21,23-24
ADAMTS9	ENST00000498707	39	2	16-17	2	16-17	12	3-5,13,16-19,21,26,28,32
ADAMTSL2	ENST00000651351	18	0		0		1	10
ADAMTSL4	ENST00000271643	17	0		0		0	
ADAR	ENST00000368474	15	0		0		0	
ADARB1	ENST00000348831	9	1	8	1	8	2	8,11
ADAT3	ENST00000329478	1	0		0		1	2
ADCY1	ENST00000297323	20	1	1	1	1	3	1,13,16
ADCY10	ENST00000367851	32	0		0		0	
ADCY3	ENST00000679454	21	2	20,22	2	20,22	2	20,22
ADCY5	ENST00000462833	21	1	1	1	1	3	1,5,17
ADCY6	ENST00000357869	21	0		1	6	2	6,19
ADD1	ENST00000683351	15	0		1	2	3	2,7,9
ADD3	ENST00000356080	14	0		1	2	6	2,4-6,9,15
ADGRA3	ENST00000334304	19	2	1,15	2	1,15	10	1,5-6,8,10-12,15,17,19
ADGRE2	ENST00000315576	20	0		0		1	16
ADGRG1	ENST00000562631	13	0		0		0	
ADGRG2	ENST00000379869	27	0		4	5,23-24,26	15	4-5,7,13,16-19,21,23-24,26-29
ADGRG4	ENST00000394143	23	2	17,23	7	5,7,11,17,21,23,25	17	5-7,10-17,19-21,23-25
ADGRG6	ENST00000367609	25	2	4,9	6	4,9,13,16,22,25	15	3-4,6,9-10,13-16,19-20,22-25
ADGRL1	ENST00000361434	22	0		0		1	20
ADGRV1	ENST00000405460	90	6	2,7,21,78,88,90	31	2,7,9,14,17-19,21,23,29,33-34,43-44,49,51,54,56-57,63-64,68-70,72,77-78,80,82,88,90	66	2-7,9-11,13-14,17-19,21-24,27-30,33-34,37-38,41-45,47,49,51-57,59-60,62-65,67-70,72-74,77-78,80-90
ADH1B	ENST00000305046	9	0		1	2	4	2,4,7-8
ADH1C	ENST00000515683	9	0		1	2	5	2,4,6-8
ADH5	ENST00000296412	9	0		0		2	1,8
ADIPOQ	ENST00000320741	2	1	3	1	3	1	3
ADIPOR1	ENST00000340990	7	0		0		2	6,8
ADK	ENST00000539909	11	0		0		0	
ADNP	ENST00000621696	3	0		0		0	
ADPRS	ENST00000373178	6	0		0		1	6
ADRA2A	ENST00000280155	1	1	1	1	1	1	1
ADRA2B	ENST00000620793	1	0		0		0	
ADRA2C	ENST00000330055	1	1	1	1	1	1	1
ADRB1	ENST00000369295	1	1	1	1	1	1	1
ADRB2	ENST00000305988	1	0		0		0	
ADRB3	ENST00000345060	2	0		0		0	
ADSL	ENST00000623063	13	0		0		0	
ADSS1	ENST00000330877	13	1	1	1	1	2	1,12
AEBP1	ENST00000223357	21	1	14	4	2,4,12,14	7	1-2,4-5,12,14,17
AFDN	ENST00000683244	34	1	33	1	33	8	1,5,8,11,19,29,32-33
AFF2	ENST00000370460	21	0		4	2-3,11,16	16	2-3,5,8-16,18-21
AFF3	ENST00000672756	22	2	9,15	2	9,15	4	4,7,9,15
AFF4	ENST00000265343	20	0		0		3	3,11,13
AFG2A	ENST00000274008	16	1	11	3	5,11,16	7	5-6,9,11,14-16
AFG2B	ENST00000305560	8	0		0		1	2
AFG3L2	ENST00000269143	17	1	1	1	1	1	1
AFP	ENST00000395792	14	0		0		1	8
AGA	ENST00000264595	9	0		0		0	
AGAP1	ENST00000304032	18	0		0		3	6,8,11
AGBL1	ENST00000614907	23	2	1,23	2	1,23	7	1,3,8,11,18,21,23
AGBL2	ENST00000525123	18	0		1	6	5	6,9-10,12,17
AGBL5	ENST00000360131	14	0		0		3	2,4,8
AGK	ENST00000649286	15	1	12	2	12,14	7	6,10-14,16
AGL	ENST00000361915	33	0		1	6	1	6
AGMO	ENST00000342526	13	1	11	1	11	3	3,9,11
AGO1	ENST00000373204	19	1	19	2	7,19	3	7,12,19
AGO2	ENST00000220592	19	1	1	3	1,8,11	3	1,8,11
AGO3	ENST00000373191	19	0		3	1,11,15	8	1-3,5,11-13,15
AGPAT2	ENST00000371696	6	0		0		1	1
AGPAT3	ENST00000291572	8	0		0		0	
AGPAT5	ENST00000285518	8	0		0		2	2,5
AGPS	ENST00000264167	20	0		1	1	1	1
AGR2	ENST00000419304	7	0		0		1	2
AGRN	ENST00000379370	36	1	1	2	1,5	5	1-2,4-5,18
AGRP	ENST00000290953	3	0		0		1	2
AGT	ENST00000366667	4	0		0		0	
AGTPBP1	ENST00000357081	25	0		2	11,14	10	6,10-11,14-15,17,19-20,23,26
AGTR1	ENST00000349243	1	0		0		0	
AGTR2	ENST00000371906	1	0		0		1	3
AGXT	ENST00000307503	11	0		0		1	2
AGXT2	ENST00000231420	14	0		0		0	
AHCY	ENST00000217426	10	0		0		0	
AHDC1	ENST00000673934	1	0		0		1	8
AHI1	ENST00000265602	26	1	7	4	7,10,12,21	12	7-10,12-15,17,19,21,25
AHNAK2	ENST00000333244	7	1	1	1	1	1	1
AHR	ENST00000242057	11	0		1	6	6	2-4,6,8,10
AHSG	ENST00000411641	7	0		0		2	4,7
AICDA	ENST00000229335	5	0		0		0	
AIFM1	ENST00000287295	16	0		0		0	
AIMP1	ENST00000672341	6	0		0		0	
AIMP2	ENST00000223029	4	0		1	1	2	1,4
AIP	ENST00000279146	6	0		0		0	
AIPL1	ENST00000381129	6	0		0		0	
AIRE	ENST00000291582	14	0		0		1	12
AJAP1	ENST00000378191	5	0		0		1	2
AK1	ENST00000644144	6	0		0		0	
AK2	ENST00000672715	6	0		0		0	
AK7	ENST00000267584	18	0		0		1	11
AK9	ENST00000424296	40	1	18	4	18,23,29,41	17	6,13,18-19,22-23,26-29,31-32,34,36,38,40-41
AKAP10	ENST00000225737	15	2	1,3	2	1,3	4	1,3-4,9
AKAP3	ENST00000228850	3	0		0		0	
AKAP6	ENST00000280979	12	0		0		7	2,5,7-8,10-12
AKAP9	ENST00000356239	50	0		0		3	17,31,33
AKNA	ENST00000374088	21	0		0		4	2-3,15,21
AKR1C2	ENST00000380753	9	0		0		1	2
AKR1C4	ENST00000263126	9	0		1	2	3	1-2,6
AKR1D1	ENST00000242375	9	0		0		0	
AKR1E2	ENST00000298375	10	1	1	1	1	1	1
AKT1	ENST00000649815	13	1	5	2	5,11	2	5,11
AKT2	ENST00000392038	13	0		0		0	
AKT3	ENST00000673466	13	1	11	11	3-13	12	3-14
ALAD	ENST00000409155	11	0		0		0	
ALAS2	ENST00000650242	10	0		0		2	9-10
ALB	ENST00000295897	14	0		0		0	
ALDH18A1	ENST00000371224	17	0		0		0	
ALDH1A2	ENST00000249750	13	0		0		0	
ALDH1A3	ENST00000329841	13	1	5	1	5	3	4-5,10
ALDH1B1	ENST00000377698	1	0		0		0	
ALDH1L2	ENST00000258494	23	0		0		4	1,4,13,21
ALDH2	ENST00000261733	13	0		1	10	2	5,10
ALDH3A2	ENST00000176643	10	0		0		0	
ALDH4A1	ENST00000375341	15	0		0		1	1
ALDH5A1	ENST00000357578	10	1	1	1	1	1	1
ALDH6A1	ENST00000553458	12	0		0		0	
ALDH7A1	ENST00000409134	18	0		0		0	
ALDOA	ENST00000642816	9	0		0		0	
ALDOB	ENST00000647789	8	0		0		0	
ALG1	ENST00000262374	13	0		0		0	
ALG10	ENST00000266483	3	0		0		0	
ALG10B	ENST00000308742	3	0		0		0	
ALG11	ENST00000521508	4	0		1	4	1	4
ALG12	ENST00000330817	9	0		0		0	
ALG13	ENST00000394780	27	2	24,26	6	10,18,23-24,26-27	23	2-5,7-20,22-24,26-27
ALG14	ENST00000370205	4	0		0		2	2,4
ALG2	ENST00000476832	2	0		0		1	2
ALG3	ENST00000397676	9	0		1	9	1	9
ALG5	ENST00000239891	10	0		0		1	8
ALG6	ENST00000263440	14	0		0		0	
ALG8	ENST00000299626	13	0		0		0	
ALG9	ENST00000616540	15	0		0		2	1,3
ALK	ENST00000389048	29	0		1	29	1	29
ALKBH8	ENST00000428149	11	0		0		4	2,4-5,12
ALMS1	ENST00000613296	23	0		0		1	5
ALOX12B	ENST00000647874	15	0		0		0	
ALOX15	ENST00000293761	14	0		0		0	
ALOX5	ENST00000374391	14	0		3	1,4,10	11	1-4,6-8,10-11,13-14
ALOX5AP	ENST00000380490	5	0		0		0	
ALOXE3	ENST00000448843	15	0		0		1	9
ALPI	ENST00000295463	11	0		0		0	
ALPK1	ENST00000650871	14	0		0		4	8,13-15
ALPK3	ENST00000258888	14	0		1	1	5	1,5-6,8,14
ALPL	ENST00000374840	11	0		0		0	
ALS2	ENST00000264276	33	0		0		1	4
ALX1	ENST00000316824	4	0		0		0	
ALX3	ENST00000647563	4	1	1	1	1	1	1
ALX4	ENST00000652299	4	0		0		0	
AMACR	ENST00000335606	5	0		0		1	3
AMBN	ENST00000322937	13	0		0		2	12-13
AMBRA1	ENST00000683756	17	1	18	1	18	3	4,13,18
AMELX	ENST00000380714	5	0		0		1	6
AMER1	ENST00000374869	1	0		0		0	
AMFR	ENST00000290649	14	1	1	1	1	3	1,3,9
AMH	ENST00000221496	5	0		2	1,5	3	1,4-5
AMHR2	ENST00000257863	11	0		0		0	
AMIGO2	ENST00000550413	1	0		0		1	3
AMMECR1	ENST00000262844	6	0		4	1-2,4-5	5	1-5
AMN	ENST00000299155	12	1	10	2	6,10	2	6,10
AMOTL1	ENST00000433060	13	0		0		5	2-3,7,9,12
AMPD1	ENST00000520113	16	0		0		1	10
AMPD2	ENST00000528667	18	1	14	1	14	1	14
AMPD3	ENST00000396553	14	0		0		0	
AMT	ENST00000273588	9	0		0		0	
AMTN	ENST00000339336	8	0		1	3	1	3
ANAPC1	ENST00000341068	47	0		1	15	2	15,19
ANAPC7	ENST00000455511	11	0		0		2	2,10
ANG	ENST00000397990	1	0		0		0	
ANGPT1	ENST00000517746	9	0		0		4	1,4,6,9
ANGPT2	ENST00000629816	9	0		1	4	3	1,4,7
ANGPTL3	ENST00000371129	7	0		1	1	1	1
ANGPTL4	ENST00000301455	7	0		0		0	
ANGPTL6	ENST00000253109	5	1	2	1	2	1	2
ANGPTL8	ENST00000252453	4	0		0		0	
ANK1	ENST00000289734	42	1	16	1	16	2	16,38
ANK2	ENST00000357077	46	0		0		0	
ANK3	ENST00000280772	43	1	5	4	5,25,32,42	10	5-6,9,19,25,27,30,32,40,42
ANKDD1B	ENST00000601380	14	4	1,12-14	5	1,10,12-14	7	1,3,9-10,12-14
ANKFY1	ENST00000341657	25	0		1	22	3	10,15,22
ANKH	ENST00000284268	12	0		0		0	
ANKLE2	ENST00000357997	13	1	1	2	1,8	4	1-2,8,11
ANKRD1	ENST00000371697	9	0		0		0	
ANKRD11	ENST00000301030	11	0		0		0	
ANKRD17	ENST00000358602	34	1	15	4	9-10,15,26	17	1-2,4,6,8-10,13,15,17-19,24,26,28,32-33
ANKRD24	ENST00000318934	21	1	18	1	18	3	10,18-19
ANKRD26	ENST00000376087	34	0		1	31	1	31
ANKRD31	ENST00000506364	26	2	15,25	4	7,14-15,25	13	7-8,10-12,14-15,18,21-23,25-26
ANKS1B	ENST00000683438	27	0		3	1,4,13	11	1,3-4,7-11,13,18-19
ANKS3	ENST00000304283	15	0		0		0	
ANKS6	ENST00000353234	15	1	1	1	1	4	1-2,9,12
ANKZF1	ENST00000323348	13	0		0		1	8
ANLN	ENST00000265748	24	0		1	6	10	2-4,6,8,11,13-14,20,23
ANO1	ENST00000355303	26	1	2	1	2	1	2
ANO10	ENST00000292246	12	0		0		0	
ANO3	ENST00000256737	27	0		1	23	10	2,4-5,8,11,15,22-24,26
ANO4	ENST00000392977	26	0		2	26-27	7	3,22-27
ANO5	ENST00000324559	22	0		0		0	
ANO6	ENST00000320560	20	0		0		0	
ANOS1	ENST00000262648	14	1	1	1	1	1	1
ANTXR1	ENST00000303714	18	0		0		1	18
ANTXR2	ENST00000403729	17	0		0		0	
ANXA11	ENST00000422982	14	0		0		2	4-5
ANXA5	ENST00000296511	12	0		1	2	2	2,5
AOPEP	ENST00000375315	15	1	12	1	12	2	2,12
AP1B1	ENST00000357586	22	0		0		1	14
AP1G1	ENST00000299980	22	0		0		3	5,9,15
AP1S1	ENST00000337619	5	0		0		1	2
AP1S2	ENST00000672987	5	0		0		1	5
AP1S3	ENST00000396654	5	1	1	1	1	3	1-2,4
AP2A2	ENST00000448903	22	3	12,17,21	18	2-14,16-19,21	22	1-22
AP2M1	ENST00000292807	11	0		0		0	
AP2S1	ENST00000263270	5	0		0		0	
AP3B1	ENST00000255194	27	0		0		1	16
AP3B2	ENST00000535359	27	0		1	1	2	1,8
AP3D1	ENST00000643116	32	0		1	23	2	17,23
AP4B1	ENST00000369569	10	0		0		1	5
AP4E1	ENST00000261842	21	0		1	19	3	1,6,19
AP4M1	ENST00000359593	15	0		0		0	
AP4S1	ENST00000542754	5	0		0		0	
AP5Z1	ENST00000649063	17	0		0		2	3,17
APAF1	ENST00000551964	26	0		0		0	
APBA2	ENST00000683413	12	0		0		2	7-8
APC	ENST00000257430	15	0		0		0	
APC2	ENST00000590469	14	1	15	1	15	2	13,15
APCDD1	ENST00000355285	5	0		0		0	
APCS	ENST00000255040	2	0		0		1	2
APEX1	ENST00000216714	4	0		0		0	
APOA1	ENST00000236850	3	0		0		0	
APOA2	ENST00000367990	3	0		0		0	
APOA4	ENST00000357780	3	0		0		0	
APOA5	ENST00000227665	3	0		0		0	
APOB	ENST00000233242	29	1	1	1	1	2	1,29
APOC2	ENST00000252490	3	0		0		0	
APOC3	ENST00000227667	3	0		0		0	
APOE	ENST00000252486	3	0		0		1	4
APOL1	ENST00000397278	5	0		0		0	
APOL2	ENST00000358502	3	0		0		0	
APOL4	ENST00000683024	4	0		1	4	1	4
APOLD1	ENST00000356591	2	1	2	1	2	1	2
APOO	ENST00000379226	8	0		0		3	2,4,7
APP	ENST00000346798	18	0		0		0	
APPL1	ENST00000288266	22	1	8	1	8	5	8,10-11,15,19
APRT	ENST00000378364	5	0		0		0	
APTX	ENST00000379817	7	0		0		0	
AQP1	ENST00000311813	4	0		0		0	
AQP2	ENST00000199280	4	0		0		0	
AQP3	ENST00000297991	6	0		0		0	
AQP4	ENST00000383168	5	0		0		0	
AQP5	ENST00000293599	4	0		0		1	1
AQP7	ENST00000297988	7	0		0		0	
AR	ENST00000374690	8	0		1	1	1	1
ARAF	ENST00000377045	15	1	2	2	2,7	4	2,7,9,11
ARAP3	ENST00000239440	32	0		2	17,33	4	13,17,19,33
ARCN1	ENST00000264028	10	0		0		2	2,5
ARF1	ENST00000272102	4	0		0		0	
ARF3	ENST00000256682	4	0		0		0	
ARFGEF1	ENST00000262215	39	1	21	4	12,18,21,38	20	3,5-8,10,12-13,15,18,20-22,25,27-29,31,34,38
ARFGEF2	ENST00000371917	39	0		0		1	6
ARFGEF3	ENST00000251691	34	1	19	2	19,33	5	10,12,19,33-34
ARG1	ENST00000368087	8	0		0		1	8
ARHGAP24	ENST00000395184	9	0		0		1	9
ARHGAP26	ENST00000645722	23	1	19	1	19	3	1,8,19
ARHGAP29	ENST00000260526	22	0		0		8	3,7,9,14,18,20-21,23
ARHGAP31	ENST00000264245	12	0		1	11	1	11
ARHGAP33	ENST00000007510	21	0		0		1	20
ARHGAP35	ENST00000672722	6	0		0		0	
ARHGAP39	ENST00000377307	11	1	2	1	2	5	2-3,5-6,10
ARHGAP4	ENST00000350060	22	1	22	1	22	4	5,12,19,22
ARHGAP42	ENST00000298815	24	0		1	20	9	2,5,8-10,15,18-20
ARHGDIA	ENST00000269321	5	0		1	3	2	2-3
ARHGEF1	ENST00000354532	27	1	13	1	13	3	7,9,13
ARHGEF10	ENST00000349830	28	0		0		4	3,11,25,29
ARHGEF15	ENST00000361926	15	0		2	4,12	3	3-4,12
ARHGEF18	ENST00000668164	28	9	2-10	10	2-10,27	12	2-10,21,26-27
ARHGEF2	ENST00000361247	22	0		1	20	1	20
ARHGEF28	ENST00000513042	35	0		0		10	5,11,13,22,24-25,27,29,35-36
ARHGEF38	ENST00000420470	14	0		4	2,4-6	11	1-2,4-7,9-12,14
ARHGEF40	ENST00000298694	23	0		3	1,3,10	5	1,3,10,15,22
ARHGEF6	ENST00000250617	22	0		1	1	2	1,10
ARHGEF9	ENST00000671741	10	0		0		2	3-4
ARID1A	ENST00000324856	20	1	1	3	1,15,18	6	1,8-9,14-15,18
ARID1B	ENST00000636930	20	2	1,6	4	1,6,14,18	10	1-2,5-8,13-15,18
ARID2	ENST00000334344	21	0		1	16	6	4,11,14,16-17,20
ARIH1	ENST00000379887	14	0		1	1	4	1,3,12-13
ARL11	ENST00000282026	1	0		0		0	
ARL13B	ENST00000394222	10	0		0		0	
ARL14EP	ENST00000282032	3	0		0		1	2
ARL2	ENST00000246747	5	0		0		0	
ARL2BP	ENST00000219204	6	1	3	1	3	1	3
ARL3	ENST00000260746	6	1	1	1	1	2	1,5
ARL6	ENST00000463745	7	0		0		0	
ARL6IP1	ENST00000304414	6	0		0		0	
ARL6IP6	ENST00000326446	4	0		1	1	1	1
ARMC12	ENST00000373866	6	0		1	6	2	4,6
ARMC2	ENST00000392644	17	0		0		4	8,10-11,13
ARMC5	ENST00000268314	6	0		1	4	1	4
ARMC9	ENST00000611582	24	2	17,25	2	17,25	4	8,17,22,25
ARMS2	ENST00000528446	2	0		0		0	
ARNT2	ENST00000303329	19	0		2	1,19	3	1,14,19
ARPC1B	ENST00000646101	9	0		0		1	8
ARPC3	ENST00000228825	7	0		0		0	
ARPC4	ENST00000397261	6	0		0		0	
ARPC5	ENST00000359856	4	0		0		1	3
ARPP21	ENST00000684406	19	0		0		3	11,14,18
ARR3	ENST00000307959	16	0		1	8	2	8-9
ARSA	ENST00000216124	8	0		0		0	
ARSB	ENST00000264914	8	0		1	1	1	1
ARSG	ENST00000621439	11	1	2	1	2	3	2,7,12
ARSI	ENST00000328668	2	0		1	1	1	1
ARSK	ENST00000380009	8	0		1	8	4	3-5,8
ARSL	ENST00000381134	10	0		0		1	11
ART4	ENST00000228936	3	0		1	2	2	2-3
ARV1	ENST00000310256	5	0		0		1	2
ARX	ENST00000379044	5	1	2	2	2,4	3	2,4-5
ASAH1	ENST00000637790	14	0		0		0	
ASB10	ENST00000420175	5	0		2	3,5	2	3,5
ASB17	ENST00000284142	3	0		1	2	3	1-3
ASCC1	ENST00000672957	9	0		0		0	
ASCC3	ENST00000369162	41	0		0		0	
ASCL1	ENST00000266744	1	0		1	1	1	1
ASH1L	ENST00000392403	27	1	8	3	6,8,13	10	2,5-6,8,13,16-17,19,24,27
ASIP	ENST00000374954	3	0		0		0	
ASL	ENST00000304874	16	0		0		0	
ASNS	ENST00000394308	11	1	12	1	12	3	4-5,12
ASPA	ENST00000263080	6	0		0		0	
ASPH	ENST00000379454	25	1	2	1	2	2	2,6
ASPM	ENST00000367409	28	0		0		1	23
ASPN	NM_017680.6	7	0		0		0	
ASPRV1	ENST00000320256	1	0		0		0	
ASPSCR1	ENST00000306739	16	1	1	3	1,7,15	3	1,7,15
ASRGL1	ENST00000415229	6	1	2	1	2	2	2,4
ASS1	ENST00000352480	14	0		0		0	
ASTE1	ENST00000264992	4	0		1	6	1	6
ASTL	ENST00000342380	9	0		1	9	1	9
ASTN1	ENST00000361833	23	0		0		4	2,13,21-22
ASTN2	ENST00000313400	23	1	1	2	1,3	6	1-3,6-7,19
ASXL1	ENST00000375687	13	0		0		1	1
ASXL2	ENST00000435504	13	0		1	11	4	7-8,11-12
ASXL3	ENST00000269197	12	0		0		5	1,6-8,10
ASZ1	ENST00000284629	13	0		0		2	12-13
ATAD1	ENST00000680024	9	0		0		3	2,6,9
ATAD2B	ENST00000238789	28	1	26	3	23,25-26	15	4-6,12,14,16-17,19-23,25-27
ATAD3A	ENST00000378756	16	1	1	1	1	1	1
ATAD3C	ENST00000378785	12	0		0		1	7
ATCAY	ENST00000450849	12	0		0		1	4
ATF6	ENST00000367942	16	0		0		4	5,8-9,14
ATG12	ENST00000509910	4	0		0		0	
ATG16L1	ENST00000392017	18	1	15	1	15	1	15
ATG4A	ENST00000372232	13	1	3	3	3,8,10	7	2-3,6,8,10-12
ATG4D	ENST00000309469	10	1	1	1	1	2	1,4
ATG5	ENST00000369076	7	0		0		2	3,5
ATG7	ENST00000693202	18	0		2	9,13	5	8-9,12-13,20
ATG9A	ENST00000361242	14	0		0		1	14
ATIC	ENST00000236959	16	0		0		0	
ATL1	ENST00000358385	14	0		0		2	13-14
ATL3	ENST00000398868	13	0		0		4	4,8-9,12
ATM	ENST00000675843	62	0		0		0	
ATN1	ENST00000396684	9	0		1	5	2	3,5
ATOH1	ENST00000306011	1	0		1	1	1	1
ATOH7	ENST00000373673	1	1	1	1	1	1	1
ATP11A	ENST00000375645	29	1	23	1	23	4	1,11,23,27
ATP11C	ENST00000682941	29	1	14	10	6,11,13-14,19-20,22,24-25,28	24	2-9,11-15,18-22,24-29
ATP13A1	ENST00000357324	26	0		1	1	2	1,8
ATP13A2	ENST00000326735	29	0		1	1	1	1
ATP13A3	ENST00000645319	32	0		0		8	5,11,14,16,22,29-31
ATP1A1	ENST00000295598	23	0		0		2	16,18
ATP1A2	ENST00000361216	23	0		0		0	
ATP1A3	ENST00000648268	23	0		0		0	
ATP1A4	ENST00000368081	22	0		0		2	6,14
ATP1B1	ENST00000367815	6	0		0		1	6
ATP2A1	ENST00000395503	22	0		0		0	
ATP2A2	ENST00000539276	20	0		0		0	
ATP2B1	ENST00000428670	20	2	10,13	3	10,13,21	10	2,4,6,8,10-11,13,16,18,21
ATP2B2	ENST00000360273	22	0		0		0	
ATP2B3	ENST00000263519	20	0		0		3	9,17,22
ATP2B4	ENST00000357681	20	0		4	4-5,16,21	5	2,4-5,16,21
ATP2C1	ENST00000510168	27	0		0		0	
ATP2C2	ENST00000262429	27	0		0		3	21,24,26
ATP4A	ENST00000262623	22	0		0		2	13-14
ATP5F1A	ENST00000398752	12	0		0		3	3,6-7
ATP5F1B	ENST00000262030	10	0		0		0	
ATP5F1D	ENST00000215375	4	0		1	1	1	1
ATP5F1E	ENST00000243997	2	0		0		0	
ATP5MC3	ENST00000284727	4	0		0		1	4
ATP5MK	ENST00000369815	2	0		0		0	
ATP5PB	ENST00000369722	7	0		1	6	4	1,3-4,6
ATP5PO	ENST00000290299	7	0		0		1	7
ATP6AP1	ENST00000369762	10	0		1	1	2	1,4
ATP6AP2	ENST00000636580	9	0		0		0	
ATP6V0A1	ENST00000343619	21	1	6	1	6	4	6,11,13,15
ATP6V0A2	ENST00000330342	20	0		0		0	
ATP6V0A4	ENST00000310018	20	0		0		0	
ATP6V0C	ENST00000330398	3	0		0		1	3
ATP6V0D2	ENST00000285393	8	0		1	8	4	2-3,6,8
ATP6V1A	ENST00000273398	14	0		0		0	
ATP6V1B1	ENST00000234396	14	0		0		0	
ATP6V1B2	ENST00000276390	14	0		0		2	1,13
ATP6V1C1	ENST00000518738	12	0		1	5	6	2,5,8,11-13
ATP6V1C2	ENST00000272238	13	1	10	1	10	1	10
ATP6V1E1	ENST00000253413	9	0		0		0	
ATP7A	ENST00000341514	22	0		0		2	3-4
ATP7B	ENST00000242839	21	0		0		0	
ATP8A2	ENST00000381655	37	1	1	4	1,25-27	7	1,10,12,25-28
ATP8B1	ENST00000648908	27	0		0		0	
ATP9A	ENST00000338821	28	2	5,25	5	1-2,5,21,25	6	1-2,5,12,21,25
ATPAF2	ENST00000474627	8	0		0		0	
ATR	ENST00000350721	47	0		0		1	30
ATRIP	ENST00000320211	13	0		1	1	2	1,3
ATRX	ENST00000373344	35	0		0		4	9,18,21,29
ATXN1	ENST00000436367	2	0		0		0	
ATXN10	ENST00000252934	12	0		0		0	
ATXN2	ENST00000673436	25	0		1	1	9	1,4-5,7,9,15,17,22,24
ATXN2L	ENST00000336783	22	1	1	3	1,16,22	5	1,6,13,16,22
ATXN3	ENST00000644486	11	0		0		1	11
ATXN7	ENST00000674280	11	1	3	1	3	1	3
ATXN7L3	ENST00000587097	12	0		0		1	11
AUH	ENST00000375731	10	0		1	1	1	1
AURKA	ENST00000395915	8	0		0		0	
AURKC	ENST00000302804	7	0		0		0	
AUTS2	ENST00000342771	19	1	1	2	1,19	3	1,7,19
AVIL	ENST00000549994	19	0		0		0	
AVP	ENST00000380293	3	1	3	1	3	2	2-3
AVPR1A	ENST00000299178	2	0		0		1	2
AVPR2	ENST00000646375	3	0		0		0	
AXIN1	ENST00000262320	10	0		1	2	1	2
AXIN2	ENST00000307078	10	0		0		1	2
AXL	ENST00000301178	20	1	15	1	15	4	4,6,15-16
B2M	ENST00000648006	3	0		0		0	
B3GALNT1	ENST00000320474	1	0		0		0	
B3GALNT2	ENST00000366600	12	1	1	2	1,8	2	1,8
B3GALT6	ENST00000379198	1	1	1	1	1	1	1
B3GAT3	ENST00000265471	5	0		0		0	
B3GLCT	ENST00000343307	15	0		1	1	1	1
B3GNT2	ENST00000301998	1	0		0		1	2
B4GALNT1	ENST00000341156	10	0		1	2	2	2,7
B4GALNT2	ENST00000393354	11	0		0		2	1,8
B4GALT1	ENST00000379731	6	0		0		1	1
B4GALT7	ENST00000029410	6	0		0		1	1
B4GAT1	ENST00000311181	2	0		1	1	1	1
B9D1	ENST00000261499	7	0		0		0	
B9D2	ENST00000243578	3	0		1	4	1	4
BAAT	ENST00000259407	3	0		2	2,4	2	2,4
BACH2	ENST00000257749	4	0		0		0	
BAG3	ENST00000369085	4	0		0		0	
BAG5	ENST00000299204	1	0		0		0	
BANF1	ENST00000312175	2	0		0		0	
BANK1	ENST00000322953	16	0		3	2,9-10	8	2,4,6-7,9-10,12,15
BAP1	ENST00000460680	17	0		0		0	
BARD1	ENST00000260947	11	0		0		0	
BAX	ENST00000345358	6	1	1	2	1,5	3	1,3,5
BAZ1A	ENST00000360310	26	0		3	3,17-18	11	3-4,7,15,17-19,21,24,26-27
BAZ1B	ENST00000339594	19	0		1	13	7	1,5,7-8,13,17,19
BAZ2B	ENST00000392783	35	0		4	5,27,29,37	18	3-6,8-10,14,22,25,27-31,33,36-37
BBIP1	ENST00000448814	3	0		0		1	4
BBS1	ENST00000318312	17	0		0		0	
BBS10	ENST00000650064	2	0		0		0	
BBS12	ENST00000314218	1	0		0		0	
BBS2	ENST00000245157	17	0		0		0	
BBS4	ENST00000268057	16	0		0		0	
BBS5	ENST00000295240	12	0		0		0	
BBS7	ENST00000264499	19	0		0		0	
BBS9	ENST00000242067	22	0		0		0	
BCAM	ENST00000270233	15	0		1	14	2	1,14
BCAP31	ENST00000345046	7	0		0		0	
BCAS3	ENST00000407086	23	0		1	23	7	5,8,14-16,21,23
BCAT1	ENST00000261192	11	0		0		3	5-6,9
BCAT2	ENST00000316273	11	0		0		0	
BCHE	ENST00000264381	3	0		0		0	
BCKDHA	ENST00000269980	9	0		0		1	9
BCKDHB	ENST00000320393	10	0		0		0	
BCKDK	ENST00000219794	11	0		0		1	2
BCL10	ENST00000648566	3	0		1	3	1	3
BCL11A	ENST00000642384	4	0		0		2	2,4
BCL11B	ENST00000357195	4	0		1	4	2	2,4
BCL2	ENST00000333681	2	0		1	2	1	2
BCL3	ENST00000164227	9	1	1	2	1,3	3	1,3,7
BCL6	ENST00000406870	8	0		1	5	1	5
BCL7A	ENST00000261822	6	0		0		1	1
BCL9	ENST00000234739	7	0		0		2	9-10
BCL9L	ENST00000683865	8	0		1	4	4	4,8-10
BCO1	ENST00000258168	11	0		0		0	
BCOR	ENST00000378444	14	0		1	8	1	8
BCORL1	ENST00000540052	13	1	8	1	8	4	2,7-8,14
BCR	ENST00000305877	23	1	1	1	1	1	1
BCS1L	ENST00000359273	7	0		0		0	
BDH1	ENST00000392379	6	1	8	1	8	5	3,5-8
BDP1	ENST00000358731	39	18	1-2,5-6,10-12,15-19,22,24-25,29,31,34	38	1-31,33-39	39	1-39
BEAN1	ENST00000536005	4	0		1	5	1	5
BEST1	ENST00000378043	10	0		0		0	
BET1	ENST00000222547	4	0		0		0	
BFSP1	ENST00000377873	8	1	1	1	1	1	1
BFSP2	ENST00000302334	7	0		0		0	
BGN	ENST00000331595	7	0		0		0	
BHLHA9	ENST00000391429	1	1	1	1	1	1	1
BHLHE22	ENST00000321870	1	1	1	1	1	1	1
BHLHE41	ENST00000242728	5	1	5	1	5	1	5
BICC1	ENST00000373886	21	0		1	7	12	1,4-5,7-8,10-12,14-15,17-18
BICD2	ENST00000356884	7	0		0		1	5
BICRA	ENST00000594866	13	1	12	3	6,8,12	4	6,8-9,12
BIK	ENST00000216115	4	0		0		0	
BIN1	ENST00000316724	19	0		0		0	
BLK	ENST00000259089	12	0		0		0	
BLM	ENST00000355112	21	0		3	3,7,15	3	3,7,15
BLNK	ENST00000224337	17	0		0		0	
BLOC1S1	ENST00000548925	4	0		0		1	1
BLOC1S3	ENST00000433642	1	0		1	2	1	2
BLOC1S5	ENST00000397457	5	0		0		2	3,5
BLOC1S6	ENST00000220531	5	0		0		0	
BLTP1	ENST00000679879	86	0		5	29,53,68,74,80	41	4,7-9,11,16,18,23,25-27,29,31,33,37-40,44-48,50,52-53,57,59,62-63,68-69,72,74,78-81,83,85,87
BLVRA	ENST00000265523	7	0		0		0	
BMP1	ENST00000306349	16	0		0		0	
BMP1	ENST00000306385	20	0		1	1	1	1
BMP10	ENST00000295379	2	0		1	1	2	1-2
BMP15	ENST00000252677	2	0		1	2	1	2
BMP2	ENST00000378827	2	0		0		2	2-3
BMP3	ENST00000282701	3	0		1	3	3	1-3
BMP4	ENST00000245451	2	0		0		0	
BMP5	ENST00000370830	7	0		0		0	
BMP6	ENST00000283147	7	1	1	1	1	1	1
BMP7	ENST00000395863	7	0		0		0	
BMPER	ENST00000649409	15	0		0		0	
BMPR1A	ENST00000372037	11	0		0		0	
BMPR1B	ENST00000515059	10	0		0		0	
BMPR2	ENST00000374580	13	0		0		0	
BMS1	ENST00000374518	22	1	6	2	6,20	6	3,6,8-9,20-21
BNC1	ENST00000345382	5	1	1	1	1	3	1,3-4
BNC2	ENST00000380672	7	0		1	7	1	7
BNIP1	ENST00000351486	6	0		1	2	2	2,6
BOD1	ENST00000311086	3	0		0		0	
BOLA3	ENST00000327428	4	0		0		0	
BORCS5	ENST00000314565	4	1	3	1	3	1	3
BORCS8	ENST00000462790	5	0		0		0	
BPGM	ENST00000344924	2	0		0		1	2
BPIFC	ENST00000300399	15	0		1	12	3	5,10,12
BPNT2	ENST00000262644	5	0		1	1	1	1
BPTF	ENST00000306378	28	2	1,24	5	1,4,11,16,24	12	1-2,4-6,9-11,16,24-25,27
BRAF	ENST00000644969	20	1	10	1	10	1	10
BRAF	ENST00000646891	18	1	1	1	1	1	1
BRAP	ENST00000419234	12	1	4	1	4	3	4,9,12
BRAT1	ENST00000340611	13	1	6	3	5-6,11	5	4-6,11-12
BRCA1	ENST00000357654	22	0		0		0	
BRCA2	ENST00000380152	26	0		0		1	10
BRCC3	ENST00000330045	10	2	2,9	3	2,9-10	5	2,4,8-10
BRD4	ENST00000679869	19	1	14	4	2,5,8,14	7	2,5-6,8,10,14,19
BRDT	ENST00000399546	18	1	16	5	5-6,9,16,19	11	2-3,5-6,8-10,15-16,18-19
BRF1	ENST00000547530	18	1	1	1	1	1	1
BRIP1	ENST00000259008	19	0		0		0	
BRPF1	ENST00000383829	13	0		0		3	2,9,13
BRSK2	ENST00000528841	20	1	1	1	1	1	1
BRWD1	ENST00000342449	41	2	1,41	2	1,41	16	1,3,5,7,14,18,20-21,23,30-32,36-37,40-41
BRWD3	ENST00000373275	41	0		0		5	8,12,14,34,41
BSCL2	ENST00000360796	11	0		1	2	1	2
BSG	ENST00000333511	8	0		0		1	3
BSN	ENST00000296452	10	1	1	2	1-2	4	1-3,6
BSND	ENST00000651561	4	0		0		0	
BTD	ENST00000643237	3	0		0		0	
BTG4	ENST00000692032	4	0		0		2	4-5
BTK	ENST00000308731	18	0		0		0	
BTNL2	ENST00000454136	7	7	1-7	7	1-7	7	1-7
BUB1	ENST00000302759	25	0		2	4,25	9	3-4,8,16,20-23,25
BUB1B	ENST00000287598	23	0		0		0	
BUB3	ENST00000368865	7	0		1	5	3	4-6
BUD13	ENST00000260210	10	0		0		2	4,8
C10orf71	ENST00000374144	1	0		0		0	
C12orf57	ENST00000229281	3	0		0		0	
C14orf39	ENST00000321731	17	1	11	2	6,11	8	4-6,9,11-12,15-16
C16orf90	ENST00000437192	3	0		0		2	2-3
C18orf32	ENST00000318240	2	0		0		1	2
C19orf12	ENST00000323670	2	0		0		0	
C19orf44	ENST00000221671	7	1	5	1	5	4	2-3,5,7
C1GALT1C1	ENST00000304661	1	0		1	2	1	2
C1QA	ENST00000374642	2	0		0		0	
C1QB	ENST00000509305	2	0		0		0	
C1QBP	ENST00000225698	6	0		0		0	
C1QC	ENST00000374640	2	0		0		0	
C1QTNF5	ENST00000528368	2	0		0		0	
C1R	ENST00000647956	11	2	8-9	3	8-9,11	3	8-9,11
C1S	ENST00000360817	11	0		0		0	
C2	ENST00000299367	18	2	3,10	18	1-18	18	1-18
C2CD3	ENST00000334126	33	0		3	10-11,14	19	2-5,7-8,10-11,14,16-19,21,23-25,27,33
C2orf69	ENST00000319974	2	0		0		1	2
C3	ENST00000245907	41	0		0		0	
C3orf52	ENST00000264848	6	0		1	6	2	5-6
C4A	ENST00000428956	41	1	29	3	9,23,29	33	1-3,5-15,17-20,22-24,28-33,35-37,39-41
C4B	ENST00000435363	41	2	21,23	7	9,20-21,23-25,31	38	1-15,17-18,20-33,35-41
C5	ENST00000223642	41	0		0		1	12
C5orf47	ENST00000340147	4	1	1	1	1	2	1,3
C6	ENST00000337836	17	0		0		0	
C7	ENST00000313164	18	0		3	15,17-18	7	4,6,11-12,15,17-18
C8A	ENST00000361249	11	0		0		0	
C8B	ENST00000371237	12	0		0		0	
C9	ENST00000263408	11	0		0		0	
C9orf72	ENST00000380003	10	1	4	2	2,4	4	2,4,8,11
CA12	ENST00000178638	11	0		0		0	
CA2	ENST00000285379	7	0		0		0	
CA4	ENST00000300900	8	0		0		0	
CA5A	ENST00000649794	7	0		0		0	
CA8	ENST00000317995	8	0		0		0	
CABIN1	ENST00000263119	36	0		0		0	
CABP2	ENST00000294288	7	0		0		1	2
CABP4	ENST00000325656	6	0		0		0	
CACNA1A	ENST00000360228	47	0		1	47	1	47
CACNA1A	ENST00000638009	47	2	35,47	6	1,6,19,35,45,47	13	1,6,16,19-20,24,26-28,35,41,45,47
CACNA1B	ENST00000371372	47	4	1,19,30-31	5	1,19,30-31,47	6	1,19,30-31,46-47
CACNA1C	ENST00000399603	47	0		0		0	
CACNA1C	ENST00000399655	47	0		3	2,42,47	7	2,4,32,35,42,46-47
CACNA1D	ENST00000288139	49	0		0		0	
CACNA1D	ENST00000350061	48	0		0		0	
CACNA1E	ENST00000367573	48	1	39	1	39	5	7,20-21,31,39
CACNA1F	ENST00000323022	48	0		0		0	
CACNA1G	ENST00000359106	38	1	33	3	6,9,33	5	6,9,11,33,37
CACNA1H	ENST00000348261	34	1	2	2	2,10	6	2,10,17,27,34-35
CACNA1I	ENST00000402142	37	2	32,37	2	32,37	6	8,10,28,31-32,37
CACNA1S	ENST00000362061	44	0		0		0	
CACNA2D1	ENST00000356860	39	0		0		1	14
CACNA2D2	ENST00000424201	38	1	1	1	1	1	1
CACNA2D4	ENST00000382722	38	0		0		1	8
CACNB2	ENST00000324631	14	0		0		0	
CACNB2	ENST00000377329	13	0		0		0	
CACNB4	ENST00000539935	14	0		0		2	11,14
CACNG2	ENST00000300105	4	0		0		0	
CAD	ENST00000264705	44	1	38	3	4,9,38	8	4,9,11,23,31,37-38,40
CADM1	ENST00000331581	12	0		0		0	
CADM3	ENST00000368125	9	0		1	1	2	1,7
CALCR	ENST00000426151	12	0		0		6	4,6-7,9,12,14
CALCRL	ENST00000392370	12	0		0		3	7,9,11
CALM1	ENST00000356978	6	0		0		0	
CALM2	ENST00000272298	6	0		0		0	
CALM3	ENST00000291295	6	0		0		2	1,5
CALR	ENST00000316448	9	0		0		0	
CAMK2A	ENST00000671881	19	1	1	2	1,9	2	1,9
CAMK2B	ENST00000395749	23	0		2	1,19	3	1,19-20
CAMK2D	ENST00000511664	20	0		0		2	10,19
CAMK2G	ENST00000423381	22	1	13	2	1,13	3	1,13,21
CAMK4	ENST00000282356	11	0		1	11	6	2,4,7-9,11
CAMLG	ENST00000297156	4	1	2	1	2	3	2-4
CAMSAP1	ENST00000389532	17	1	1	2	1,8	4	1,6,8,17
CAMTA1	ENST00000303635	23	3	1,10,19	3	1,10,19	5	1,10,15,17,19
CANT1	ENST00000392446	3	0		0		0	
CAP2	ENST00000229922	12	0		0		2	8,12
CAPN1	ENST00000279247	21	0		0		1	2
CAPN10	ENST00000391984	12	0		1	9	3	1,9-10
CAPN15	ENST00000219611	11	1	8	1	8	2	8,14
CAPN3	ENST00000397163	24	0		0		0	
CAPN5	ENST00000648180	12	0		0		1	11
CAPNS1	ENST00000246533	10	1	2	4	2-3,10-11	4	2-3,10-11
CAPRIN1	ENST00000341394	18	0		0		3	11,16-17
CAPS2	ENST00000699294	16	1	17	2	8,17	7	5-8,14-15,17
CAPZA2	ENST00000361183	10	0		0		0	
CARD10	ENST00000251973	20	0		1	8	3	8-9,20
CARD11	ENST00000396946	24	1	10	2	3,10	3	3,10,16
CARD14	ENST00000648509	20	3	7,12,20	3	7,12,20	3	7,12,20
CARD8	ENST00000651546	11	0		0		2	5,11
CARD9	ENST00000371732	12	0		0		0	
CARMIL2	ENST00000334583	38	1	29	3	14-15,29	5	13-15,29,38
CARS1	ENST00000380525	23	0		4	3,8,12,16	18	2-16,20,22-23
CARS2	ENST00000257347	15	1	1	2	1-2	2	1-2
CARTPT	ENST00000296777	3	0		0		0	
CASK	ENST00000378163	27	1	7	2	7,21	3	7,9,21
CASP10	ENST00000286186	9	0		0		0	
CASP14	ENST00000427043	6	0		0		0	
CASP2	ENST00000310447	11	0		0		0	
CASP8	ENST00000673742	8	0		0		0	
CASQ1	ENST00000368078	11	0		0		0	
CASQ2	ENST00000261448	11	0		0		0	
CASR	ENST00000639785	6	0		0		0	
CAST	ENST00000675179	31	1	1	1	1	4	1,11,14,22
CASZ1	ENST00000377022	18	2	10,21	2	10,21	5	5,10-12,21
CAT	ENST00000241052	13	0		0		0	
CATIP	ENST00000289388	10	0		0		0	
CATSPER1	ENST00000312106	12	0		0		0	
CATSPERT	ENST00000439140	16	0		0		6	2,9,11,13,15-16
CAV1	ENST00000341049	3	0		0		0	
CAV2	ENST00000222693	3	0		0		1	3
CAV3	ENST00000343849	2	0		0		0	
CAVIN1	ENST00000357037	2	0		0		0	
CBFB	ENST00000412916	6	0		0		0	
CBL	ENST00000264033	16	0		0		0	
CBLB	ENST00000394030	18	0		0		0	
CBLIF	ENST00000257248	9	0		0		0	
CBS	ENST00000398165	15	0		1	3	2	3,6
CBX1	ENST00000225603	4	0		0		1	5
CBX2	ENST00000310942	5	0		1	1	1	1
CBY1	ENST00000216029	4	0		0		0	
CC2D1A	ENST00000318003	29	0		1	2	3	2,9,29
CC2D2A	ENST00000424120	36	1	37	2	9,37	15	9-10,12-13,16-18,20,29,31-34,36-37
CCBE1	ENST00000439986	11	0		0		0	
CCDC120	ENST00000603986	10	1	6	3	6,8,11	6	3,5-6,8,10-11
CCDC134	ENST00000255784	6	0		0		0	
CCDC141	ENST00000443758	24	0		1	15	11	3-8,11,15-16,23-24
CCDC146	ENST00000285871	18	0		0		2	9,11
CCDC158	ENST00000682701	23	0		0		5	4,6,12,14,23
CCDC174	ENST00000383794	11	2	3,6	2	3,6	5	3,5-7,11
CCDC22	ENST00000376227	17	0		1	7	2	2,7
CCDC28B	ENST00000373602	5	0		1	3	1	3
CCDC32	ENST00000416810	3	0		0		0	
CCDC34	ENST00000328697	6	0		1	1	2	1,5
CCDC39	ENST00000476379	20	0		3	10,17-18	7	4,7,10,13,17-19
CCDC40	ENST00000397545	20	0		0		0	
CCDC47	ENST00000225726	12	1	11	3	7,11-12	6	2-4,7,11-12
CCDC50	ENST00000392455	12	0		0		0	
CCDC62	ENST00000253079	12	1	1	1	1	3	1-2,5
CCDC78	ENST00000345165	14	0		1	10	1	10
CCDC8	ENST00000307522	1	0		0		0	
CCDC82	ENST00000646818	7	0		0		4	4-5,7,9
CCDC88A	ENST00000436346	32	0		4	15,18,20,22	16	8,10-16,18-23,27,30
CCDC88C	ENST00000389857	30	0		2	28-29	7	1,13,15,18,28-30
CCDC91	ENST00000536442	12	0		0		3	4-5,13
CCIN	ENST00000335119	1	0		0		0	
CCL11	ENST00000305869	3	0		0		1	3
CCL2	ENST00000225831	3	0		0		1	3
CCL3	ENST00000613922	3	0		1	1	2	1-2
CCL5	ENST00000605140	3	0		0		1	2
CCM2	ENST00000258781	10	0		0		1	1
CCN2	ENST00000367976	5	1	2	2	1-2	2	1-2
CCN6	ENST00000368666	5	0		0		0	
CCNA2	ENST00000274026	8	0		0		2	3,5
CCND1	ENST00000227507	5	1	5	1	5	1	5
CCND2	ENST00000261254	5	0		0		0	
CCNF	ENST00000397066	17	1	1	1	1	2	1,17
CCNK	ENST00000389879	10	1	11	1	11	2	4,11
CCNO	ENST00000282572	3	0		0		1	3
CCNQ	ENST00000576892	5	1	1	1	1	1	1
CCP110	ENST00000694978	13	0		0		4	2,4,6,9
CCR2	ENST00000445132	1	0		0		0	
CCR5	ENST00000292303	1	0		0		1	2
CCT2	ENST00000299300	16	0		0		3	9,15-16
CCT3	ENST00000295688	14	0		1	1	2	1,11
CCT4	ENST00000394440	14	0		0		1	8
CCT5	ENST00000280326	11	0		0		0	
CCT6A	ENST00000275603	14	1	6	1	6	5	4,6-8,11
CCT7	ENST00000258091	12	0		0		1	8
CCT8	ENST00000286788	15	0		0		2	3,8
CD151	ENST00000397420	7	1	3	1	3	1	3
CD164	ENST00000310786	6	0		0		0	
CD19	ENST00000538922	14	0		0		0	
CD207	ENST00000410009	6	1	3	1	3	3	3-4,6
CD209	ENST00000315599	7	0		0		0	
CD244	ENST00000368034	9	0		0		1	2
CD247	ENST00000362089	8	0		0		0	
CD27	ENST00000266557	6	0		0		1	6
CD274	ENST00000381577	6	0		1	3	1	3
CD28	ENST00000324106	4	0		1	2	1	2
CD2AP	ENST00000359314	18	0		0		0	
CD320	ENST00000301458	5	0		0		0	
CD36	ENST00000447544	12	0		0		0	
CD3D	ENST00000300692	5	0		0		0	
CD3E	ENST00000361763	8	0		0		0	
CD3G	ENST00000532917	6	0		0		0	
CD4	ENST00000011653	9	0		0		0	
CD40	ENST00000372285	9	0		0		0	
CD40LG	ENST00000370629	5	0		0		2	2,5
CD44	ENST00000428726	18	0		0		1	3
CD46	ENST00000367042	12	0		0		0	
CD55	ENST00000367064	10	0		2	3,6	3	2-3,6
CD59	ENST00000642928	3	0		0		0	
CD70	ENST00000245903	3	0		0		1	3
CD79A	ENST00000221972	5	0		0		0	
CD79B	ENST00000006750	6	0		0		0	
CD81	ENST00000263645	8	0		1	1	1	1
CD8A	ENST00000283635	6	0		1	3	1	3
CD96	ENST00000352690	14	0		0		0	
CDAN1	ENST00000356231	28	0		1	2	2	1-2
CDC14A	ENST00000336454	16	1	6	2	6,11	4	2,6,11,15
CDC20	ENST00000310955	10	0		0		0	
CDC40	ENST00000307731	15	0		0		4	4-5,7,14
CDC42	ENST00000656825	5	0		1	4	1	4
CDC42BPB	ENST00000361246	37	1	25	2	1,25	4	1,10,25,35
CDC45	ENST00000263201	18	0		0		2	14-15
CDC6	ENST00000209728	11	0		0		0	
CDC73	ENST00000367435	17	0		0		0	
CDCA7	ENST00000306721	10	0		0		1	1
CDH1	ENST00000261769	16	0		0		0	
CDH11	ENST00000268603	11	0		0		5	4,6-8,13
CDH15	ENST00000289746	14	0		0		1	2
CDH2	ENST00000269141	16	0		1	1	7	1-2,5-6,10-12
CDH23	ENST00000224721	69	0		3	7,48,70	10	7,16,38,41,48,50-51,56,61,70
CDH3	ENST00000264012	16	0		0		1	13
CDH4	ENST00000614565	16	1	12	4	1,8,10,12	9	1,6,8-13,16
CDHR1	ENST00000623527	17	0		0		0	
CDIN1	ENST00000566621	11	0		0		1	10
CDK10	ENST00000353379	13	0		0		0	
CDK13	ENST00000181839	14	1	1	3	1-2,14	6	1-2,5,10-11,14
CDK16	ENST00000357227	15	0		0		1	8
CDK19	ENST00000368911	13	0		1	12	3	5,7,12
CDK20	ENST00000325303	8	1	8	1	8	1	8
CDK4	ENST00000257904	7	0		0		0	
CDK5	ENST00000485972	12	0		0		0	
CDK5RAP2	ENST00000349780	38	0		0		0	
CDK6	ENST00000424848	7	0		0		3	2,4-5
CDK8	ENST00000381527	13	0		0		3	6-8
CDK9	ENST00000373264	7	0		0		0	
CDKL5	ENST00000623535	17	0		0		2	12,18
CDKN1B	ENST00000228872	2	0		0		0	
CDKN1C	ENST00000440480	2	1	2	2	2-3	2	2-3
CDKN2A	ENST00000304494	3	0		0		0	
CDKN2A	ENST00000579755	2	0		0		0	
CDKN2B	ENST00000276925	2	0		0		0	
CDO1	ENST00000250535	5	0		1	4	2	3-4
CDON	ENST00000531738	19	0		0		0	
CDSN	ENST00000376288	2	2	1-2	2	1-2	2	1-2
CDT1	ENST00000301019	10	1	1	1	1	1	1
CEACAM16	ENST00000587331	6	0		1	3	4	3-6
CEACAM3	ENST00000357396	7	0		0		1	2
CEACAM6	ENST00000199764	5	0		0		3	2-4
CEBPA	ENST00000498907	1	1	1	1	1	1	1
CEBPE	ENST00000206513	2	0		0		0	
CEL	ENST00000372080	11	1	11	1	11	1	11
CELA2A	ENST00000359621	8	0		0		0	
CELF2	ENST00000633077	13	1	9	2	7,9	3	1,7,9
CELF4	ENST00000420428	12	0		1	8	4	1-2,7-8
CELSR1	ENST00000674500	35	1	1	1	1	4	1-2,12-13
CELSR3	ENST00000164024	35	2	3,6	3	2-3,6	4	2-3,6,34
CENATAC	ENST00000334418	11	0		0		1	9
CENPE	ENST00000265148	49	1	3	6	3,22,24,27,36,42	27	3,11-14,18,20,22-24,26-34,36-38,40,42-43,47-48
CENPF	ENST00000366955	19	0		0		8	3,6-7,15-19
CENPI	ENST00000682095	20	1	16	4	5,11,16-17	13	3-5,7,9-14,16-18
CENPT	ENST00000562787	13	0		0		2	10,14
CEP104	ENST00000378230	21	0		1	14	1	14
CEP112	ENST00000535342	26	1	10	1	10	7	2-4,10-11,13,20
CEP120	ENST00000306467	20	0		1	12	8	4-5,9-12,19-20
CEP131	ENST00000450824	25	2	3,12	2	3,12	2	3,12
CEP135	ENST00000257287	24	0		1	3	12	2-5,8,10-13,17,21-22
CEP152	ENST00000380950	26	0		1	20	2	20,22
CEP164	ENST00000278935	31	0		1	27	4	6,8-9,27
CEP19	ENST00000409690	2	0		0		1	3
CEP250	ENST00000397527	32	0		2	4,26	3	4,13,26
CEP290	ENST00000552810	53	1	32	4	12,22,31-32	11	6,12-13,15,22,28,31-32,37-38,54
CEP295	ENST00000325212	29	0		2	12,21	11	7,9-10,12,16-18,21,23-25
CEP41	ENST00000223208	11	0		0		0	
CEP43	ENST00000366847	13	0		1	8	4	1,5,8,12
CEP55	ENST00000371485	8	1	8	2	6,8	5	3,5-6,8-9
CEP57	ENST00000325542	11	0		0		1	9
CEP63	ENST00000675561	14	0		0		0	
CEP78	ENST00000643273	17	0		1	16	5	1,5,13-14,16
CEP83	ENST00000397809	15	1	15	3	8,15-16	6	3,6-8,15-16
CEP85L	ENST00000368491	13	0		0		7	2,5-7,11-13
CEP89	ENST00000305768	19	1	1	2	1,4	3	1,4-5
CERKL	ENST00000410087	13	0		0		0	
CERS1	ENST00000623882	7	2	1,7	2	1,7	3	1,4,7
CERS3	ENST00000679737	10	0		1	11	2	9,11
CERT1	ENST00000643780	17	0		0		6	1-2,5,7,13,17
CES1	ENST00000360526	14	0		0		4	8-9,11-12
CETP	ENST00000200676	16	0		0		0	
CFAP206	ENST00000369562	12	0		0		5	5-6,8,10-11
CFAP221	ENST00000413369	23	1	4	1	4	4	2,4,8,18
CFAP251	ENST00000288912	21	0		1	3	4	2-3,8,11
CFAP276	ENST00000369948	5	0		0		0	
CFAP298	ENST00000290155	7	1	6	1	6	2	6-7
CFAP300	ENST00000434758	7	0		1	1	4	1,3-5
CFAP410	ENST00000339818	7	0		0		2	4,6
CFAP418	ENST00000286688	6	0		0		0	
CFAP43	ENST00000357060	38	1	17	1	17	11	2,4,6,8,14,17,23,34-36,38
CFAP44	ENST00000393845	34	2	17,23	8	5,7,12,16-17,23,27,33	21	3-5,7,9-10,12-13,15-19,21,23,26-28,33-35
CFAP45	ENST00000368099	12	0		0		0	
CFAP46	ENST00000368586	58	0		2	28,48	8	11,18,20,24,28,48,55,58
CFAP47	ENST00000378653	64	20	17-25,33,36-45	48	1,5-9,12,14,16-26,29-30,32-50,52,54,56,58-59,61-62,64	63	1-56,58-64
CFAP52	ENST00000352665	14	0		0		2	4,14
CFAP53	ENST00000398545	8	1	7	1	7	3	3-4,7
CFAP54	ENST00000524981	67	1	28	6	14,20,22,26,28,47	36	1,3-4,6,9-11,13-14,16,19-20,22-24,26-28,30-31,33,35-36,40,44-45,47,53-56,60-64
CFAP57	ENST00000372492	22	0		2	13,15	4	13,15,17,23
CFAP58	ENST00000369704	18	0		0		4	2,5,9,17
CFAP61	ENST00000245957	26	3	3,12,24	3	3,12,24	5	3,12,22-24
CFAP65	ENST00000341552	33	1	13	2	13,19	4	3,5,13,19
CFAP69	ENST00000389297	23	0		2	11,13	7	8,11,13,15,18,22-23
CFAP70	ENST00000355577	27	0		0		6	6,10-11,15,22-23
CFAP74	ENST00000682832	38	1	9	2	7,9	7	3,7,9,26,34,36-37
CFAP91	ENST00000273390	17	0		0		2	3,15
CFB	ENST00000425368	18	1	3	16	1-13,15-16,18	18	1-18
CFC1	ENST00000259216	6	0		0		0	
CFD	ENST00000327726	5	1	2	1	2	3	2,4-5
CFH	ENST00000367429	22	0		1	16	1	16
CFHR1	ENST00000320493	6	0		0		0	
CFHR3	ENST00000367425	6	0		0		0	
CFHR5	ENST00000256785	10	0		0		0	
CFI	ENST00000394634	13	0		0		0	
CFL2	ENST00000298159	4	0		0		0	
CFP	ENST00000396992	9	0		0		0	
CFTR	ENST00000003084	27	0		0		2	4,14
CHAF1A	ENST00000301280	15	2	1,11	2	1,11	4	1,11,13,15
CHAF1B	ENST00000314103	13	0		0		2	6,12
CHAMP1	ENST00000361283	1	0		0		0	
CHAT	ENST00000337653	15	0		0		0	
CHCHD10	ENST00000484558	4	1	2	1	2	3	1-3
CHCHD2	ENST00000395422	4	0		1	3	1	3
CHD1	ENST00000614616	35	0		4	12,19,33,36	18	7-10,12,14-17,19-20,23,26,28,32-33,35-36
CHD1L	ENST00000369258	23	1	13	1	13	6	1-2,8,13,15-16
CHD2	ENST00000394196	38	1	34	1	34	11	9,12,16-19,25-26,34,38-39
CHD3	ENST00000330494	40	0		4	5,13,18,40	12	3-6,10,13,16,18-19,33-34,40
CHD4	ENST00000544040	39	0		3	11,27,31	6	2,11,15,19,27,31
CHD5	ENST00000262450	41	0		4	9,30-31,39	7	1,5,9,30-31,38-39
CHD7	ENST00000423902	37	3	3,31,34	7	3,12,19,22,31,33-34	17	3,11-12,14-15,18-19,21-23,25,31-35,38
CHD8	ENST00000646647	37	3	11,29,35	5	11,23,29,34-35	14	4-5,11,13,15-16,18-19,22-23,29-30,34-35
CHEK1	ENST00000438015	12	0		0		5	3,6-8,10
CHEK2	ENST00000404276	14	0		0		0	
CHI3L1	ENST00000255409	10	0		0		0	
CHIC2	ENST00000263921	6	0		0		1	3
CHIT1	ENST00000367229	11	0		0		0	
CHKA	ENST00000265689	12	1	1	1	1	1	1
CHKB	ENST00000406938	11	0		0		0	
CHL1	ENST00000256509	26	0		0		12	5,7,10,12,14,16,20-21,24-27
CHM	ENST00000357749	15	0		1	9	3	5,7,9
CHMP1A	ENST00000397901	7	0		0		2	2,7
CHMP2B	ENST00000263780	6	0		0		0	
CHMP4B	ENST00000217402	5	0		0		1	1
CHN1	ENST00000409900	13	1	13	2	6,13	5	6,9,11-13
CHP1	ENST00000334660	7	0		0		0	
CHRD	ENST00000204604	23	1	1	1	1	2	1,13
CHRDL1	ENST00000372042	11	0		1	10	11	2-12
CHRM1	ENST00000306960	1	0		0		0	
CHRM3	ENST00000676153	1	0		0		0	
CHRNA1	ENST00000348749	9	0		0		0	
CHRNA2	ENST00000407991	6	0		0		0	
CHRNA3	ENST00000326828	6	1	6	2	1,6	2	1,6
CHRNA4	ENST00000370263	6	0		0		1	5
CHRNA5	ENST00000299565	6	1	1	1	1	4	1,4-6
CHRNA7	ENST00000306901	10	0		2	1,4	3	1-2,4
CHRNB1	ENST00000306071	11	0		0		0	
CHRNB2	ENST00000368476	6	0		0		0	
CHRNB4	ENST00000261751	6	1	6	2	5-6	2	5-6
CHRND	ENST00000258385	12	0		0		0	
CHRNE	ENST00000649488	12	0		0		0	
CHRNG	ENST00000651502	12	0		0		0	
CHST11	ENST00000303694	3	0		0		0	
CHST14	ENST00000306243	1	0		1	1	1	1
CHST3	ENST00000373115	2	0		0		0	
CHST6	ENST00000332272	1	0		0		0	
CHST8	ENST00000650847	3	0		0		1	5
CHSY1	ENST00000254190	3	1	1	1	1	1	1
CHUK	ENST00000370397	21	0		0		0	
CIAO1	ENST00000488633	7	0		0		1	1
CIAO3	ENST00000251588	11	0		0		0	
CIB1	ENST00000328649	7	0		1	1	1	1
CIB2	ENST00000258930	6	0		0		1	1
CIBAR1	ENST00000518322	9	0		0		1	4
CIC	ENST00000681038	20	1	2	2	2,21	2	2,21
CIDEC	ENST00000336832	5	0		0		0	
CIITA	ENST00000324288	19	0		0		1	11
CILK1	ENST00000676107	13	0		0		0	
CILP	ENST00000261883	8	0		0		0	
CIROP	ENST00000637218	16	8	5-8,13-16	8	5-8,13-16	9	1,5-8,13-16
CIROZ	ENST00000377004	12	1	12	1	12	1	12
CISD2	ENST00000273986	3	0		0		0	
CISH	ENST00000348721	3	0		0		1	2
CIT	ENST00000392521	47	1	10	2	10,47	2	10,47
CITED2	ENST00000367651	1	0		0		1	2
CIZ1	ENST00000372938	16	0		0		3	5,10,17
CKAP2L	ENST00000302450	9	0		0		3	4,8-9
CLASP1	ENST00000696935	40	1	24	2	24,26	10	2,13,17,24,26,29,33-35,39
CLCA2	ENST00000370565	14	1	9	4	3,9,11,14	9	1,3,6,8-12,14
CLCA4	ENST00000370563	14	1	14	2	5,14	10	3-5,7-12,14
CLCC1	ENST00000369969	10	1	10	1	10	3	6,10-11
CLCF1	ENST00000312438	3	0		0		1	1
CLCN1	ENST00000343257	23	0		0		0	
CLCN2	ENST00000265593	24	0		0		0	
CLCN3	ENST00000513761	12	0		1	11	4	2,4,9,11
CLCN4	ENST00000380833	11	0		2	9,13	8	3,5-7,9-11,13
CLCN5	ENST00000376091	13	0		2	4-5	2	4-5
CLCN6	ENST00000346436	23	0		1	1	1	1
CLCN7	ENST00000382745	25	1	1	1	1	1	1
CLCNKA	ENST00000331433	19	0		1	2	1	2
CLCNKB	ENST00000375679	19	0		0		0	
CLDN1	ENST00000295522	4	0		0		0	
CLDN10	ENST00000299339	5	0		0		1	2
CLDN11	ENST00000064724	3	0		0		0	
CLDN14	ENST00000399135	1	0		0		0	
CLDN16	ENST00000264734	5	0		0		0	
CLDN19	ENST00000296387	5	0		0		0	
CLDN2	ENST00000336803	1	0		1	2	1	2
CLDN5	ENST00000618236	1	0		0		0	
CLDN9	ENST00000445369	1	0		1	1	1	1
CLEC1A	ENST00000315330	6	0		0		3	3-4,6
CLEC3B	ENST00000296130	3	0		0		1	3
CLEC4C	ENST00000360345	6	0		0		0	
CLEC4M	ENST00000327325	7	0		0		1	6
CLEC7A	ENST00000304084	6	0		0		2	2-3
CLIC2	ENST00000369449	6	0		0		0	
CLIC5	ENST00000339561	6	1	5	2	3,5	2	3,5
CLIP1	ENST00000620786	25	1	21	2	11,21	3	3,11,21
CLMP	ENST00000448775	7	0		0		1	7
CLN3	ENST00000636147	15	0		0		0	
CLN5	ENST00000377453	4	0		0		1	4
CLN6	ENST00000249806	7	0		0		1	1
CLN8	ENST00000331222	2	0		0		1	3
CLP1	ENST00000533682	2	0		1	2	2	2-3
CLPB	ENST00000294053	17	0		0		0	
CLPB	ENST00000538039	16	0		1	16	3	1,11,16
CLPP	ENST00000245816	6	0		0		0	
CLPX	ENST00000300107	14	0		1	11	5	5,7-8,11,13
CLRN1	ENST00000327047	3	0		0		0	
CLRN2	ENST00000511148	3	0		0		0	
CLTC	ENST00000269122	32	0		3	5-6,20	15	3-6,9,11,13-15,17,20-22,26,29
CLTCL1	ENST00000427926	32	0		0		2	1,7
CLTRN	ENST00000380342	6	0		2	5-6	3	4-6
CLXN	ENST00000262103	6	0		0		2	2,4
CMAS	ENST00000229329	8	0		1	1	3	1,7-8
CMPK2	ENST00000256722	5	2	1-2	2	1-2	3	1-2,4
CMTR2	ENST00000434935	1	0		0		0	
CNBP	ENST00000422453	4	0		0		0	
CNGA1	ENST00000514170	8	0		0		1	4
CNGA2	ENST00000329903	6	0		0		1	7
CNGA3	ENST00000272602	7	0		0		0	
CNGB1	ENST00000251102	32	0		0		0	
CNGB3	ENST00000320005	18	0		0		0	
CNKSR1	ENST00000361530	21	0		0		0	
CNKSR2	ENST00000379510	22	1	18	6	4,11,13,15,18,21	18	2,4-13,15,17-22
CNNM2	ENST00000369878	8	0		0		3	2,4,7
CNNM4	ENST00000377075	7	1	1	1	1	1	1
CNOT1	ENST00000317147	48	0		2	31,39	17	9,11,17,21-24,27,30-31,35,39,41,43-44,47-48
CNOT2	ENST00000229195	15	0		1	6	6	3,5-6,10-11,14
CNOT3	ENST00000221232	17	14	2-5,7,10-18	16	2-8,10-18	16	2-8,10-18
CNOT9	ENST00000273064	8	0		0		2	2,5
CNP	ENST00000393892	4	0		0		2	1,4
CNPY3	ENST00000372836	6	0		1	1	1	1
CNTN1	ENST00000551295	23	0		0		0	
CNTN2	ENST00000331830	22	0		1	4	6	4,8-9,11,16-17
CNTN6	ENST00000446702	22	1	14	3	11,13-14	11	3-4,8,11,13-16,20,22-23
CNTNAP1	ENST00000264638	24	1	16	1	16	2	16,24
CNTNAP2	ENST00000361727	24	0		0		0	
COA3	ENST00000328434	2	0		0		0	
COA5	ENST00000328709	3	0		0		0	
COA6	ENST00000366615	3	0		0		1	1
COA7	ENST00000371538	3	0		0		1	3
COA8	ENST00000409074	5	0		0		1	1
COASY	ENST00000393818	9	0		0		3	1-2,4
COCH	ENST00000396618	11	0		0		1	11
COG1	ENST00000299886	14	0		1	1	1	1
COG2	ENST00000366669	18	0		0		4	5,8-9,16
COG3	ENST00000349995	23	1	16	2	9,16	8	4,6-7,9-10,12,16,21
COG4	ENST00000323786	19	0		0		0	
COG5	ENST00000297135	22	0		0		0	
COG6	ENST00000455146	19	0		0		0	
COG7	ENST00000307149	17	0		0		0	
COG8	ENST00000306875	5	0		0		0	
COL10A1	ENST00000651968	2	0		1	3	1	3
COL11A1	ENST00000370096	67	0		0		1	22
COL11A2	ENST00000341947	66	28	2,8,11-13,26-27,29,31-32,35-38,40-42,45-46,49-50,52-54,56,60,64-65	65	1-42,44-66	66	1-66
COL12A1	ENST00000322507	65	0		2	4,21	24	2-4,6-7,10-11,13-14,16,21,23,27,34-35,38-40,44,49-50,52,54,56
COL13A1	ENST00000645393	41	4	5,21,23,40	4	5,21,23,40	7	5,13,21,23,29-30,40
COL14A1	ENST00000297848	47	0		1	48	15	3-4,7,10-12,14,19,24,26,28,32,34,45,48
COL17A1	ENST00000648076	55	0		0		1	10
COL18A1	ENST00000651438	42	2	1-2	2	1-2	3	1-2,34
COL1A1	ENST00000225964	51	0		1	5	1	5
COL1A2	ENST00000297268	52	0		0		2	3,6
COL20A1	ENST00000358894	34	0		0		4	8-9,15,31
COL25A1	ENST00000399132	37	0		0		5	10,12,30,35-36
COL27A1	ENST00000356083	61	3	1,17,29	4	1,17,22,29	4	1,17,22,29
COL2A1	ENST00000380518	54	0		0		0	
COL3A1	ENST00000304636	51	0		0		0	
COL4A1	ENST00000375820	52	0		0		1	1
COL4A2	ENST00000360467	47	1	31	4	24,31,33,43	9	5,19,24,29-31,33,36,43
COL4A3	ENST00000396578	52	0		0		3	1,15,42
COL4A4	ENST00000396625	47	0		0		1	46
COL4A5	ENST00000328300	53	0		1	41	3	10,41,44
COL4A6	ENST00000334504	45	0		5	21-22,26,31,38	24	3,6,8,10-12,15-16,19-23,26-29,31,38-39,41-43,45
COL5A1	ENST00000371817	66	1	1	1	1	1	1
COL5A2	ENST00000374866	54	0		0		0	
COL6A1	ENST00000361866	35	0		0		0	
COL6A2	ENST00000300527	27	0		0		0	
COL6A2	ENST00000397763	27	0		0		1	28
COL6A3	ENST00000295550	43	0		0		2	9,36
COL6A6	ENST00000358511	36	2	29,37	2	29,37	12	3-9,11,29,33,35,37
COL7A1	ENST00000681320	118	0		0		0	
COL8A2	ENST00000397799	2	0		1	4	1	4
COL9A1	ENST00000357250	38	0		0		0	
COL9A2	ENST00000372748	32	0		0		0	
COL9A3	ENST00000649368	32	0		1	1	1	1
COLEC10	ENST00000332843	6	0		1	6	3	1,3,6
COLEC11	ENST00000349077	6	0		0		0	
COLGALT1	ENST00000252599	12	1	1	1	1	1	1
COLQ	ENST00000383788	17	0		0		0	
COMP	ENST00000222271	19	0		1	5	1	5
COMT	ENST00000361682	4	0		0		0	
COPA	ENST00000241704	33	0		0		2	18,28
COPB1	ENST00000439561	21	1	4	1	4	6	3-4,10,13,16-17
COPB2	ENST00000333188	22	2	2,8	2	2,8	7	2,5,8,11,13,15,22
COPG1	ENST00000314797	24	1	23	2	20,23	4	1,14,20,23
COQ2	ENST00000647002	7	0		1	1	2	1,5
COQ4	ENST00000300452	7	0		0		1	7
COQ5	ENST00000288532	7	0		0		0	
COQ6	ENST00000334571	12	0		0		1	11
COQ7	ENST00000321998	6	0		0		0	
COQ8A	ENST00000366777	14	0		0		0	
COQ8B	ENST00000324464	14	1	10	2	9-10	3	6,9-10
COQ9	ENST00000262507	9	0		1	1	1	1
CORIN	ENST00000273857	22	1	15	2	5,15	6	5,11-12,15,21-22
CORO1A	ENST00000219150	10	0		0		0	
COX10	ENST00000261643	7	0		0		1	7
COX11	ENST00000299335	4	0		1	1	2	1,4
COX14	ENST00000550487	1	0		0		0	
COX15	ENST00000016171	9	0		0		0	
COX16	ENST00000389912	4	0		0		1	4
COX18	ENST00000507544	6	0		0		1	1
COX20	ENST00000411948	4	0		0		1	2
COX4I1	ENST00000253452	4	0		0		1	3
COX4I2	ENST00000376075	4	0		0		0	
COX5A	ENST00000322347	4	1	1	1	1	1	1
COX6A1	ENST00000229379	3	0		0		0	
COX6A2	ENST00000287490	3	0		1	2	3	1-3
COX6B1	ENST00000649813	3	0		0		0	
COX7B	ENST00000650309	3	0		0		1	2
COX8A	ENST00000314133	2	0		0		0	
COXFA4	ENST00000339600	4	0		0		0	
CP	ENST00000264613	19	0		0		0	
CPA1	ENST00000011292	10	1	1	1	1	1	1
CPA6	ENST00000297770	11	0		0		2	7,11
CPAMD8	ENST00000443236	42	2	17,40	2	17,40	7	14-15,17,25,35,40-41
CPAP	ENST00000381884	16	0		0		0	
CPE	ENST00000402744	9	1	1	2	1,4	5	1-5
CPLANE1	ENST00000651892	52	0		2	7,33	26	5,7,9,11-12,15-21,23-26,28,31-34,40,42,44,46,52
CPLX1	ENST00000304062	3	1	4	1	4	1	4
CPN1	ENST00000370418	9	0		0		0	
CPNE6	ENST00000689861	15	1	3	2	2-3	2	2-3
CPOX	ENST00000647941	7	1	1	1	1	1	1
CPS1	ENST00000233072	38	0		0		0	
CPSF1	ENST00000616140	37	0		1	22	1	22
CPSF3	ENST00000238112	18	0		0		7	4-5,7-11
CPSF6	ENST00000435070	9	1	2	1	2	6	2-6,9
CPT1A	ENST00000265641	18	0		0		0	
CPT1C	ENST00000598293	18	0		0		2	10,12
CPT2	ENST00000371486	5	0		0		0	
CR1	ENST00000367049	47	0		4	14,33,37,41	14	2,4,8,14,16,30,33-34,37-38,40-43
CR2	ENST00000367057	19	0		0		2	2,14
CRACR2A	ENST00000440314	17	1	6	1	6	2	6,14
CRADD	ENST00000332896	2	0		0		1	2
CRAT	ENST00000318080	14	0		1	2	1	2
CRB1	ENST00000367400	12	0		1	9	2	2,9
CRB2	ENST00000373631	13	0		2	1,10	7	1-3,7,9-10,12
CRBN	ENST00000231948	11	0		0		0	
CREB1	ENST00000353267	7	0		1	6	3	5-7
CREB3L1	ENST00000621158	12	0		0		4	3,5-6,11
CREB3L3	ENST00000078445	10	0		0		1	10
CREBBP	ENST00000262367	31	0		0		0	
CREBRF	ENST00000296953	8	0		0		2	5-6
CRELD1	ENST00000452070	10	0		0		0	
CRH	ENST00000276571	1	0		0		1	2
CRIM1	ENST00000280527	17	0		1	1	8	1-2,6,9,13-14,16-17
CRIPT	ENST00000238892	5	1	3	1	3	1	3
CRIPTO	ENST00000296145	6	0		0		0	
CRLF1	ENST00000392386	9	2	1,7	2	1,7	3	1-2,7
CRLS1	ENST00000378863	7	1	1	1	1	2	1-2
CRPPA	ENST00000407010	10	1	1	1	1	3	1-2,9
CRTAP	ENST00000320954	7	0		1	1	1	1
CRTC1	ENST00000321949	14	0		0		1	8
CRX	ENST00000221996	3	0		0		0	
CRY1	ENST00000008527	12	0		1	1	3	1,5,7
CRYAA	ENST00000291554	3	0		0		0	
CRYAB	ENST00000650687	3	0		0		0	
CRYBA1	ENST00000225387	6	0		0		0	
CRYBA2	ENST00000295728	4	1	1	1	1	1	1
CRYBA4	ENST00000354760	5	0		0		0	
CRYBB1	ENST00000647684	5	0		0		0	
CRYBB2	ENST00000398215	5	0		0		0	
CRYBB3	ENST00000215855	5	0		0		0	
CRYGB	ENST00000260988	3	0		1	3	1	3
CRYGC	ENST00000282141	3	0		0		0	
CRYGD	ENST00000264376	3	0		0		0	
CRYGS	ENST00000307944	3	0		0		0	
CRYM	ENST00000572914	8	0		0		0	
CSDE1	ENST00000358528	18	1	5	1	5	3	5,14,17
CSF1R	ENST00000675795	21	0		0		1	1
CSF2RA	ENST00000381529	11	0		0		0	
CSF2RB	ENST00000403662	13	0		0		0	
CSF3	ENST00000394149	5	0		1	3	2	2-3
CSF3R	ENST00000373106	15	0		0		1	13
CSGALNACT1	ENST00000692225	7	0		0		0	
CSH1	ENST00000316193	5	0		1	2	1	2
CSMD1	ENST00000635120	70	0		3	1,13,29	28	1,4,13-17,21,24,27,29-31,40,42-43,47,50-51,53,55,57-61,64,70
CSMD3	ENST00000297405	71	0		1	7	4	7,22,24,70
CSNK1D	ENST00000314028	9	0		0		0	
CSNK1E	ENST00000396832	9	0		0		0	
CSNK1G1	ENST00000303052	11	0		0		2	5-6
CSNK1G3	ENST00000696905	13	0		0		2	2,6
CSNK2A1	ENST00000217244	12	0		0		0	
CSNK2B	ENST00000375882	6	5	2-4,6-7	6	2-7	6	2-7
CSPG4	ENST00000308508	10	0		3	1,4,10	4	1,4,8,10
CSPP1	ENST00000678616	30	1	12	4	7,12,17-18	9	3,6-8,12,14,17-18,30
CSRP3	ENST00000265968	5	0		0		0	
CST1	ENST00000304749	3	0		0		0	
CST3	ENST00000376925	3	0		1	1	1	1
CST6	ENST00000312134	3	0		0		1	2
CSTA	ENST00000264474	3	0		0		0	
CSTB	ENST00000291568	3	0		0		0	
CSTF2	ENST00000372972	13	2	2,4	3	2,4,11	8	2-6,10-11,13
CT55	ENST00000276241	6	0		1	2	2	2,4
CTBP1	ENST00000382952	9	0		1	10	1	10
CTC1	ENST00000651323	23	0		1	13	4	3,8,13,15
CTCF	ENST00000264010	10	0		1	3	4	3,7-8,12
CTDP1	ENST00000613122	13	1	1	1	1	1	1
CTF1	ENST00000279804	3	1	3	2	1,3	2	1,3
CTH	ENST00000370938	12	0		0		0	
CTHRC1	ENST00000330295	4	0		0		0	
CTLA4	ENST00000648405	4	0		1	4	2	2,4
CTNNA1	ENST00000302763	17	0		0		4	3,6,9,18
CTNNA2	ENST00000402739	18	1	16	4	12,16,18-19	6	3,9,12,16,18-19
CTNNA3	ENST00000433211	17	0		0		5	3,6,9,16,18
CTNNB1	ENST00000349496	14	0		0		0	
CTNNBL1	ENST00000361383	16	0		1	11	1	11
CTNND1	ENST00000399050	19	1	9	2	6,9	6	6-9,15,19
CTNND2	ENST00000304623	22	1	7	4	7,12,15,22	5	7,11-12,15,22
CTNS	ENST00000046640	10	0		0		0	
CTPS1	ENST00000650070	17	0		0		0	
CTR9	ENST00000361367	25	1	20	1	20	9	3,6-7,12,16,18,20,22,25
CTRC	ENST00000375949	8	0		0		0	
CTSA	ENST00000646241	14	0		0		0	
CTSB	ENST00000353047	9	0		1	7	1	7
CTSC	ENST00000227266	7	0		0		0	
CTSD	ENST00000236671	9	0		0		0	
CTSF	ENST00000310325	13	1	1	1	1	1	1
CTSK	ENST00000271651	7	0		0		0	
CTTNBP2	ENST00000160373	23	0		3	1,5,7	8	1,4-5,7-8,10,17,20
CTU2	ENST00000453996	15	0		1	5	2	1,5
CUBN	ENST00000377833	67	0		0		0	
CUL3	ENST00000264414	16	0		2	4,9	7	4-6,8-9,14,16
CUL4B	ENST00000371322	20	0		0		1	1
CUL7	ENST00000265348	25	0		0		1	4
CUX1	ENST00000292535	24	2	20,24	3	15,20,24	5	15,18,20-21,24
CUX1	ENST00000622516	23	0		0		1	11
CUX2	ENST00000261726	22	2	15,20	3	15,17,20	5	15,17,19-21
CWC27	ENST00000381070	14	1	3	2	3,5	6	2-3,5-6,10,13
CWF19L1	ENST00000354105	14	0		0		0	
CX3CR1	ENST00000399220	1	0		0		0	
CXCL12	ENST00000343575	3	0		0		1	1
CXCR1	ENST00000295683	1	0		0		0	
CXCR2	ENST00000318507	1	0		0		1	3
CXCR4	ENST00000241393	2	0		0		0	
CYB561	ENST00000360793	5	0		0		0	
CYB5A	ENST00000340533	5	0		0		0	
CYB5R3	ENST00000352397	9	1	1	1	1	1	1
CYBA	ENST00000261623	6	0		0		0	
CYBB	ENST00000378588	13	0		0		1	8
CYBC1	ENST00000306645	6	0		0		2	6-7
CYBRD1	ENST00000321348	4	0		0		1	3
CYC1	ENST00000318911	7	1	1	1	1	1	1
CYCS	ENST00000305786	2	0		0		0	
CYFIP2	ENST00000620254	30	1	3	2	3,15	3	3,11,15
CYLC1	ENST00000329312	5	1	5	3	2,4-5	4	2-5
CYLC2	ENST00000374798	5	0		0		1	4
CYLD	ENST00000427738	17	0		0		2	3,7
CYP11A1	ENST00000268053	9	0		0		0	
CYP11B1	ENST00000292427	9	0		0		0	
CYP11B2	ENST00000323110	9	0		0		0	
CYP17A1	ENST00000369887	8	0		0		0	
CYP19A1	ENST00000396402	9	0		0		0	
CYP1B1	ENST00000610745	2	0		0		0	
CYP21A2	ENST00000644719	10	1	10	4	1-3,10	9	1-8,10
CYP24A1	ENST00000216862	11	0		0		0	
CYP26B1	ENST00000001146	6	0		0		0	
CYP26C1	ENST00000651965	6	2	3,5	2	3,5	3	3,5-6
CYP27A1	ENST00000258415	9	0		0		1	5
CYP27B1	ENST00000228606	9	0		0		0	
CYP2A6	ENST00000301141	9	0		0		2	1,6
CYP2B6	ENST00000324071	9	0		0		0	
CYP2C19	ENST00000371321	9	0		0		2	4-5
CYP2C8	ENST00000371270	9	0		0		0	
CYP2C9	ENST00000260682	9	0		0		1	5
CYP2D6	ENST00000645361	9	0		1	9	5	1-3,7,9
CYP2R1	ENST00000334636	5	0		0		1	3
CYP2U1	ENST00000332884	5	1	1	1	1	4	1-2,4-5
CYP3A4	ENST00000651514	13	0		0		2	5,8
CYP3A5	ENST00000222982	13	0		0		3	5,10-11
CYP4F22	ENST00000269703	12	0		0		0	
CYP4V2	ENST00000378802	11	0		0		1	1
CYP51A1	ENST00000003100	10	1	8	2	4,8	8	3-10
CYP7A1	ENST00000301645	6	0		0		0	
CYP7B1	ENST00000310193	6	0		0		0	
CYS1	ENST00000381813	3	1	1	1	1	1	1
D2HGDH	ENST00000321264	9	0		0		0	
DAAM2	ENST00000274867	24	0		0		2	6,25
DAB1	ENST00000371236	13	0		0		2	5,12
DACH2	ENST00000373125	12	1	3	4	1,3,5-6	11	1-8,10-12
DACT1	ENST00000395153	4	0		1	1	2	1,3
DAG1	ENST00000308775	2	0		0		0	
DAGLA	ENST00000257215	19	0		0		4	12,14-15,20
DALRD3	ENST00000341949	12	1	2	1	2	2	2,10
DAND5	ENST00000317060	2	0		0		0	
DAO	ENST00000228476	10	0		0		0	
DAOA	ENST00000375936	4	0		0		2	3,5
DAP3	ENST00000368336	12	0		0		0	
DAPK1	ENST00000408954	25	0		0		2	5,24
DARS1	ENST00000264161	16	0		0		4	9-11,13
DARS2	ENST00000649689	17	0		1	13	1	13
DAW1	ENST00000309931	13	0		0		4	2-3,6,9
DAZL	ENST00000399444	11	0		0		0	
DBH	ENST00000393056	12	0		0		0	
DBR1	ENST00000260803	8	0		0		3	6-8
DBT	ENST00000370132	11	0		0		0	
DCAF13	ENST00000612750	11	0		1	8	4	1,8-9,11
DCAF15	ENST00000254337	13	2	1,13	3	1,7,13	3	1,7,13
DCAF17	ENST00000375255	14	0		1	1	2	1,8
DCAF8	ENST00000368074	12	0		0		0	
DCC	ENST00000442544	29	0		0		0	
DCDC2	ENST00000378454	10	0		0		2	7-8
DCHS1	ENST00000299441	20	0		1	10	4	6-7,10,19
DCLRE1B	ENST00000650450	4	0		0		1	3
DCLRE1C	ENST00000378278	14	0		0		0	
DCN	ENST00000052754	7	0		0		0	
DCPS	ENST00000263579	6	0		0		0	
DCT	ENST00000377028	8	0		0		2	2,8
DCTN1	ENST00000628224	32	0		0		0	
DCTN4	ENST00000447998	13	1	5	1	5	2	3,5
DCX	ENST00000636035	6	0		0		0	
DCXR	ENST00000306869	8	0		0		0	
DDB1	ENST00000301764	27	1	2	1	2	1	2
DDB2	ENST00000256996	10	0		0		0	
DDC	ENST00000444124	13	0		0		0	
DDHD1	ENST00000673822	13	0		1	1	8	1-2,4,6-7,10-11,13
DDHD2	ENST00000397166	16	0		1	8	5	5,8,10,13,16
DDOST	ENST00000602624	11	0		1	8	1	8
DDR1	ENST00000376568	17	15	3-8,10-18	17	2-18	17	2-18
DDR2	ENST00000367921	16	0		0		0	
DDRGK1	ENST00000354488	9	0		0		0	
DDX11	ENST00000542838	26	0		0		0	
DDX17	ENST00000403230	13	1	9	1	9	1	9
DDX23	ENST00000308025	16	0		0		0	
DDX25	ENST00000263576	12	0		1	1	3	1,8,11
DDX39B	ENST00000396172	10	10	2-11	10	2-11	10	2-11
DDX3X	ENST00000644876	17	1	16	3	13-14,16	12	3-4,6,8-10,12-17
DDX41	ENST00000330503	17	0		0		0	
DDX53	ENST00000327968	1	0		0		1	1
DDX54	ENST00000306014	20	0		0		1	8
DDX59	ENST00000331314	7	1	2	2	2,8	4	2-3,7-8
DDX6	ENST00000534980	12	0		0		2	2,13
DEAF1	ENST00000382409	12	1	1	1	1	1	1
DECR1	ENST00000220764	10	0		0		3	2-3,5
DEF6	ENST00000316637	11	0		0		2	2,7
DEGS1	ENST00000323699	3	0		0		1	2
DEK	ENST00000652689	10	0		0		3	2,6-7
DENND4B	ENST00000361217	27	0		0		3	15,19-20
DENND5A	ENST00000328194	23	0		0		2	5,9
DENND5B	ENST00000389082	21	1	1	2	1,3	7	1-4,6,15,20
DEPDC5	ENST00000651528	42	0		0		3	25,27,40
DES	ENST00000373960	9	0		0		0	
DGAT1	ENST00000528718	17	1	1	3	1,8-9	4	1,8-10
DGAT2	ENST00000228027	8	1	8	1	8	1	8
DGCR2	ENST00000263196	10	0		0		1	9
DGCR8	ENST00000351989	13	0		0		2	5,9
DGKE	ENST00000284061	11	0		1	5	4	4-6,12
DGUOK	ENST00000264093	7	0		0		0	
DHCR24	ENST00000371269	9	0		0		0	
DHCR7	ENST00000355527	7	0		0		0	
DHDDS	ENST00000236342	8	0		0		0	
DHFR	ENST00000439211	6	0		1	4	2	3-4
DHH	ENST00000649637	3	0		0		1	3
DHODH	ENST00000219240	9	0		0		0	
DHPS	ENST00000210060	9	0		0		0	
DHRS3	ENST00000616661	6	0		0		0	
DHRSX	ENST00000334651	7	1	1	2	1,7	2	1,7
DHTKD1	ENST00000263035	17	2	3,8	3	3-4,8	7	3-5,8,10,13,15
DHX16	ENST00000376442	20	19	1-15,17-20	20	1-20	20	1-20
DHX30	ENST00000445061	20	1	14	1	14	1	14
DHX32	ENST00000284690	11	0		1	1	6	1-4,10-11
DHX34	ENST00000328771	16	0		0		3	6-7,15
DHX37	ENST00000308736	27	0		1	21	5	1,11,18,21,26
DHX38	ENST00000268482	26	1	21	1	21	3	2,21,26
DHX9	ENST00000367549	27	1	2	2	2,12	8	2,6,12-13,15,21,24,28
DIABLO	ENST00000464942	6	0		0		0	
DIAPH1	ENST00000389054	28	0		0		0	
DIAPH2	ENST00000324765	27	2	13,22	6	1,3,7,13,22,24	21	1,3-11,13,17,19-27
DIAPH3	ENST00000400324	28	0		0		0	
DICER1	ENST00000343455	26	0		0		0	
DIO1	ENST00000361921	4	0		0		0	
DIP2A	ENST00000417564	38	0		0		2	1,16
DIP2B	ENST00000301180	38	0		0		4	15,18-19,32
DIP2C	ENST00000280886	37	1	1	1	1	3	1,5,18
DIS3L2	ENST00000325385	20	0		0		4	3,7,9,15
DISC1	ENST00000439617	13	1	11	2	6,11	3	4,6,11
DISP1	ENST00000675850	7	0		0		0	
DKC1	ENST00000369550	15	0		0		0	
DLAT	ENST00000280346	14	0		0		0	
DLC1	ENST00000276297	17	0		0		3	2,10,17
DLD	ENST00000205402	14	0		0		0	
DLG1	ENST00000667157	24	1	2	2	2,9	11	2,4,8-11,13,15,21-22,25
DLG2	ENST00000376104	26	0		1	12	6	3,8,12-13,20,28
DLG3	ENST00000374360	19	0		0		0	
DLG4	ENST00000399506	20	0		1	1	1	1
DLG4	ENST00000648172	22	0		2	4,20	2	4,20
DLG5	ENST00000372391	32	1	1	9	1,4,8,10,15-17,24,27	27	1,3-12,14-28,32
DLGAP2	ENST00000637795	15	4	1-3,9	12	1-3,5-7,9,11-15	15	1-15
DLK1	ENST00000341267	5	0		0		0	
DLL1	ENST00000366756	11	0		1	9	2	1,9
DLL3	ENST00000356433	9	1	7	2	4,7	2	4,7
DLL4	ENST00000249749	11	0		2	4,9	3	4,8-9
DLST	ENST00000334220	15	0		0		2	8,14
DLX3	ENST00000434704	3	0		0		0	
DLX4	ENST00000240306	3	1	3	1	3	2	1,3
DLX5	ENST00000648378	3	0		0		0	
DLX6	ENST00000518156	3	0		1	2	2	1-2
DMAP1	ENST00000372289	10	0		0		1	9
DMBX1	ENST00000360032	4	0		0		0	
DMC1	ENST00000216024	13	0		0		0	
DMD	ENST00000357033	79	0		3	17,48,56	8	17,28,34,43,48,56,58,70
DMGDH	ENST00000255189	16	0		1	1	1	1
DMP1	ENST00000339673	5	0		0		0	
DMPK	ENST00000291270	15	0		2	8,14	4	2,8,10,14
DMRT1	ENST00000382276	5	0		0		0	
DMRT2	ENST00000358146	3	1	2	1	2	1	2
DMRTA2	ENST00000404795	2	1	3	2	2-3	2	2-3
DMXL2	ENST00000560891	44	0		4	7,10-11,30	15	7-12,15,17-18,23-25,28-30
DNA2	ENST00000358410	21	0		1	19	10	1-4,9,12,14-15,19-20
DNAAF1	ENST00000378553	12	0		0		0	
DNAAF11	ENST00000620350	12	0		0		4	4,6,8,12
DNAAF19	ENST00000417826	3	0		0		1	4
DNAAF2	ENST00000298292	3	0		1	3	2	1,3
DNAAF3	ENST00000524407	11	0		1	5	5	5-7,11-12
DNAAF4	ENST00000321149	9	0		0		1	8
DNAAF5	ENST00000297440	13	1	1	1	1	1	1
DNAAF6	ENST00000372453	6	1	3	2	2-3	6	2-7
DNAH1	ENST00000420323	77	2	27,52	2	27,52	8	10,12-13,27,52,59-60,65
DNAH10	ENST00000673944	79	3	1,52,78	30	1,26-28,32,34-37,40-48,52,57,61,63,65-68,73,76-78	63	1,6,9,11-13,15,20-21,25-57,59-79
DNAH11	ENST00000409508	82	1	76	11	6,14-16,23,29,46,55-56,58,76	40	3,6-10,14-16,18,23,25-27,29-30,32-34,40,43,46-47,52,54-56,58-60,63,66-67,70-72,76-78,82
DNAH12	ENST00000495027	73	16	44-59	19	12,42,44-59,65	42	5,7-9,12,16,18,20,24-26,28,31-32,34,37,39-40,42-60,62,65,67-68,74
DNAH14	ENST00000682510	85	7	17,19-20,41,53,62,84	11	16-17,19-20,41,53,55,57,62,79,84	50	4-7,10-11,13,16-17,19-21,23,28-29,31-33,35-36,38-41,45,48-55,57-58,60,62,67-72,74,76-79,81,84
DNAH17	ENST00000389840	80	1	38	2	4,38	9	4,12,15,18,21,25,28,38,63
DNAH2	ENST00000572933	85	5	3,13,34,63,74	8	3,13,34,38,63,74,76-77	13	3,12-13,16,34-35,38,50,63,65,74,76-77
DNAH3	ENST00000698260	61	2	30,37	6	4,6,8,30,37,62	12	4,6,8,11,15,30,37,42,44,49,55,62
DNAH5	ENST00000265104	79	0		0		0	
DNAH6	ENST00000389394	76	0		4	4-5,29,63	34	2,4-5,8-9,13,15-16,18,22-23,28-29,31,34,36,39,42-43,45,48,50,52,54,57,59,62-64,67-70,73
DNAH7	ENST00000312428	65	0		9	7,12,16,20-21,38,43-44,59	36	5,7,9,11-14,16,18-22,24-26,30-31,33-34,38-39,41-47,49,51,53,55,59,61-62
DNAH8	ENST00000327475	92	3	46,64,70	10	13,18,27,46,52-53,64,70,76,88	54	2-4,6,8-9,11-13,18,21-22,24,26-29,34,37-38,40-46,48,51-56,59-60,63-64,69-70,74-76,79,81-82,84-85,87-91,93
DNAH9	ENST00000262442	69	2	26,53	2	26,53	16	1-2,14,16-17,26,31,42-43,50,53,56,58,60,67-68
DNAI1	ENST00000242317	20	0		0		0	
DNAI2	ENST00000311014	12	0		0		0	
DNAJA1	ENST00000330899	8	0		0		1	9
DNAJA3	ENST00000262375	11	1	1	5	1,4-6,8	10	1-6,8-11
DNAJB11	ENST00000265028	10	0		0		2	2,4
DNAJB13	ENST00000339764	8	0		0		1	4
DNAJB2	ENST00000336576	8	0		1	9	1	9
DNAJB4	ENST00000370763	3	0		1	2	2	2-3
DNAJB6	ENST00000262177	9	0		0		0	
DNAJC12	ENST00000225171	5	1	5	1	5	1	5
DNAJC13	ENST00000260818	55	0		4	22,30,32,54	19	4,6,13,15,22-24,30,32,36-38,40-41,43-44,49,51,54
DNAJC16	ENST00000375847	14	1	9	2	4,9	6	4-5,7,9-10,15
DNAJC19	ENST00000382564	6	0		0		0	
DNAJC21	ENST00000648817	12	0		1	1	4	1,4,10,12
DNAJC3	ENST00000602402	12	0		0		2	6,10
DNAJC30	ENST00000395176	1	0		0		1	1
DNAJC5	ENST00000360864	4	0		0		0	
DNAJC6	ENST00000371069	19	0		2	1,7	8	1,7,9-10,12-13,16,18
DNAJC7	ENST00000457167	14	0		0		2	8,12
DNAL1	ENST00000553645	8	0		1	3	2	3,6
DNAL4	ENST00000216068	3	0		0		0	
DNALI1	ENST00000652629	6	0		0		0	
DNASE1	ENST00000246949	8	0		0		0	
DNASE1L3	ENST00000394549	8	0		0		0	
DNASE2	ENST00000222219	6	0		0		0	
DNHD1	ENST00000254579	41	0		3	8,16,37	4	6,8,16,37
DNM1	ENST00000372923	22	0		0		0	
DNM1	ENST00000486160	22	1	21	3	8-9,21	4	7-9,21
DNM1L	ENST00000549701	20	0		0		0	
DNM1L	ENST00000553257	21	0		0		0	
DNM2	ENST00000389253	21	0		1	1	1	1
DNMBP	ENST00000324109	16	0		0		4	3,13,16-17
DNMT1	ENST00000359526	41	0		0		1	25
DNMT3A	ENST00000321117	22	0		0		2	3-4
DNMT3B	ENST00000328111	22	0		0		0	
DOCK11	ENST00000276202	53	2	8,50	14	7-8,15,17,30-31,41-42,46,48-51,53	44	1,4-13,15-17,19-25,27-32,34-36,38-42,45-53
DOCK2	ENST00000520908	52	3	4,18,35	3	4,18,35	7	4,12,18,22,35-36,45
DOCK3	ENST00000266037	53	1	1	2	1,53	11	1,4,9,15-16,18-19,24,30-31,53
DOCK4	ENST00000428084	53	3	7,19,22	4	7,19,22,53	14	5,7,12,15,17,19,22,31,36,41,43,50-51,53
DOCK6	ENST00000294618	48	1	1	1	1	3	1,6,21
DOCK7	ENST00000635253	50	2	1,18	2	1,18	16	1,3,12,15,18,21-22,26,28,30-33,36,40,49
DOCK8	ENST00000432829	48	0		0		0	
DOCK9	ENST00000682017	53	1	39	2	11,39	8	7-8,11,30,35,39,47,50
DOHH	ENST00000427575	4	0		1	4	1	4
DOK7	ENST00000340083	7	0		0		2	1,5
DOLK	ENST00000372586	1	0		0		0	
DONSON	ENST00000303071	10	2	1,10	3	1,3,10	5	1,3-5,10
DOP1A	ENST00000349129	37	1	29	4	6,16,29,39	18	4-7,9,11,14,16-18,20,22-23,29,31-32,34,39
DOT1L	ENST00000398665	28	0		2	1,23	6	1,13,21,23-25
DPAGT1	ENST00000354202	9	0		0		0	
DPF2	ENST00000528416	11	0		0		1	3
DPH1	ENST00000263083	12	0		1	6	1	6
DPH2	ENST00000255108	6	0		0		0	
DPH5	ENST00000370109	7	1	7	1	7	2	4,7
DPM1	ENST00000371588	9	0		0		0	
DPM2	ENST00000314392	4	0		1	3	1	3
DPM3	ENST00000368400	1	0		0		0	
DPP6	ENST00000377770	26	1	1	1	1	2	1,6
DPP9	ENST00000262960	20	0		1	16	3	4,12,16
DPY19L2	ENST00000324472	22	0		2	14,19	10	1,4-6,8,14,18-19,21-22
DPYD	ENST00000370192	23	0		1	6	1	6
DPYS	ENST00000351513	9	0		0		1	1
DPYSL2	ENST00000521913	14	0		0		2	1,10
DPYSL5	ENST00000288699	12	0		0		1	2
DRAM2	ENST00000484310	7	2	4,8	3	4,7-8	3	4,7-8
DRC1	ENST00000288710	17	0		0		1	4
DRC2	ENST00000320516	8	0		0		3	2,6,8
DRC4	ENST00000268699	11	0		1	1	4	1,8,10-11
DRD2	ENST00000362072	7	0		0		0	
DRD3	ENST00000383673	6	1	2	1	2	3	2,5,7
DRD4	ENST00000176183	4	2	1,3	3	1-3	3	1-3
DRD5	ENST00000304374	1	0		0		1	1
DRG1	ENST00000331457	9	1	8	1	8	3	3,7-8
DROSHA	ENST00000344624	33	0		2	5,14	5	5,14,17,21,29
DRP2	ENST00000395209	22	0		1	5	9	4-8,15-16,21,23
DSC2	ENST00000280904	16	0		0		0	
DSC3	ENST00000360428	16	0		0		0	
DSCAM	ENST00000400454	33	1	19	2	2,19	11	1-2,6-9,11-12,19,25,33
DSCAML1	ENST00000651296	33	0		1	1	3	1-2,10
DSE	ENST00000644252	5	1	6	1	6	3	3,5-6
DSG1	ENST00000257192	15	0		1	15	1	15
DSG2	ENST00000261590	15	0		2	1,14	2	1,14
DSG3	ENST00000257189	16	1	9	5	9,11-12,15-16	8	8-13,15-16
DSG4	ENST00000308128	16	0		0		2	12,16
DSP	ENST00000379802	24	0		0		0	
DSPP	ENST00000651931	4	0		0		0	
DST	ENST00000370765	24	0		0		0	
DST	ENST00000680361	104	3	7,60,66	12	7,47-48,52,60,62,65-66,74,87,89,104	33	7,10,12,40-41,43-48,52,57-58,60-62,65-66,68,74-75,79,81,83,87,89,91-92,96,99,101,104
DSTYK	ENST00000367162	13	0		1	3	5	2-3,6,9,13
DTHD1	ENST00000639862	10	1	1	2	1,6	8	1-7,10
DTNA	ENST00000444659	21	0		0		1	11
DTNBP1	ENST00000344537	10	0		0		0	
DTYMK	ENST00000305784	5	0		0		0	
DUOX1	ENST00000389037	33	0		0		0	
DUOX2	ENST00000389039	33	0		0		0	
DUOXA1	ENST00000560572	6	0		0		2	4,9
DUOXA2	ENST00000323030	6	0		1	6	1	6
DUSP6	ENST00000279488	3	0		1	3	1	3
DUSP8	ENST00000397374	6	1	7	3	3-4,7	6	2-7
DUT	ENST00000331200	7	0		1	1	3	1,3,5
DUX4	ENST00000565211	1	0		0		0	
DVL1	ENST00000378888	15	0		1	3	2	3,15
DVL2	ENST00000005340	15	1	14	2	6,14	3	6,10,14
DVL3	ENST00000313143	15	0		0		1	1
DYM	ENST00000675505	17	0		0		1	14
DYNC1H1	ENST00000360184	78	0		0		0	
DYNC1I1	ENST00000447467	16	0		0		3	11-12,16
DYNC1I2	ENST00000397119	17	0		0		6	9,11-14,16
DYNC2H1	ENST00000375735	89	0		0		0	
DYNC2H1	ENST00000650373	90	1	37	9	5-6,11,37,39,44-45,49,57	37	5-6,8-9,11,16-18,30,34,37,39-42,44-45,47-49,51-52,57-58,61-63,66-67,71,77,79,82-85,90
DYNC2I1	ENST00000407559	25	1	1	1	1	5	1,3-5,13
DYNC2I2	ENST00000372715	9	0		3	1-2,7	5	1-2,6-8
DYNC2LI1	ENST00000260605	13	0		0		3	6,10-11
DYNLT2B	ENST00000325318	5	0		0		1	1
DYRK1A	ENST00000647188	11	1	11	2	5,11	8	3,5-8,10-12
DYRK1B	ENST00000323039	10	0		1	11	1	11
DYSF	ENST00000258104	55	0		0		0	
DYSF	ENST00000410020	56	0		0		0	
DZIP1	ENST00000376829	20	0		0		4	5,16-17,22
DZIP1L	ENST00000327532	15	0		2	5,13	3	2,5,13
EARS2	ENST00000449606	9	0		2	4,8	3	1,4,8
EBF2	ENST00000520164	16	0		0		2	9,14
EBF3	ENST00000440978	17	1	8	1	8	4	1-2,8,13
EBP	ENST00000495186	4	0		0		0	
ECE1	ENST00000374893	19	1	1	1	1	1	1
ECE2	ENST00000404464	19	0		1	1	2	1,17
ECEL1	ENST00000304546	17	1	2	1	2	1	2
ECHS1	ENST00000368547	8	1	8	1	8	1	8
ECM1	ENST00000369047	10	0		0		0	
EDA	ENST00000374552	8	0		0		1	3
EDA2R	ENST00000374719	5	0		2	3,6	5	2-6
EDAR	ENST00000258443	11	0		0		0	
EDARADD	ENST00000334232	6	0		0		0	
EDC3	ENST00000315127	6	0		0		3	3-4,6
EDEM3	ENST00000318130	20	0		3	18-20	8	6-7,14-16,18-20
EDN1	ENST00000379375	5	0		0		0	
EDN3	ENST00000337938	5	0		0		0	
EDNRA	ENST00000651419	7	0		1	2	3	2,6-7
EDNRB	ENST00000646607	7	0		0		1	1
EED	ENST00000263360	12	0		1	10	5	2,5-6,10-11
EEF1A2	ENST00000217182	7	0		1	8	2	5,8
EEF1B2	ENST00000392222	6	0		0		1	1
EEF1D	ENST00000618139	8	1	9	2	3,9	4	3,7-9
EEF2	ENST00000309311	15	1	9	2	9,12	2	9,12
EEFSEC	ENST00000254730	7	1	5	2	5,7	3	3,5,7
EFCAB7	ENST00000371088	13	1	9	1	9	7	2,5,8-9,11,13-14
EFEMP1	ENST00000355426	10	0		0		0	
EFEMP2	ENST00000307998	10	0		0		0	
EFHC1	ENST00000371068	11	0		1	3	1	3
EFL1	ENST00000268206	19	1	3	1	3	7	3,6,9-10,17-19
EFNA4	ENST00000368409	4	0		0		0	
EFNB1	ENST00000204961	5	0		0		0	
EFNB2	ENST00000646441	5	0		1	2	1	2
EFTUD2	ENST00000426333	27	1	15	1	15	1	15
EGF	ENST00000265171	24	1	3	1	3	1	3
EGFR	ENST00000275493	28	0		0		0	
EGLN1	ENST00000366641	5	1	1	1	1	1	1
EGR2	ENST00000242480	2	0		0		0	
EHBP1	ENST00000431489	22	0		3	6,11,13	8	6,9-11,13-14,16-17
EHBP1L1	ENST00000309295	19	1	12	4	8-9,12,19	4	8-9,12,19
EHD1	ENST00000320631	5	0		1	1	1	1
EHHADH	ENST00000231887	7	1	5	2	3,5	4	2-3,5-6
EHMT1	ENST00000460843	27	1	1	2	1,3	2	1,3
EHMT2	ENST00000375537	28	21	1-4,7-14,16,18-22,25,27-28	28	1-28	28	1-28
EIF2A	ENST00000460851	14	0		1	10	2	9-10
EIF2AK1	ENST00000199389	15	0		1	1	2	1-2
EIF2AK2	ENST00000233057	15	0		0		4	3,5,13,17
EIF2AK3	ENST00000303236	17	1	1	1	1	2	1,13
EIF2AK4	ENST00000263791	39	0		1	3	9	2-3,7,9,11-12,15,21,25
EIF2B1	ENST00000424014	9	0		0		0	
EIF2B2	ENST00000266126	8	0		0		0	
EIF2B3	ENST00000360403	11	0		0		0	
EIF2B4	ENST00000347454	13	0		0		0	
EIF2B5	ENST00000648915	16	0		0		0	
EIF2S3	ENST00000253039	12	1	6	4	6-7,11-12	9	4-12
EIF3F	ENST00000651655	8	0		2	1,6	3	1,6-7
EIF3I	ENST00000677711	11	0		1	11	2	6,11
EIF4A2	ENST00000323963	11	0		0		1	11
EIF4A3	ENST00000649764	12	0		0		0	
EIF4E	ENST00000450253	7	0		0		0	
EIF4ENIF1	ENST00000330125	18	0		1	17	3	9,12,17
EIF4G1	ENST00000346169	31	0		0		1	10
EIF5A	ENST00000336458	4	0		0		0	
EIF6	ENST00000374450	6	0		1	3	1	3
ELAC2	ENST00000338034	24	0		0		0	
ELANE	ENST00000263621	5	0		0		1	2
ELF4	ENST00000308167	8	0		0		0	
ELFN1	ENST00000424383	1	0		0		1	4
ELMO1	ENST00000310758	21	0		0		2	6,12
ELMO2	ENST00000290246	20	0		1	22	2	5,22
ELMOD1	ENST00000265840	11	0		0		1	5
ELMOD3	ENST00000409013	11	0		1	14	1	14
ELN	ENST00000252034	33	0		0		0	
ELOVL1	ENST00000372458	7	0		0		0	
ELOVL4	ENST00000369816	6	0		0		0	
ELOVL5	ENST00000304434	7	0		1	3	1	3
ELP1	ENST00000374647	36	0		0		0	
ELP2	ENST00000358232	22	0		0		0	
ELP4	ENST00000640961	10	1	2	3	2,4,7	5	2,4,6-7,9
EMC1	ENST00000477853	23	0		0		0	
EMC10	ENST00000334976	7	0		1	7	1	7
EMD	ENST00000369842	6	0		0		0	
EMG1	ENST00000599672	6	0		0		2	5-6
EMILIN1	ENST00000380320	8	0		1	8	3	4-5,8
EML1	ENST00000262233	22	1	19	2	1,19	6	1,3,7,13,18-19
EMP2	ENST00000359543	4	0		0		1	5
EMX2	ENST00000553456	3	0		0		0	
EN1	ENST00000295206	2	1	1	1	1	2	1-2
ENAM	ENST00000396073	8	0		0		0	
ENG	ENST00000373203	15	0		0		0	
ENO1	ENST00000234590	11	0		0		1	6
ENO3	ENST00000519602	11	0		0		0	
ENPP1	ENST00000647893	25	1	1	1	1	1	1
ENTPD1	ENST00000371205	10	0		0		0	
EOGT	ENST00000383701	15	0		0		1	11
EOMES	ENST00000449599	6	1	5	3	1,4-5	3	1,4-5
EP300	ENST00000263253	31	0		0		0	
EP400	ENST00000389561	52	2	5,34	4	5,20,34,43	11	4-6,17-18,20,22,30,34,43,52
EPAS1	ENST00000263734	16	0		0		0	
EPB41	ENST00000343067	19	0		1	16	2	9,16
EPB41L1	ENST00000338074	21	0		0		0	
EPB41L3	ENST00000341928	21	1	14	2	13-14	4	13-14,16,18
EPB42	ENST00000441366	13	0		0		3	1,10,13
EPCAM	ENST00000263735	9	0		0		1	1
EPG5	ENST00000282041	44	0		1	2	8	2,4,10-11,17,30,37,44
EPHA10	ENST00000373048	17	1	5	1	5	2	5,8
EPHA2	ENST00000358432	17	0		0		2	1,15
EPHA4	ENST00000281821	17	0		0		5	3-5,11,14
EPHA7	ENST00000369303	17	2	11,14	3	3,11,14	9	3-5,7,11,13-16
EPHB2	ENST00000374630	16	1	1	1	1	2	1,5
EPHB4	ENST00000358173	17	0		1	15	2	6,15
EPHX1	ENST00000272167	8	0		0		0	
EPHX2	ENST00000521400	19	0		0		2	9,14
EPM2A	ENST00000367519	4	1	1	1	1	1	1
EPO	ENST00000252723	5	2	1,3	2	1,3	2	1,3
EPOR	ENST00000222139	8	0		0		0	
EPRS1	ENST00000366923	32	0		2	18-19	12	7-10,16-20,27-28,30
EPS15L1	ENST00000455140	24	1	1	2	1,23	2	1,23
EPS8	ENST00000281172	20	0		0		2	17-18
EPS8L2	ENST00000318562	20	1	16	3	8,16,18	6	7-8,15-18
EPS8L3	ENST00000361965	18	0		0		0	
EPX	ENST00000225371	12	0		0		0	
ERAL1	ENST00000254928	10	0		0		1	1
ERBB2	ENST00000269571	27	1	4	1	4	3	1,4,27
ERBB3	ENST00000267101	28	0		0		0	
ERBB4	ENST00000342788	28	0		0		0	
ERBIN	ENST00000284037	24	0		3	17-18,21	7	3,5,13,17-18,20-21
ERCC1	ENST00000300853	9	0		0		0	
ERCC2	ENST00000391945	23	0		0		0	
ERCC3	ENST00000285398	15	0		0		0	
ERCC4	ENST00000311895	11	0		0		0	
ERCC5	ENST00000652225	15	0		0		0	
ERCC6	ENST00000355832	20	0		0		0	
ERCC6	ENST00000447839	5	0		0		0	
ERCC6L2	ENST00000653738	19	1	2	3	2,5,19	7	2,4-5,11,14,16,19
ERCC8	ENST00000676185	12	0		0		0	
ERF	ENST00000222329	4	2	1,4	2	1,4	2	1,4
ERG	ENST00000288319	10	2	3,10	3	3,7,10	4	3,6-7,10
ERGIC1	ENST00000393784	10	0		0		1	1
ERGIC3	ENST00000348547	13	0		1	5	1	5
ERI1	ENST00000250263	7	0		1	1	3	1-2,5
ERLEC1	ENST00000185150	14	1	14	2	1,14	2	1,14
ERLIN1	ENST00000421367	11	0		0		0	
ERLIN2	ENST00000519638	11	0		0		0	
ERMAP	ENST00000372517	10	1	12	1	12	1	12
ERMARD	ENST00000366773	18	0		11	2-5,8-9,12,14-15,17-18	16	2-15,17-18
ESAM	ENST00000278927	7	0		0		0	
ESCO2	ENST00000305188	10	0		0		0	
ESPN	ENST00000645284	13	1	8	2	1,8	2	1,8
ESR1	ENST00000206249	8	0		0		0	
ESR2	ENST00000341099	8	0		1	5	3	2,5-6
ESRP1	ENST00000433389	15	0		0		4	10-13
ESRP2	ENST00000473183	15	0		1	1	2	1,14
ESRRB	ENST00000644823	7	1	1	1	1	1	1
ETFA	ENST00000557943	12	0		0		0	
ETFB	ENST00000309244	6	0		0		0	
ETFDH	ENST00000511912	13	0		0		0	
ETHE1	ENST00000292147	7	0		0		0	
ETS1	ENST00000392668	9	0		0		1	7
ETV2	ENST00000402764	6	0		1	2	1	2
ETV6	ENST00000396373	8	0		0		1	5
EVC	ENST00000264956	21	1	1	1	1	1	1
EVC2	ENST00000344408	22	0		0		1	1
EWSR1	ENST00000397938	17	0		2	6,8	4	6,8,13,16
EXOC2	ENST00000230449	27	0		0		2	2,8
EXOC3L2	ENST00000413988	11	2	2-3	4	2-4,10	6	2-4,9-10,12
EXOC6B	ENST00000272427	22	1	9	1	9	4	8-10,18
EXOC7	ENST00000589210	19	0		0		0	
EXOC8	ENST00000366645	1	0		0		0	
EXOSC1	ENST00000370902	8	0		0		0	
EXOSC2	ENST00000372358	9	0		0		1	1
EXOSC3	ENST00000327304	4	1	1	1	1	2	1,3
EXOSC4	ENST00000316052	3	0		0		0	
EXOSC5	ENST00000221233	6	0		0		0	
EXOSC8	ENST00000389704	11	0		0		0	
EXOSC9	ENST00000243498	12	0		0		3	6,10-11
EXPH5	ENST00000265843	6	0		0		2	2-3
EXT1	ENST00000378204	11	0		0		0	
EXT2	ENST00000533608	13	0		0		0	
EXTL3	ENST00000220562	5	0		0		0	
EYA1	ENST00000340726	16	0		0		0	
EYA3	ENST00000373871	17	1	5	1	5	3	5-6,9
EYA4	ENST00000355286	19	0		0		0	
EYS	ENST00000503581	40	0		3	16,36,40	11	15-16,26-29,31,36-37,40,43
EZH1	ENST00000428826	19	0		0		3	7,12,21
EZH2	ENST00000320356	19	1	17	2	10,17	6	3,5,8,10-11,17
EZR	ENST00000367075	13	0		0		2	3,13
F10	ENST00000375559	8	1	8	1	8	1	8
F11	ENST00000403665	14	0		0		0	
F12	ENST00000253496	14	0		0		0	
F13A1	ENST00000264870	14	0		0		0	
F13B	ENST00000367412	12	0		0		1	4
F2	ENST00000311907	14	0		0		0	
F5	ENST00000367797	25	0		0		0	
F7	ENST00000346342	8	0		0		0	
F7	ENST00000375581	9	0		0		0	
F8	ENST00000360256	26	0		0		4	8,14-15,23
F9	ENST00000218099	8	0		0		1	8
FA2H	ENST00000219368	7	1	1	1	1	1	1
FAAH	ENST00000243167	15	0		1	1	1	1
FAAH2	ENST00000374900	11	0		4	3-5,8	11	1-11
FAAP100	ENST00000327787	9	0		2	1,5	3	1-2,5
FAAP24	ENST00000588258	4	0		0		0	
FADD	ENST00000301838	2	1	1	1	1	1	1
FAH	ENST00000561421	14	0		0		0	
FAM111A	ENST00000675163	2	0		0		0	
FAM111B	ENST00000343597	2	0		0		1	4
FAM120A	ENST00000277165	18	0		1	18	4	1,14,17-18
FAM149B1	ENST00000242505	14	0		1	7	2	6-7
FAM161A	ENST00000404929	7	0		0		2	2,4
FAM177A1	ENST00000280987	5	0		0		0	
FAM20A	ENST00000592554	11	0		0		0	
FAM20B	ENST00000263733	7	0		0		4	2,4-5,8
FAM20C	ENST00000313766	10	1	1	2	1-2	3	1-2,10
FAM47C	ENST00000358047	1	0		0		0	
FAM50A	ENST00000393600	13	1	1	1	1	2	1,4
FAN1	ENST00000362065	13	0		7	3-6,8,10,14	12	2-6,8-14
FANCA	ENST00000389301	43	0		0		0	
FANCB	ENST00000650831	8	0		1	3	3	3,8,10
FANCC	ENST00000289081	14	0		0		0	
FANCD2	ENST00000675286	43	0		0		0	
FANCE	ENST00000229769	10	1	1	1	1	1	1
FANCF	ENST00000327470	1	0		0		1	1
FANCG	ENST00000378643	14	0		1	10	1	10
FANCI	ENST00000310775	37	0		0		0	
FANCL	ENST00000233741	14	0		0		0	
FANCM	ENST00000267430	23	0		0		2	7,14
FAR1	ENST00000354817	11	0		1	2	7	2-5,8,11-12
FARS2	ENST00000274680	6	0		0		5	2-6
FARSA	ENST00000314606	13	0		0		0	
FARSB	ENST00000281828	17	1	10	2	6,10	4	3,6,9-10
FAS	ENST00000652046	9	0		0		0	
FASLG	ENST00000367721	4	0		0		0	
FASN	ENST00000306749	42	0		0		0	
FASTKD2	ENST00000402774	11	0		0		1	2
FASTKD5	ENST00000380266	1	0		0		0	
FAT1	ENST00000441802	26	0		1	11	10	3,5,10-11,18-19,22-23,25,27
FAT2	ENST00000261800	23	1	16	1	16	8	2,5,9,12,16,19,21,23
FAT4	ENST00000394329	17	0		3	5,12,17	8	4-6,8-9,12,14,17
FBLN1	ENST00000327858	17	1	1	1	1	1	1
FBLN2	ENST00000404922	17	0		0		1	2
FBLN5	ENST00000342058	11	0		0		0	
FBN1	ENST00000316623	65	0		0		1	3
FBN2	ENST00000262464	65	0		0		0	
FBP1	ENST00000375326	7	0		0		0	
FBP2	ENST00000375337	7	0		0		2	1-2
FBRSL1	ENST00000680143	19	3	9,12,19	4	7,9,12,19	6	7-9,12,15,19
FBRSL1	ENST00000973242	3	2	1,3	2	1,3	2	1,3
FBXL3	ENST00000355619	4	0		2	2,4	4	2-5
FBXL4	ENST00000369244	7	1	4	2	4-5	2	4-5
FBXL7	ENST00000504595	4	0		1	3	1	3
FBXO11	ENST00000403359	23	1	1	2	1,7	8	1,7,11-12,16,18,21,23
FBXO22	ENST00000308275	7	0		1	7	1	7
FBXO28	ENST00000366862	5	0		0		2	4-5
FBXO31	ENST00000311635	9	1	1	1	1	1	1
FBXO32	ENST00000517956	9	0		0		2	4,6
FBXO38	ENST00000340253	21	0		2	10,15	9	4-5,7,10,14-15,18-19,22
FBXO43	ENST00000428847	5	0		0		1	2
FBXO7	ENST00000266087	9	0		0		0	
FBXW11	ENST00000517395	13	0		1	1	6	1,4-7,13
FBXW4	ENST00000331272	9	1	1	1	1	2	1,3
FBXW7	ENST00000281708	11	0		0		5	4,7,10-11,14
FCGR1A	ENST00000369168	6	0		0		0	
FCGR2A	ENST00000271450	7	0		0		1	4
FCGR2B	ENST00000358671	8	0		0		0	
FCGR3A	ENST00000443193	5	0		0		1	4
FCGR3B	ENST00000650385	5	0		0		0	
FCHO1	ENST00000596536	26	1	20	2	4,20	3	4,20,28
FCN3	ENST00000270879	8	0		0		1	1
FCSK	ENST00000288078	23	0		0		2	10,13
FDFT1	ENST00000220584	8	1	7	2	6-7	4	3,5-7
FDPS	ENST00000368356	10	0		0		0	
FDX2	ENST00000393708	5	0		0		0	
FDXR	ENST00000293195	12	0		1	2	2	2,9
FECH	ENST00000262093	11	0		0		0	
FEM1B	ENST00000306917	2	0		1	2	1	2
FEM1C	ENST00000274457	2	0		1	3	2	2-3
FERMT1	ENST00000217289	14	0		0		0	
FERMT3	ENST00000345728	14	0		0		0	
FERRY3	ENST00000261250	13	1	2	1	2	3	2-4
FEZF1	ENST00000442488	4	0		1	1	1	1
FEZF2	ENST00000283268	4	1	2	1	2	1	2
FFAR4	ENST00000371481	3	0		0		1	3
FGA	ENST00000403106	5	0		0		0	
FGB	ENST00000302068	8	0		0		0	
FGD1	ENST00000375135	18	1	1	2	1,3	2	1,3
FGD4	ENST00000534526	17	0		0		1	1
FGF10	ENST00000264664	3	0		0		0	
FGF12	ENST00000445105	5	0		0		0	
FGF13	ENST00000315930	5	1	2	1	2	3	2-4
FGF14	ENST00000376131	5	0		0		0	
FGF14	ENST00000376143	5	0		0		0	
FGF16	ENST00000439435	3	1	1	1	1	2	1,3
FGF17	ENST00000359441	5	0		0		0	
FGF20	ENST00000180166	3	0		2	1,3	3	1-3
FGF23	ENST00000237837	3	0		0		0	
FGF3	ENST00000334134	3	0		1	1	1	1
FGF4	ENST00000168712	3	1	1	1	1	1	1
FGF5	ENST00000312465	3	0		1	3	2	1,3
FGF8	ENST00000320185	6	1	1	1	1	1	1
FGF9	ENST00000382353	3	0		0		0	
FGFR1	ENST00000447712	17	0		0		0	
FGFR2	ENST00000358487	17	0		0		0	
FGFR2	ENST00000457416	17	0		0		0	
FGFR3	ENST00000440486	17	0		2	2,9	2	2,9
FGFR4	ENST00000292408	17	0		2	3,13	2	3,13
FGG	ENST00000336098	9	0		0		0	
FGL2	ENST00000248598	2	0		0		1	2
FH	ENST00000366560	10	0		0		0	
FHL1	ENST00000370683	6	0		0		0	
FHL1	ENST00000394155	6	0		0		0	
FHL2	ENST00000530340	5	0		0		1	7
FHOD3	ENST00000590592	29	1	7	2	7,10	6	7,10,12,19,24,27
FIBCD1	ENST00000372338	7	0		1	2	3	1-2,5
FIBP	ENST00000357519	10	0		0		0	
FICD	ENST00000552695	2	0		0		1	2
FIG4	ENST00000230124	23	0		0		0	
FIGLA	ENST00000332372	5	0		1	1	3	1,3,5
FILIP1	ENST00000237172	5	0		0		1	2
FITM2	ENST00000396825	2	0		0		0	
FKBP10	ENST00000321562	10	0		0		0	
FKBP14	ENST00000222803	4	0		0		1	1
FKBP4	ENST00000001008	10	0		1	5	2	1,5
FKBP5	ENST00000357266	10	0		0		3	4,9-10
FKBP6	ENST00000252037	8	0		0		0	
FKBP8	ENST00000608443	8	0		0		3	2,4,7
FKRP	ENST00000318584	1	0		0		1	4
FKTN	ENST00000357998	9	0		0		0	
FLAD1	ENST00000292180	7	1	1	2	1,3	2	1,3
FLCN	ENST00000285071	11	0		0		0	
FLG	ENST00000368799	2	0		0		0	
FLG2	ENST00000388718	2	0		0		0	
FLI1	ENST00000527786	9	0		0		2	1,3
FLII	ENST00000327031	30	0		0		2	1,21
FLNA	ENST00000369850	47	0		0		2	31,48
FLNB	ENST00000295956	46	0		0		0	
FLNC	ENST00000325888	48	0		0		0	
FLRT1	ENST00000682287	1	0		0		0	
FLRT3	ENST00000341420	1	0		0		0	
FLT3	ENST00000241453	24	1	1	1	1	7	1-2,6,9-10,12,17
FLT3LG	ENST00000597551	7	0		1	4	2	4,7
FLT4	ENST00000261937	30	0		1	1	2	1,20
FLVCR1	ENST00000366971	10	0		1	1	1	1
FLVCR2	ENST00000238667	10	0		0		0	
FMN1	ENST00000616417	18	1	4	8	4,9,12-16,19	15	4-5,8-20
FMN2	ENST00000319653	18	1	1	1	1	3	1,3,16
FMNL2	ENST00000288670	26	0		0		6	5-7,14,21,26
FMO3	ENST00000367755	8	0		0		0	
FMR1	ENST00000370475	17	0		0		0	
FN1	ENST00000354785	46	0		0		0	
FNIP1	ENST00000510461	18	0		0		9	2-3,6,10,12-16
FOCAD	ENST00000338382	43	1	41	1	41	11	5,11-12,14,18,21,26,37-38,40-41
FOLR1	ENST00000393676	4	0		0		0	
FOS	ENST00000303562	4	0		1	2	1	2
FOSL2	ENST00000264716	4	0		0		1	4
FOXA2	ENST00000419308	2	0		1	2	1	2
FOXC1	ENST00000645831	1	1	1	1	1	1	1
FOXC2	ENST00000649859	1	1	1	1	1	1	1
FOXD3	ENST00000371116	1	1	1	1	1	1	1
FOXE1	ENST00000375123	1	1	1	1	1	1	1
FOXE3	ENST00000335071	1	1	1	1	1	1	1
FOXF1	ENST00000262426	2	1	1	1	1	1	1
FOXF2	ENST00000645481	2	1	1	1	1	1	1
FOXG1	ENST00000313071	1	1	1	1	1	1	1
FOXH1	ENST00000377317	3	0		1	3	2	1,3
FOXI1	ENST00000306268	2	0		0		0	
FOXI3	ENST00000428390	2	1	1	1	1	1	1
FOXJ1	ENST00000322957	2	0		1	2	1	2
FOXL1	ENST00000320241	1	1	1	1	1	1	1
FOXL2	ENST00000648323	1	1	1	1	1	1	1
FOXN1	ENST00000579795	8	0		0		0	
FOXO1	ENST00000379561	2	1	1	1	1	1	1
FOXP1	ENST00000649528	16	0		0		0	
FOXP2	ENST00000350908	16	0		0		0	
FOXP3	ENST00000376207	11	0		0		2	2,4
FOXP4	ENST00000307972	16	0		0		1	8
FOXR1	ENST00000317011	6	0		0		1	4
FOXRED1	ENST00000263578	11	0		0		0	
FPR1	ENST00000304748	1	0		1	2	1	2
FRA10AC1	ENST00000359204	13	0		0		2	4,7
FRAS1	ENST00000512123	74	2	56,74	8	18,29,38,42,54,56,62,74	20	7,12,18,23,25-26,29,38,42,44,46,52-54,56,61-62,64,67,74
FREM1	ENST00000380880	36	1	25	8	4,6,9,16,19,24-25,37	23	2,4-6,9,11,13-14,16-27,31,33,37
FREM2	ENST00000280481	24	0		1	17	1	17
FRMD4A	ENST00000357447	23	0		0		2	21-22
FRMD5	ENST00000417257	14	0		0		1	13
FRMD7	ENST00000298542	12	0		0		2	7,12
FRMPD4	ENST00000675598	17	2	8,17	4	8,13,15,17	16	1-11,13-17
FRRS1L	ENST00000561981	5	1	1	1	1	2	1,5
FRY	ENST00000542859	61	0		1	51	1	51
FRYL	ENST00000358350	61	2	51,55	6	22,30,41,46,51,55	29	7,10,14,16-17,21-24,29-30,33-34,36,38,40-41,43-44,46,48-49,51,53-56,63-64
FRZB	ENST00000295113	6	0		1	1	1	1
FSCB	ENST00000340446	1	0		0		0	
FSCN2	ENST00000417245	5	0		1	1	2	1,5
FSD1L	ENST00000481272	14	1	10	1	10	6	3-5,7,10,14
FSHB	ENST00000533718	2	0		0		0	
FSHR	ENST00000406846	10	0		0		0	
FSIP2	ENST00000424728	23	0		3	4,10,18	9	2-4,8-10,17-18,23
FST	ENST00000256759	6	0		0		1	1
FTCD	ENST00000397746	14	1	9	2	3,9	3	3,9-10
FTH1	ENST00000273550	4	0		0		0	
FTL	ENST00000331825	4	0		0		0	
FTO	ENST00000471389	9	0		0		0	
FTSJ1	ENST00000348411	11	0		0		0	
FUCA1	ENST00000374479	8	0		0		0	
FUS	ENST00000254108	15	0		0		0	
FUT1	ENST00000645652	1	0		0		1	2
FUT2	ENST00000425340	1	0		0		0	
FUT3	NM_001382745.1	1	0		0		0	
FUT6	ENST00000318336	1	0		0		0	
FUT8	ENST00000673929	9	0		1	11	4	5,9-11
FUZ	ENST00000313777	11	0		0		0	
FXN	ENST00000484259	5	0		1	1	1	1
FXR1	ENST00000357559	17	0		0		1	13
FXR1	ENST00000482125	17	0		0		6	3,5,8,10,12,17
FXYD2	ENST00000292079	5	0		0		0	
FYB1	ENST00000512982	18	1	14	1	14	4	8-9,14,16
FYCO1	ENST00000296137	17	0		0		0	
FZD2	ENST00000315323	1	0		0		1	1
FZD4	ENST00000531380	2	0		1	1	1	1
FZD5	ENST00000295417	1	0		1	2	1	2
FZD6	ENST00000358755	6	0		0		0	
FZR1	ENST00000441788	13	0		0		0	
G6PC1	ENST00000253801	5	0		0		0	
G6PC3	ENST00000269097	6	0		0		0	
G6PD	ENST00000393562	12	0		0		0	
GAA	ENST00000302262	19	0		0		0	
GAB1	ENST00000262994	10	0		0		4	2,4,6,10
GABBR1	ENST00000377034	22	19	2-4,7-9,11-23	22	2-23	22	2-23
GABBR2	ENST00000259455	19	1	1	2	1,13	3	1,13,19
GABRA1	ENST00000393943	9	0		0		0	
GABRA2	ENST00000381620	9	0		1	10	2	7,10
GABRA3	ENST00000370314	9	0		3	2-3,10	9	2-10
GABRA4	ENST00000264318	9	0		3	7-9	5	4-5,7-9
GABRA5	ENST00000335625	9	0		0		2	8,11
GABRA6	ENST00000274545	9	0		0		0	
GABRB1	ENST00000295454	9	0		0		4	3,6,8-9
GABRB2	ENST00000393959	10	0		0		3	7-8,10
GABRB3	ENST00000311550	9	0		1	1	2	1-2
GABRD	ENST00000378585	9	1	1	1	1	1	1
GABRG1	ENST00000295452	9	0		0		6	2,4,6-9
GABRG2	ENST00000639213	10	0		0		0	
GAD1	ENST00000358196	16	0		0		0	
GAL	ENST00000265643	5	0		1	2	1	2
GALC	ENST00000261304	17	1	13	1	13	2	1,13
GALE	ENST00000617979	10	0		0		0	
GALK1	ENST00000588479	8	0		0		1	1
GALM	ENST00000272252	7	0		0		1	6
GALNS	ENST00000268695	14	0		0		1	1
GALNT12	ENST00000375011	10	1	1	1	1	1	1
GALNT2	ENST00000366672	16	1	1	1	1	2	1,3
GALNT3	ENST00000392701	10	0		0		0	
GALT	ENST00000378842	11	0		0		0	
GAMT	ENST00000252288	6	0		1	1	1	1
GAN	ENST00000648994	11	0		0		1	1
GANAB	ENST00000356638	24	0		1	10	1	10
GAPVD1	ENST00000297933	25	0		2	9,12	8	4-5,7,9,12,23-24,28
GARS1	ENST00000389266	17	0		0		0	
GAS1	ENST00000298743	1	1	1	1	1	1	1
GAS2	ENST00000454584	7	0		0		2	2,6
GAS2L2	ENST00000604641	6	2	3,6	3	1,3,6	4	1,3,5-6
GATA1	ENST00000376670	5	0		0		0	
GATA2	ENST00000341105	5	0		0		0	
GATA2	ENST00000487848	5	0		0		0	
GATA3	ENST00000379328	5	0		0		0	
GATA4	ENST00000532059	6	1	2	1	2	1	2
GATA5	ENST00000252997	6	1	2	1	2	1	2
GATA6	ENST00000269216	6	1	2	1	2	1	2
GATAD1	ENST00000287957	5	1	1	1	1	3	1,4-5
GATAD2A	ENST00000683918	11	0		0		1	9
GATAD2B	ENST00000368655	10	1	4	7	2-7,9	10	2-11
GATB	ENST00000263985	13	2	9-10	2	9-10	3	2,9-10
GATC	ENST00000551765	4	0		0		0	
GATM	ENST00000396659	9	0		0		1	1
GBA1	ENST00000368373	11	0		0		0	
GBA2	ENST00000378103	17	0		0		2	1,11
GBE1	ENST00000429644	16	0		0		2	4-5
GBF1	ENST00000369983	39	0		1	40	4	14-16,40
GCDH	ENST00000222214	11	0		0		0	
GCG	ENST00000418842	5	0		0		3	4-6
GCGR	ENST00000400723	13	0		0		0	
GCH1	ENST00000491895	6	0		1	1	2	1,6
GCK	ENST00000403799	10	0		0		0	
GCKR	ENST00000264717	19	0		0		0	
GCLC	ENST00000650454	16	0		0		0	
GCLM	ENST00000370238	7	0		1	1	1	1
GCM2	ENST00000379491	5	0		0		0	
GCNA	ENST00000373696	12	0		3	3,5,13	7	3,5,7-8,11-13
GCNT2	ENST00000316170	3	0		1	1	1	1
GCNT2	ENST00000495262	3	0		0		0	
GCOM1	NM_001285900.3	15	0		0		0	
GCSH	ENST00000315467	5	1	1	1	1	1	1
GDAP1	ENST00000220822	6	0		0		0	
GDAP2	ENST00000369443	13	0		2	2,13	6	2,4,6-7,11,13
GDF1	ENST00000247005	2	1	8	1	8	1	8
GDF11	ENST00000257868	3	1	1	1	1	1	1
GDF15	ENST00000252809	2	0		0		0	
GDF2	ENST00000581492	2	0		1	2	2	1-2
GDF3	ENST00000329913	2	0		0		1	2
GDF5	ENST00000374369	2	0		0		1	2
GDF6	ENST00000287020	2	0		1	2	1	2
GDF9	ENST00000687138	2	0		0		0	
GDI1	ENST00000447750	11	0		0		0	
GDNF	ENST00000326524	2	0		0		0	
GDPD1	ENST00000284116	10	0		0		2	3,10
GEMIN4	ENST00000319004	2	1	1	1	1	1	1
GEMIN5	ENST00000285873	28	0		0		6	1,3,7,11,15,26
GET3	ENST00000357332	7	0		1	7	1	7
GET4	ENST00000265857	9	1	1	1	1	2	1,4
GFAP	ENST00000588735	9	0		0		0	
GFER	ENST00000248114	3	0		0		1	1
GFI1	ENST00000294702	6	0		0		1	4
GFI1B	ENST00000372122	6	0		0		0	
GFM1	ENST00000486715	18	0		0		0	
GFM2	ENST00000296805	20	0		0		4	8,12,17-18
GFPT1	ENST00000357308	20	0		0		1	6
GFRA1	ENST00000355422	10	0		0		0	
GFUS	ENST00000425753	10	0		4	3-5,8	7	2-6,8-9
GGCX	ENST00000233838	15	0		0		0	
GGN	ENST00000334928	2	0		0		0	
GGPS1	ENST00000282841	3	0		1	4	2	2,4
GGT1	ENST00000400382	12	0		0		0	
GH1	ENST00000323322	5	0		0		0	
GHR	ENST00000230882	9	0		0		2	6,10
GHRH	ENST00000373614	4	0		0		0	
GHRHR	ENST00000326139	13	0		0		0	
GHRL	ENST00000335542	4	1	3	1	3	1	3
GHSR	ENST00000241256	2	0		0		0	
GIGYF1	ENST00000678049	24	0		1	17	4	7,17,22-23
GIGYF2	ENST00000373563	27	0		0		0	
GIMAP5	ENST00000358647	2	0		0		0	
GIMAP6	ENST00000328902	2	0		0		0	
GINS1	ENST00000262460	7	0		0		1	5
GINS2	ENST00000253462	5	1	3	1	3	1	3
GINS3	ENST00000318129	3	0		0		0	
GIPC1	ENST00000393033	6	0		0		0	
GIPC3	ENST00000644452	6	1	1	1	1	1	1
GJA1	ENST00000282561	1	0		0		0	
GJA3	ENST00000241125	1	0		1	2	1	2
GJA5	ENST00000579774	1	0		0		1	2
GJA8	ENST00000369235	1	0		0		1	2
GJB1	ENST00000361726	1	0		0		0	
GJB2	ENST00000382848	1	0		0		0	
GJB3	ENST00000373366	1	0		0		0	
GJB4	ENST00000339480	1	0		0		0	
GJB6	ENST00000647029	1	0		0		1	5
GJC2	ENST00000366714	1	1	2	1	2	1	2
GK	ENST00000427190	21	0		0		2	12,21
GLA	ENST00000218516	7	0		0		1	6
GLB1	ENST00000307363	16	0		0		0	
GLCCI1	ENST00000223145	8	1	1	3	1-2,8	4	1-2,5,8
GLDC	ENST00000321612	25	1	1	1	1	1	1
GLDN	ENST00000335449	10	1	1	2	1,6	4	1,4,6,10
GLE1	ENST00000309971	16	0		0		0	
GLI1	ENST00000228682	11	1	3	2	3,12	3	3,8,12
GLI2	ENST00000361492	13	0		1	14	1	14
GLI3	ENST00000395925	14	0		0		0	
GLIS1	ENST00000628545	10	2	2-3	4	2-4,9	5	2-4,8-9
GLIS2	ENST00000433375	6	1	7	2	3,7	3	2-3,7
GLIS3	ENST00000381971	10	0		0		1	4
GLMN	ENST00000370360	18	0		0		0	
GLRA1	ENST00000274576	9	0		1	9	1	9
GLRA2	ENST00000218075	9	0		2	7,9	6	2,4-7,9
GLRB	ENST00000264428	9	0		0		1	10
GLRX5	ENST00000331334	2	1	1	1	1	1	1
GLS	ENST00000320717	18	1	1	1	1	8	1-3,12-13,16-18
GLT8D1	ENST00000266014	9	1	5	1	5	1	5
GLUD1	ENST00000277865	13	0		0		1	1
GLUD2	ENST00000328078	1	0		1	1	1	1
GLUL	ENST00000331872	6	0		0		0	
GLYCTK	ENST00000436784	4	0		0		0	
GM2A	ENST00000357164	4	0		0		0	
GMNN	ENST00000230056	6	0		0		2	4,6
GMPPA	ENST00000313597	12	0		2	11-12	2	11-12
GMPPB	ENST00000308388	9	0		0		0	
GNA11	ENST00000078429	7	0		1	1	1	1
GNAI1	ENST00000649796	8	0		1	8	3	4,7-8
GNAI2	ENST00000313601	8	0		1	1	1	1
GNAI3	ENST00000369851	8	0		0		3	3-4,8
GNAL	ENST00000334049	12	1	1	1	1	1	1
GNAL	ENST00000423027	12	0		0		0	
GNAO1	ENST00000262493	8	0		0		0	
GNAQ	ENST00000286548	7	1	3	1	3	4	2-3,6-7
GNAS	ENST00000371075	1	0		0		0	
GNAS	ENST00000371085	13	0		1	1	1	1
GNAS	ENST00000371100	13	0		0		0	
GNAT1	ENST00000232461	8	0		0		0	
GNAT2	ENST00000679935	8	0		0		0	
GNB1	ENST00000378609	9	0		0		0	
GNB2	ENST00000303210	9	0		0		0	
GNB3	ENST00000229264	9	0		0		1	9
GNB4	ENST00000232564	9	0		0		1	6
GNB5	ENST00000261837	12	0		0		1	12
GNE	ENST00000396594	12	0		1	2	1	2
GNE	ENST00000642385	11	0		0		0	
GNMT	ENST00000372808	6	0		0		0	
GNPAT	ENST00000366647	16	0		0		0	
GNPNAT1	ENST00000216410	5	0		0		2	2,6
GNPTAB	ENST00000299314	21	0		0		1	19
GNPTG	ENST00000204679	11	1	1	1	1	1	1
GNRH1	ENST00000421054	3	0		0		0	
GNRHR	ENST00000226413	3	0		0		0	
GNS	ENST00000258145	14	0		0		1	1
GOLGA2	ENST00000611957	27	0		0		2	21-22
GOLGA3	ENST00000450791	23	0		0		3	3,13,24
GON4L	ENST00000368331	31	0		0		4	22-24,29
GON7	ENST00000306954	2	0		0		2	1-2
GORAB	ENST00000367763	5	0		0		0	
GOSR2	ENST00000640051	6	0		0		0	
GOT1	ENST00000370508	9	0		0		2	2,7
GOT2	ENST00000245206	10	0		0		1	1
GP1BA	ENST00000329125	1	0		0		0	
GP1BB	ENST00000366425	2	1	2	1	2	1	2
GP6	ENST00000417454	8	7	1-4,6-8	8	1-8	8	1-8
GP9	ENST00000307395	1	0		0		0	
GPAA1	ENST00000355091	12	0		1	9	2	1,9
GPATCH11	ENST00000674370	8	0		0		1	8
GPATCH3	ENST00000361720	7	0		0		1	1
GPC3	ENST00000370818	8	0		0		1	6
GPC4	ENST00000370828	9	1	9	2	3,9	7	2-6,8-9
GPC6	ENST00000377047	9	0		1	3	1	3
GPD1	ENST00000301149	8	0		0		1	5
GPD1L	ENST00000282541	8	0		0		0	
GPD2	ENST00000438166	16	0		0		0	
GPHN	ENST00000478722	23	0		0		0	
GPI	ENST00000356487	18	0		2	1,4	3	1-2,4
GPIHBP1	ENST00000622500	4	0		0		0	
GPKOW	ENST00000156109	11	0		1	5	3	1,3,5
GPN2	ENST00000374135	5	0		0		0	
GPNMB	ENST00000258733	11	1	5	1	5	4	2,5-6,11
GPR101	ENST00000651716	1	0		0		1	2
GPR143	ENST00000467482	9	1	1	1	1	1	1
GPR156	ENST00000464295	9	0		0		0	
GPR161	ENST00000682931	5	1	3	1	3	3	2-4
GPR179	ENST00000616987	11	4	3,6-7,10	7	1,3,6-8,10-11	10	1-8,10-11
GPR45	ENST00000258456	1	0		0		0	
GPR68	ENST00000650645	1	0		1	2	1	2
GPR88	ENST00000315033	1	0		1	2	1	2
GPRASP1	ENST00000537097	1	0		0		1	6
GPRASP2	ENST00000483720	1	0		0		1	5
GPRC5B	ENST00000300571	3	0		0		0	
GPSM2	ENST00000264126	14	0		0		1	8
GPT2	ENST00000340124	11	1	2	1	2	1	2
GPX1	ENST00000419783	2	0		0		1	1
GPX4	ENST00000354171	7	0		0		1	1
GRAMD1B	ENST00000635736	20	1	2	1	2	3	1-2,11
GRAP	ENST00000284154	5	0		1	5	1	5
GREB1L	ENST00000424526	31	0		0		11	4,6,10-12,15-17,19,29,33
GREM1	ENST00000651154	1	1	2	1	2	1	2
GREM2	ENST00000318160	1	0		1	2	1	2
GRHL2	ENST00000646743	16	0		0		0	
GRHL3	ENST00000361548	16	0		0		1	9
GRHPR	ENST00000318158	9	0		0		0	
GRIA1	ENST00000285900	16	0		0		3	4,6,11
GRIA2	ENST00000264426	15	0		2	4,11	10	4-8,10-11,13-15
GRIA3	ENST00000620443	15	0		0		0	
GRIA3	ENST00000622768	15	1	11	3	7,11-12	3	7,11-12
GRIA4	ENST00000282499	16	1	3	2	3,12	9	3-5,7-9,11-12,14
GRID2	ENST00000282020	16	0		1	13	8	2-3,6,11-14,16
GRIK2	ENST00000369134	16	0		1	3	11	3-5,7-9,12-14,16-17
GRIN1	ENST00000371561	20	0		0		0	
GRIN2A	ENST00000330684	12	0		0		0	
GRIN2B	ENST00000609686	12	0		0		0	
GRIN2C	ENST00000293190	12	1	13	3	2-3,13	3	2-3,13
GRIN2D	ENST00000263269	12	2	3,14	2	3,14	2	3,14
GRIP1	ENST00000359742	25	0		0		2	6,19
GRK1	ENST00000335678	7	1	7	2	1,7	4	1,5-7
GRK2	ENST00000308595	21	1	1	1	1	1	1
GRM1	ENST00000282753	8	0		0		1	8
GRM6	ENST00000517717	10	1	2	1	2	1	2
GRM7	ENST00000357716	10	0		0		2	4,8
GRN	ENST00000053867	12	0		0		0	
GRWD1	ENST00000253237	7	0		1	7	2	6-7
GRXCR1	ENST00000399770	4	0		0		0	
GRXCR2	ENST00000377976	3	0		0		1	1
GSC	ENST00000238558	3	0		1	1	1	1
GSDME	ENST00000645220	9	0		0		0	
GSK3B	ENST00000264235	11	1	8	4	2,6,8-9	5	2,4,6,8-9
GSN	ENST00000432226	16	0		0		0	
GSPT2	ENST00000340438	1	0		0		0	
GSR	ENST00000221130	13	1	1	1	1	1	1
GSS	ENST00000651619	12	0		0		0	
GSTM3	ENST00000361066	8	0		0		0	
GSTZ1	ENST00000216465	9	0		1	1	1	1
GSX2	ENST00000326902	2	0		1	1	1	1
GTF2E2	ENST00000355904	7	0		0		2	4-5
GTF2H5	ENST00000607778	2	0		0		0	
GTF2IRD1	ENST00000424337	26	0		4	2,4-6	5	2,4-6,24
GTF3A	ENST00000381140	9	0		0		1	1
GTF3C3	ENST00000263956	18	2	7-8	2	7-8	10	3,5-8,11-14,16
GTF3C5	ENST00000372097	11	1	5	1	5	1	5
GTPBP1	ENST00000216044	12	1	1	3	1,9,11	3	1,9,11
GTPBP2	ENST00000307126	12	0		1	1	1	1
GTPBP3	ENST00000324894	9	0		0		2	1,9
GUCA1A	ENST00000372958	4	0		0		0	
GUCA1B	ENST00000230361	4	0		0		0	
GUCY1A1	ENST00000506455	8	0		0		5	6-10
GUCY2C	ENST00000261170	27	2	3,16	2	3,16	7	3,7-8,10,15-16,22
GUCY2D	ENST00000254854	18	0		0		1	2
GUF1	ENST00000281543	17	0		1	1	6	1,8-12
GUK1	ENST00000453943	8	0		0		0	
GUSB	ENST00000304895	12	0		0		1	1
GYG1	ENST00000345003	8	0		0		0	
GYPA	ENST00000641688	7	0		1	2	1	2
GYPB	ENST00000502664	5	0		0		1	4
GYPC	ENST00000259254	4	0		0		0	
GYS1	ENST00000323798	16	0		0		0	
GYS2	ENST00000261195	16	0		0		0	
GZF1	ENST00000338121	5	0		0		2	2,4
H1-4	ENST00000304218	1	0		0		1	1
H2AC6	ENST00000377791	1	0		0		0	
H3-3A	ENST00000366815	3	0		0		1	3
H3-3B	ENST00000254810	3	1	4	1	4	2	2,4
H3-4	ENST00000366696	1	0		0		0	
H4C11	ENST00000355057	1	0		0		1	1
H4C2	ENST00000377745	1	0		0		1	1
H4C3	ENST00000377803	1	0		0		1	1
H4C4	ENST00000614247	1	0		1	1	1	1
H4C5	ENST00000615164	1	0		1	1	1	1
H4C6	ENST00000244537	1	0		0		1	1
H4C9	ENST00000615353	1	0		0		1	1
H6PD	ENST00000377403	4	0		0		0	
HAAO	ENST00000294973	10	2	7-8	3	1,7-8	3	1,7-8
HABP2	ENST00000351270	13	0		0		2	3,7
HACD1	ENST00000361271	7	0		3	1-2,6	3	1-2,6
HACE1	ENST00000262903	24	0		0		0	
HADH	ENST00000309522	8	0		0		0	
HADHA	ENST00000380649	20	0		0		0	
HADHB	ENST00000317799	15	0		0		1	4
HAGH	ENST00000397356	9	1	1	1	1	1	1
HAL	ENST00000261208	20	0		0		0	
HAMP	ENST00000222304	3	0		0		0	
HAND1	ENST00000231121	2	0		0		0	
HAND2	ENST00000359562	2	0		1	1	1	1
HARS1	ENST00000504156	13	0		1	3	1	3
HARS2	ENST00000230771	13	0		0		0	
HAS2	ENST00000303924	3	0		0		2	2,4
HAVCR2	ENST00000307851	7	0		0		1	3
HAX1	ENST00000328703	7	0		0		0	
HBA1	ENST00000320868	3	0		0		0	
HBA2	ENST00000251595	3	0		0		0	
HBB	ENST00000335295	3	0		0		0	
HBD	ENST00000650601	3	0		0		0	
HBEGF	ENST00000230990	5	0		0		0	
HBG1	ENST00000330597	3	0		0		1	2
HBG2	ENST00000336906	3	0		0		0	
HBS1L	ENST00000367837	18	0		0		3	7,15,17
HCCS	ENST00000380762	6	0		0		0	
HCFC1	ENST00000310441	26	1	24	6	3,8,10,19-20,24	10	1,3,8,10,16-17,19-20,23-24
HCK	ENST00000375852	13	0		1	1	3	1,7,11
HCN1	ENST00000303230	8	1	1	1	1	1	1
HCN2	ENST00000251287	8	2	1,8	3	1,3,8	3	1,3,8
HCN4	ENST00000261917	8	1	1	1	1	2	1,8
HCRT	ENST00000293330	2	0		1	2	1	2
HDAC2	ENST00000519065	14	0		0		4	2,5-6,9
HDAC3	ENST00000305264	15	0		0		1	1
HDAC4	ENST00000543185	26	0		0		0	
HDAC6	ENST00000334136	28	1	23	1	23	4	20,23-25
HDAC8	ENST00000373573	11	0		1	5	7	1,4-9
HDAC9	ENST00000686413	25	0		2	16,18	8	4,9-10,12,16,18,20-21
HDC	ENST00000267845	12	0		0		0	
HEATR3	ENST00000299192	15	1	2	1	2	7	2,5,7-8,11,14-15
HEATR5B	ENST00000233099	35	1	22	3	3,22,27	16	3,6,12,15-16,18-19,21-23,27,30-32,34,36
HECTD1	ENST00000399332	42	0		3	14,33,38	15	5-7,11,13-14,22-23,25-26,30,33-34,38,41
HECTD4	ENST00000682272	76	6	1-2,33,41,53,74	10	1-2,21,33,41,46,53,59,72,74	26	1-2,5-7,9,12,16-17,21,24-26,33-34,36-37,41,43,46,51,53,59,72,74-75
HECW2	ENST00000644978	28	0		2	9,22	4	2,6,9,22
HELB	ENST00000247815	13	0		2	2,7	7	2-4,6-7,10,12
HELLS	ENST00000348459	22	0		1	11	8	4,8-11,15,19-20
HELQ	ENST00000295488	18	0		0		6	1-3,12-13,17
HEPACAM	ENST00000298251	7	0		1	7	1	7
HEPH	ENST00000343002	20	2	8,20	6	2-3,7-8,18,20	19	2-11,13-21
HEPHL1	ENST00000315765	20	1	17	3	3,12,17	11	2-7,10-12,16-17
HERC1	ENST00000443617	77	0		5	5,7,19,29,56	32	2,4-5,7-8,10,17,19-20,22-23,29-30,32-34,36-40,44,56,58,60-61,64-66,69,72,76
HERC2	ENST00000261609	92	8	12,14,65-66,80-81,90,93	33	3,5,9-12,14-17,21-23,53,55-56,61,63,65-67,69-70,72,76,79-81,84-85,88,90,93	61	2-19,21-24,30,46,52-59,61,63-85,88-90,92-93
HES7	ENST00000541682	4	1	4	1	4	1	4
HESX1	ENST00000295934	4	0		0		0	
HEXA	ENST00000268097	14	0		0		0	
HEXB	ENST00000261416	14	0		0		1	1
HEY2	ENST00000368364	5	0		0		0	
HFE	ENST00000357618	6	0		0		0	
HFM1	ENST00000370425	38	0		3	4-5,16	12	4-5,8-9,11,16,18,26,28,30,32,39
HGD	ENST00000283871	14	0		0		0	
HGF	ENST00000222390	18	0		0		0	
HGSNAT	ENST00000379644	18	1	1	1	1	4	1,10,13,18
HHAT	ENST00000261458	11	0		0		1	5
HIBADH	ENST00000265395	8	0		0		4	1-2,5,7
HIBCH	ENST00000359678	14	0		0		0	
HID1	ENST00000425042	19	0		1	14	2	7,14
HIKESHI	ENST00000278483	5	0		0		1	3
HINT1	ENST00000304043	3	0		0		1	3
HIPK4	ENST00000291823	4	0		1	1	1	1
HIRA	ENST00000263208	25	1	13	1	13	4	8,13,24-25
HIVEP1	ENST00000379388	8	0		0		3	6,8-9
HIVEP2	ENST00000367603	6	0		1	9	3	7,9-10
HJV	ENST00000336751	3	0		1	4	1	4
HK1	ENST00000359426	18	0		0		0	
HK1	ENST00000643399	19	0		0		0	
HKDC1	ENST00000354624	18	1	14	3	7,10,14	4	7,10,14-15
HLA-A	ENST00000376809	8	8	1-8	8	1-8	8	1-8
HLA-B	ENST00000412585	7	7	1-7	7	1-7	7	1-7
HLA-C	ENST00000376228	8	8	1-8	8	1-8	8	1-8
HLA-DPB1	ENST00000418931	5	5	1-5	5	1-5	5	1-5
HLA-DQA1	ENST00000343139	4	4	1-4	4	1-4	4	1-4
HLA-DQB1	ENST00000434651	5	5	1-5	5	1-5	5	1-5
HLA-DRB1	ENST00000360004	6	6	1-6	6	1-6	6	1-6
HLA-G	ENST00000360323	6	6	1-6	6	1-6	6	1-6
HLCS	ENST00000674895	11	1	1	1	1	1	1
HMBS	ENST00000652429	14	0		0		0	
HMCN1	ENST00000271588	107	1	82	1	82	3	12,82,97
HMGA1	ENST00000311487	4	0		0		0	
HMGA2	ENST00000403681	5	0		0		0	
HMGB1	ENST00000341423	4	0		0		0	
HMGB3	ENST00000325307	4	0		0		4	2-5
HMGCL	ENST00000374490	9	0		0		0	
HMGCR	ENST00000287936	19	0		0		7	3-4,9,11-12,16,18
HMGCS1	ENST00000325110	9	0		0		5	3-7
HMGCS2	ENST00000369406	9	0		0		0	
HMGXB3	ENST00000502717	19	0		1	3	9	2-4,6-8,12-13,15
HMMR	ENST00000393915	18	0		0		5	9,11,13,15-16
HMOX1	ENST00000216117	5	0		0		0	
HMX1	ENST00000400677	2	2	1-2	2	1-2	2	1-2
HNF1A	ENST00000257555	10	0		0		0	
HNF1B	ENST00000617811	9	0		0		1	4
HNF4A	ENST00000316673	10	0		0		0	
HNMT	ENST00000280097	6	0		2	5-6	3	4-6
HNRNPA0	ENST00000314940	1	0		0		1	1
HNRNPA1	ENST00000340913	10	0		0		1	3
HNRNPA2B1	ENST00000618183	10	0		0		0	
HNRNPC	ENST00000553300	7	0		0		3	3,6,8
HNRNPD	ENST00000313899	8	1	4	1	4	4	3-5,7
HNRNPDL	ENST00000295470	7	1	1	2	1-2	3	1-2,6
HNRNPH1	ENST00000393432	12	0		0		0	
HNRNPH2	ENST00000316594	1	0		0		1	2
HNRNPK	ENST00000376263	15	0		0		2	10-11
HNRNPL	ENST00000221419	13	1	1	2	1,8	2	1,8
HNRNPR	ENST00000302271	10	1	4	1	4	5	2,4,8-9,11
HNRNPU	ENST00000640218	14	0		1	9	6	1,7,9-12
HNRNPUL2	ENST00000301785	14	1	11	2	1,11	2	1,11
HOGA1	ENST00000370646	7	0		0		0	
HOMER2	ENST00000450735	9	1	1	1	1	1	1
HORMAD1	ENST00000361824	14	2	3,9	2	3,9	4	3,8-10
HOXA1	ENST00000643460	2	0		0		0	
HOXA10	ENST00000283921	2	0		0		1	1
HOXA11	ENST00000006015	2	0		0		1	1
HOXA13	ENST00000649031	2	1	1	1	1	1	1
HOXA2	ENST00000222718	2	0		0		1	1
HOXA4	ENST00000360046	2	1	1	1	1	1	1
HOXB1	ENST00000239174	2	1	1	2	1-2	2	1-2
HOXB13	ENST00000290295	2	0		0		0	
HOXB6	ENST00000225648	2	0		0		0	
HOXC13	ENST00000243056	2	1	1	1	1	1	1
HOXD10	ENST00000249501	2	0		0		0	
HOXD12	ENST00000406506	2	0		0		0	
HOXD13	ENST00000392539	2	1	1	1	1	1	1
HP	ENST00000355906	7	0		1	7	1	7
HPCA	ENST00000373467	3	0		0		1	2
HPD	ENST00000289004	14	0		0		0	
HPDL	ENST00000334815	1	0		1	1	1	1
HPGD	ENST00000296522	7	0		0		0	
HPRT1	ENST00000298556	9	0		0		3	1,4-5
HPS1	ENST00000361490	18	0		0		2	12-13
HPS3	ENST00000296051	17	1	2	1	2	1	2
HPS4	ENST00000398145	13	0		0		0	
HPS5	ENST00000349215	22	0		0		1	16
HPS6	ENST00000299238	1	0		0		1	1
HPSE2	ENST00000370552	12	0		1	3	1	3
HR	ENST00000381418	18	0		0		0	
HRAS	ENST00000311189	4	0		0		0	
HRAS	ENST00000417302	4	0		0		1	5
HRG	ENST00000232003	7	0		0		0	
HROB	ENST00000585683	10	1	9	1	9	1	9
HRURF	ENST00000518377	1	1	1	1	1	1	1
HS2ST1	ENST00000370550	7	0		1	4	3	2,4,6
HS3ST6	ENST00000454677	2	2	1-2	2	1-2	2	1-2
HS6ST1	ENST00000259241	2	0		0		0	
HS6ST2	ENST00000370833	5	1	4	2	2,4	5	1-5
HSCB	ENST00000216027	6	0		0		1	6
HSD11B1	ENST00000367027	6	0		0		0	
HSD11B2	ENST00000326152	5	1	1	1	1	1	1
HSD17B10	ENST00000168216	6	0		0		0	
HSD17B13	ENST00000328546	7	0		1	6	2	5-6
HSD17B3	ENST00000375263	11	0		0		0	
HSD17B4	ENST00000510025	24	0		0		0	
HSD3B2	ENST00000369416	3	0		0		0	
HSD3B7	ENST00000297679	6	0		0		0	
HSF2BP	ENST00000291560	8	0		1	9	2	3,9
HSF4	ENST00000521374	13	0		0		0	
HSPA1L	ENST00000375654	1	1	2	1	2	1	2
HSPA9	ENST00000297185	17	0		0		0	
HSPB1	ENST00000248553	3	0		0		0	
HSPB3	ENST00000302005	1	0		0		0	
HSPB8	ENST00000281938	3	0		0		1	1
HSPD1	ENST00000388968	11	0		0		0	
HSPG2	ENST00000374695	97	1	1	1	1	2	1,97
HTR1A	ENST00000323865	1	0		0		0	
HTR2A	ENST00000542664	3	0		0		2	2,4
HTR2C	ENST00000276198	4	0		2	4,6	4	3-6
HTRA1	ENST00000368984	9	1	1	1	1	1	1
HTRA2	ENST00000258080	8	0		0		1	1
HTT	ENST00000355072	67	2	1,7	2	1,7	12	1,7,12,21,23,25,33,39,44,46,50,58
HUWE1	ENST00000262854	81	0		2	29,56	5	29,33,42,56,61
HYAL1	ENST00000395144	3	0		0		0	
HYAL2	ENST00000357750	3	0		0		1	4
HYCC1	ENST00000432176	10	0		0		0	
HYDIN	ENST00000393567	85	2	23,46	3	23,46,64	13	2,4,23-24,36,38-39,46-47,64,67,72,86
HYKK	ENST00000388988	4	0		0		2	2,5
HYLS1	ENST00000425380	1	0		0		0	
HYOU1	ENST00000617285	25	1	8	2	2,8	2	2,8
IARS1	ENST00000443024	33	0		0		3	7,16,29
IARS2	ENST00000366922	23	0		0		8	1-3,9,12,18,20-21
IBA57	ENST00000366711	3	1	1	1	1	2	1-2
ICAM1	ENST00000264832	7	0		1	3	2	2-3
ICAM4	ENST00000380770	3	0		0		0	
ICE1	ENST00000296564	19	0		2	1,12	6	1,5,12,14-16
ICOS	ENST00000316386	5	0		0		0	
ICOSLG	ENST00000407780	7	2	1,3	5	1,3-6	5	1,3-6
IDH1	ENST00000345146	8	0		0		0	
IDH2	ENST00000330062	11	0		1	1	1	1
IDH3A	ENST00000299518	11	0		1	7	2	5,7
IDH3B	ENST00000380843	12	0		0		0	
IDH3G	ENST00000217901	13	1	7	1	7	1	7
IDS	ENST00000340855	9	0		0		1	9
IDUA	ENST00000514224	14	2	1,11	2	1,11	4	1,9-11
IER3IP1	ENST00000256433	3	0		0		0	
IFIH1	ENST00000649979	16	1	6	3	6,10,14	9	1,6-7,10-14,16
IFITM3	ENST00000399808	2	0		0		1	1
IFITM5	ENST00000382614	2	0		0		0	
IFNA1	ENST00000276927	1	0		0		0	
IFNAR1	ENST00000270139	11	0		1	5	6	2-5,9,11
IFNAR2	ENST00000342136	8	0		0		5	4-6,8-9
IFNG	ENST00000229135	4	0		0		1	3
IFNGR1	ENST00000367739	7	0		0		0	
IFNGR2	ENST00000290219	7	1	1	2	1,3	2	1,3
IFNL3	ENST00000413851	5	0		0		0	
IFRD1	ENST00000403825	12	0		0		0	
IFT122	ENST00000348417	30	0		0		0	
IFT140	ENST00000426508	29	0		1	4	3	4,18,29
IFT172	ENST00000260570	48	0		0		1	25
IFT27	ENST00000433985	7	0		0		1	3
IFT43	ENST00000314067	9	0		0		0	
IFT52	ENST00000373030	13	0		0		0	
IFT56	ENST00000464848	18	0		0		5	2,6-7,11,18
IFT57	ENST00000264538	11	1	11	1	11	2	8,11
IFT74	ENST00000380062	19	0		0		4	3,11,16-17
IFT80	ENST00000326448	19	0		0		0	
IFT81	ENST00000242591	18	0		0		6	2,9,13,16-17,19
IFT88	ENST00000351808	25	0		1	17	4	12,17,19-20
IGBP1	ENST00000356413	6	0		0		0	
IGF1	ENST00000337514	4	0		0		0	
IGF1R	ENST00000650285	21	0		0		0	
IGF2	ENST00000416167	3	0		1	4	1	4
IGF2BP2	ENST00000382199	16	0		0		1	1
IGF2R	ENST00000356956	48	1	1	2	1,14	8	1-2,13-14,25,35,38,44
IGFALS	ENST00000215539	2	0		0		0	
IGFBP7	ENST00000295666	5	0		1	1	1	1
IGHMBP2	ENST00000255078	15	0		0		0	
IGLL1	ENST00000330377	3	0		0		0	
IGSF1	ENST00000361420	19	0		8	4-8,12,14,16	12	4-8,12-14,16-18,20
IGSF10	ENST00000282466	6	0		1	5	3	3,5,7
IGSF3	ENST00000369486	10	0		0		6	3-5,8-10
IHH	ENST00000295731	3	0		1	1	1	1
IKBKB	ENST00000520810	21	0		0		1	11
IKBKE	ENST00000581977	20	0		0		1	8
IKBKG	ENST00000594239	9	0		0		0	
IKZF1	ENST00000331340	7	0		0		0	
IKZF2	ENST00000434687	7	0		0		5	4-6,8-9
IKZF3	ENST00000346872	8	0		0		2	4-5
IKZF5	ENST00000368886	3	0		0		1	5
IL10	ENST00000423557	5	0		0		0	
IL10RA	ENST00000227752	7	0		0		0	
IL10RB	ENST00000290200	7	0		0		0	
IL11RA	ENST00000441545	12	0		0		0	
IL12B	ENST00000231228	6	0		0		0	
IL12RB1	ENST00000593993	17	0		0		0	
IL12RB2	ENST00000674203	15	0		0		0	
IL13	ENST00000304506	4	0		0		0	
IL17F	ENST00000336123	3	0		0		0	
IL17RA	ENST00000319363	13	0		1	1	2	1,13
IL17RC	ENST00000403601	19	0		0		3	1,7,18
IL17RD	ENST00000296318	13	1	1	1	1	1	1
IL18BP	ENST00000393703	5	0		0		1	6
IL1B	ENST00000263341	6	0		0		0	
IL1R1	ENST00000410023	10	0		0		6	5-6,9-12
IL1RAP	ENST00000447382	10	0		2	5,12	5	4-6,11-12
IL1RAPL1	ENST00000378993	10	0		1	11	2	10-11
IL1RN	ENST00000409930	4	0		0		0	
IL21	ENST00000648588	5	0		0		1	3
IL21R	ENST00000337929	8	0		0		0	
IL23R	ENST00000347310	10	0		0		1	11
IL27RA	ENST00000263379	14	0		0		1	8
IL2RA	ENST00000379959	8	0		0		0	
IL2RB	ENST00000216223	9	0		1	10	1	10
IL2RG	ENST00000374202	8	0		0		1	8
IL31RA	ENST00000652347	15	0		0		0	
IL36RN	ENST00000393200	4	0		0		0	
IL37	ENST00000263326	5	0		0		1	3
IL4R	ENST00000395762	9	0		0		1	11
IL6	ENST00000258743	5	0		0		2	2,4
IL6R	ENST00000368485	10	1	6	1	6	1	6
IL6ST	ENST00000381298	15	0		1	4	9	4,6-8,11-14,17
IL7	ENST00000263851	6	0		0		3	2-4
IL7R	ENST00000303115	8	0		0		0	
ILDR1	ENST00000344209	8	0		0		0	
ILK	ENST00000299421	12	0		0		0	
IMMP2L	ENST00000405709	5	0		0		0	
IMPA1	ENST00000256108	8	0		1	7	2	7-8
IMPDH1	ENST00000338791	17	0		0		1	1
IMPDH2	ENST00000326739	14	0		0		1	5
IMPG1	ENST00000369950	17	0		1	13	2	2,13
IMPG2	ENST00000193391	19	0		0		1	13
INAVA	ENST00000413687	9	0		1	8	1	8
INF2	ENST00000392634	21	0		1	21	2	8,21
ING1	ENST00000333219	2	0		0		0	
INO80	ENST00000648947	35	0		1	35	8	2-3,10,14,20,24,26,35
INPP4A	ENST00000409851	23	0		0		1	16
INPP4A	ENST00000715854	24	0		0		1	17
INPP5E	ENST00000371712	10	0		1	1	1	1
INPP5K	ENST00000421807	12	1	2	1	2	2	2,8
INPPL1	ENST00000298229	28	1	1	4	1,25-26,28	7	1,9,12,25-28
INS	ENST00000381330	2	0		0		0	
INSL3	ENST00000317306	2	0		0		1	1
INSR	ENST00000302850	22	1	1	1	1	1	1
INTS1	ENST00000404767	47	0		1	3	2	3,23
INTS11	ENST00000435064	17	0		0		2	4,17
INTS13	ENST00000261191	16	0		2	8,13	5	2,8,11-13
INTS8	ENST00000523731	27	0		0		5	6,9-10,12,17
INTU	ENST00000335251	16	0		2	4,14	9	2,4-5,8,10,12,14-16
INVS	ENST00000262457	16	0		0		0	
IPMK	ENST00000373935	6	0		0		2	4,6
IPO8	ENST00000256079	25	0		0		8	9,11,13-16,21-22
IQCB1	ENST00000310864	13	0		0		0	
IQCE	ENST00000402050	22	3	1,17,19	3	1,17,19	3	1,17,19
IQCN	ENST00000392413	3	0		0		1	3
IQGAP3	ENST00000361170	38	0		1	29	2	15,29
IQSEC1	ENST00000613206	14	0		0		2	2-3
IQSEC2	ENST00000639161	3	0		0		1	1
IQSEC2	ENST00000642864	15	0		1	15	3	1,3,15
IQSEC3	ENST00000538872	14	1	3	5	1,3-5,14	10	1,3-9,12,14
IRAG1	ENST00000423302	21	0		0		3	3,7,9
IRAK1	ENST00000369980	14	1	1	4	1-3,5	6	1-5,13
IRAK2	ENST00000256458	13	0		0		2	2,12
IRAK3	ENST00000261233	12	0		1	1	2	1,12
IRAK4	ENST00000613694	11	0		0		0	
IREB2	ENST00000258886	22	0		1	21	9	3,7,9,12,14-16,19,21
IRF1	ENST00000245414	9	0		0		0	
IRF2BP2	ENST00000366609	2	1	1	1	1	2	1-2
IRF2BPL	ENST00000238647	1	1	1	1	1	1	1
IRF3	ENST00000377139	7	0		0		0	
IRF4	ENST00000380956	8	1	3	1	3	2	3,7
IRF5	ENST00000357234	8	0		1	2	2	2,6
IRF6	ENST00000367021	7	0		0		1	3
IRF7	ENST00000525445	10	1	4	2	4,9	8	2-6,8-9,11
IRF8	ENST00000268638	8	0		0		0	
IRF9	ENST00000396864	8	0		0		0	
IRGM	ENST00000522154	1	0		0		1	2
IRS1	ENST00000305123	1	0		0		0	
IRS2	ENST00000375856	2	1	1	1	1	1	1
IRS4	ENST00000372129	2	0		0		2	1-2
IRX4	ENST00000231357	5	0		1	5	2	1,5
IRX5	ENST00000394636	3	0		1	3	1	3
IRX6	ENST00000290552	6	0		0		1	2
ISCA1	ENST00000375991	4	0		0		1	4
ISCA2	ENST00000556816	4	0		0		2	3-4
ISCU	ENST00000311893	5	0		0		0	
ISG15	ENST00000649529	2	0		0		0	
ISL1	ENST00000230658	6	0		0		0	
ISLR2	ENST00000453268	1	0		0		1	3
ITCH	ENST00000374864	23	0		0		1	14
ITFG2	ENST00000228799	12	0		0		0	
ITGA2	ENST00000296585	30	0		0		0	
ITGA2B	ENST00000262407	30	0		1	13	1	13
ITGA3	ENST00000320031	25	1	21	1	21	2	1,21
ITGA6	ENST00000442250	26	0		0		1	26
ITGA6	ENST00000684293	25	0		0		0	
ITGA7	ENST00000257879	25	0		0		0	
ITGA8	ENST00000378076	30	0		0		4	1,13,20,25
ITGAM	ENST00000544665	30	0		1	27	3	3-4,27
ITGAV	ENST00000261023	30	0		1	17	6	1,7,13,17,25,27
ITGB2	ENST00000652462	15	0		0		0	
ITGB3	ENST00000559488	15	1	1	1	1	2	1,10
ITGB4	ENST00000200181	39	1	33	1	33	1	33
ITGB6	ENST00000283249	15	1	6	1	6	6	3,6-7,10,14-15
ITK	ENST00000422843	17	0		0		0	
ITM2B	ENST00000647800	6	0		0		0	
ITPA	ENST00000380113	8	0		0		0	
ITPKB	ENST00000429204	7	0		0		1	2
ITPKC	ENST00000263370	7	1	1	1	1	2	1,4
ITPR1	ENST00000649015	60	0		2	20,56	14	7,17,19-20,32,37-39,44-45,47,55-56,61
ITPR2	ENST00000381340	57	0		4	11,22,48,51	20	8,11-13,15,22-23,26,29,32-33,35-36,41,47-49,51,54-55
ITPR3	ENST00000605930	58	0		1	22	3	2,22,41
ITSN1	ENST00000381318	39	0		0		6	8,17,21,25,29,32
ITSN2	ENST00000355123	39	0		0		8	12-13,18,20-21,25,27,29
IVD	ENST00000487418	12	0		0		0	
IVNS1ABP	ENST00000367498	13	0		2	4,11	4	4,6,11,15
IYD	ENST00000344419	5	0		0		0	
JAG1	ENST00000254958	26	0		1	1	1	1
JAG2	ENST00000331782	26	2	1-2	2	1-2	2	1-2
JAGN1	ENST00000647897	2	0		0		0	
JAK1	ENST00000342505	24	3	2,4,9	3	2,4,9	7	2,4,6-9,20
JAK2	ENST00000381652	23	1	25	2	20,25	13	4,7-9,11-12,15,18-20,22,24-25
JAK3	ENST00000458235	23	0		0		1	6
JAKMIP1	ENST00000409021	20	1	15	1	15	1	15
JAM2	ENST00000480456	10	0		0		0	
JAM3	ENST00000299106	9	0		0		0	
JARID2	ENST00000341776	18	0		0		3	4,7-8
JAZF1	ENST00000283928	5	0		0		2	2,5
JMJD1C	ENST00000399262	26	0		2	15,18	14	3,5-9,12-13,15,18,21-22,24-25
JPH1	ENST00000342232	5	0		0		1	1
JPH2	ENST00000372980	5	0		2	2,4	2	2,4
JPH3	ENST00000284262	5	1	4	1	4	1	4
JUP	ENST00000393931	13	0		0		0	
KALRN	ENST00000682506	60	3	1,8,14	5	1,5,7-8,14	12	1,5,7-8,11,14,18,22,30,47,56,60
KANK1	ENST00000382297	11	0		0		2	3,11
KANK2	ENST00000586659	11	0		1	7	3	4,6-7
KANK4	ENST00000371153	9	0		1	3	2	3,10
KANSL1	ENST00000432791	14	5	4-5,7,10,14	11	2,4-10,13-15	13	2-10,12-15
KARS1	ENST00000302445	14	0		0		0	
KASH5	ENST00000447857	19	0		0		0	
KAT14	ENST00000688188	10	0		0		4	5-7,11
KAT2B	ENST00000263754	18	2	1,4	4	1,3-4,17	9	1,3-4,6-7,9,12,17-18
KAT5	ENST00000341318	13	0		1	1	2	1,7
KAT6A	ENST00000265713	16	0		1	7	5	2,7,13,15-16
KAT6B	ENST00000287239	16	0		0		1	12
KAT8	ENST00000219797	11	1	3	1	3	2	1,3
KATNAL2	ENST00000683218	16	1	4	1	4	4	4-5,7,16
KATNB1	ENST00000379661	19	1	16	1	16	1	16
KATNIP	ENST00000261588	28	3	16,20-21	6	7,16,19-21,26	7	7,16-17,19-21,26
KBTBD13	ENST00000432196	1	0		0		1	1
KBTBD2	ENST00000304056	3	0		0		2	2-3
KCNA1	ENST00000382545	1	0		0		0	
KCNA2	ENST00000316361	1	0		0		0	
KCNA3	ENST00000369769	1	0		1	1	1	1
KCNA4	ENST00000328224	1	0		0		0	
KCNA5	ENST00000252321	1	0		0		0	
KCNA6	ENST00000280684	1	0		0		1	1
KCNAB3	ENST00000303790	14	0		0		0	
KCNB1	ENST00000371741	2	0		0		0	
KCNB2	ENST00000523207	2	0		0		1	2
KCNC1	ENST00000265969	4	0		0		1	3
KCNC2	ENST00000549446	4	0		0		2	2-3
KCNC3	ENST00000477616	4	2	1,4	2	1,4	2	1,4
KCND1	ENST00000218176	6	0		1	3	2	3,6
KCND2	ENST00000331113	6	0		0		1	1
KCND3	ENST00000302127	7	0		0		0	
KCNE1	ENST00000399286	1	0		0		1	4
KCNE2	ENST00000290310	1	0		0		0	
KCNE3	ENST00000310128	1	0		0		0	
KCNE5	ENST00000372101	1	0		0		1	1
KCNH1	ENST00000271751	11	0		1	11	3	6,10-11
KCNH2	ENST00000262186	15	1	4	1	4	2	4,7
KCNH3	ENST00000257981	15	0		2	12,15	3	8,12,15
KCNH5	ENST00000322893	11	0		1	11	4	2,4,7,11
KCNH7	ENST00000332142	16	1	8	3	4,7-8	9	4,6-8,10-11,13,15-16
KCNJ1	ENST00000392666	1	0		0		0	
KCNJ10	ENST00000644903	1	1	2	1	2	1	2
KCNJ11	ENST00000339994	1	0		0		0	
KCNJ13	ENST00000233826	2	0		0		0	
KCNJ16	ENST00000392671	1	0		1	4	1	4
KCNJ18	ENST00000567955	1	0		0		1	3
KCNJ2	ENST00000243457	1	0		0		0	
KCNJ3	ENST00000295101	3	0		0		2	1,3
KCNJ5	ENST00000529694	2	0		0		1	2
KCNJ6	ENST00000609713	3	0		0		1	4
KCNJ8	ENST00000240662	2	0		0		1	2
KCNK17	ENST00000373231	5	0		0		1	5
KCNK18	ENST00000334549	3	0		0		0	
KCNK3	ENST00000302909	2	0		2	1-2	2	1-2
KCNK4	ENST00000422670	6	1	3	1	3	1	3
KCNK9	ENST00000520439	2	0		0		0	
KCNMA1	ENST00000286628	28	0		1	1	2	1,19
KCNMB1	ENST00000274629	3	0		0		0	
KCNN2	ENST00000673685	8	1	1	2	1,3	5	1,3-5,8
KCNN3	ENST00000271915	8	0		0		0	
KCNN4	ENST00000648319	8	0		2	3,8	2	3,8
KCNQ1	ENST00000155840	16	1	1	1	1	1	1
KCNQ2	ENST00000359125	17	0		0		2	2,4
KCNQ3	ENST00000388996	15	1	1	1	1	1	1
KCNQ4	ENST00000347132	14	1	1	1	1	1	1
KCNQ5	ENST00000370398	14	1	1	1	1	5	1,4-5,12-13
KCNT1	ENST00000371757	31	0		2	2,19	3	2,19-20
KCNT2	ENST00000294725	28	0		1	16	11	2-3,8-9,11-13,16,19,26-27
KCNU1	ENST00000399881	27	0		2	20,27	9	1-2,5,8,20-22,25,27
KCNV2	ENST00000382082	2	0		0		0	
KCTD1	ENST00000580059	5	1	1	1	1	2	1-2
KCTD10	ENST00000228495	7	0		0		0	
KCTD13	ENST00000568000	6	0		0		2	1,6
KCTD15	ENST00000683859	5	0		1	4	2	4,7
KCTD17	ENST00000403888	9	1	1	1	1	2	1,6
KCTD3	ENST00000259154	18	1	1	2	1,18	6	1,9,12-14,18
KCTD7	ENST00000639828	4	0		1	1	1	1
KDELR2	ENST00000258739	5	0		0		1	1
KDF1	ENST00000320567	3	0		0		0	
KDM1A	ENST00000400181	21	1	1	2	1,21	6	1-2,4,7,17,21
KDM2A	ENST00000529006	20	0		2	12,17	4	6,12,17-18
KDM2B	ENST00000377071	23	0		2	11,21	3	11,19,21
KDM3A	ENST00000312912	25	0		1	9	7	3,9-10,13,17,19,24
KDM3B	ENST00000314358	24	2	1,19	2	1,19	8	1-2,7-8,11,17,19,22
KDM4B	ENST00000159111	21	1	12	1	12	2	6,12
KDM5A	ENST00000399788	28	0		0		0	
KDM5B	ENST00000367265	27	1	17	2	17,21	11	5-6,10-11,14-15,17,19,21,23,26
KDM5C	ENST00000375401	26	0		0		0	
KDM6A	ENST00000611820	30	0		1	14	3	10,14,18
KDM6B	ENST00000448097	20	0		0		1	24
KDM7A	ENST00000397560	20	1	1	1	1	5	1,3-4,6,16
KDR	ENST00000263923	30	0		0		0	
KDSR	ENST00000645214	10	0		2	1,6	2	1,6
KEAP1	ENST00000171111	5	0		0		0	
KEL	ENST00000355265	19	0		1	19	1	19
KERA	ENST00000266719	2	0		1	2	1	2
KGD4	ENST00000256441	4	0		2	2-3	3	2-4
KHDC3L	ENST00000370367	3	0		0		0	
KHDRBS1	ENST00000327300	9	1	1	1	1	3	1-2,8
KHK	ENST00000260598	8	0		0		0	
KIAA0319L	ENST00000325722	20	0		1	10	8	2-4,7,9-10,12,16
KIAA0586	ENST00000652326	31	1	14	4	5,13-14,16	16	5,7,11,13-17,19-22,24,26-28
KIAA0753	ENST00000361413	18	0		1	3	3	3,8,18
KIAA0825	ENST00000682413	19	1	17	3	5,12,17	9	4-6,9,11-12,16-17,19
KIAA1217	ENST00000376454	21	2	6,15	2	6,15	7	2-3,6,14-16,21
KIAA1549	ENST00000422774	20	3	1,7,20	5	1,7,13,18,20	6	1,4,7,13,18,20
KICS2	ENST00000398055	3	0		0		1	2
KIDINS220	ENST00000256707	29	1	17	3	17,22,24	11	7,12,14-17,22-24,29-30
KIF11	ENST00000260731	22	0		2	5,18	10	2,5-6,8,12,17-20,22
KIF12	ENST00000640217	19	0		1	11	3	4,11,15
KIF14	ENST00000367350	29	0		1	30	11	2-3,10-11,14,18,21,24-25,27,30
KIF15	ENST00000326047	35	0		0		8	7,12-14,17,20-21,34
KIF17	ENST00000400463	15	0		0		0	
KIF1A	ENST00000498729	48	0		0		0	
KIF1B	ENST00000676179	48	0		0		0	
KIF1C	ENST00000320785	21	0		1	7	5	7,9,16,22-23
KIF20A	ENST00000394894	18	0		0		1	19
KIF21A	ENST00000361418	38	0		0		0	
KIF21B	ENST00000461742	35	1	6	2	6,33	4	6,27,33,35
KIF22	ENST00000160827	14	0		1	4	3	2,4,9
KIF23	ENST00000679126	24	1	6	5	1,3,6,15,18	9	1,3,6-7,15-16,18-20
KIF26A	ENST00000423312	15	2	1-2	3	1-2,4	4	1-2,4,13
KIF26B	ENST00000407071	15	2	3,14	6	3,5,8,10,12,14	13	3-15
KIF2A	ENST00000407818	21	0		0		7	5,7-9,13,15,20
KIF3B	ENST00000375712	8	0		0		2	6,9
KIF4A	ENST00000374403	30	1	3	5	3,6,8-9,11	25	2-11,13,15-25,29-31
KIF5A	ENST00000455537	28	0		0		0	
KIF5B	ENST00000302418	25	1	19	2	12,19	8	4,7-8,10-12,16,19
KIF5C	ENST00000435030	25	1	25	10	4,6-7,10-12,15-16,18,25	22	4-25
KIF6	ENST00000287152	23	0		0		5	4,7-8,12,20
KIF7	ENST00000394412	18	2	4-5	2	4-5	3	2,4-5
KIFBP	ENST00000361983	7	0		0		1	7
KIR3DL1	ENST00000391728	9	9	1-9	9	1-9	9	1-9
KIRREL1	ENST00000359209	15	0		1	1	2	1,15
KIRREL3	ENST00000525144	17	1	17	2	12,17	2	12,17
KISS1	ENST00000367194	2	0		0		0	
KISS1R	ENST00000234371	5	0		1	5	1	5
KIT	ENST00000288135	21	0		0		0	
KITLG	ENST00000644744	9	0		0		0	
KIZ	ENST00000619189	13	0		0		3	3,5-6
KL	ENST00000380099	5	1	1	1	1	1	1
KLB	ENST00000257408	5	0		1	5	5	1-5
KLC2	ENST00000394067	15	0		1	7	2	5,7
KLC4	ENST00000347162	15	0		0		1	2
KLF1	ENST00000264834	3	0		0		0	
KLF10	ENST00000285407	4	0		0		1	3
KLF11	ENST00000305883	4	0		0		1	3
KLF13	ENST00000307145	2	1	1	2	1-2	2	1-2
KLF2	ENST00000248071	3	1	2	1	2	1	2
KLF4	ENST00000374672	5	0		1	1	1	1
KLF6	ENST00000497571	4	0		0		0	
KLF7	ENST00000309446	4	0		1	2	1	2
KLHDC8B	ENST00000332780	5	0		0		2	2,6
KLHL10	ENST00000293303	5	0		0		0	
KLHL13	ENST00000540167	7	0		5	3,5-8	6	2-3,5-8
KLHL15	ENST00000328046	2	0		2	3-4	2	3-4
KLHL20	ENST00000209884	11	1	3	1	3	4	3-4,7-8
KLHL24	ENST00000242810	6	0		0		3	3-4,6
KLHL3	ENST00000309755	15	0		0		0	
KLHL40	ENST00000287777	6	0		0		0	
KLHL41	ENST00000284669	6	1	6	1	6	4	2-4,6
KLHL7	ENST00000339077	11	0		0		0	
KLHL9	ENST00000359039	1	0		0		0	
KLK1	ENST00000301420	5	0		0		2	1-2
KLK11	ENST00000453757	5	1	4	2	2,4	2	2,4
KLK4	ENST00000324041	5	0		0		0	
KLKB1	ENST00000264690	14	0		0		0	
KLLN	ENST00000445946	1	1	1	1	1	1	1
KMO	ENST00000366559	15	0		0		1	15
KMT2A	ENST00000534358	36	2	1,19	2	1,19	7	1,7,15,19,22,25-26
KMT2B	ENST00000420124	37	1	1	3	1,3,8	7	1,3,6,8,11,30,33
KMT2C	ENST00000262189	59	4	6,26,30,52	7	1,6,10,26,30,35,52	21	1,6,9-12,17,19-20,23,26,30,35,41-42,45-48,52,55
KMT2D	ENST00000301067	54	0		4	11,32,43,52	6	11,29,32,42-43,52
KMT2E	ENST00000311117	25	0		3	8,11,16	11	4-5,8,11,13,16,18-20,22-23
KMT5B	ENST00000304363	10	0		0		3	3,7,11
KNG1	ENST00000644859	10	0		0		0	
KNL1	ENST00000399668	25	1	25	2	7,25	5	7,11,23-25
KNSTRN	ENST00000249776	9	0		0		0	
KPNA3	ENST00000261667	17	0		1	16	4	9,11,15-16
KPNA4	ENST00000334256	17	0		1	9	3	9,11,15
KPNA7	ENST00000327442	10	0		1	7	2	7,9
KPTN	ENST00000338134	12	0		0		1	11
KRAS	ENST00000256078	4	0		0		0	
KRAS	ENST00000311936	4	0		0		0	
KREMEN1	ENST00000400335	9	1	1	2	1,6	2	1,6
KRIT1	ENST00000394505	16	0		0		1	18
KRT1	ENST00000252244	9	0		0		0	
KRT10	ENST00000269576	8	1	7	1	7	2	1,7
KRT12	ENST00000251643	8	1	1	2	1,4	2	1,4
KRT13	ENST00000246635	8	0		0		0	
KRT14	ENST00000167586	8	0		0		0	
KRT16	ENST00000301653	8	0		0		0	
KRT17	ENST00000311208	8	0		0		0	
KRT18	ENST00000388835	7	0		0		0	
KRT2	ENST00000309680	9	0		0		0	
KRT25	ENST00000312150	8	0		2	1,4	2	1,4
KRT3	ENST00000417996	9	0		0		1	9
KRT4	ENST00000551956	9	0		0		0	
KRT5	ENST00000252242	9	0		0		0	
KRT6A	ENST00000330722	9	0		0		0	
KRT6B	ENST00000252252	9	0		0		0	
KRT6C	ENST00000252250	9	0		0		0	
KRT71	ENST00000267119	9	0		0		2	1,5
KRT74	ENST00000305620	9	0		0		0	
KRT75	ENST00000252245	9	0		0		0	
KRT8	ENST00000692008	8	0		0		1	1
KRT81	ENST00000327741	9	0		0		0	
KRT83	ENST00000293670	9	0		0		0	
KRT85	ENST00000257901	9	0		0		0	
KRT86	ENST00000423955	9	0		0		0	
KRT9	ENST00000246662	7	0		0		0	
KY	ENST00000423778	11	0		1	10	3	1,10-11
KYNU	ENST00000264170	13	0		0		0	
L1CAM	ENST00000370060	28	0		0		0	
L2HGDH	ENST00000267436	10	0		0		0	
LACC1	ENST00000325686	5	0		0		5	2-6
LAGE3	ENST00000357360	3	1	1	1	1	1	1
LAMA1	ENST00000389658	63	0		0		1	33
LAMA2	ENST00000421865	65	0		0		0	
LAMA3	ENST00000269217	38	0		0		0	
LAMA3	ENST00000313654	75	1	1	1	1	1	1
LAMA4	ENST00000230538	38	0		1	20	2	20,24
LAMA5	ENST00000252999	80	2	1,55	7	1,15,26,35,54-55,66	10	1,13,15,26,35-36,54-55,66,76
LAMB1	ENST00000222399	33	0		1	10	9	3,6,10-11,21,25-26,30,32
LAMB2	ENST00000305544	32	0		0		0	
LAMB3	ENST00000356082	22	0		0		0	
LAMC2	ENST00000264144	23	0		0		1	10
LAMC3	ENST00000361069	28	1	1	1	1	1	1
LAMP2	ENST00000200639	9	0		0		0	
LAMP3	ENST00000265598	6	0		0		1	2
LAMTOR2	ENST00000368305	4	0		0		0	
LARGE1	ENST00000397394	14	0		0		0	
LARP1	ENST00000518297	19	1	1	2	1,19	4	1,10-11,19
LARP7	ENST00000344442	12	0		0		2	5,11
LARS1	ENST00000394434	32	1	18	2	18,26	8	4,10,18-19,23,25-26,32
LARS2	ENST00000645846	20	0		0		2	7,17
LAS1L	ENST00000374811	14	0		1	12	4	5,11-13
LAT	ENST00000395456	11	0		2	6-7	3	4,6-7
LBR	ENST00000272163	13	0		0		0	
LBX1	ENST00000370193	2	0		0		1	1
LCA5	ENST00000369846	7	0		0		0	
LCAT	ENST00000264005	6	0		0		0	
LCK	ENST00000336890	12	0		0		2	3,9
LCP1	ENST00000323076	15	0		0		3	4,7,14
LCP2	ENST00000046794	21	1	8	1	8	3	8,18,20
LCT	ENST00000264162	17	0		0		0	
LDB1	ENST00000673968	11	0		0		1	2
LDB3	ENST00000263066	8	0		0		0	
LDB3	ENST00000361373	13	0		0		0	
LDHA	ENST00000422447	7	0		0		0	
LDHB	ENST00000350669	7	0		0		0	
LDHD	ENST00000450168	11	0		0		0	
LDLR	ENST00000558518	18	0		0		0	
LDLRAP1	ENST00000374338	9	1	1	1	1	1	1
LEF1	ENST00000265165	11	0		0		1	3
LEFTY2	ENST00000366820	4	0		0		1	1
LEMD2	ENST00000293760	9	1	1	2	1,6	2	1,6
LEMD3	ENST00000308330	13	0		0		1	1
LEO1	ENST00000299601	12	0		0		3	2,5,10
LEP	ENST00000308868	2	0		0		0	
LEPR	ENST00000349533	18	0		0		1	4
LETM1	ENST00000302787	14	1	1	1	1	2	1,3
LFNG	ENST00000222725	8	1	1	1	1	1	1
LGALS2	ENST00000215886	4	0		0		1	1
LGALSL	ENST00000238875	5	0		0		1	1
LGI1	ENST00000371418	8	0		0		0	
LGI3	ENST00000306317	8	1	1	1	1	3	1,6,8
LGI4	ENST00000310123	9	2	6,9	2	6,9	4	6-9
LGR4	ENST00000379214	18	1	1	1	1	4	1,5,9,18
LHB	ENST00000649238	3	0		0		0	
LHCGR	ENST00000294954	11	0		0		1	9
LHFPL5	ENST00000360215	3	0		0		0	
LHX2	ENST00000373615	5	1	3	1	3	1	3
LHX3	ENST00000371748	6	0		0		1	4
LHX4	ENST00000263726	6	0		0		0	
LHX8	ENST00000356261	8	0		0		0	
LIAS	ENST00000640888	11	0		0		3	2-3,8
LIFR	ENST00000453190	19	0		0		1	20
LIG1	ENST00000263274	27	0		0		0	
LIG3	ENST00000378526	19	1	15	3	13,15,18	8	2,4,10,13-15,18,20
LIG4	ENST00000442234	1	0		0		0	
LIM2	ENST00000596399	4	0		0		0	
LIMA1	ENST00000341247	10	0		1	4	2	4,11
LIMS2	ENST00000355119	10	1	1	1	1	1	1
LINGO1	ENST00000355300	2	0		0		1	1
LINGO4	ENST00000368820	1	0		0		0	
LINS1	ENST00000314742	6	0		0		2	2,7
LIPA	ENST00000336233	9	0		0		0	
LIPC	ENST00000299022	9	0		0		0	
LIPE	ENST00000244289	10	3	1,3,9	4	1-3,9	5	1-3,6,9
LIPH	ENST00000296252	10	0		0		0	
LIPI	ENST00000681601	10	0		0		0	
LIPN	ENST00000404459	9	0		3	4,7,10	7	3-8,10
LIPT1	ENST00000651691	1	0		0		1	2
LIPT2	ENST00000310109	2	0		1	1	1	1
LITAF	ENST00000622633	3	0		0		0	
LMAN1	ENST00000251047	13	0		0		0	
LMAN2L	ENST00000264963	8	0		0		0	
LMBR1	ENST00000353442	17	0		1	16	4	7,10,14,16
LMBRD1	ENST00000649934	16	0		0		0	
LMBRD2	ENST00000296603	17	0		0		6	2,5,9-10,13,16
LMF1	ENST00000262301	11	0		0		2	1-2
LMNA	ENST00000368300	12	0		0		0	
LMNA	ENST00000677389	10	0		0		0	
LMNB1	ENST00000261366	11	1	5	2	1,5	2	1,5
LMNB2	ENST00000325327	12	1	1	1	1	1	1
LMO1	ENST00000335790	4	0		0		0	
LMO2	ENST00000257818	4	1	4	2	3-4	2	3-4
LMOD1	ENST00000367288	3	0		0		0	
LMOD2	ENST00000458573	3	0		0		1	2
LMOD3	ENST00000420581	3	0		0		1	1
LMTK3	ENST00000600059	15	3	11-13	5	9,11-14	5	9,11-14
LMX1A	ENST00000342310	8	0		1	8	3	6,8-9
LMX1B	ENST00000373474	8	0		0		0	
LNPK	ENST00000272748	12	0		1	4	2	4,12
LONP1	ENST00000360614	18	0		0		1	1
LORICRIN	ENST00000368742	1	1	2	1	2	1	2
LOX	ENST00000231004	7	0		1	1	2	1,3
LOXHD1	ENST00000642948	41	0		1	19	10	5,10,13,17,19,22,25,28-29,40
LOXL1	ENST00000261921	7	1	1	1	1	2	1,3
LOXL3	ENST00000264094	13	0		0		2	2,8
LOXL4	ENST00000260702	14	0		0		0	
LPA	ENST00000316300	39	0		0		0	
LPAR6	ENST00000620633	1	0		0		0	
LPIN1	ENST00000674199	20	0		1	10	1	10
LPIN2	ENST00000677752	19	0		0		1	7
LPL	ENST00000650287	10	0		0		0	
LPP	ENST00000617246	9	0		0		3	4,7,10
LRAT	ENST00000336356	2	0		0		0	
LRBA	ENST00000651943	56	0		1	14	21	2,6,8-9,12-14,22-25,29-31,37,40-41,44,47,52-53
LRIF1	ENST00000369763	4	0		0		2	3-4
LRIG2	ENST00000361127	18	1	7	3	7,13,15	8	4-5,7-8,13-15,17
LRIT3	ENST00000594814	4	1	1	2	1-2	4	1-4
LRMDA	ENST00000611255	7	0		1	1	1	1
LRP1	ENST00000243077	89	2	53,78	6	1,11,49,53,72,78	10	1,11,27,35,49-50,53,61,72,78
LRP12	ENST00000276654	7	1	1	1	1	3	1,5,7
LRP2	ENST00000649046	79	0		0		1	52
LRP4	ENST00000378623	38	0		1	1	1	1
LRP5	ENST00000294304	23	1	1	1	1	1	1
LRP6	ENST00000261349	23	0		0		0	
LRP8	ENST00000306052	19	0		2	1,5	4	1,5,17-18
LRPAP1	ENST00000650182	8	0		1	6	1	6
LRPPRC	ENST00000260665	38	1	1	1	1	1	1
LRRC23	ENST00000443597	6	0		0		1	7
LRRC32	ENST00000260061	2	0		0		0	
LRRC45	ENST00000306688	17	1	2	4	2,4-5,17	5	1-2,4-5,17
LRRC56	ENST00000270115	11	4	7,10,13-14	7	5,7-10,13-14	9	4-5,7-10,12-14
LRRC7	ENST00000651989	27	0		1	20	7	4,9-10,16-17,20,23
LRRC8A	ENST00000372600	2	0		0		1	4
LRRC8C	ENST00000370454	2	0		0		1	3
LRRK1	ENST00000388948	33	2	17,33	2	17,33	9	3-4,16-17,24-25,27,33-34
LRRK2	ENST00000298910	51	0		0		1	38
LRSAM1	ENST00000300417	24	0		0		0	
LRTOMT	NM_001145309.4	5	0		0		1	3
LSM1	ENST00000311351	4	0		0		0	
LSM11	ENST00000286307	4	1	1	1	1	2	1,4
LSM7	ENST00000252622	4	0		0		0	
LSR	ENST00000605618	10	0		1	6	3	2,6,9
LSS	ENST00000397728	22	0		0		9	3,6-8,15,17-18,20,22
LTA	ENST00000418386	3	3	2-4	3	2-4	3	2-4
LTBP1	ENST00000404816	34	1	1	3	1,14,18	15	1,3-4,6-7,12,14,16,18,21,23-25,29-30
LTBP2	ENST00000261978	36	0		0		1	1
LTBP3	ENST00000301873	28	1	1	1	1	3	1,24-25
LTBP4	ENST00000396819	30	2	1,22	2	1,22	6	1,13,22-23,28,30
LTC4S	ENST00000292596	5	0		1	5	1	5
LTV1	ENST00000367576	11	0		0		3	5,7-8
LY96	ENST00000284818	5	0		0		0	
LYL1	ENST00000264824	3	1	4	2	2,4	2	2,4
LYN	ENST00000519728	12	0		0		1	9
LYRM4	ENST00000330636	3	0		0		0	
LYRM7	ENST00000379380	5	0		0		1	4
LYSET	ENST00000415050	2	1	2	1	2	1	2
LYST	ENST00000389793	51	0		1	5	1	5
LYZ	ENST00000261267	4	0		0		0	
LZTFL1	ENST00000296135	10	1	7	2	7-8	3	3,7-8
LZTR1	ENST00000646124	21	1	10	1	10	1	10
LZTS1	ENST00000381569	3	0		1	3	2	2-3
M1AP	ENST00000421985	10	1	6	1	6	3	3,5-6
MAB21L1	ENST00000379919	1	0		0		1	1
MAB21L2	ENST00000317605	1	0		0		1	1
MACF1	ENST00000564288	101	4	23,25,35,60	7	23,25,35,56,60,63,95	26	7,11,15,18,23,25-27,34-36,38,45,48-49,51,56-58,60,63,65,84,86,89,95
MACROD2	ENST00000684519	18	1	6	2	2,6	3	2-3,6
MACROH2A1	ENST00000511689	8	2	3,6	2	3,6	2	3,6
MAD1L1	ENST00000265854	17	0		0		2	12-13
MAD2L2	ENST00000376692	8	0		2	2,6	2	2,6
MADD	ENST00000706887	36	2	14,34	2	14,34	5	8,13-14,20,34
MAF	ENST00000326043	2	1	1	1	1	1	1
MAFA	ENST00000333480	1	1	1	1	1	1	1
MAFB	ENST00000373313	1	0		0		1	1
MAG	ENST00000392213	9	0		1	6	5	4-8
MAGED2	ENST00000375068	11	1	12	2	3,12	4	3-4,11-12
MAGEE2	ENST00000373359	1	1	1	1	1	1	1
MAGEL2	ENST00000650528	1	0		1	1	1	1
MAGI2	ENST00000354212	22	1	22	2	18,22	6	2-3,12,16,18,22
MAGT1	ENST00000618282	10	0		0		0	
MAK	ENST00000354489	14	0		0		0	
MAL	ENST00000309988	4	0		0		0	
MALT1	ENST00000649217	17	1	1	2	1,11	6	1,4-5,11,14,17
MAMDC2	ENST00000377182	14	0		4	3,6,10-11	11	1-7,9-12
MAML2	ENST00000524717	5	0		0		4	1-2,4-5
MAMLD1	ENST00000370401	6	0		1	4	2	2,4
MAN1B1	ENST00000371589	13	0		0		0	
MAN2A2	ENST00000559717	22	0		0		1	10
MAN2B1	ENST00000456935	24	0		0		0	
MAN2B2	ENST00000285599	19	0		0		0	
MAN2C1	ENST00000267978	26	0		0		1	5
MANBA	ENST00000647097	17	0		0		0	
MANF	ENST00000528157	4	1	1	1	1	1	1
MAOA	ENST00000338702	15	0		0		0	
MAOB	ENST00000378069	15	1	6	3	3-4,6	11	2-4,6-9,12-15
MAP1B	ENST00000296755	7	0		0		1	7
MAP1LC3B2	ENST00000556529	1	0		0		0	
MAP2K1	ENST00000307102	11	0		0		0	
MAP2K2	ENST00000262948	11	0		0		0	
MAP3K1	ENST00000399503	20	1	1	1	1	1	1
MAP3K14	ENST00000344686	15	0		0		0	
MAP3K20	ENST00000375213	19	1	10	1	10	6	2,4,6,10,17,20
MAP3K3	ENST00000361733	16	0		1	7	2	7,15
MAP3K6	ENST00000357582	29	1	1	1	1	3	1,10,19
MAP3K7	ENST00000369329	17	1	8	2	8,17	5	5,8,10,16-17
MAP3K8	ENST00000263056	7	0		1	5	2	5,7
MAP4K4	ENST00000324219	33	0		2	1,24	10	1,4,10-11,19,24-25,28,31-32
MAP7D3	ENST00000316077	18	0		3	7-8,11	11	3-4,6-13,15
MAPK1	ENST00000215832	8	2	1,5	2	1,5	4	1-3,5
MAPK10	ENST00000641462	12	1	7	1	7	3	4,7-8
MAPK8	ENST00000374189	11	1	8	1	8	4	4,6,8,12
MAPK8IP1	ENST00000241014	12	1	3	1	3	2	1,3
MAPK8IP3	ENST00000610761	32	0		1	18	2	1,18
MAPKAPK3	ENST00000621469	10	0		0		2	2,6
MAPKAPK5	ENST00000550735	14	1	14	3	1,11,14	4	1,9,11,14
MAPKBP1	ENST00000457542	30	2	3,22	2	3,22	4	3,14,22,28
MAPRE2	ENST00000300249	7	0		0		1	2
MAPT	ENST00000262410	12	1	5	1	5	4	4-5,7,12
MARCHF6	ENST00000274140	26	1	16	1	16	6	2,7,15-17,21
MARK2	ENST00000402010	19	0		0		0	
MARK3	ENST00000429436	18	0		0		1	18
MARK4	ENST00000262891	17	0		1	16	3	7,13,16
MARS1	ENST00000262027	21	0		0		0	
MARS2	ENST00000282276	1	0		0		0	
MARVELD2	ENST00000325631	6	0		0		3	2-3,6
MASP1	ENST00000296280	11	0		0		0	
MASP1	ENST00000337774	16	0		0		0	
MASP2	ENST00000400897	11	1	1	1	1	4	1-2,9,11
MAST1	ENST00000251472	26	0		0		2	1,20
MAST2	ENST00000361297	29	1	1	2	1,23	7	1-3,12,17-18,23
MAST3	ENST00000687212	28	2	1,3	3	1,3,8	3	1,3,8
MAST4	ENST00000403625	29	1	1	1	1	3	1,17-18
MASTL	ENST00000375940	12	0		0		0	
MAT1A	ENST00000372213	9	0		0		0	
MAT2A	ENST00000306434	9	1	3	2	3,6	2	3,6
MATN3	ENST00000407540	8	1	1	1	1	2	1-2
MATR3	ENST00000394805	14	0		0		0	
MAU2	ENST00000262815	19	0		0		0	
MAX	ENST00000358664	5	0		0		0	
MB	ENST00000397326	3	0		1	3	1	3
MBD4	ENST00000429544	8	0		0		0	
MBD5	ENST00000642680	10	0		0		0	
MBL2	ENST00000674931	4	0		1	5	2	3,5
MBOAT7	ENST00000245615	7	7	2-8	7	2-8	7	2-8
MBTPS1	ENST00000343411	22	0		1	14	3	2,14,19
MBTPS2	ENST00000379484	11	0		0		0	
MC1R	ENST00000555147	1	0		0		0	
MC2R	ENST00000327606	1	0		0		0	
MC3R	ENST00000243911	1	0		0		0	
MC4R	ENST00000299766	1	0		0		0	
MCAT	ENST00000290429	4	1	4	3	1,3-4	3	1,3-4
MCC	ENST00000408903	19	1	1	1	1	3	1,3,11
MCCC1	ENST00000265594	19	0		0		0	
MCCC2	ENST00000340941	17	0		0		6	1-6
MCEE	ENST00000244217	3	0		0		0	
MCF2	ENST00000519895	28	0		5	10-13,18	21	2-6,8-13,15-18,20,23,25-28
MCF2L	ENST00000535094	30	1	6	2	6,28	3	6,28,30
MCFD2	ENST00000319466	3	0		0		0	
MCIDAS	ENST00000513312	7	0		1	2	2	2,5
MCM10	ENST00000378714	19	0		0		4	3,6,8,14
MCM2	ENST00000265056	16	0		0		1	13
MCM3AP	ENST00000291688	28	1	7	2	7,24	5	7,9,11,23-24
MCM4	ENST00000649973	16	0		1	12	2	8,12
MCM5	ENST00000216122	16	0		2	2,8	2	2,8
MCM6	ENST00000264156	17	1	13	2	11,13	4	7,11,13,16
MCM7	ENST00000303887	15	0		0		0	
MCM8	ENST00000610722	18	0		1	18	6	2-3,7,10,15,18
MCM9	ENST00000619706	12	0		2	3,11	5	3-4,9,11-12
MCOLN1	ENST00000264079	14	0		0		1	1
MCPH1	ENST00000344683	14	0		0		0	
MCTP2	ENST00000357742	22	0		0		7	2,7,9-10,15,17,20
MCTS1	ENST00000371317	6	0		1	3	5	2-6
MDFIC	ENST00000393486	4	0		1	2	4	2-5
MDH1	ENST00000233114	9	0		0		3	4,6,9
MDH2	ENST00000315758	9	0		0		0	
MDM2	ENST00000258149	11	1	9	1	9	3	4,8-9
MDM4	ENST00000367182	10	0		0		3	4,9,11
ME2	ENST00000321341	15	0		0		7	3-4,6-7,10-12
MECOM	ENST00000651503	17	1	15	4	2,8,15-16	7	2,6,8,11,13,15-16
MECP2	ENST00000303391	3	0		0		0	
MECP2	ENST00000453960	3	0		1	1	1	1
MECR	ENST00000263702	10	0		0		2	1,8
MED11	ENST00000293777	3	0		0		0	
MED12	ENST00000374080	45	0		0		1	28
MED12L	ENST00000687756	44	1	2	3	2,16,27	17	2,4,8,16,19-21,27-28,30,34-38,40,42
MED13	ENST00000397786	30	0		0		18	3-4,6-7,10,12,14-21,25-28
MED13L	ENST00000281928	31	0		0		0	
MED16	ENST00000325464	15	0		0		1	10
MED17	ENST00000251871	12	0		0		0	
MED22	ENST00000343730	4	0		1	5	1	5
MED23	ENST00000368068	29	0		0		0	
MED25	ENST00000312865	18	0		0		0	
MED27	ENST00000292035	8	0		0		0	
MEF2A	ENST00000557942	10	0		1	6	6	4-6,8-9,12
MEF2C	ENST00000504921	10	0		2	5,7	6	3-5,7,10-11
MEFV	ENST00000219596	10	0		0		0	
MEGF10	ENST00000503335	24	0		2	6,25	9	2-4,6,8,12,14,22,25
MEGF8	ENST00000251268	42	0		3	6,19,29	14	3,6,9,11-12,14-15,19,29-30,35-36,40,42
MEI1	ENST00000401548	31	2	13,22	2	13,22	5	13,19-20,22,26
MEI4	ENST00000684080	4	4	2-5	4	2-5	4	2-5
MEIOB	ENST00000325962	13	0		1	6	2	6,12
MEIS2	ENST00000561208	12	0		0		2	2,8
MEN1	ENST00000450708	9	0		0		0	
MEOX1	ENST00000318579	3	0		0		2	1,3
MEPCE	ENST00000310512	4	1	1	1	1	1	1
MEPE	ENST00000361056	3	0		0		1	4
MERTK	ENST00000295408	19	0		0		0	
MESD	ENST00000261758	3	0		0		0	
MESP1	ENST00000300057	2	1	1	1	1	1	1
MESP2	ENST00000341735	2	0		0		1	1
MET	ENST00000397752	20	0		0		1	2
METAP1	ENST00000296411	11	0		0		2	5,7
METTL13	ENST00000361735	8	0		1	2	2	2,8
METTL23	ENST00000341249	4	0		0		0	
METTL4	ENST00000574538	8	0		1	2	3	2,6,8
METTL5	ENST00000260953	7	1	3	1	3	1	3
MFAP5	ENST00000359478	9	0		0		0	
MFF	ENST00000304593	7	0		0		3	4,8-9
MFHAS1	ENST00000276282	3	0		0		0	
MFN2	ENST00000235329	17	0		0		0	
MFRP	ENST00000619721	13	0		0		0	
MFSD2A	ENST00000372811	14	1	1	1	1	2	1,7
MFSD6L	ENST00000329805	1	0		0		0	
MFSD8	ENST00000641686	12	0		0		0	
MGA	ENST00000703841	23	0		1	16	13	2-3,7-11,13-16,18,23
MGAT2	ENST00000305386	1	0		0		0	
MGME1	ENST00000377710	4	0		0		1	2
MGP	ENST00000539261	4	0		0		0	
MIA3	ENST00000344922	28	0		0		4	6,24,27-28
MIB1	ENST00000261537	21	0		1	17	9	1-2,7-9,12-13,17,21
MICAL1	ENST00000358807	24	1	13	2	13,15	7	5,10-11,13,15-16,19
MICOS13	ENST00000309324	4	0		0		0	
MICU1	ENST00000361114	11	0		0		3	3,6,8
MICU2	ENST00000382374	12	0		2	6,11	3	6,8,11
MID1	ENST00000317552	9	0		1	2	1	2
MID2	ENST00000262843	10	0		4	2,8-10	8	2-3,5-10
MIEF1	ENST00000325301	4	0		0		2	4-5
MIEF2	ENST00000323019	3	0		0		1	4
MIF	ENST00000215754	3	0		1	2	2	2-3
MINAR2	ENST00000564719	3	0		0		1	3
MINPP1	ENST00000371996	5	1	5	1	5	1	5
MIP	ENST00000652304	4	0		0		1	1
MIPEP	ENST00000382172	19	0		1	1	5	1-2,6-7,11
MITF	ENST00000352241	10	0		0		0	
MITF	ENST00000394351	9	0		0		0	
MKKS	ENST00000347364	4	0		0		0	
MKRN3	ENST00000314520	1	0		0		0	
MKS1	ENST00000393119	18	0		0		0	
MLC1	ENST00000311597	11	0		0		0	
MLF1	ENST00000466246	8	1	2	1	2	3	2,6-7
MLH1	ENST00000231790	19	0		0		0	
MLH3	ENST00000355774	12	0		0		0	
MLIP	ENST00000502396	14	1	3	1	3	2	3,11
MLLT10	ENST00000307729	22	1	8	4	3,8,11,20	9	3,5,8,10-11,14-15,18,20
MLPH	ENST00000264605	15	0		0		0	
MLYCD	ENST00000262430	5	1	1	1	1	1	1
MMAA	ENST00000649156	6	0		0		0	
MMAB	ENST00000545712	9	0		0		0	
MMACHC	ENST00000401061	4	0		0		0	
MMADHC	ENST00000303319	7	0		0		0	
MME	ENST00000360490	22	0		0		0	
MMGT1	ENST00000305963	4	0		0		2	3-4
MMP1	ENST00000315274	10	1	1	1	1	4	1,5-6,8
MMP13	ENST00000260302	10	0		0		0	
MMP14	ENST00000311852	10	0		1	10	2	1,10
MMP15	ENST00000219271	10	1	1	1	1	1	1
MMP19	ENST00000322569	9	0		0		4	4-6,9
MMP2	ENST00000219070	13	0		0		1	1
MMP20	ENST00000260228	10	0		0		0	
MMP21	ENST00000368808	7	2	1-2	3	1-2,7	3	1-2,7
MMP3	ENST00000299855	10	0		0		3	2-4
MMP9	ENST00000372330	13	0		0		1	2
MMRN1	ENST00000264790	8	0		4	5-8	6	1-2,5-8
MMS19	ENST00000438925	31	1	7	1	7	1	7
MMUT	ENST00000274813	12	0		0		0	
MN1	ENST00000302326	2	0		0		1	1
MNS1	ENST00000260453	10	0		1	8	1	8
MNX1	ENST00000252971	3	1	1	1	1	2	1,3
MOCOS	ENST00000261326	15	1	1	1	1	1	1
MOCS1	ENST00000340692	11	0		0		0	
MOCS2	ENST00000396954	5	0		0		0	
MOCS2	ENST00000450852	3	0		0		0	
MOCS3	ENST00000244051	1	0		0		0	
MOG	ENST00000376917	8	5	1-4,8	8	1-8	8	1-8
MOGS	ENST00000448666	4	0		0		1	1
MORC2	ENST00000397641	26	1	1	1	1	1	1
MOS	ENST00000311923	1	0		0		0	
MOSPD2	ENST00000380492	15	0		4	3,5,8,10	11	3-6,8-12,14-15
MOV10L1	ENST00000262794	27	0		3	9,18,27	8	1-2,7,9,11,18,22,27
MPC1	ENST00000360961	5	0		1	3	1	3
MPC2	ENST00000271373	5	0		0		0	
MPDU1	ENST00000250124	7	0		0		0	
MPDZ	ENST00000319217	46	0		5	15-16,20,25,29	23	3-8,11,14-20,25-26,28-29,35,43-44,46-47
MPEG1	ENST00000361050	1	0		0		0	
MPI	ENST00000352410	8	0		0		0	
MPIG6B	ENST00000649779	6	6	1-6	6	1-6	6	1-6
MPL	ENST00000372470	12	0		0		0	
MPLKIP	ENST00000306984	2	0		0		0	
MPO	ENST00000225275	12	0		0		0	
MPV17	ENST00000380044	7	0		0		0	
MPZ	ENST00000533357	6	0		0		0	
MPZL2	ENST00000278937	5	0		0		1	4
MRAP	ENST00000303645	3	0		0		0	
MRAP2	ENST00000257776	3	0		0		1	4
MRAS	ENST00000423968	5	0		0		0	
MRC2	ENST00000303375	30	1	1	2	1,23	4	1,12,20,23
MRE11	ENST00000323929	19	0		0		0	
MRM2	ENST00000242257	3	0		0		1	3
MRPL12	ENST00000333676	5	0		1	2	2	1-2
MRPL3	ENST00000264995	10	0		0		3	2,9-10
MRPL39	ENST00000352957	10	0		1	8	1	8
MRPL42	ENST00000549982	5	0		0		2	2,5
MRPL44	ENST00000258383	4	0		1	2	2	2-3
MRPL49	ENST00000279242	4	0		0		0	
MRPL50	ENST00000374865	2	0		1	2	1	2
MRPS14	ENST00000476371	3	0		0		0	
MRPS16	ENST00000372945	3	0		0		0	
MRPS2	ENST00000241600	4	1	4	1	4	2	1,4
MRPS22	ENST00000680020	8	0		0		0	
MRPS23	ENST00000313608	5	1	1	1	1	1	1
MRPS25	ENST00000253686	4	0		0		1	4
MRPS28	ENST00000276585	3	0		1	3	2	2-3
MRPS34	ENST00000397375	3	0		0		1	1
MRPS7	ENST00000245539	5	0		0		0	
MRTFA	ENST00000355630	13	1	3	3	3,10,15	5	3,7,10,12,15
MRTFB	ENST00000571589	15	1	7	2	7,17	6	7-11,17
MS4A1	ENST00000345732	6	0		0		0	
MS4A2	ENST00000278888	7	0		0		0	
MSGN1	ENST00000281047	1	0		0		0	
MSH2	ENST00000233146	16	0		0		0	
MSH3	ENST00000265081	24	0		1	1	1	1
MSH4	ENST00000263187	20	0		2	2,18	9	2,5-7,11-13,17-18
MSH5	ENST00000375750	24	16	2-4,6-7,9,13,15-22,25	24	2-25	24	2-25
MSH6	ENST00000234420	10	0		2	1,4	2	1,4
MSI1	ENST00000257552	14	2	1,13	3	1-2,13	4	1-2,9,13
MSL2	ENST00000309993	2	0		0		0	
MSL3	ENST00000312196	13	0		0		8	1-2,4-5,7-8,10-11
MSMB	ENST00000582163	4	0		0		0	
MSMO1	ENST00000261507	5	0		0		0	
MSN	ENST00000360270	13	0		0		5	4,6-7,10,13
MSR1	ENST00000262101	9	0		0		0	
MSRB3	ENST00000308259	6	0		0		0	
MST1	ENST00000449682	18	0		0		1	18
MST1R	ENST00000296474	20	0		1	8	5	1,8,10-11,20
MSTN	ENST00000260950	3	0		0		0	
MSTO1	ENST00000245564	14	0		0		2	7,11
MSX1	ENST00000382723	2	0		1	1	2	1-2
MSX2	ENST00000239243	2	0		0		0	
MT-ATP6	chrM	1	0		0		1	1
MT-ATP8	chrM	1	0		0		1	1
MT-CO1	chrM	1	0		1	1	1	1
MT-CO2	chrM	1	0		0		1	1
MT-CO3	chrM	1	0		0		1	1
MT-CYB	chrM	1	0		1	1	1	1
MT-ND1	chrM	1	0		0		1	1
MT-ND2	chrM	1	0		1	1	1	1
MT-ND3	chrM	1	0		0		1	1
MT-ND4	chrM	1	0		0		1	1
MT-ND4L	chrM	1	0		1	1	1	1
MT-ND5	chrM	1	0		0		1	1
MT-ND6	chrM	1	0		0		0	
MTAP	ENST00000644715	8	0		1	6	1	6
MTCL1	ENST00000695636	15	1	1	1	1	3	1,8,12
MTF1	ENST00000373036	10	1	11	1	11	4	2,4,9,11
MTFMT	ENST00000220058	9	1	1	3	1-2,9	5	1-4,9
MTHFD1	ENST00000652337	27	0		0		0	
MTHFR	ENST00000376590	11	0		0		0	
MTHFS	ENST00000258874	3	0		0		0	
MTM1	ENST00000370396	14	0		0		2	4,10
MTMR14	ENST00000296003	19	0		0		0	
MTMR2	ENST00000346299	15	0		0		0	
MTNR1B	ENST00000257068	2	0		1	1	1	1
MTO1	ENST00000498286	12	0		0		4	4,9,11-12
MTOR	ENST00000361445	57	3	27,32,35	4	11,27,32,35	6	11,14,21,27,32,35
MTPAP	ENST00000263063	9	0		0		0	
MTR	ENST00000366577	33	0		0		0	
MTRFR	ENST00000253233	2	0		0		0	
MTRR	ENST00000440940	14	0		0		0	
MTSS2	ENST00000338779	15	0		1	1	2	1,15
MTTP	ENST00000265517	18	0		0		0	
MTX2	ENST00000249442	10	0		0		4	5,8-10
MUC1	NM_001371720.2	12	6	6-11	6	6-11	7	1,6-11
MUC5B	ENST00000529681	49	0		1	2	4	2,21,25,27
MUC7	ENST00000304887	2	0		0		0	
MUSK	ENST00000374448	15	1	15	2	9,15	9	3-5,7,9-10,12-13,15
MUTYH	ENST00000456914	15	0		0		0	
MUTYH	ENST00000710952	16	0		0		0	
MVD	ENST00000301012	10	0		1	4	2	4,8
MVK	ENST00000228510	10	0		0		0	
MXI1	ENST00000332674	6	1	1	1	1	3	1,5-6
MYADML2	ENST00000409745	1	0		1	3	1	3
MYB	ENST00000341911	16	2	1,10	3	1,6,10	4	1,6,10-11
MYBBP1A	ENST00000254718	26	0		0		1	20
MYBPC1	ENST00000361466	31	0		0		1	25
MYBPC3	ENST00000545968	34	1	19	1	19	5	2,19,25,27,29
MYBPHL	ENST00000357155	8	0		0		2	3-4
MYC	ENST00000621592	3	0		0		1	3
MYCBP2	ENST00000544440	83	2	4,54	5	1,4,29,54,59	35	1,4-7,10,13-14,16,23-24,29,31-34,36-38,45-47,49,52,54,57-60,62-64,71,74,78
MYCBPAP	ENST00000323776	19	0		0		1	14
MYCN	ENST00000281043	2	1	2	1	2	1	2
MYD88	ENST00000650905	5	0		0		1	1
MYF5	ENST00000228644	3	0		0		0	
MYF6	ENST00000228641	3	0		0		0	
MYH1	ENST00000226207	38	1	38	3	16,31,38	10	4-5,16,25,27,31-33,38,40
MYH10	ENST00000360416	42	2	3,20	2	3,20	6	3,14,16,20-21,26
MYH11	ENST00000300036	40	0		0		0	
MYH11	ENST00000452625	41	0		0		2	7,17
MYH14	ENST00000642316	42	0		0		2	18,33
MYH2	ENST00000245503	38	0		0		0	
MYH3	ENST00000583535	39	0		0		0	
MYH6	ENST00000405093	37	0		0		1	29
MYH7	ENST00000355349	38	0		0		1	30
MYH7B	ENST00000262873	41	1	33	2	33,45	9	6,17,19,24,27,32-33,36,45
MYH8	ENST00000403437	38	0		0		1	16
MYH9	ENST00000216181	40	0		0		0	
MYL1	ENST00000352451	6	0		0		1	4
MYL11	ENST00000322861	7	1	6	2	6-7	2	6-7
MYL2	ENST00000228841	7	0		0		0	
MYL3	ENST00000292327	6	0		0		0	
MYL4	ENST00000393450	6	0		0		0	
MYL9	ENST00000279022	3	1	4	2	3-4	2	3-4
MYLK	ENST00000360304	31	0		0		0	
MYLK2	ENST00000375985	12	0		0		1	4
MYLK3	ENST00000394809	13	0		2	3-4	3	3-4,10
MYMK	ENST00000339996	5	0		0		1	5
MYMX	ENST00000573382	1	1	2	1	2	1	2
MYO10	ENST00000513610	41	0		1	4	6	3-4,26,32,39-40
MYO15A	ENST00000647165	65	0		1	2	1	2
MYO18B	ENST00000335473	42	0		3	4,38,43	3	4,38,43
MYO1A	ENST00000300119	27	0		0		0	
MYO1C	ENST00000648651	32	0		0		0	
MYO1E	ENST00000288235	28	0		0		0	
MYO1H	ENST00000310903	32	1	1	2	1,4	3	1,4,12
MYO3A	ENST00000642920	33	0		0		0	
MYO5A	ENST00000399233	42	0		0		1	1
MYO5B	ENST00000285039	40	0		1	1	1	1
MYO6	ENST00000369977	34	0		0		0	
MYO7A	ENST00000409709	48	0		0		5	3-5,30,35
MYO9A	ENST00000356056	41	3	13,17,21	5	13,17,21,35,42	18	2,8,10-17,19,21,23-25,31,35,42
MYO9B	ENST00000682292	39	1	21	2	21,40	2	21,40
MYOC	ENST00000037502	3	0		0		2	1,3
MYOCD	ENST00000425538	14	0		0		5	6-7,10-11,14
MYOD1	ENST00000250003	3	0		1	1	3	1-3
MYOF	ENST00000359263	54	1	45	2	45,51	4	23,36,45,51
MYOM1	ENST00000356443	37	1	4	6	4,18,21-22,30,34	18	2-6,11-12,14-19,21-22,30,34,38
MYORG	ENST00000297625	1	0		0		0	
MYOT	ENST00000239926	9	0		0		0	
MYOZ2	ENST00000307128	5	0		0		0	
MYPN	ENST00000358913	19	0		0		1	2
MYRF	ENST00000278836	27	0		3	3,5,22	3	3,5,22
MYSM1	ENST00000472487	20	0		3	8,16,20	4	8,16-17,20
MYT1	ENST00000328439	21	1	10	4	5,7,10,13	14	5-8,10-11,13-14,17-19,21-23
MYT1L	ENST00000647738	20	0		1	9	1	9
MYZAP	ENST00000267853	13	0		1	1	2	1,12
NAA10	ENST00000464845	8	0		1	1	1	1
NAA15	ENST00000296543	20	0		1	4	9	3-5,11,13-15,18-19
NAA20	ENST00000334982	6	0		1	5	1	5
NAA30	ENST00000556492	4	1	2	1	2	2	2,5
NAA60	ENST00000407558	5	0		0		0	
NAA80	ENST00000443094	1	0		0		0	
NACC1	ENST00000292431	5	0		0		1	5
NADK2	ENST00000381937	12	1	1	1	1	4	1-2,7,12
NADSYN1	ENST00000319023	21	0		0		1	21
NAE1	ENST00000290810	20	1	5	2	5,9	3	5,7,9
NAF1	ENST00000274054	8	0		1	8	3	2,5,8
NAGA	ENST00000396398	9	0		0		0	
NAGLU	ENST00000225927	6	1	1	1	1	1	1
NAGS	ENST00000293404	7	0		1	1	1	1
NALCN	ENST00000251127	43	0		0		11	3,6,8,12-13,17,21,25,37-38,44
NANOS1	ENST00000425699	1	1	1	1	1	1	1
NANOS3	ENST00000339133	2	0		0		0	
NANS	ENST00000210444	6	0		1	5	1	5
NAPB	ENST00000377026	11	1	3	1	3	1	3
NARS1	ENST00000256854	14	0		0		2	8,13
NARS2	ENST00000281038	14	0		0		1	4
NAT2	ENST00000286479	1	0		0		1	2
NAV2	ENST00000349880	38	0		1	28	11	1,5,10,13-15,19,28,31-32,35
NAV3	ENST00000397909	40	1	13	5	13,16,33,35,38	16	1,5,7,9,11,13-16,19,32-35,37-38
NAXD	ENST00000680254	10	0		0		1	1
NAXE	ENST00000368235	6	0		0		0	
NBAS	ENST00000281513	52	0		0		0	
NBEA	ENST00000379939	59	1	1	6	1,8-9,21,31,48	25	1,4-5,7-10,13,21-24,26-27,29,31-32,34,37-38,45,48-49,55,57
NBEAL2	ENST00000450053	54	1	1	2	1,27	4	1,27,31,33
NBN	ENST00000265433	16	0		0		1	4
NCAPD2	ENST00000315579	31	1	32	1	32	2	14,32
NCAPD3	ENST00000534548	35	1	12	1	12	6	2-4,12,17,22
NCAPG2	ENST00000356309	27	1	7	1	7	6	4,6-7,10,12,16
NCAPH	ENST00000240423	18	0		0		3	7,9,13
NCBP1	ENST00000375147	23	2	3,9	2	3,9	3	3,9,22
NCDN	ENST00000373243	7	0		0		0	
NCF1	ENST00000289473	11	0		0		0	
NCF2	ENST00000367535	15	0		0		0	
NCF4	ENST00000248899	10	2	6,9	3	6-7,9	3	6-7,9
NCKAP1	ENST00000361354	31	1	11	3	7,11,21	14	2,5,7,9-11,13-14,17-18,20-21,28,31
NCKAP1L	ENST00000293373	31	1	22	1	22	3	9,19,22
NCOA3	ENST00000371998	21	1	7	2	7,15	13	6-7,9,11-15,17-18,20-22
NCOR1	ENST00000268712	45	1	27	3	27,31,41	16	2,10,12,20,23,27-28,30-32,35,37-39,41,45
NCR3	ENST00000340027	4	4	1-4	4	1-4	4	1-4
NCSTN	ENST00000294785	17	0		0		0	
NDC1	ENST00000371429	18	0		0		5	2-4,8,17
NDE1	ENST00000396354	8	0		0		0	
NDN	ENST00000649030	1	0		1	1	1	1
NDNF	ENST00000379692	3	0		1	4	2	2,4
NDP	ENST00000642620	2	0		0		0	
NDRG1	ENST00000323851	15	0		0		0	
NDRG4	ENST00000570248	15	0		0		2	10,15
NDST1	ENST00000261797	14	0		0		1	8
NDUFA1	ENST00000371437	3	0		0		0	
NDUFA10	ENST00000252711	10	0		0		1	1
NDUFA11	ENST00000308961	4	0		0		0	
NDUFA12	ENST00000327772	4	0		0		0	
NDUFA13	ENST00000507754	5	0		0		0	
NDUFA2	ENST00000252102	3	0		0		0	
NDUFA3	ENST00000485876	4	3	2-4	3	2-4	3	2-4
NDUFA6	ENST00000498737	3	0		0		3	1-3
NDUFA7	ENST00000301457	4	0		0		0	
NDUFA8	ENST00000373768	4	0		0		0	
NDUFA9	ENST00000266544	11	0		0		2	2,8
NDUFAF1	ENST00000260361	4	0		0		0	
NDUFAF2	ENST00000296597	4	0		0		0	
NDUFAF3	ENST00000326925	5	0		0		0	
NDUFAF4	ENST00000316149	3	0		0		0	
NDUFAF5	ENST00000378106	11	0		0		0	
NDUFAF6	ENST00000396124	9	1	1	1	1	1	1
NDUFAF7	ENST00000002125	10	0		0		0	
NDUFAF8	ENST00000431388	3	1	1	1	1	1	1
NDUFB10	ENST00000268668	4	0		0		0	
NDUFB11	ENST00000377811	3	0		1	1	1	1
NDUFB3	ENST00000237889	2	0		0		0	
NDUFB7	ENST00000215565	3	0		0		0	
NDUFB8	ENST00000299166	5	0		0		1	4
NDUFB9	ENST00000276689	4	0		0		0	
NDUFC2	ENST00000281031	3	0		0		0	
NDUFS1	ENST00000233190	18	0		0		0	
NDUFS2	ENST00000676972	14	0		0		0	
NDUFS3	ENST00000263774	7	0		0		0	
NDUFS4	ENST00000296684	5	0		0		0	
NDUFS6	ENST00000274137	4	0		0		0	
NDUFS7	ENST00000233627	8	0		0		0	
NDUFS8	ENST00000313468	6	0		0		0	
NDUFV1	ENST00000322776	10	0		0		0	
NDUFV2	ENST00000318388	8	0		0		0	
NEB	ENST00000397345	180	0		0		0	
NEB	ENST00000427231	180	1	84	21	28,33,37,41,45-46,49,53,57,61,65,69,73,77,81,84,87,109,114,117,120	64	25,28,30,33-34,37-38,41-46,49-53,55,57-58,60-63,65-67,69-71,73,77,81,84,87,94,102,106,109,114-115,117-118,120-121,124,126,139-140,145,156,162,168,170-172,175-179,181-182
NEBL	ENST00000377122	28	0		0		1	20
NECAP1	ENST00000339754	8	0		0		1	6
NECTIN1	ENST00000264025	6	0		0		0	
NECTIN4	ENST00000368012	9	0		0		0	
NEDD4L	ENST00000400345	31	1	8	6	1,4,7-8,13,21	13	1,3-4,6-9,11-13,16,18,21
NEFH	ENST00000310624	4	0		1	1	1	1
NEFL	ENST00000610854	4	0		0		1	3
NEK1	ENST00000507142	34	1	34	3	27-28,34	11	4-5,10,26-29,31,33-35
NEK10	ENST00000691995	35	2	17,23	2	17,23	6	6,8,17-18,21,23
NEK2	ENST00000366999	8	0		0		1	2
NEK8	ENST00000268766	15	0		0		1	13
NEK9	ENST00000238616	22	0		3	2,17,21	7	1-2,6,10,12,17,21
NEMF	ENST00000298310	33	0		3	16-17,31	5	14,16-17,23,31
NEU1	ENST00000375631	6	2	1,3	6	1-6	6	1-6
NEUROD1	ENST00000295108	1	0		0		0	
NEUROD2	ENST00000302584	1	0		1	2	1	2
NEUROG1	ENST00000314744	1	0		0		1	1
NEUROG3	ENST00000242462	1	0		1	2	1	2
NEXMIF	ENST00000055682	3	0		0		2	2-3
NEXN	ENST00000334785	12	0		0		0	
NF1	ENST00000356175	57	0		0		0	
NF1	ENST00000358273	58	0		0		0	
NF2	ENST00000338641	16	0		0		0	
NFASC	ENST00000339876	28	0		1	27	1	27
NFASC	ENST00000539706	27	0		0		1	17
NFAT5	ENST00000349945	14	0		1	6	7	4-8,10,12
NFATC1	ENST00000427363	10	0		1	2	1	2
NFATC2	ENST00000371564	10	0		1	1	2	1,9
NFE2	ENST00000435572	2	0		0		1	3
NFE2L1	ENST00000362042	5	0		0		1	6
NFE2L2	ENST00000397062	5	0		0		3	2,4-5
NFIA	ENST00000403491	11	0		0		2	2,8
NFIB	ENST00000380953	11	1	11	1	11	4	2,8-9,11
NFIX	ENST00000592199	11	2	1,6	2	1,6	2	1,6
NFKB1	ENST00000226574	23	0		0		4	7,13-14,22
NFKB2	ENST00000661543	22	0		0		1	13
NFKBIA	ENST00000216797	6	0		0		1	1
NFKBIL1	ENST00000376148	4	4	1-4	4	1-4	4	1-4
NFKBIZ	ENST00000326172	12	0		1	1	1	1
NFS1	ENST00000374092	13	0		1	1	1	1
NFU1	ENST00000410022	8	0		0		0	
NGF	ENST00000369512	1	0		0		0	
NGLY1	ENST00000280700	12	0		1	10	8	3-4,6-7,9-12
NHEJ1	ENST00000356853	7	0		0		0	
NHERF1	ENST00000262613	6	0		0		0	
NHLH2	ENST00000320238	1	0		0		0	
NHLRC1	ENST00000340650	1	0		0		0	
NHLRC2	ENST00000369301	11	0		2	3-4	4	2-5
NHP2	ENST00000274606	4	0		0		0	
NHS	ENST00000676302	9	0		1	1	2	1,4
NID1	ENST00000264187	20	0		1	4	1	4
NIN	ENST00000530997	29	0		0		1	9
NIPA1	ENST00000337435	5	1	1	1	1	1	1
NIPAL4	ENST00000311946	6	1	6	1	6	2	2,6
NIPBL	ENST00000282516	46	0		0		0	
NIT1	ENST00000368009	7	0		0		0	
NKAP	ENST00000371410	9	0		2	1,6	5	1-2,6,8-9
NKX2-1	ENST00000354822	3	0		1	3	1	3
NKX2-2	ENST00000377142	2	0		0		2	1-2
NKX2-3	ENST00000344586	2	1	2	1	2	2	1-2
NKX2-5	ENST00000329198	2	0		0		1	1
NKX2-6	ENST00000325017	2	0		0		2	1-2
NKX3-2	ENST00000382438	2	0		0		2	1-2
NKX6-2	ENST00000368592	3	1	1	1	1	1	1
NLGN1	ENST00000695368	6	0		0		5	2,4-7
NLGN3	ENST00000358741	7	0		0		0	
NLGN4X	ENST00000381095	5	0		0		0	
NLGN4Y	ENST00000684976	6	6	2-7	6	2-7	6	2-7
NLRC4	ENST00000402280	8	0		1	9	1	9
NLRP1	ENST00000572272	17	2	2,11	2	2,11	4	2,4,11,13
NLRP12	ENST00000324134	10	0		0		0	
NLRP2	ENST00000448584	12	10	2-3,5-11,13	12	2-13	12	2-13
NLRP3	ENST00000336119	9	0		0		0	
NLRP5	ENST00000850973	14	0		0		3	2,10,14
NLRP7	ENST00000592784	10	10	2-11	10	2-11	10	2-11
NME3	ENST00000219302	5	0		1	1	1	1
NME5	ENST00000265191	5	0		0		0	
NME7	ENST00000367811	12	0		0		3	3-4,7
NME8	ENST00000199447	15	0		0		0	
NMNAT1	ENST00000377205	4	0		0		2	3,5
NMNAT2	ENST00000287713	11	0		0		1	7
NNMT	ENST00000299964	3	1	3	1	3	1	3
NNT	ENST00000344920	21	1	20	3	7,9,20	11	2,4,7,9,11,13-14,16-18,20
NOBOX	ENST00000645489	8	1	2	2	2,6	3	2,6,8
NOD2	ENST00000647318	11	0		0		0	
NODAL	ENST00000287139	3	0		0		0	
NOG	ENST00000332822	1	0		0		0	
NOL3	ENST00000564992	3	0		1	3	1	3
NONO	ENST00000276079	10	0		2	4-5	4	4-7
NOP10	ENST00000328848	2	0		0		0	
NOP56	ENST00000329276	12	0		0		1	1
NOS1	ENST00000317775	28	0		1	12	5	5,12,18,26,29
NOS1AP	ENST00000361897	10	0		0		0	
NOS2	ENST00000313735	26	0		0		5	12,17,20,25-26
NOS3	ENST00000297494	26	0		2	3,9	4	3,8-9,20
NOTCH1	ENST00000651671	34	1	1	1	1	3	1,4,28
NOTCH2	ENST00000256646	34	0		0		0	
NOTCH2NLA	ENST00000362074	4	0		0		0	
NOTCH2NLC	ENST00000650865	5	0		1	1	1	1
NOTCH3	ENST00000263388	33	2	1,24	2	1,24	3	1,24-25
NOVA2	ENST00000263257	4	1	4	2	1,4	2	1,4
NOX1	ENST00000372966	13	0		0		6	6-11
NPAS2	ENST00000335681	20	0		1	20	1	20
NPAS4	ENST00000311034	8	0		0		0	
NPAT	ENST00000278612	18	0		0		0	
NPC1	ENST00000269228	25	0		0		0	
NPC1L1	ENST00000381160	19	0		0		0	
NPC2	ENST00000555619	5	0		0		0	
NPHP1	ENST00000445609	20	0		0		0	
NPHP3	ENST00000337331	27	0		0		1	1
NPHP4	ENST00000378156	29	0		1	10	7	4,6,8,10,15,17,27
NPHS1	ENST00000378910	29	0		0		0	
NPHS2	ENST00000367615	8	0		0		1	1
NPM1	ENST00000296930	11	0		1	3	1	3
NPNT	ENST00000379987	12	0		1	7	2	7-8
NPPA	ENST00000376480	3	0		0		0	
NPPC	ENST00000409852	2	0		0		1	2
NPR1	ENST00000368680	22	0		0		1	1
NPR2	ENST00000342694	22	0		0		0	
NPR3	ENST00000265074	8	0		1	1	3	1,3,6
NPRL2	ENST00000232501	11	0		0		0	
NPRL3	ENST00000611875	13	0		1	8	1	8
NPSR1	ENST00000360581	9	0		0		0	
NPTX1	ENST00000306773	5	1	1	1	1	1	1
NQO1	ENST00000320623	6	0		2	2,6	3	1-2,6
NQO2	ENST00000380455	6	0		0		0	
NR0B1	ENST00000378970	2	0		0		0	
NR0B2	ENST00000254227	2	0		0		0	
NR1H4	ENST00000392986	9	0		0		0	
NR1I2	ENST00000393716	8	0		0		0	
NR1I3	ENST00000367983	8	0		0		0	
NR2E1	ENST00000368986	9	0		0		0	
NR2E3	ENST00000617575	8	0		0		1	5
NR2F1	ENST00000327111	3	1	1	1	1	2	1-2
NR2F2	ENST00000394166	3	1	1	2	1,3	2	1,3
NR3C1	ENST00000394464	8	0		1	2	1	2
NR3C2	ENST00000358102	8	0		0		0	
NR4A2	ENST00000339562	6	0		0		0	
NR4A3	ENST00000395097	6	1	3	1	3	2	3,7
NR5A1	ENST00000373588	6	0		0		0	
NR6A1	ENST00000487099	10	1	1	1	1	1	1
NRAP	ENST00000359988	42	2	10,18	2	10,18	3	10,18,40
NRAS	ENST00000369535	4	0		0		0	
NRCAM	ENST00000379028	30	0		2	16-17	9	7,9,13-14,16-17,27,29,33
NRG1	ENST00000405005	12	0		0		3	2,10,12
NRG2	ENST00000361474	10	1	10	2	1,10	2	1,10
NRIP1	ENST00000318948	1	0		0		1	4
NRL	ENST00000561028	2	0		1	3	1	3
NRP1	ENST00000374867	17	1	13	2	13,17	9	2-4,6-7,9,11,13,17
NRROS	ENST00000328557	2	0		0		0	
NRXN1	ENST00000401669	22	2	10,14	6	2,8,10,14-16	9	2,5-6,8-10,14-16
NRXN2	ENST00000265459	22	1	2	1	2	2	2,23
NRXN3	ENST00000335750	20	2	8,17	2	8,17	10	2,5,7-8,12-15,17,19
NSD1	ENST00000439151	22	0		0		0	
NSD2	ENST00000508803	21	1	6	1	6	7	2,4-7,15,22
NSDHL	ENST00000370274	7	0		0		0	
NSF	ENST00000398238	21	5	1,10,12,14,18	13	1,3,5,8,10,12,14-20	21	1-21
NSMCE2	ENST00000287437	6	1	3	1	3	2	3-4
NSMCE3	ENST00000332303	1	0		1	1	1	1
NSMF	ENST00000371475	16	1	1	1	1	1	1
NSRP1	ENST00000247026	7	0		0		2	4,7
NSUN2	ENST00000264670	19	0		3	12,14,19	6	7,12-14,17,19
NSUN3	ENST00000314622	6	0		1	3	3	3-4,6
NSUN6	ENST00000377304	11	0		0		5	2,4,8-10
NT5C2	ENST00000404739	17	1	16	1	16	3	5,15-16
NT5C3A	ENST00000610140	9	0		0		0	
NT5E	ENST00000257770	9	0		0		0	
NTF4	ENST00000593537	1	0		0		0	
NTHL1	ENST00000651570	6	0		0		0	
NTN1	ENST00000173229	6	1	2	1	2	1	2
NTNG1	ENST00000370068	7	0		0		4	2-4,8
NTNG2	ENST00000393229	7	1	8	1	8	1	8
NTRK1	ENST00000524377	17	0		1	1	1	1
NTRK2	ENST00000277120	18	0		1	9	1	9
NUAK2	ENST00000367157	7	1	7	1	7	1	7
NUBPL	ENST00000281081	11	0		0		0	
NUDCD2	ENST00000302764	4	0		0		1	1
NUDCD3	ENST00000355451	6	1	3	1	3	2	2-3
NUDT15	ENST00000258662	3	0		0		2	2-3
NUDT2	ENST00000379158	2	0		1	5	1	5
NUF2	ENST00000271452	13	0		1	14	3	10,12,14
NUMA1	ENST00000393695	25	0		0		1	15
NUP107	ENST00000229179	28	0		1	27	8	5,7,12,21,24-25,27-28
NUP133	ENST00000261396	26	1	22	1	22	10	1,6-7,9-10,13,18-20,22
NUP155	ENST00000231498	35	0		0		1	28
NUP160	ENST00000378460	36	2	7,33	3	3,7,33	9	3,7,13,15,18,20,28-29,33
NUP188	ENST00000372577	44	1	2	2	2,6	5	2,6,16-17,28
NUP205	ENST00000285968	43	1	42	1	42	15	2-3,5,7,9,13,18-19,21,23,29,36-37,39,42
NUP210L	ENST00000368559	40	0		1	17	16	5-7,9,12,16-17,21,25,28,30-31,34-37
NUP214	ENST00000359428	36	0		1	7	6	2,7,11-12,17,31
NUP37	ENST00000552283	9	0		1	3	4	2-3,8,10
NUP50	ENST00000347635	7	0		0		2	4-5
NUP54	ENST00000264883	12	0		1	3	2	3,6
NUP62	ENST00000352066	1	0		0		0	
NUP85	ENST00000245544	19	0		0		2	3,8
NUP88	ENST00000573584	17	1	15	2	1,15	7	1,5-6,8,11,15,17
NUP93	ENST00000308159	21	0		0		2	2,9
NUS1	ENST00000368494	5	1	4	1	4	1	4
NXN	ENST00000336868	8	1	1	1	1	2	1-2
NXNL1	ENST00000301944	2	0		0		0	
NYNRIN	ENST00000382554	8	0		0		2	3-4
NYX	ENST00000378220	2	0		1	3	1	3
OAS1	ENST00000202917	6	0		1	2	3	2-3,6
OAS2	ENST00000392583	10	0		0		4	2-3,8,10
OAT	ENST00000368845	9	0		0		0	
OBSCN	ENST00000680850	115	5	2,9,62,65,105	16	2,9-11,13,26,32,37,40,42,46,62,65,67,90,105	45	2-3,5-16,18,20,22,26,31-33,35-37,39-40,42,46,48,50-54,56,61-62,65,67,70,73,90,105,112,114
OBSL1	ENST00000404537	21	1	1	3	1,5,15	13	1,4-9,12-15,17,20
OCA2	ENST00000354638	23	1	12	1	12	2	3,12
OCEL1	ENST00000215061	6	0		0		0	
OCLN	ENST00000396442	8	0		0		0	
OCRL	ENST00000371113	24	0		0		0	
ODAD1	ENST00000674294	14	2	12,15	2	12,15	3	12,15-16
ODAD2	ENST00000305242	19	0		1	19	8	3-4,8,11,15,18-20
ODAD3	ENST00000356392	13	0		0		0	
ODAD4	ENST00000377540	12	1	9	1	9	2	9,12
ODAPH	ENST00000311623	2	0		0		0	
ODC1	ENST00000234111	10	0		0		1	5
ODF4	ENST00000328248	3	0		1	1	1	1
OFD1	ENST00000340096	23	0		1	16	3	13,16,20
OGDH	ENST00000222673	22	0		1	2	2	2,9
OGDHL	ENST00000374103	22	1	11	1	11	1	11
OGG1	ENST00000344629	7	0		0		0	
OGT	ENST00000373719	22	0		6	2,12,15-16,20,22	16	2-3,7-10,12-13,15-22
OLR1	ENST00000309539	6	0		0		2	3,6
ONECUT1	ENST00000305901	2	0		1	1	2	1-2
OOEP	ENST00000370359	3	0		0		1	2
OPA1	ENST00000361510	30	0		0		0	
OPA3	ENST00000263275	2	0		0		0	
OPCML	ENST00000524381	8	0		0		0	
OPHN1	ENST00000355520	23	0		1	22	3	7,19,22
OPLAH	ENST00000618853	26	2	16-17	4	15-17,19	6	15-19,27
OPN1LW	ENST00000369951	6	0		0		0	
OPN1MW	ENST00000595290	6	0		0		0	
OPN1SW	ENST00000249389	5	0		0		0	
OPTN	ENST00000378747	13	0		0		0	
OR2J3	ENST00000641151	1	1	4	1	4	1	4
ORC1	ENST00000371568	16	0		0		0	
ORC4	ENST00000392857	13	0		0		0	
ORC6	ENST00000219097	7	0		0		0	
OSBPL2	ENST00000313733	13	0		0		0	
OSBPL9	ENST00000428468	24	1	3	1	3	4	3,12,18,20
OSGEP	ENST00000206542	11	0		0		1	3
OSMR	ENST00000274276	17	0		0		0	
OSTC	ENST00000361564	4	0		0		1	3
OSTM1	ENST00000193322	6	0		0		0	
OTC	ENST00000039007	10	0		0		0	
OTOA	ENST00000646100	28	0		0		0	
OTOF	ENST00000272371	46	0		0		0	
OTOF	ENST00000339598	28	0		0		1	22
OTOG	ENST00000399397	56	1	2	2	2-3	5	2-3,6,36,44
OTOGL	ENST00000547103	58	1	19	8	19,28,33,39,46-47,54,56	34	2,7,11,16,18-19,21-22,24-29,32-34,39-40,43-49,51-56,58-59
OTUD5	ENST00000376488	9	1	1	1	1	2	1,5
OTUD6B	ENST00000404789	7	1	4	1	4	2	4,6
OTUD7A	ENST00000307050	11	1	13	3	4,7,13	9	3-10,13
OTULIN	ENST00000284274	7	1	1	1	1	3	1,6-7
OTX2	ENST00000672264	3	0		0		0	
OVOL2	ENST00000278780	4	0		0		1	2
OXA1L	ENST00000612549	10	0		0		1	3
OXCT1	ENST00000196371	17	0		0		0	
OXGR1	ENST00000541038	1	0		0		1	4
OXR1	ENST00000517566	16	0		1	7	10	3,5-8,10-11,14,16-17
P2RX2	ENST00000643471	11	0		1	1	2	1,10
P2RX6	ENST00000413302	12	0		0		0	
P2RY12	ENST00000302632	1	0		0		0	
P2RY8	ENST00000381297	1	0		0		0	
P3H1	ENST00000296388	15	0		0		1	14
P3H2	ENST00000319332	15	0		1	1	1	1
P4HA1	ENST00000394890	14	0		0		3	4,6,8
P4HA2	ENST00000360568	14	0		0		0	
P4HA2	ENST00000379104	14	2	8,13	2	8,13	2	8,13
P4HB	ENST00000331483	11	0		1	1	1	1
P4HTM	ENST00000383729	9	1	1	2	1,7	2	1,7
PABPC1	ENST00000318607	14	0		1	1	1	1
PABPC1L	ENST00000217073	14	0		1	4	2	2,4
PABPC5	ENST00000312600	1	0		0		1	2
PABPN1	ENST00000216727	7	1	1	1	1	1	1
PACS1	ENST00000320580	24	1	1	1	1	1	1
PACS2	ENST00000447393	25	1	1	1	1	1	1
PACSIN1	ENST00000244458	9	0		0		2	7,9
PACSIN3	ENST00000298838	9	0		0		0	
PADI3	ENST00000375460	16	0		0		1	2
PADI4	ENST00000375448	16	0		2	10,13	3	10-11,13
PADI6	ENST00000619609	16	0		1	15	1	15
PAFAH1B1	ENST00000397195	10	0		0		0	
PAH	ENST00000553106	13	0		0		0	
PAICS	ENST00000512576	9	0		0		6	2-4,6-7,9
PAK1	ENST00000356341	14	1	8	1	8	4	2,7-8,13
PAK2	ENST00000327134	14	1	10	1	10	5	4,7,10,13-14
PAK3	ENST00000372007	14	0		0		0	
PALB2	ENST00000261584	13	0		0		0	
PALLD	ENST00000505667	20	0		0		0	
PALS1	ENST00000261681	13	1	10	2	3,10	6	3,6,9-10,12,15
PAM16	ENST00000318059	5	0		0		3	1,3,5
PAN2	ENST00000440411	25	0		0		0	
PANK2	ENST00000610179	7	1	1	1	1	1	1
PANK4	ENST00000378466	19	2	10,14	6	1,4,7,10,14,19	11	1,3-4,6-7,9-10,14,16-17,19
PANX1	ENST00000227638	5	0		1	1	1	1
PAPPA2	ENST00000367662	22	0		1	5	11	2,4-6,8,11-12,14-15,18-19
PAPSS1	ENST00000265174	12	0		1	10	2	3,10
PAPSS2	ENST00000456849	13	0		0		1	3
PARK7	ENST00000338639	6	0		0		1	3
PARN	ENST00000437198	24	0		8	1,7-8,10,13,19,22-23	22	1-3,5-23
PARP1	ENST00000366794	23	0		0		0	
PARP6	ENST00000569795	22	0		0		1	14
PARS2	ENST00000371279	1	0		0		0	
PATL2	ENST00000682850	15	0		2	5,14	2	5,14
PAX1	ENST00000613128	5	1	1	1	1	1	1
PAX2	ENST00000355243	10	0		0		0	
PAX3	ENST00000392070	9	0		0		1	5
PAX4	ENST00000639438	10	0		0		0	
PAX5	ENST00000358127	10	1	8	2	7-8	3	3,7-8
PAX6	ENST00000640368	11	0		0		0	
PAX7	ENST00000420770	9	0		0		2	1,6
PAX8	ENST00000429538	11	0		0		0	
PAX9	ENST00000361487	4	0		0		0	
PBRM1	ENST00000707071	31	0		1	28	7	2,4,16,18,22,28-29
PBX1	ENST00000420696	9	0		0		3	1,5-6
PC	ENST00000393960	20	0		0		0	
PCARE	ENST00000331664	2	0		0		0	
PCBD1	ENST00000299299	4	0		1	1	1	1
PCBP2	ENST00000546463	14	0		0		1	11
PCCA	ENST00000376285	24	0		0		0	
PCCB	ENST00000251654	15	0		0		0	
PCDH10	ENST00000264360	5	0		0		2	1,4
PCDH12	ENST00000231484	4	0		0		1	4
PCDH15	ENST00000320301	32	0		0		0	
PCDH15	ENST00000644397	37	3	33-35	4	33-35,38	6	18,30,33-35,38
PCDH19	ENST00000373034	6	0		0		0	
PCDHA9	ENST00000532602	4	0		0		0	
PCDHGA5	ENST00000518069	4	0		0		1	1
PCDHGC4	ENST00000306593	4	0		0		0	
PCGF2	ENST00000620225	9	1	11	3	3,8,11	3	3,8,11
PCK1	ENST00000319441	9	0		1	3	5	3,6-8,10
PCK2	ENST00000216780	10	0		1	10	4	3,6-7,10
PCLO	ENST00000333891	25	1	21	3	4,19,21	9	1,3-4,7,11,15,19,21,24
PCNA	ENST00000379143	6	0		1	4	1	4
PCNT	ENST00000359568	47	0		0		1	30
PCSK1	ENST00000311106	14	0		0		0	
PCSK9	ENST00000302118	12	0		0		1	6
PCYT1A	ENST00000431016	8	1	9	1	9	2	7,9
PCYT2	ENST00000538936	13	1	1	1	1	1	1
PDCD1	ENST00000334409	5	0		2	2,5	2	2,5
PDCD10	ENST00000392750	7	0		0		0	
PDCD6IP	ENST00000307296	18	1	7	3	7,13,18	9	1,5,7-8,10,12-13,17-18
PDCL3	ENST00000264254	6	0		0		1	4
PDE10A	ENST00000539869	22	1	1	1	1	6	1,4,7,13-14,18
PDE11A	ENST00000286063	20	0		0		0	
PDE12	ENST00000311180	3	0		1	3	1	3
PDE1C	ENST00000396191	18	0		0		1	14
PDE2A	ENST00000334456	31	0		0		1	8
PDE3A	ENST00000359062	16	1	7	2	1,7	9	1,3-4,6-7,9-10,12,15
PDE4D	ENST00000340635	15	2	1,14	5	1,8,10,14-15	6	1-2,8,10,14-15
PDE6A	ENST00000255266	22	0		0		0	
PDE6B	ENST00000496514	22	0		0		0	
PDE6C	ENST00000371447	22	0		0		0	
PDE6D	ENST00000287600	5	0		0		0	
PDE6G	ENST00000331056	3	0		0		0	
PDE6H	ENST00000266395	3	0		0		0	
PDE8B	ENST00000264917	22	0		0		1	1
PDGFB	ENST00000331163	6	0		0		0	
PDGFD	ENST00000393158	7	0		1	3	1	3
PDGFRA	ENST00000257290	22	0		0		0	
PDGFRB	ENST00000261799	22	0		0		0	
PDGFRL	ENST00000251630	6	0		1	2	3	2,5-6
PDHA1	ENST00000422285	11	0		0		0	
PDHA2	ENST00000295266	1	0		0		0	
PDHB	ENST00000302746	10	0		0		0	
PDHX	ENST00000227868	11	0		0		0	
PDIA2	ENST00000219406	11	0		0		1	3
PDIA6	ENST00000272227	13	0		0		1	1
PDK3	ENST00000379162	11	1	7	2	4,7	8	4-11
PDLIM3	ENST00000284767	8	0		0		0	
PDLIM4	ENST00000253754	7	0		1	1	1	1
PDLIM7	ENST00000355841	12	1	5	2	5,7	2	5,7
PDP1	ENST00000297598	1	0		0		1	2
PDSS1	ENST00000376215	12	1	1	1	1	2	1-2
PDSS2	ENST00000369037	8	0		0		0	
PDX1	ENST00000381033	2	0		0		1	2
PDXK	ENST00000291565	11	1	5	1	5	2	1,5
PDYN	ENST00000217305	2	0		0		0	
PDZD7	ENST00000619208	16	0		1	17	1	17
PDZD8	ENST00000334464	5	0		0		2	4-5
PECR	ENST00000265322	8	0		0		0	
PEPD	ENST00000244137	15	0		0		0	
PER2	ENST00000254657	22	0		0		0	
PER3	ENST00000377532	21	2	6-7	2	6-7	10	2-3,6-7,10,12-13,16,19-20
PERCC1	ENST00000640283	1	1	2	1	2	1	2
PERP	ENST00000421351	3	0		0		2	2-3
PET100	ENST00000594797	4	0		0		0	
PET117	ENST00000432901	2	0		0		0	
PEX1	ENST00000248633	24	1	5	1	5	2	5,21
PEX10	ENST00000447513	6	0		1	1	1	1
PEX11B	ENST00000369306	4	0		1	4	2	3-4
PEX12	ENST00000225873	3	0		0		0	
PEX13	ENST00000295030	4	0		0		0	
PEX14	ENST00000356607	9	0		0		0	
PEX16	ENST00000378750	11	0		0		0	
PEX19	ENST00000368072	8	0		0		0	
PEX2	ENST00000357039	1	0		0		0	
PEX26	ENST00000399744	5	0		0		0	
PEX3	ENST00000367591	12	0		0		0	
PEX5	ENST00000675855	15	0		0		0	
PEX6	ENST00000304611	17	0		1	1	1	1
PEX7	ENST00000318471	10	1	1	1	1	1	1
PFKL	ENST00000349048	22	2	1,7	3	1,7,13	3	1,7,13
PFKM	ENST00000359794	22	0		0		0	
PFN1	ENST00000225655	3	0		0		1	2
PGAM2	ENST00000297283	3	0		0		0	
PGAP1	ENST00000354764	27	0		0		8	2-5,10-11,18,25
PGAP2	ENST00000278243	6	0		0		0	
PGAP3	ENST00000300658	8	0		0		1	1
PGK1	ENST00000373316	11	0		0		1	9
PGK2	ENST00000304801	1	0		0		0	
PGM1	ENST00000371084	11	0		0		0	
PGM2L1	ENST00000298198	14	0		2	7,12	4	7,11-13
PGM3	ENST00000513973	12	0		0		7	4-8,11-12
PGR	ENST00000325455	8	0		1	1	1	1
PGRMC1	ENST00000217971	3	0		0		0	
PHACTR1	ENST00000332995	13	0		1	8	5	4-5,8-10
PHACTR2	ENST00000440869	13	0		0		1	4
PHB1	ENST00000300408	6	0		0		1	3
PHC1	ENST00000544916	14	1	13	2	7,13	4	5,7,9,13
PHEX	ENST00000379374	22	0		0		0	
PHF10	ENST00000339209	12	2	1,5	5	1,3,5,11-12	7	1,3,5,8-9,11-12
PHF12	ENST00000332830	15	1	6	3	6,9,12	5	3,6,9,12,14
PHF21A	ENST00000676320	16	1	13	3	10,13,19	5	10,13,15-16,19
PHF5A	ENST00000216252	4	0		0		0	
PHF6	ENST00000370803	9	0		0		0	
PHF8	ENST00000338154	21	0		0		1	7
PHGDH	ENST00000641023	12	0		0		0	
PHIP	ENST00000275034	40	1	3	3	3,14,30	16	2-3,5,7,14,17,19,21,23-24,27,30,36-38,40
PHKA1	ENST00000373542	32	0		1	19	2	19,25
PHKA2	ENST00000379942	33	0		0		1	17
PHKB	ENST00000323584	31	0		0		0	
PHKG2	ENST00000563588	9	0		0		0	
PHLDB1	ENST00000600882	22	0		2	7,18	3	7,16,18
PHOX2A	ENST00000298231	3	1	3	2	1,3	2	1,3
PHOX2B	ENST00000226382	3	1	3	1	3	1	3
PHYH	ENST00000263038	9	0		0		0	
PHYKPL	ENST00000308158	12	1	1	3	1,6,12	3	1,6,12
PI4K2A	ENST00000370631	9	1	1	1	1	2	1-2
PI4KA	ENST00000255882	55	1	9	3	6,9,16	8	1,6-9,11,16,22
PI4KB	ENST00000368873	11	0		0		0	
PIBF1	ENST00000326291	17	0		0		6	2-3,5,8-9,17
PICALM	ENST00000393346	20	1	11	1	11	4	2,4,6,11
PICK1	ENST00000356976	12	0		0		0	
PIDD1	ENST00000347755	15	0		0		2	10,15
PIEZO1	ENST00000301015	51	0		3	1,17,29	8	1,12,17,23,29-30,36,49
PIEZO2	ENST00000674853	56	3	29,35,40	4	16,29,35,40	14	5,8-9,13,16,21,29-30,33,35,38,40-41,56
PIGA	ENST00000333590	5	0		3	2-3,6	5	2-6
PIGB	ENST00000164305	12	1	3	1	3	5	3,5,8,11-12
PIGC	ENST00000344529	1	0		0		0	
PIGF	ENST00000281382	5	0		0		2	2,4
PIGG	ENST00000453061	13	0		1	4	4	4,9-11
PIGH	ENST00000216452	4	0		0		1	1
PIGK	ENST00000370812	11	1	3	1	3	2	3-4
PIGL	ENST00000225609	7	0		0		0	
PIGM	ENST00000368090	1	0		0		0	
PIGN	ENST00000640252	28	0		1	10	8	4,9-10,12-13,17,20,22
PIGO	ENST00000378617	10	0		1	6	2	2,6
PIGP	ENST00000360525	4	0		0		0	
PIGQ	ENST00000321878	10	0		1	11	1	11
PIGS	ENST00000308360	12	0		0		1	1
PIGT	ENST00000279036	12	0		0		0	
PIGU	ENST00000217446	12	0		0		2	1,8
PIGV	ENST00000674202	3	0		0		0	
PIGW	ENST00000614443	1	0		1	2	1	2
PIGY	ENST00000527353	1	0		0		0	
PIK3C2A	ENST00000691414	32	1	6	4	6,12,16,21	11	3-4,6,9,12-13,15-16,21,24,33
PIK3C2B	ENST00000684373	32	2	13,16	4	2,13,15-16	4	2,13,15-16
PIK3CA	ENST00000263967	20	0		2	2,20	10	2,5,10,12,14,16,18-21
PIK3CD	ENST00000377346	22	0		0		0	
PIK3CG	ENST00000496166	10	0		0		1	11
PIK3R1	ENST00000521381	15	0		1	2	3	2,8,10
PIK3R2	ENST00000222254	15	1	6	1	6	2	2,6
PIK3R5	ENST00000447110	18	1	3	1	3	2	3,10
PIKFYVE	ENST00000264380	41	0		0		1	20
PINK1	ENST00000321556	8	1	1	1	1	1	1
PIP5K1C	ENST00000335312	18	1	1	1	1	1	1
PIR	ENST00000380420	9	0		0		5	3-5,9-10
PISD	ENST00000439502	8	0		0		0	
PITPNM3	ENST00000262483	20	1	1	1	1	2	1,12
PITRM1	ENST00000224949	27	0		0		1	7
PITX1	ENST00000265340	3	0		1	1	2	1,3
PITX2	ENST00000644743	3	0		0		0	
PITX3	ENST00000370002	3	0		0		1	4
PIWIL2	ENST00000356766	22	0		0		3	11,16,21
PJA1	ENST00000374571	1	0		0		0	
PJVK	ENST00000644580	6	0		0		1	3
PKD1	ENST00000262304	46	2	1,42	2	1,42	5	1,16,42-43,46
PKD1L1	ENST00000289672	57	2	4,31	7	4,15,18,31-32,39,56	16	4,7,9,12,14-15,18,20,31-32,39,44,46,49,51,56
PKD2	ENST00000237596	15	1	1	1	1	1	1
PKDCC	ENST00000294964	7	1	1	1	1	1	1
PKHD1	ENST00000371117	66	1	59	1	59	3	32,45,59
PKHD1L1	ENST00000378402	78	0		9	7,15,32,35,43,47,54,73-74	45	6-7,13,15,17-18,21-24,28,31-41,43,47-52,54-56,58-60,62-64,68,70-74,76
PKLR	ENST00000342741	11	0		0		0	
PKP1	ENST00000367324	13	0		0		0	
PKP2	ENST00000340811	13	0		0		0	
PLA2G2A	ENST00000482011	4	0		0		0	
PLA2G4A	ENST00000367466	17	0		0		0	
PLA2G5	ENST00000375108	4	0		0		0	
PLA2G6	ENST00000332509	16	0		0		0	
PLA2G7	ENST00000274793	11	0		0		0	
PLAA	ENST00000397292	14	1	8	2	8,14	6	5,7-9,13-14
PLAAT3	ENST00000415826	4	0		0		1	4
PLAG1	ENST00000316981	2	0		1	5	2	4-5
PLAGL1	ENST00000674357	2	1	8	1	8	1	8
PLAT	ENST00000220809	13	0		0		2	10,12
PLAU	ENST00000372764	10	0		0		0	
PLCB1	ENST00000338037	32	1	21	2	21,27	7	4,9,14,21,24,26-27
PLCB2	ENST00000260402	32	0		2	1,23	3	1,23,32
PLCB3	ENST00000279230	31	0		0		1	13
PLCB4	ENST00000378473	37	0		1	13	5	13,22,27,30,35
PLCD1	ENST00000334661	15	0		0		0	
PLCE1	ENST00000371380	31	0		0		1	2
PLCG1	ENST00000685551	32	0		1	1	4	1,8,16,28
PLCG2	ENST00000564138	32	1	24	1	24	1	24
PLCH1	ENST00000460012	22	2	2,20	2	2,20	7	2,9-10,12,20,22-23
PLCZ1	ENST00000266505	14	0		0		1	5
PLD1	ENST00000351298	26	0		0		4	3,10,16,19
PLD3	ENST00000409735	11	0		1	6	4	4-6,8
PLD4	ENST00000392593	10	0		0		1	11
PLEC	ENST00000345136	32	0		0		0	
PLEC	ENST00000356346	32	0		0		0	
PLEK	ENST00000234313	9	0		2	3,5	3	2-3,5
PLEKHA5	ENST00000429027	31	0		3	1-2,12	9	1-2,5,8-9,11-12,20,24
PLEKHA7	ENST00000531066	27	0		1	1	2	1,7
PLEKHG1	ENST00000696526	15	0		1	16	2	16-17
PLEKHG2	ENST00000425673	18	0		3	3,9,18	4	3,9,17-18
PLEKHG5	ENST00000377728	20	0		0		0	
PLEKHM1	ENST00000430334	11	0		2	4,9	4	4,6-7,9
PLEKHM2	ENST00000375799	20	1	1	1	1	2	1,15
PLEKHN1	ENST00000379410	16	0		0		2	10,12
PLG	ENST00000308192	19	0		0		0	
PLIN1	ENST00000300055	8	1	9	1	9	1	9
PLIN4	ENST00000301286	7	1	2	1	2	2	2,5
PLK1	ENST00000300093	10	0		0		0	
PLK4	ENST00000270861	16	0		2	5,7	4	5,7,13-14
PLN	ENST00000357525	1	0		0		0	
PLOD1	ENST00000196061	19	0		0		0	
PLOD2	ENST00000282903	20	0		0		0	
PLOD3	ENST00000223127	19	0		0		1	1
PLP1	ENST00000621218	7	0		0		0	
PLPBP	ENST00000328195	8	1	5	1	5	1	5
PLPP6	ENST00000381883	1	0		0		0	
PLS1	ENST00000457734	15	0		2	2,10	5	2-3,5,7,10
PLS3	ENST00000355899	15	0		3	5,7,10	11	2-5,7,9-12,14,16
PLTP	ENST00000372431	15	0		0		1	11
PLVAP	ENST00000252590	6	0		0		0	
PLXNA1	ENST00000393409	31	0		1	2	4	2-4,27
PLXNA2	ENST00000367033	31	0		0		3	14,28,30
PLXNA3	ENST00000369682	32	1	2	3	2,4,10	8	2-4,10,17,29-30,32
PLXNB2	ENST00000359337	35	0		1	8	3	8,18,37
PLXNC1	ENST00000258526	31	2	2,4	2	2,4	8	1-2,4,10-11,14,28-29
PLXND1	ENST00000324093	36	2	1,21	2	1,21	2	1,21
PMEL	ENST00000548747	11	1	10	1	10	2	6,10
PMEPA1	ENST00000341744	4	1	1	1	1	2	1,4
PMFBP1	ENST00000237353	20	0		0		2	6,16
PML	ENST00000268058	9	0		0		0	
PMM2	ENST00000268261	8	0		0		0	
PMP2	ENST00000256103	4	0		0		0	
PMP22	ENST00000312280	4	0		0		0	
PMPCA	ENST00000371717	13	0		0		1	7
PMPCB	ENST00000249269	13	1	8	2	8-9	4	4-5,8-9
PMS2	ENST00000265849	15	0		0		0	
PMVK	ENST00000368467	5	0		0		0	
PNKD	ENST00000273077	10	0		0		1	1
PNKP	ENST00000322344	16	0		0		0	
PNLDC1	ENST00000392167	19	2	3,5	3	1,3,5	3	1,3,5
PNLIP	ENST00000369221	12	0		0		3	10-12
PNP	ENST00000361505	6	0		0		1	2
PNPLA1	ENST00000636260	9	1	9	1	9	2	6,9
PNPLA2	ENST00000336615	9	0		1	2	1	2
PNPLA3	ENST00000216180	9	0		0		2	6,9
PNPLA4	ENST00000381042	6	0		2	6-7	4	2,4,6-7
PNPLA6	ENST00000600737	32	0		0		0	
PNPLA8	ENST00000257694	9	0		1	9	5	3-4,9-11
PNPO	ENST00000642017	7	0		0		0	
PNPT1	ENST00000447944	28	0		1	9	1	9
POC1A	ENST00000296484	11	0		0		1	10
POC1B	ENST00000313546	12	1	5	3	1,4-5	6	1,3-5,7,9
POC5	ENST00000428202	11	2	8-9	2	8-9	4	4,8-9,11
PODXL	ENST00000378555	9	1	6	2	3,6	3	1,3,6
POF1B	ENST00000262753	16	0		5	6-7,10,12,15	15	2,4-17
POFUT1	ENST00000375749	7	0		0		0	
POGLUT1	ENST00000295588	11	1	10	1	10	4	5,9-11
POGZ	ENST00000271715	18	1	11	1	11	3	2,9,11
POLA1	ENST00000379068	37	2	15,27	8	10,13,15,27,31-34	30	2,4-10,12-17,20-25,27-34,36-37
POLA2	ENST00000265465	18	0		1	11	2	6,11
POLD1	ENST00000440232	26	2	18,20	2	18,20	3	9,18,20
POLD2	ENST00000610533	10	0		0		0	
POLD3	ENST00000263681	12	0		0		1	6
POLE	ENST00000320574	49	3	18-19,28	3	18-19,28	3	18-19,28
POLE2	ENST00000216367	19	0		1	17	4	5,12,16-17
POLG	ENST00000268124	22	0		0		0	
POLG2	ENST00000539111	8	0		0		0	
POLH	ENST00000372236	10	0		1	11	1	11
POLR1A	ENST00000263857	34	0		1	30	2	14,30
POLR1B	ENST00000263331	15	0		1	13	6	5,7-9,13,15
POLR1C	ENST00000642195	9	0		0		0	
POLR1D	ENST00000302979	2	0		0		0	
POLR2A	NM_000937.5	30	1	30	2	29-30	4	17,28-30
POLR2C	ENST00000219252	9	0		0		0	
POLR3A	ENST00000372371	31	0		0		0	
POLR3B	ENST00000228347	28	0		0		0	
POLR3C	ENST00000334163	14	0		0		1	4
POLR3F	ENST00000377603	9	0		1	8	1	8
POLR3GL	ENST00000369314	7	0		0		0	
POLR3H	ENST00000355209	6	0		0		1	2
POLR3K	ENST00000293860	3	0		0		0	
POLRMT	ENST00000588649	21	0		1	10	3	3,5,10
POMC	ENST00000395826	2	0		0		0	
POMGNT1	ENST00000371984	21	0		0		0	
POMGNT2	ENST00000344697	1	0		0		0	
POMK	ENST00000331373	2	0		0		2	4-5
POMP	ENST00000380842	6	0		0		0	
POMT1	ENST00000402686	19	0		0		0	
POMT2	ENST00000261534	21	0		0		1	10
PON1	ENST00000222381	9	0		0		0	
PON2	ENST00000222572	9	0		0		0	
PON3	ENST00000265627	9	0		0		0	
POP1	ENST00000401707	15	0		0		1	16
POPDC1	ENST00000314641	7	0		0		5	2-6
POPDC2	ENST00000493094	3	0		0		2	1,3
POPDC3	ENST00000254765	3	1	3	1	3	3	2-4
POR	ENST00000461988	15	0		0		1	13
PORCN	ENST00000326194	14	0		0		0	
POT1	ENST00000357628	15	0		3	6,8,10	8	6-10,14,16-17
POU1F1	ENST00000350375	6	0		0		0	
POU2AF1	ENST00000393067	5	0		1	5	2	2,5
POU3F2	ENST00000328345	1	1	1	1	1	1	1
POU3F3	ENST00000361360	1	1	1	1	1	1	1
POU3F4	ENST00000644024	1	0		0		0	
POU4F1	ENST00000377208	2	1	2	1	2	2	1-2
POU4F3	ENST00000646991	2	0		0		0	
POU5F1	ENST00000259915	5	2	1,5	4	1-3,5	5	1-5
POU6F2	ENST00000518318	10	1	1	1	1	5	1,4-5,9-10
PPA2	ENST00000341695	12	0		0		3	5,8-9
PPARA	ENST00000407236	6	0		0		0	
PPARG	ENST00000651735	6	0		0		0	
PPCDC	ENST00000342932	5	0		0		0	
PPCS	ENST00000372561	3	0		1	1	2	1,3
PPFIA2	ENST00000549396	30	0		1	27	6	9-10,13,16,20,27
PPFIA3	ENST00000334186	28	0		4	13,15-17	5	4,13,15-17
PPFIBP1	ENST00000228425	28	1	8	1	8	7	4,6,8,13-14,18,28
PPIA	ENST00000468812	5	0		0		0	
PPIB	ENST00000300026	5	0		0		0	
PPID	ENST00000307720	10	0		0		2	2,4
PPIL1	ENST00000373699	4	0		0		0	
PPIP5K2	ENST00000358359	30	1	17	2	17,25	14	3,5-7,9-10,16-18,20,25,29-31
PPM1D	ENST00000305921	6	0		1	6	1	6
PPM1F	ENST00000263212	7	0		0		2	5,8
PPM1K	ENST00000608933	6	0		1	4	2	4,7
PPOX	ENST00000367999	12	0		0		0	
PPP1CB	ENST00000395366	8	0		0		1	3
PPP1R12A	ENST00000450142	25	0		0		8	3-5,8-9,14,17,20
PPP1R12B	ENST00000608999	24	0		0		4	4,8,10,16
PPP1R13L	ENST00000360957	12	1	4	3	4,7-8	4	4,7-8,12
PPP1R15B	ENST00000367188	2	0		0		0	
PPP1R17	ENST00000342032	4	0		0		1	4
PPP1R21	ENST00000294952	22	0		0		2	9,14
PPP1R36	ENST00000298705	12	0		0		3	7,10-11
PPP1R3A	ENST00000284601	4	0		0		0	
PPP1R3F	ENST00000055335	4	1	1	2	1,4	2	1,4
PPP2CA	ENST00000481195	7	0		0		3	2-3,5
PPP2R1A	ENST00000322088	15	0		0		2	5,12
PPP2R1B	ENST00000527614	15	0		1	13	2	12-13
PPP2R2B	ENST00000394411	9	0		1	2	6	2,4,6-8,10
PPP2R3C	ENST00000261475	13	0		1	13	2	2,13
PPP2R5C	ENST00000694906	16	1	1	1	1	2	1,3
PPP2R5D	ENST00000485511	16	0		1	3	2	3,15
PPP3CA	ENST00000394854	14	0		0		4	6-7,9,14
PPP3R1	ENST00000234310	6	0		0		2	3,5
PPP5C	ENST00000012443	13	0		0		1	9
PPT1	ENST00000642050	9	0		0		0	
PQBP1	ENST00000447146	6	0		0		0	
PRCC	ENST00000271526	7	0		1	3	2	3-4
PRCD	ENST00000592014	3	0		0		0	
PRDM10	ENST00000360871	20	1	13	2	13,19	7	3,11-13,16-17,19
PRDM12	ENST00000253008	5	1	5	1	5	1	5
PRDM13	ENST00000369215	4	0		2	2,4	2	2,4
PRDM15	ENST00000398548	23	0		0		3	4,6,24
PRDM16	ENST00000270722	17	0		1	2	4	1-2,9,15
PRDM5	ENST00000264808	16	0		0		0	
PRDM6	ENST00000407847	7	0		2	2-3	3	2-3,6
PRDM8	ENST00000415738	3	1	4	1	4	1	4
PRDM9	ENST00000296682	10	0		0		0	
PRDX1	ENST00000319248	5	1	4	1	4	1	4
PRDX3	ENST00000298510	7	0		0		0	
PREPL	ENST00000409411	13	0		1	11	5	5,7,9,11,13
PRF1	ENST00000441259	2	0		0		1	3
PRG4	ENST00000445192	12	0		0		0	
PRICKLE1	ENST00000345127	7	0		1	7	1	7
PRICKLE2	ENST00000638394	7	0		0		0	
PRICKLE3	ENST00000599218	9	0		3	2,4,7	6	2-4,7-9
PRIM1	ENST00000338193	13	0		0		2	2,9
PRIMA1	ENST00000393140	4	0		1	3	2	3,5
PRIMPOL	ENST00000314970	12	0		1	6	7	3-8,11
PRKACA	ENST00000308677	10	1	1	1	1	1	1
PRKACB	ENST00000370685	10	0		1	9	6	3-6,8-9
PRKACG	ENST00000377276	1	0		0		0	
PRKAG2	ENST00000287878	16	0		0		2	5,13
PRKAG3	ENST00000439262	13	0		0		0	
PRKAR1A	ENST00000589228	10	0		0		0	
PRKAR1B	ENST00000537384	10	0		0		2	7,11
PRKCA	ENST00000413366	17	1	7	2	1,7	3	1,7,16
PRKCD	ENST00000330452	17	0		0		1	17
PRKCG	ENST00000263431	18	0		0		0	
PRKCH	ENST00000332981	14	0		0		2	11-12
PRKCSH	ENST00000677123	16	0		0		0	
PRKD1	ENST00000331968	18	4	1-2,6,9	5	1-3,6,9	10	1-6,9-10,14,16
PRKDC	ENST00000314191	86	0		7	33,41,58,62,69,72,84	27	10-13,24-25,27,33,35-37,41,43,46,55,58-59,62,64,66,69-70,72-75,84
PRKG1	ENST00000373980	18	0		1	2	5	1-2,4,14-15
PRKG2	ENST00000264399	18	0		2	3-4	5	2-4,12,14
PRKN	ENST00000366898	12	0		0		0	
PRKRA	ENST00000325748	8	0		0		1	5
PRLR	ENST00000618457	8	0		0		3	5-6,10
PRMT7	ENST00000441236	17	2	10-11	2	10-11	3	10-11,15
PRMT9	ENST00000322396	12	0		0		0	
PRNP	ENST00000379440	1	0		0		0	
PROC	ENST00000234071	8	0		0		0	
PRODH	ENST00000357068	14	4	1,12-14	5	1-2,12-14	6	1-2,11-14
PRODH2	ENST00000653904	10	0		1	10	1	10
PROK2	ENST00000295619	4	0		0		1	1
PROKR2	ENST00000678254	2	0		0		0	
PROM1	ENST00000447510	26	0		1	2	4	2,5,7,23
PROP1	ENST00000308304	3	0		1	1	3	1-3
PRORP	ENST00000534898	7	0		0		4	2,4,7-8
PROS1	ENST00000394236	15	0		0		1	8
PROSER1	ENST00000352251	13	2	9,11	2	9,11	5	4-5,9,11-12
PROZ	ENST00000375547	8	0		0		0	
PRPF19	ENST00000227524	16	0		1	3	2	3,16
PRPF3	ENST00000324862	15	0		0		0	
PRPF31	ENST00000321030	13	6	2-5,8,13	12	2-11,13-14	13	2-14
PRPF4	ENST00000374198	14	0		0		2	3,14
PRPF6	ENST00000266079	21	0		0		0	
PRPF8	ENST00000304992	42	0		0		1	9
PRPH	ENST00000257860	9	0		0		0	
PRPH2	ENST00000230381	3	0		0		0	
PRPS1	ENST00000372435	7	0		0		0	
PRR12	ENST00000418929	14	0		1	1	3	1,4-5
PRRT2	ENST00000358758	3	0		1	2	1	2
PRRX1	ENST00000239461	4	0		0		0	
PRSS1	ENST00000311737	5	0		1	2	1	2
PRSS12	ENST00000296498	13	0		1	1	1	1
PRSS2	ENST00000539842	5	1	1	5	1-5	5	1-5
PRSS56	ENST00000617714	13	0		0		4	4,7-8,13
PRSS8	ENST00000317508	6	0		1	6	1	6
PRUNE1	ENST00000271620	8	0		0		0	
PRX	ENST00000324001	4	0		0		0	
PSAP	ENST00000394936	14	0		0		0	
PSAT1	ENST00000376588	9	0		0		0	
PSD3	ENST00000327040	16	0		2	1,4	6	1,4-5,7,11,13
PSEN1	ENST00000324501	10	0		0		0	
PSEN2	ENST00000366783	10	0		0		0	
PSENEN	ENST00000587708	3	0		0		0	
PSKH1	ENST00000291041	2	0		0		0	
PSMA6	ENST00000261479	7	0		0		1	2
PSMB1	ENST00000262193	6	0		0		2	4,6
PSMB10	ENST00000358514	8	0		1	1	1	1
PSMB4	ENST00000290541	7	0		0		0	
PSMB8	ENST00000374882	6	2	1,6	6	1-6	6	1-6
PSMB9	ENST00000374859	6	6	1-6	6	1-6	6	1-6
PSMC1	ENST00000261303	11	0		0		4	5-6,8-9
PSMC3	ENST00000298852	12	0		1	7	1	7
PSMC3IP	ENST00000393795	8	0		0		0	
PSMC5	ENST00000310144	12	0		0		0	
PSMD11	ENST00000261712	13	0		0		0	
PSMD12	ENST00000356126	11	1	6	1	6	3	6-7,9
PSMF1	ENST00000335877	7	0		0		2	2,4
PSMG2	ENST00000317615	7	0		0		1	5
PSPH	ENST00000275605	5	0		0		0	
PSTPIP1	ENST00000558012	15	0		0		0	
PTCD1	ENST00000292478	7	0		0		0	
PTCD3	ENST00000254630	24	1	17	1	17	6	6,8,12-13,15,17
PTCH1	ENST00000331920	23	1	1	1	1	1	1
PTCH1	ENST00000437951	23	0		0		0	
PTCH2	ENST00000372192	22	0		0		0	
PTCHD1	ENST00000379361	3	0		0		2	1,3
PTCRA	ENST00000304672	4	0		1	4	1	4
PTDSS1	ENST00000517309	13	0		0		1	5
PTEN	ENST00000371953	9	0		0		0	
PTF1A	ENST00000376504	2	1	1	1	1	1	1
PTGDR	ENST00000306051	2	0		1	1	1	1
PTGER2	ENST00000245457	2	1	1	1	1	1	1
PTGIS	ENST00000244043	10	1	1	1	1	1	1
PTGS1	ENST00000362012	11	0		2	3,11	2	3,11
PTH	ENST00000282091	2	0		0		0	
PTH1R	ENST00000449590	14	0		0		0	
PTHLH	ENST00000545234	3	0		0		0	
PTPA	ENST00000393370	10	0		0		2	1,9
PTPMT1	ENST00000326674	4	1	1	1	1	3	1-3
PTPN1	ENST00000371621	10	0		0		2	8-9
PTPN11	ENST00000351677	15	0		0		0	
PTPN12	ENST00000248594	18	0		0		5	4,8-9,12-13
PTPN13	ENST00000411767	47	0		3	7,24,32	16	3,5,7,12-14,16,18-19,24-25,28,31-32,34,45
PTPN14	ENST00000366956	18	2	3,12	2	3,12	2	3,12
PTPN2	ENST00000309660	9	0		0		4	5-8
PTPN22	ENST00000359785	21	0		1	19	5	8,14-15,18-19
PTPN23	ENST00000265562	25	0		0		3	5,20,25
PTPN4	ENST00000263708	26	0		0		13	2,9-10,12,14-15,17-20,23-25
PTPRC	ENST00000442510	32	0		2	3,15	10	2-3,5,8-12,15,23
PTPRF	ENST00000359947	32	0		1	20	3	9,12,20
PTPRJ	ENST00000418331	25	1	1	1	1	7	1,5,8,10,21,24-25
PTPRO	ENST00000281171	26	0		0		0	
PTPRQ	ENST00000644991	45	3	4-6	8	4-6,10,15,21,25-26	19	3-6,10-12,15-16,20-21,25-26,28-29,31-33,42
PTRH2	ENST00000393038	1	0		0		1	2
PTRHD1	ENST00000328379	2	0		0		0	
PTS	ENST00000280362	6	0		0		0	
PUF60	ENST00000526683	12	0		2	6,11	6	6,8-12
PUM1	ENST00000426105	21	0		0		8	2,5-6,8-9,13,19,21
PURA	ENST00000331327	1	1	1	1	1	1	1
PUS1	ENST00000376649	6	0		0		1	2
PUS3	ENST00000227474	3	0		0		3	2-4
PUS7	ENST00000469408	15	0		0		6	2,6,8-9,12-13
PXDN	ENST00000252804	23	0		1	10	4	1,8-10
PXK	ENST00000356151	18	1	3	2	1,3	4	1,3-4,10
PYCR1	ENST00000329875	7	0		0		0	
PYCR2	ENST00000343818	7	0		1	7	1	7
PYGL	ENST00000216392	20	0		0		0	
PYGM	ENST00000164139	20	0		0		0	
PYROXD1	ENST00000240651	12	0		0		8	3-6,8,10-12
PYROXD2	ENST00000370575	16	0		0		4	6,9,14-15
QARS1	ENST00000306125	24	0		0		0	
QDPR	ENST00000281243	7	0		0		0	
QRICH1	ENST00000395443	9	0		1	7	4	4-5,7,10
QRICH2	ENST00000680821	19	1	1	1	1	3	1,15-16
QRSL1	ENST00000369046	11	0		0		4	4-6,8
QTMAN	ENST00000682281	9	0		1	7	5	4-7,9
RAB11A	ENST00000261890	5	0		1	3	2	2-3
RAB11B	ENST00000328024	5	0		0		0	
RAB14	ENST00000373840	7	0		1	4	2	4,8
RAB18	ENST00000356940	7	0		0		0	
RAB1A	ENST00000409784	6	0		0		2	3,6
RAB23	ENST00000468148	6	0		0		0	
RAB27A	ENST00000336787	5	0		0		0	
RAB28	ENST00000288723	7	0		0		0	
RAB28	ENST00000330852	7	0		0		1	2
RAB32	ENST00000367495	3	0		1	1	3	1-3
RAB33B	ENST00000305626	2	0		1	2	1	2
RAB34	ENST00000395245	10	0		0		0	
RAB35	ENST00000229340	6	1	1	1	1	1	1
RAB39B	ENST00000369454	2	0		0		0	
RAB3GAP1	ENST00000264158	24	0		0		1	15
RAB3GAP2	ENST00000358951	35	0		0		2	17,20
RAB5C	ENST00000346213	5	0		1	3	1	3
RAB5IF	ENST00000344795	4	0		0		0	
RAB7A	ENST00000265062	5	0		0		0	
RABGAP1	ENST00000373647	25	0		0		7	2,7,10-12,14,19
RABL2A	ENST00000683472	8	0		0		0	
RABL3	ENST00000273375	8	0		0		2	3,5
RABL6	ENST00000311502	15	0		0		1	13
RAC1	ENST00000348035	6	1	1	1	1	1	1
RAC2	ENST00000249071	6	0		0		0	
RAC3	ENST00000306897	6	1	1	1	1	2	1-2
RACGAP1	ENST00000312377	16	0		0		1	16
RACK1	ENST00000512805	8	0		0		2	2,5
RAD21	ENST00000297338	13	0		2	9-10	8	2-3,5,7,9-10,12,14
RAD50	ENST00000378823	25	0		0		0	
RAD51	ENST00000267868	9	0		0		0	
RAD51B	ENST00000471583	10	0		0		4	4-7
RAD51C	ENST00000337432	9	0		0		0	
RAD51D	ENST00000345365	10	0		0		0	
RAD54B	ENST00000336148	14	0		3	4-6	10	3-8,10-13
RAD54L	ENST00000371975	18	0		0		0	
RAF1	ENST00000251849	16	0		0		0	
RAG1	ENST00000299440	1	0		0		0	
RAG2	ENST00000311485	1	0		0		0	
RAI1	ENST00000353383	4	0		0		0	
RALA	ENST00000005257	4	0		0		2	3-4
RALGAPA1	ENST00000680220	41	2	18,40	6	7,13,18,34,38,40	21	2,6-9,12-18,21,23,25,32-34,38-40
RALGAPB	ENST00000262879	29	0		1	23	11	2,5,7-8,11,17-18,23-25,29
RALGDS	ENST00000372050	18	0		1	1	1	1
RAMP2	ENST00000253796	4	1	1	1	1	2	1,4
RANBP2	ENST00000283195	29	0		0		0	
RANGRF	ENST00000226105	5	0		0		0	
RAP1A	ENST00000369709	6	0		0		2	5-6
RAP1B	ENST00000250559	6	0		0		2	5-6
RAP1GDS1	ENST00000408927	15	0		0		8	6-10,12-14
RAPGEF2	ENST00000691494	30	1	4	4	4,6,20,28	15	2,4,6,9,11-12,14,16,18-20,26-29
RAPGEF4	ENST00000397081	31	1	8	1	8	4	8,10,13,25
RAPSN	ENST00000298854	8	0		0		0	
RARA	ENST00000254066	8	0		0		2	2-3
RARB	ENST00000330688	8	0		2	2,8	4	2-3,7-8
RARS1	ENST00000231572	15	1	14	1	14	5	3,6,9,13-14
RARS2	ENST00000369536	20	0		0		0	
RASA1	ENST00000274376	25	0		0		1	5
RASA2	ENST00000286364	24	0		3	1,14,23	7	1,5,10,14,21-23
RASAL1	ENST00000548055	21	1	13	2	13,18	4	4,13,18-19
RASGRP1	ENST00000310803	17	0		2	1,15	4	1-2,15-16
RASGRP2	ENST00000394432	15	0		0		0	
RAX	ENST00000334889	3	2	1,3	2	1,3	2	1,3
RAX2	ENST00000555633	2	0		0		0	
RB1	ENST00000267163	27	0		0		0	
RB1CC1	ENST00000025008	22	0		1	18	10	5,7-9,13-15,17-18,22
RBBP5	ENST00000264515	14	0		1	12	4	3,10,12-13
RBBP7	ENST00000380087	12	0		1	1	8	1-4,6,8-9,11
RBBP8	ENST00000327155	18	0		0		0	
RBCK1	ENST00000356286	12	0		2	2,7	3	2,7,11
RBFOX1	ENST00000355637	14	0		0		1	10
RBFOX1	ENST00000550418	13	0		0		2	10,16
RBFOX2	ENST00000695854	14	1	1	8	1,3-4,6,9-10,13-14	13	1-10,12-14
RBFOX3	ENST00000693108	11	0		1	5	4	5-6,12,14
RBL2	ENST00000262133	22	0		1	13	11	1-2,4-5,8,13,15,17,19,21-22
RBM10	ENST00000377604	23	0		0		1	13
RBM12	ENST00000374114	1	0		0		1	3
RBM15	ENST00000369784	2	0		1	1	1	1
RBM20	ENST00000369519	14	2	9-10	4	2,5,9-10	9	1-2,5-7,9-11,14
RBM28	ENST00000223073	19	0		0		0	
RBM7	ENST00000375490	5	0		0		1	5
RBM8A	ENST00000583313	6	0		0		0	
RBMX	ENST00000320676	8	0		2	5,9	4	4-6,9
RBP3	ENST00000584701	4	0		0		0	
RBP4	ENST00000371464	5	0		0		0	
RBPJ	ENST00000355476	11	0		0		4	4-6,11
RBSN	ENST00000253699	11	0		0		3	5,8-9
RC3H1	ENST00000367696	19	0		1	10	6	3,5,10,12-13,20
RCAN1	ENST00000313806	4	1	1	1	1	3	1,3-4
RCBTB1	ENST00000378302	11	0		0		4	4-5,9,11
RCC1	ENST00000683442	9	0		0		0	
RD3	ENST00000680073	2	0		0		0	
RDH11	ENST00000381346	7	0		1	5	2	5-6
RDH12	ENST00000551171	7	0		0		0	
RDH14	ENST00000381249	2	0		1	1	2	1-2
RDH5	ENST00000257895	4	0		0		0	
RDH8	ENST00000591589	6	0		0		1	2
RDX	ENST00000645495	13	0		0		0	
REC114	ENST00000331090	6	0		0		0	
REC8	ENST00000611366	19	0		0		0	
RECQL	ENST00000444129	14	0		2	4,14	7	3-4,7-8,11,14-15
RECQL4	ENST00000617875	21	2	1,5	2	1,5	4	1-2,5,15
RECQL5	ENST00000317905	19	0		1	15	3	4,15-16
REEP1	ENST00000538924	9	2	7-8	3	1,7-8	3	1,7-8
REEP2	ENST00000378339	8	0		1	1	1	1
REEP6	ENST00000233596	5	0		0		0	
REEP6	ENST00000395479	6	1	6	1	6	1	6
REL	ENST00000394479	10	1	3	2	3,5	6	1-3,5-6,10
RELA	ENST00000406246	11	1	1	1	1	3	1,4,11
RELB	ENST00000221452	12	0		1	4	3	1,4,12
RELN	ENST00000428762	65	0		0		2	1,29
RELT	ENST00000064780	10	0		0		0	
REN	ENST00000272190	10	0		0		0	
REPS1	ENST00000450536	20	0		1	3	4	3,6,8-9
REPS2	ENST00000357277	18	1	1	2	1-2	10	1-5,7,11,13-14,16
RERE	ENST00000400908	22	1	18	2	18,20	4	11,18-20
REST	ENST00000309042	3	0		1	4	2	3-4
RET	ENST00000355710	20	0		0		0	
RETN	ENST00000221515	3	0		0		0	
RETREG1	ENST00000306320	9	0		1	1	3	1,4,6
REV3L	ENST00000368802	32	1	7	6	1,7,13,17,24,30	14	1-2,4,7,11,13-14,17,20,24,28-30,32
REXO2	ENST00000265881	7	0		0		0	
RFC1	ENST00000349703	25	1	3	1	3	7	1,3,5,9,11,13,17
RFC4	ENST00000296273	10	0		0		1	10
RFT1	ENST00000296292	13	0		0		0	
RFWD3	ENST00000361070	12	0		0		4	2,5,10,12
RFX2	ENST00000303657	17	1	17	3	5,10,17	5	3,5,10,17-18
RFX3	ENST00000617270	16	0		2	6,17	7	4,6,9,11,13,15,17
RFX4	ENST00000392842	18	0		1	18	1	18
RFX5	ENST00000452671	9	0		0		0	
RFX6	ENST00000332958	19	0		0		0	
RFX7	ENST00000559447	9	0		0		2	2,10
RFXANK	ENST00000303088	8	0		0		0	
RFXAP	ENST00000255476	3	1	1	1	1	1	1
RGR	ENST00000652092	7	0		0		0	
RGS10	ENST00000369103	5	0		0		0	
RGS18	ENST00000367460	5	0		0		2	4-5
RGS5	ENST00000313961	5	0		0		2	4-5
RGS6	ENST00000553525	17	0		0		1	3
RGS7	ENST00000440928	17	0		0		0	
RGS9	ENST00000262406	19	0		0		0	
RGS9BP	ENST00000334176	1	1	1	1	1	1	1
RHAG	ENST00000371175	10	0		0		0	
RHBDF1	ENST00000262316	17	0		1	2	2	2,4
RHBDF2	ENST00000675367	17	0		1	8	2	8,11
RHCE	ENST00000294413	10	0		0		0	
RHD	ENST00000328664	10	1	8	1	8	1	8
RHEB	ENST00000262187	8	0		0		2	1-2
RHO	ENST00000296271	5	0		0		0	
RHOA	ENST00000418115	4	0		0		0	
RHOB	ENST00000272233	1	0		0		0	
RHOBTB2	ENST00000251822	9	0		0		2	9-10
RHOG	ENST00000351018	1	0		0		1	2
RHOH	ENST00000381799	1	0		0		1	3
RHOXF1	ENST00000217999	3	1	1	1	1	2	1,3
RIC1	ENST00000414202	26	0		3	19,24-25	13	5-6,9,11,15-16,19-20,22-26
RIC3	ENST00000309737	6	0		1	2	2	2,6
RICTOR	ENST00000357387	38	1	17	1	17	19	5,7,9,12,16-18,20,22-23,27-32,34,36-37
RIGI	ENST00000379883	18	0		0		8	2-3,7-8,11,13,16,18
RILPL1	ENST00000376874	7	0		0		0	
RIMS1	ENST00000521978	34	1	5	6	5-6,14,32-34	16	5-6,8-9,12,14-15,17-18,21,26,28-29,32-34
RIMS2	ENST00000696799	30	1	5	1	5	10	5-7,9,12,15-16,18-19,24
RIN1	ENST00000311320	10	0		4	1-2,7,10	5	1-2,6-7,10
RIN2	ENST00000255006	11	0		3	5,10,13	5	5-6,10-11,13
RING1	ENST00000374656	6	5	2-3,5-7	6	2-7	6	2-7
RINT1	ENST00000257700	15	0		1	4	6	3-6,13,15
RIOK2	ENST00000283109	10	0		0		3	6,8-9
RIPK1	ENST00000259808	10	0		0		3	9-11
RIPK3	ENST00000216274	10	0		0		1	10
RIPK4	ENST00000332512	8	1	3	1	3	1	3
RIPOR2	ENST00000643898	22	0		1	13	2	13-14
RIPPLY1	ENST00000276173	4	0		0		1	4
RIPPLY2	ENST00000369689	4	0		0		0	
RIT1	ENST00000368323	5	0		0		1	5
RLBP1	ENST00000268125	7	0		0		0	
RLIM	ENST00000332687	3	0		1	2	3	2-4
RMI2	ENST00000312499	2	1	1	1	1	2	1-2
RMND1	ENST00000444024	11	0		0		2	2,10
RMP64	ENST00000314400	9	0		1	6	2	6,9
RNASEH1	ENST00000315212	8	0		0		0	
RNASEH2A	ENST00000221486	8	0		0		0	
RNASEH2B	ENST00000336617	11	0		0		1	1
RNASEH2C	ENST00000308418	4	0		0		0	
RNASEL	ENST00000367559	6	0		0		0	
RNASET2	ENST00000508775	9	0		0		0	
RNF113A	ENST00000371442	1	0		0		1	1
RNF125	ENST00000217740	6	0		0		0	
RNF13	ENST00000392894	9	1	2	1	2	3	2,8,10
RNF135	ENST00000328381	5	0		0		0	
RNF139	ENST00000303545	2	0		1	1	2	1-2
RNF168	ENST00000318037	6	0		0		0	
RNF170	ENST00000527424	6	0		0		1	7
RNF2	ENST00000367510	6	0		0		2	3,5
RNF207	ENST00000377939	17	0		2	3,10	4	3,7,10,13
RNF212	ENST00000433731	10	0		0		1	10
RNF212B	ENST00000430154	14	0		1	11	2	5,11
RNF213	ENST00000582970	67	0		2	21,26	7	4,18-22,26
RNF216	ENST00000389902	16	0		1	17	2	4,17
RNF220	ENST00000361799	14	0		0		0	
RNF31	ENST00000324103	21	1	10	2	8,10	4	1,7-8,10
RNF40	ENST00000324685	19	0		1	6	2	6,13
RNF43	ENST00000407977	9	0		1	3	2	2-3
RNF6	ENST00000381588	3	0		0		2	3,5
RNH1	ENST00000354420	9	0		1	5	4	5,7-9
RNLS	ENST00000331772	7	0		0		5	3-7
RNPC3	ENST00000423855	14	0		1	9	4	7,9-11
ROBO1	ENST00000464233	30	1	4	3	4,19,29	15	4-5,7,10-11,16,18-19,22-27,29
ROBO2	ENST00000696593	28	1	2	1	2	2	2,26
ROBO3	ENST00000397801	28	0		2	2,17	5	2,8,16-17,26
ROBO4	ENST00000306534	18	1	12	3	2,12,16	4	2,12,15-16
ROCK2	ENST00000315872	33	1	27	2	5,27	12	1,4-6,10,18-19,23,26-27,31-32
ROGDI	ENST00000322048	11	1	1	2	1-2	3	1-2,4
ROM1	ENST00000278833	3	0		0		0	
ROR1	ENST00000371079	9	1	1	1	1	4	1,3,6-7
ROR2	ENST00000375708	9	0		0		1	1
RORA	ENST00000335670	11	0		0		3	5,9,11
RORB	ENST00000376896	10	1	8	1	8	3	4,8,10
RORC	ENST00000318247	11	0		0		1	2
ROS1	ENST00000368507	44	0		2	29,32	18	10,13-14,16-17,20-22,26-27,29,31-34,39,43-44
RP1	ENST00000220676	3	0		0		0	
RP1L1	ENST00000382483	3	0		1	2	1	2
RP2	ENST00000218340	5	0		0		0	
RP9	ENST00000297157	6	1	1	1	1	1	1
RPA1	ENST00000254719	17	2	1,7	2	1,7	3	1,7,14
RPE65	ENST00000262340	14	0		0		1	14
RPGR	ENST00000645032	15	1	15	1	15	3	13-15
RPGRIP1	ENST00000400017	24	1	17	3	17-18,25	6	15-19,25
RPGRIP1L	ENST00000647211	26	0		1	17	3	4,17,23
RPH3A	ENST00000389385	20	0		4	8-10,13	6	4,8-11,13
RPIA	ENST00000283646	9	0		0		0	
RPL10	ENST00000369817	6	0		0		0	
RPL10L	ENST00000298283	1	0		0		0	
RPL11	ENST00000643754	6	0		0		0	
RPL13	ENST00000311528	5	0		0		0	
RPL15	ENST00000307839	3	0		0		1	4
RPL17	ENST00000580261	6	0		0		0	
RPL18	ENST00000549920	7	0		0		0	
RPL21	ENST00000311549	5	0		0		0	
RPL26	ENST00000648839	3	0		0		1	3
RPL27	ENST00000253788	4	0		0		0	
RPL31	ENST00000264258	4	1	5	1	5	1	5
RPL35	ENST00000348462	4	0		0		0	
RPL35A	ENST00000647248	4	0		0		0	
RPL3L	ENST00000268661	10	0		1	2	1	2
RPL5	ENST00000370321	8	0		0		0	
RPL8	ENST00000528957	5	0		0		0	
RPL9	ENST00000295955	6	0		1	2	1	2
RPS10	ENST00000648437	5	0		0		0	
RPS14	ENST00000407193	4	0		1	5	1	5
RPS15	ENST00000592588	4	0		0		0	
RPS15A	ENST00000322989	4	0		0		0	
RPS17	ENST00000647841	5	0		0		0	
RPS19	ENST00000598742	5	0		0		0	
RPS20	ENST00000009589	4	0		0		1	4
RPS23	ENST00000296674	4	0		0		0	
RPS24	ENST00000372360	5	0		0		0	
RPS26	ENST00000646449	4	0		0		0	
RPS27	ENST00000651669	4	1	2	1	2	1	2
RPS28	ENST00000600659	3	0		0		0	
RPS29	ENST00000245458	3	1	2	1	2	1	2
RPS6KA3	ENST00000379565	22	0		0		3	8,20-21
RPS6KB1	ENST00000225577	15	0		0		1	5
RPS6KC1	ENST00000366960	15	0		0		3	3-4,6
RPS7	ENST00000645674	6	0		0		0	
RPSA	ENST00000301821	6	0		0		0	
RRAD	ENST00000299759	4	1	2	1	2	1	2
RRAGA	ENST00000380527	1	0		0		1	1
RRAGC	ENST00000373001	7	0		0		0	
RRAGD	ENST00000369415	7	0		2	1,5	5	1-2,5-7
RRAS	ENST00000246792	6	1	1	1	1	2	1,6
RRAS2	ENST00000256196	6	0		0		3	1-2,4
RREB1	ENST00000379938	10	0		1	13	2	10,13
RRM1	ENST00000300738	19	0		0		3	7,10,19
RRM2B	ENST00000251810	9	0		0		0	
RRP7A	ENST00000323013	7	0		1	4	2	1,4
RS1	ENST00000379984	6	0		0		0	
RSPH1	ENST00000291536	9	0		0		0	
RSPH3	ENST00000367069	8	1	8	2	1,8	2	1,8
RSPH4A	ENST00000229554	6	0		0		0	
RSPH9	ENST00000372163	5	0		0		0	
RSPO1	ENST00000356545	5	0		0		0	
RSPO2	ENST00000276659	5	0		0		3	4-6
RSPO4	ENST00000217260	5	0		0		0	
RSPRY1	ENST00000394420	14	1	8	1	8	3	2,8,15
RSRC1	ENST00000611884	9	0		1	2	2	2,9
RSRC2	ENST00000331738	10	0		0		2	2,10
RTEL1	ENST00000360203	34	0		2	31,34	2	31,34
RTN2	ENST00000245923	11	0		1	3	1	3
RTN4IP1	ENST00000369063	9	1	6	1	6	3	1,6-7
RTN4R	ENST00000043402	2	1	1	1	1	1	1
RTTN	ENST00000640769	49	0		2	3,43	17	2-3,9,12,15,18,24-25,27,30-31,33,36,39-40,43,46
RUBCN	ENST00000296343	20	0		0		0	
RUNX1	ENST00000675419	8	0		0		1	9
RUNX1T1	ENST00000523629	11	0		0		3	3-4,7
RUNX2	ENST00000647337	8	0		1	3	1	3
RUSC2	ENST00000361226	11	0		1	10	2	2,10
RXFP2	ENST00000298386	18	0		0		0	
RXYLT1	ENST00000261234	6	0		1	4	3	2,4-5
RYBP	NM_012234.7	4	0		0		1	3
RYR1	ENST00000359596	106	1	91	1	91	1	91
RYR2	ENST00000366574	105	3	16,31,37	15	13,15-16,21,27,31,34,37,47,56,65,68-69,76,90	53	1,6-8,13,15-16,20-22,24,26-31,33-34,36-41,43-44,46-47,49-50,55-56,58-60,65,68-70,72-74,76,78,81,85,88,90,92,94,101,103
RYR3	ENST00000634891	104	2	4,85	5	4,18,44,66,85	12	4,11,18-19,24,35,44,47,66,78,85,89
S1PR2	ENST00000646641	1	0		1	2	1	2
SACS	ENST00000382292	9	0		0		0	
SAG	ENST00000409110	15	0		0		0	
SALL1	ENST00000251020	3	0		0		0	
SALL2	ENST00000537235	2	0		0		0	
SALL4	ENST00000217086	4	0		0		0	
SAMD11	ENST00000616016	14	3	1,11-12	6	1,9,11-14	6	1,9,11-14
SAMD12	ENST00000314727	4	0		1	2	2	2,4
SAMD7	ENST00000335556	7	0		2	6,9	3	6-7,9
SAMD9	ENST00000379958	1	0		0		0	
SAMD9L	ENST00000318238	1	0		0		0	
SAMHD1	ENST00000646673	16	0		0		0	
SAR1B	ENST00000402673	6	0		0		0	
SARDH	ENST00000439388	20	1	2	1	2	1	2
SARS1	ENST00000234677	11	1	2	2	2,5	3	1-2,5
SARS2	ENST00000221431	16	0		0		1	1
SART3	ENST00000546815	19	0		0		1	13
SASH1	ENST00000367467	20	0		4	1,6,10,18	5	1,6,10,13,18
SASH3	ENST00000356892	8	0		2	4,6	3	4-6
SASS6	ENST00000287482	17	0		1	8	4	5,8-9,14
SAT1	ENST00000379270	6	0		1	2	2	2,6
SATB1	ENST00000338745	10	0		0		2	7,11
SATB2	ENST00000417098	10	0		0		1	7
SBDS	ENST00000246868	5	0		0		0	
SBF1	ENST00000380817	41	2	3,5	6	1,3,5,18,25,30	8	1,3,5-6,18,22,25,30
SBF2	ENST00000256190	40	0		1	1	1	1
SC5D	ENST00000264027	4	0		0		0	
SCAF4	ENST00000286835	20	0		2	7,17	6	4,7,12,15-17
SCAMP5	ENST00000425597	6	0		1	7	1	7
SCAPER	ENST00000563290	31	1	6	2	6,8	12	3,5-6,8-9,11,16-17,19,25,27-28
SCARB1	ENST00000261693	12	0		0		0	
SCARB2	ENST00000264896	12	0		0		0	
SCARF2	ENST00000622235	11	2	1,11	2	1,11	3	1,4,11
SCD	ENST00000370355	6	0		0		0	
SCD5	ENST00000319540	5	0		0		0	
SCGB3A2	ENST00000296694	3	0		1	1	1	1
SCGN	ENST00000377961	11	0		0		0	
SCHIP1	ENST00000638749	8	0		1	2	1	2
SCLT1	ENST00000281142	21	0		1	6	6	2,6-7,16-18
SCN10A	ENST00000449082	27	1	18	2	12,18	7	7,12,15-16,18,25,27
SCN11A	ENST00000302328	26	0		2	18,29	10	5,10,12,16,18-19,23,25,27,29
SCN1A	ENST00000674923	26	0		0		3	14,18-19
SCN1B	ENST00000262631	5	1	1	1	1	1	1
SCN2A	ENST00000375437	26	0		0		0	
SCN2A	ENST00000631182	26	0		0		0	
SCN2B	ENST00000278947	4	0		0		0	
SCN3A	ENST00000283254	26	0		1	23	1	23
SCN3B	ENST00000299333	5	0		0		0	
SCN4A	ENST00000435607	24	0		2	13,24	8	1,6,12-14,19,23-24
SCN4B	ENST00000324727	5	0		0		0	
SCN5A	ENST00000413689	27	0		0		0	
SCN5A	ENST00000423572	27	1	12	1	12	5	10,12,14,23,27
SCN7A	ENST00000643258	24	0		5	3,15-16,23,25	15	3-6,11,13,15-16,18-19,21,23-26
SCN8A	ENST00000354534	26	0		0		0	
SCN8A	ENST00000627620	26	0		4	11,16-17,27	8	9,11,14,16-17,20,26-27
SCN9A	ENST00000642356	26	1	17	7	2,11,14,16-17,19,22	15	2-3,9-14,16-17,19-20,22,24,26
SCNM1	ENST00000368905	7	0		0		0	
SCNN1A	ENST00000228916	12	0		0		1	3
SCNN1B	ENST00000343070	12	0		0		0	
SCNN1G	ENST00000300061	12	0		0		0	
SCO1	ENST00000255390	6	0		0		0	
SCO2	ENST00000395693	1	0		0		0	
SCP2	ENST00000371514	16	0		0		0	
SCRIB	ENST00000356994	37	5	15,19,33-34,37	14	1,7,12,14-15,19,21,23,30-34,37	19	1,7-8,12,14-15,17,19,21-24,27,30-34,37
SCUBE3	ENST00000274938	22	0		1	7	3	1,7,10
SCYL1	ENST00000270176	18	0		0		3	1,4,11
SCYL2	ENST00000360820	17	1	7	2	5,7	7	2,4-5,7,9-10,18
SDC3	ENST00000339394	5	1	1	1	1	1	1
SDCCAG8	ENST00000366541	18	0		0		5	4,7,11,13,15
SDHA	ENST00000264932	15	0		0		1	1
SDHAF1	ENST00000378887	1	0		0		0	
SDHAF2	ENST00000301761	4	0		0		0	
SDHB	ENST00000375499	8	0		0		0	
SDHC	ENST00000367975	6	0		0		0	
SDHD	ENST00000375549	4	0		0		0	
SDK2	ENST00000392650	45	2	10,43	3	10,12,43	8	4,10,12,28-29,35,43,45
SDR9C7	ENST00000293502	4	0		1	1	1	1
SEC16B	ENST00000308284	25	1	3	4	2-3,10,24	7	2-3,7,10,19,23-24
SEC23A	ENST00000307712	19	0		0		0	
SEC23B	ENST00000650089	19	0		0		0	
SEC24C	ENST00000345254	22	1	5	2	4-5	4	4-6,21
SEC24D	ENST00000280551	22	1	23	4	3,12,15,23	9	3-4,10-12,15,20,22-23
SEC31A	ENST00000395310	26	0		0		7	2,9,17,22,24,26-27
SEC61A1	ENST00000243253	12	0		0		2	8,10
SEC61B	ENST00000223641	4	0		1	2	1	2
SEC63	ENST00000369002	21	0		0		0	
SECISBP2	ENST00000375807	17	0		0		1	1
SEL1L	ENST00000336735	21	0		1	6	4	4,6,17,19
SELENBP1	ENST00000368868	12	0		0		1	8
SELENOI	ENST00000260585	10	0		0		2	8-9
SELENON	ENST00000374315	12	1	1	1	1	1	1
SEMA3A	ENST00000265362	17	0		0		5	7,10-11,14,16
SEMA3D	ENST00000284136	17	0		1	19	6	4,9,12-13,18-19
SEMA3E	ENST00000643230	17	0		0		1	17
SEMA3F	ENST00000002829	18	0		0		2	16,19
SEMA4A	ENST00000368285	14	0		0		0	
SEMA5A	ENST00000382496	21	0		1	7	7	3,7,9,15-16,19-20
SEMA6B	ENST00000586582	16	1	17	2	2,17	6	2,4,10,14-15,17
SEMA6D	ENST00000536845	18	0		0		2	4,18
SEMA7A	ENST00000261918	14	1	1	1	1	1	1
SENP7	ENST00000394095	24	0		5	8-9,11,13-14	14	4,6-11,13-15,17-18,23-24
SEPHS1	ENST00000327347	8	1	4	1	4	1	4
SEPSECS	ENST00000382103	11	0		0		0	
SEPTIN12	ENST00000268231	9	0		0		0	
SEPTIN4	ENST00000672673	14	0		0		1	3
SEPTIN9	ENST00000329047	11	0		0		0	
SEPTIN9	ENST00000427177	12	0		0		2	1,3
SERAC1	ENST00000647468	16	0		0		4	4,7,15-16
SERPINA1	ENST00000393087	4	0		1	2	2	2,5
SERPINA11	ENST00000334708	4	1	2	1	2	4	2-5
SERPINA12	ENST00000677451	4	0		0		2	2,4
SERPINA3	ENST00000393078	4	0		0		0	
SERPINA6	ENST00000341584	4	0		0		0	
SERPINA7	ENST00000372563	4	0		0		1	2
SERPINB6	ENST00000380539	6	0		0		0	
SERPINB7	ENST00000398019	7	0		1	8	3	6-8
SERPINB8	ENST00000397985	6	0		0		3	5-7
SERPINC1	ENST00000367698	7	0		0		0	
SERPIND1	ENST00000215727	4	0		0		0	
SERPINE1	ENST00000223095	8	0		0		0	
SERPINF1	ENST00000254722	7	0		0		1	2
SERPINF2	ENST00000453066	9	0		0		1	10
SERPING1	ENST00000278407	7	0		0		0	
SERPINH1	ENST00000358171	4	0		0		0	
SERPINI1	ENST00000446050	8	0		0		0	
SET	ENST00000322030	8	0		1	1	1	1
SETBP1	ENST00000649279	5	0		1	6	1	6
SETD1A	ENST00000262519	18	0		1	13	1	13
SETD1B	ENST00000604567	16	0		1	7	5	4,6-8,12
SETD2	ENST00000409792	21	0		0		9	1,3-5,10,12,14-16
SETD5	ENST00000402198	21	1	3	3	3,6-7	11	3,6-7,11-12,15-17,19-20,23
SETD6	ENST00000219315	8	0		1	2	2	2,8
SETX	ENST00000224140	24	0		0		1	17
SEZ6	ENST00000317338	17	0		0		4	2,8,11,13
SF3B1	ENST00000335508	25	0		2	19,25	7	3,5,14,18-19,23,25
SF3B2	ENST00000322535	22	0		0		1	18
SF3B4	ENST00000271628	6	1	4	2	4,6	3	3-4,6
SFRP4	ENST00000436072	6	0		1	6	1	6
SFTPA1	ENST00000398636	4	0		0		0	
SFTPA2	ENST00000372325	4	0		0		0	
SFTPB	ENST00000519937	10	0		0		0	
SFTPC	ENST00000679463	5	0		0		0	
SFXN4	ENST00000355697	14	0		0		0	
SGCA	ENST00000262018	9	0		0		0	
SGCB	ENST00000381431	6	1	1	1	1	1	1
SGCD	ENST00000337851	8	0		0		2	4,9
SGCE	ENST00000648936	11	0		0		0	
SGCG	ENST00000218867	7	0		0		0	
SGK3	ENST00000521198	16	0		0		1	17
SGMS1	ENST00000361781	5	0		0		3	7,9,11
SGMS2	ENST00000690982	5	0		1	6	3	3-4,6
SGO1	ENST00000412997	7	0		3	3,6-7	3	3,6-7
SGO2	ENST00000357799	8	0		0		4	3,6-8
SGPL1	ENST00000373202	14	0		0		4	3,6-7,11
SGSH	ENST00000326317	8	0		0		0	
SGSM3	ENST00000248929	21	1	10	1	10	4	5,9-10,15
SH2B1	ENST00000684370	8	0		1	1	2	1,8
SH2B3	ENST00000341259	7	0		2	2,8	2	2,8
SH2D1A	ENST00000371139	4	0		0		0	
SH3BP2	ENST00000503393	12	0		0		0	
SH3GL1	ENST00000269886	10	0		0		0	
SH3KBP1	ENST00000397821	18	0		2	1,16	9	1-2,5,7-8,12,15-16,18
SH3PXD2B	ENST00000311601	13	0		0		1	1
SH3TC2	ENST00000515425	17	0		0		0	
SHANK1	ENST00000293441	23	1	23	2	11,23	7	2,7,11,17,19,21,23
SHANK2	ENST00000601538	24	2	9-10	2	9-10	3	9-10,12
SHANK3	NM_001372044.2	24	5	1-2,12-13,23	5	1-2,12-13,23	6	1-2,12-13,23-24
SHARPIN	ENST00000398712	8	1	1	1	1	2	1,3
SHH	ENST00000297261	3	0		1	3	1	3
SHMT2	ENST00000328923	12	0		0		1	8
SHOC1	ENST00000682961	27	0		3	13,17,20	15	3,5-6,8,12-14,17,20-23,25-27
SHOC2	ENST00000369452	8	0		0		0	
SHOX	ENST00000686671	5	0		1	5	1	5
SHOX2	ENST00000483851	5	0		0		1	1
SHPK	ENST00000225519	7	0		0		2	5,7
SHQ1	ENST00000325599	11	1	11	1	11	1	11
SHROOM3	ENST00000296043	11	0		0		2	5,7
SHROOM4	ENST00000376020	9	0		0		0	
SI	ENST00000264382	47	0		1	9	3	7,9,39
SIAE	ENST00000263593	10	0		0		0	
SIAH1	ENST00000394725	1	0		0		0	
SIGMAR1	ENST00000277010	4	0		0		0	
SIK1	ENST00000270162	13	1	13	6	3,6,8-9,13-14	7	2-3,6,8-9,13-14
SIK3	ENST00000445177	24	1	1	3	1-2,13	5	1-2,13,20,22
SIL1	ENST00000394817	9	0		0		0	
SIM1	ENST00000369208	11	1	11	2	11-12	4	2,10-12
SIN3A	ENST00000394947	20	0		1	2	5	2-3,14-15,17
SIN3B	ENST00000248054	19	1	1	1	1	3	1,9-10
SIPA1L3	ENST00000222345	20	0		3	5,15,19	7	5-6,9,11,15,19-20
SIRPG	ENST00000303415	5	0		1	2	2	2,4
SIRT1	ENST00000212015	9	1	1	2	1,8	4	1,7-9
SIX1	ENST00000645694	2	0		0		1	2
SIX2	ENST00000303077	2	0		0		1	1
SIX3	ENST00000260653	2	0		1	1	1	1
SIX5	ENST00000317578	3	1	1	1	1	2	1-2
SIX6	ENST00000327720	2	0		0		0	
SKI	ENST00000378536	7	0		1	1	1	1
SKIC2	ENST00000375394	28	15	1-2,6,8-9,11,13-15,18-19,22,24,27-28	28	1-28	28	1-28
SKIC3	ENST00000358746	40	0		0		0	
SKOR2	ENST00000425639	7	2	2,8	2	2,8	2	2,8
SLC10A1	ENST00000216540	5	1	1	1	1	2	1,4
SLC10A2	ENST00000245312	6	0		0		1	1
SLC10A7	ENST00000335472	12	0		0		2	3,8
SLC11A1	ENST00000233202	15	0		0		0	
SLC11A2	ENST00000262052	15	0		0		0	
SLC12A1	ENST00000380993	26	0		1	2	11	2-3,11,13,15-16,21-23,26-27
SLC12A2	ENST00000262461	27	1	1	3	1,17,25	7	1,6,12,17,20,22,25
SLC12A3	ENST00000563236	26	0		0		0	
SLC12A5	ENST00000243964	26	0		0		1	1
SLC12A6	ENST00000354181	25	0		0		0	
SLC12A9	ENST00000354161	13	0		0		3	2,5,14
SLC13A1	ENST00000194130	15	1	4	2	4,13	5	4,7,13-15
SLC13A3	ENST00000279027	13	0		0		2	2,5
SLC13A5	ENST00000433363	12	0		0		0	
SLC14A1	ENST00000321925	8	0		0		1	3
SLC16A1	ENST00000369626	4	0		0		1	4
SLC16A12	ENST00000371790	6	0		0		0	
SLC16A2	ENST00000587091	6	0		0		0	
SLC17A3	ENST00000397060	11	0		0		1	4
SLC17A5	ENST00000355773	11	0		0		0	
SLC17A8	ENST00000323346	12	0		0		0	
SLC17A9	ENST00000370351	13	1	10	1	10	1	10
SLC18A2	ENST00000644641	15	1	16	1	16	1	16
SLC18A3	ENST00000374115	1	1	1	1	1	1	1
SLC19A1	ENST00000311124	5	1	5	1	5	1	5
SLC19A2	ENST00000236137	6	0		0		0	
SLC19A3	ENST00000644224	5	0		0		1	6
SLC1A1	ENST00000262352	12	0		0		0	
SLC1A2	ENST00000278379	11	2	6,8	3	6,8,10	6	3-4,6-8,10
SLC1A3	ENST00000265113	9	0		0		0	
SLC1A4	ENST00000234256	8	1	1	1	1	2	1,6
SLC20A1	ENST00000272542	10	0		0		4	2,7-9
SLC20A2	ENST00000520262	10	0		0		2	2,8
SLC22A12	ENST00000377574	10	0		0		0	
SLC22A4	ENST00000200652	10	0		0		0	
SLC22A5	ENST00000245407	10	0		0		0	
SLC24A1	ENST00000261892	9	0		0		4	2,7,9-10
SLC24A4	ENST00000532405	17	0		0		0	
SLC24A5	ENST00000341459	9	0		1	9	4	5-7,9
SLC25A1	ENST00000215882	9	1	1	2	1-2	2	1-2
SLC25A10	ENST00000350690	11	1	1	1	1	1	1
SLC25A11	ENST00000225665	8	0		0		1	2
SLC25A12	ENST00000422440	18	0		0		1	7
SLC25A13	ENST00000265631	18	0		0		1	7
SLC25A15	ENST00000338625	6	0		0		0	
SLC25A19	ENST00000416858	6	0		0		0	
SLC25A20	ENST00000319017	9	0		0		0	
SLC25A21	ENST00000331299	10	0		0		3	6-8
SLC25A22	ENST00000628067	9	0		0		0	
SLC25A24	ENST00000565488	10	0		0		3	8-10
SLC25A26	ENST00000354883	10	1	7	1	7	2	2,7
SLC25A3	ENST00000228318	7	0		0		0	
SLC25A3	ENST00000552981	7	0		0		0	
SLC25A32	ENST00000297578	7	0		0		3	2,4,6
SLC25A36	ENST00000324194	7	0		1	6	4	3-4,6-7
SLC25A38	ENST00000650617	7	0		0		0	
SLC25A4	ENST00000281456	4	0		0		0	
SLC25A42	ENST00000318596	7	0		1	6	3	5-6,8
SLC25A46	ENST00000355943	8	0		1	8	2	5,8
SLC25A5	ENST00000317881	4	0		1	2	2	2,4
SLC26A1	ENST00000398516	2	0		1	2	1	2
SLC26A2	ENST00000286298	2	0		1	2	1	2
SLC26A3	ENST00000340010	20	0		0		0	
SLC26A4	ENST00000644269	20	0		0		0	
SLC26A5	ENST00000306312	18	0		0		0	
SLC26A6	ENST00000395550	21	0		0		0	
SLC26A7	ENST00000276609	18	0		1	2	5	2,4-5,7,12
SLC26A8	ENST00000490799	19	1	19	1	19	6	2,5-7,19-20
SLC26A9	ENST00000367135	20	0		2	4,17	3	4,17,19
SLC27A4	ENST00000300456	12	0		0		0	
SLC28A1	ENST00000394573	17	0		0		0	
SLC29A3	ENST00000373189	6	0		0		3	1-2,5
SLC2A1	ENST00000426263	10	0		0		0	
SLC2A10	ENST00000359271	5	0		0		0	
SLC2A2	ENST00000314251	11	0		0		0	
SLC2A3	ENST00000075120	10	0		0		2	5,7
SLC2A6	ENST00000371899	10	0		0		0	
SLC2A9	ENST00000264784	12	0		0		0	
SLC30A10	ENST00000366926	4	1	1	1	1	2	1,4
SLC30A2	ENST00000374276	8	0		0		1	4
SLC30A5	ENST00000396591	16	1	1	3	1,9,14	6	1-2,9-10,12,14
SLC30A7	ENST00000357650	11	0		0		1	5
SLC30A8	ENST00000456015	8	0		1	1	1	1
SLC30A9	ENST00000264451	18	0		0		7	2-5,9,14-15
SLC31A1	ENST00000374212	4	0		0		0	
SLC32A1	ENST00000217420	2	0		0		1	1
SLC33A1	ENST00000643144	6	0		1	1	1	1
SLC34A1	ENST00000324417	12	0		0		0	
SLC34A2	ENST00000382051	12	0		0		0	
SLC34A3	ENST00000673835	12	0		0		0	
SLC35A1	ENST00000369552	8	1	1	1	1	1	1
SLC35A2	ENST00000247138	5	0		1	4	1	4
SLC35A3	ENST00000533028	7	1	5	1	5	4	3-6
SLC35B2	ENST00000393812	4	1	1	1	1	1	1
SLC35C1	ENST00000314134	2	0		0		1	2
SLC35D1	ENST00000235345	12	0		0		0	
SLC35F1	ENST00000360388	8	0		1	1	3	1-2,5
SLC35F5	ENST00000245680	15	0		0		5	4,9,12-14
SLC35G2	ENST00000446465	1	0		0		0	
SLC36A2	ENST00000335244	10	0		0		0	
SLC37A3	ENST00000326232	14	1	6	1	6	1	6
SLC37A4	NM_001164277.2	9	0		0		1	9
SLC38A12	ENST00000335464	9	0		0		1	10
SLC38A3	ENST00000614032	15	0		0		0	
SLC38A8	ENST00000299709	10	0		0		1	4
SLC39A12	ENST00000377369	12	0		1	12	4	3,5,7,12
SLC39A13	ENST00000362021	9	0		0		0	
SLC39A14	ENST00000359741	8	0		0		0	
SLC39A14	ENST00000381237	8	1	4	1	4	1	4
SLC39A4	ENST00000301305	12	0		0		0	
SLC39A5	ENST00000454355	10	0		0		4	4,7,12-13
SLC39A7	ENST00000374677	7	6	1-2,4-7	7	1-7	7	1-7
SLC39A8	ENST00000356736	8	0		2	3,8	5	2-3,6,8-9
SLC3A1	ENST00000260649	10	0		0		0	
SLC40A1	ENST00000261024	8	0		0		1	7
SLC41A1	ENST00000367137	10	0		0		0	
SLC44A1	ENST00000374720	16	1	1	1	1	4	1,3,10-11
SLC44A4	ENST00000229729	21	11	1-2,4,6,8,10-14,19	21	1-21	21	1-21
SLC45A1	ENST00000471889	8	0		0		1	7
SLC45A2	ENST00000296589	7	0		2	3,6	2	3,6
SLC46A1	ENST00000612814	5	0		1	1	1	1
SLC49A4	ENST00000261038	9	2	1,7	4	1,3,7-8	5	1,3,5,7-8
SLC4A1	ENST00000262418	19	0		0		0	
SLC4A10	ENST00000446997	26	0		1	11	11	3,6,9-12,15,17,20,22,25
SLC4A11	ENST00000642402	20	0		0		0	
SLC4A2	ENST00000413384	22	1	23	2	4,23	5	4,6,8,17,23
SLC4A3	ENST00000358055	22	1	17	2	10,17	4	4,6,10,17
SLC4A4	ENST00000264485	24	0		0		0	
SLC4A4	ENST00000340595	22	0		0		0	
SLC4A7	ENST00000454389	26	0		4	1,7,16,19	14	1,3-9,13,15-17,19-20
SLC4A8	ENST00000453097	25	0		0		9	3,6,10,12,15-16,18,21-22
SLC51A	ENST00000296327	9	2	4,8	2	4,8	3	4-5,8
SLC51B	ENST00000334287	3	1	3	1	3	1	3
SLC52A1	ENST00000254853	4	0		0		0	
SLC52A2	ENST00000643944	4	0		0		0	
SLC52A3	ENST00000645534	4	0		0		0	
SLC5A1	ENST00000266088	15	0		0		0	
SLC5A2	ENST00000330498	14	0		0		0	
SLC5A5	ENST00000222248	15	0		0		0	
SLC5A6	ENST00000310574	15	0		0		1	17
SLC5A7	ENST00000264047	8	0		0		2	5,9
SLC66A1	ENST00000375153	7	2	4-5	2	4-5	2	4-5
SLC67A1	ENST00000649076	10	1	4	5	2-4,7,11	6	2-4,7,10-11
SLC6A1	ENST00000287766	14	0		0		1	15
SLC6A14	ENST00000598581	14	0		6	4-5,7,11,13-14	12	2-5,7-14
SLC6A17	ENST00000331565	11	1	12	1	12	3	4,8,12
SLC6A19	ENST00000304460	12	0		0		0	
SLC6A2	ENST00000568943	14	0		0		1	13
SLC6A20	ENST00000358525	11	0		0		0	
SLC6A3	ENST00000270349	14	1	11	1	11	2	5,11
SLC6A4	ENST00000650711	13	1	11	1	11	2	11,14
SLC6A5	ENST00000525748	16	0		0		0	
SLC6A6	ENST00000622186	13	0		0		2	3,8
SLC6A8	ENST00000253122	13	0		1	1	1	1
SLC6A9	ENST00000372310	13	1	4	1	4	3	4,11,14
SLC7A14	ENST00000231706	7	0		0		2	7-8
SLC7A3	ENST00000374299	11	0		3	2,9-10	5	2,4,9-11
SLC7A5	ENST00000261622	10	0		0		1	1
SLC7A6OS	ENST00000263997	5	0		1	2	1	2
SLC7A7	ENST00000674313	9	0		0		0	
SLC7A9	ENST00000023064	12	0		0		0	
SLC9A1	ENST00000263980	12	1	1	2	1,12	2	1,12
SLC9A3	ENST00000264938	17	1	1	3	1-2,17	4	1-2,16-17
SLC9A6	ENST00000630721	17	1	14	1	14	2	13-14
SLC9A7	ENST00000616978	17	1	1	1	1	11	1,3-7,11-12,15-17
SLC9A9	ENST00000316549	16	0		0		0	
SLC9D1	ENST00000434316	12	0		1	2	1	2
SLCO1B1	ENST00000256958	14	0		1	13	1	13
SLCO1B3	ENST00000381545	14	0		3	12-13,15	9	5-8,10,12-13,15-16
SLCO1C1	ENST00000266509	14	0		0		5	4,8,10,14-15
SLCO2A1	ENST00000310926	14	0		1	1	2	1,9
SLF2	ENST00000238961	20	0		1	6	8	3,5-6,8,11,13,16,19
SLFN14	ENST00000674182	4	0		0		3	3,5-6
SLIRP	ENST00000557342	4	0		0		1	3
SLIT2	ENST00000504154	37	1	12	1	12	12	9,12,16,18-21,26,29,32,34-35
SLIT3	ENST00000519560	36	1	8	3	1,8,34	6	1,8,12,20,34,36
SLITRK1	ENST00000674365	1	0		0		0	
SLITRK2	ENST00000335565	1	0		0		1	5
SLITRK3	ENST00000475390	1	0		0		0	
SLITRK6	ENST00000647374	1	0		0		0	
SLK	ENST00000369755	19	0		2	6,9	7	2,6,9-10,15-16,19
SLMAP	ENST00000671191	23	0		1	20	2	3,20
SLPI	ENST00000338380	4	0		0		0	
SLURP1	ENST00000246515	3	0		0		0	
SLX4	ENST00000294008	14	0		0		1	7
SMAD1	ENST00000302085	6	0		0		4	2,4,6-7
SMAD2	ENST00000262160	10	0		0		0	
SMAD3	ENST00000327367	9	0		0		0	
SMAD4	ENST00000342988	11	0		0		0	
SMAD6	ENST00000288840	4	1	1	2	1,4	2	1,4
SMAD7	ENST00000262158	4	0		1	1	3	1,3-4
SMAD9	ENST00000379826	6	0		0		1	4
SMARCA1	ENST00000371121	25	0		7	6,10,15-17,21,23	19	1,3-4,6-8,10-17,19-23
SMARCA2	ENST00000349721	33	2	5,8	3	5,8,24	5	5,8,14-15,24
SMARCA4	ENST00000344626	34	0		0		0	
SMARCA4	ENST00000646693	35	0		0		0	
SMARCA5	ENST00000283131	24	0		0		8	3,6,12,14,16,20-22
SMARCAD1	ENST00000354268	23	0		0		1	9
SMARCAL1	ENST00000357276	16	0		0		0	
SMARCB1	ENST00000644036	9	0		0		0	
SMARCC1	ENST00000254480	28	0		0		2	20,27
SMARCC2	ENST00000550164	29	1	27	1	27	2	21,27
SMARCD1	ENST00000394963	13	1	1	2	1-2	2	1-2
SMARCD2	ENST00000448276	13	1	1	1	1	1	1
SMARCE1	ENST00000348513	10	0		0		1	8
SMC1A	ENST00000322213	25	0		0		0	
SMC1B	ENST00000357450	25	0		1	22	8	2,6,8-9,11,13,19,22
SMC3	ENST00000361804	29	0		0		0	
SMC5	ENST00000361138	25	0		0		14	2,4,7-10,13-15,17-18,21,23,25
SMCHD1	ENST00000320876	48	1	3	3	3,13,37	24	1,3,10,12-16,19-20,24-25,28-30,32,35,37,39,41,43-46
SMDT1	ENST00000331479	2	0		2	1-2	2	1-2
SMG8	ENST00000300917	4	0		0		1	3
SMG9	ENST00000270066	13	0		0		0	
SMIM1	ENST00000642557	2	0		0		0	
SMN1	ENST00000380707	8	1	4	2	4,8	5	2,4-5,7-8
SMN2	ENST00000380743	8	1	4	1	4	6	2-5,7-8
SMO	ENST00000249373	12	1	1	1	1	1	1
SMOC1	ENST00000361956	12	0		0		0	
SMOC2	ENST00000356284	13	0		0		1	2
SMPD1	ENST00000342245	6	0		0		0	
SMPD4	ENST00000680298	19	0		0		2	8,20
SMPDL3A	ENST00000368440	8	0		1	8	5	2-3,5-6,8
SMPX	ENST00000379494	3	0		0		0	
SMS	ENST00000404933	11	0		0		1	1
SMURF2	ENST00000262435	19	2	1,15	2	1,15	5	1,3,11,14-15
SMYD1	ENST00000419482	10	0		0		3	3-4,6
SNAI1	ENST00000244050	3	0		0		1	2
SNAI2	ENST00000020945	3	0		0		0	
SNAP25	ENST00000254976	7	0		0		0	
SNAP29	ENST00000215730	5	0		0		0	
SNAPC4	ENST00000684778	22	0		1	22	2	16,22
SNAPIN	ENST00000368685	4	0		0		1	1
SNCA	ENST00000394991	5	0		0		0	
SNCB	ENST00000393693	5	0		0		0	
SNF8	ENST00000502492	8	0		0		0	
SNIP1	ENST00000296215	4	0		1	1	3	1,3-4
SNRNP200	ENST00000323853	45	0		0		0	
SNRPA	ENST00000243563	6	0		0		1	4
SNRPB	ENST00000381342	7	1	6	3	4-6	3	4-6
SNRPE	ENST00000414487	5	0		0		0	
SNRPN	ENST00000390687	7	0		1	8	1	8
SNTA1	ENST00000217381	8	1	1	1	1	1	1
SNUPN	ENST00000308588	8	1	9	1	9	1	9
SNX10	ENST00000338523	6	0		0		2	3,6
SNX14	ENST00000314673	29	0		0		5	2,14,17,24-25
SNX27	ENST00000458013	12	0		1	1	2	1,3
SNX3	ENST00000230085	4	1	1	1	1	1	1
SOBP	ENST00000317357	6	1	6	1	6	1	6
SOCS1	ENST00000332029	1	1	2	1	2	1	2
SOCS4	ENST00000555846	1	0		0		1	3
SOD1	ENST00000270142	5	0		0		0	
SOD2	ENST00000538183	5	0		0		1	5
SOD3	ENST00000382120	1	0		1	2	1	2
SOHLH1	ENST00000425225	8	0		0		0	
SOHLH2	ENST00000379881	11	1	6	1	6	4	4,6-7,10
SON	ENST00000356577	12	0		0		3	5-7
SORBS2	ENST00000695409	24	0		1	12	4	12,14,17,19
SORCS3	ENST00000369701	27	1	24	2	1,24	4	1,9,24-25
SORD	ENST00000267814	9	1	8	1	8	2	1,8
SORL1	ENST00000260197	48	0		1	25	12	1,6,8-9,13,21-22,25,41,43-44,46
SORT1	ENST00000256637	20	2	1,3	2	1,3	6	1,3,5,13-15
SOS1	ENST00000402219	23	0		0		0	
SOS2	ENST00000216373	23	1	23	3	16,18,23	11	2,4,7,9-10,14-16,18,20,23
SOST	ENST00000301691	2	0		0		0	
SOX10	ENST00000396884	3	0		1	2	1	2
SOX11	ENST00000322002	1	0		1	1	1	1
SOX12	ENST00000342665	1	1	1	1	1	1	1
SOX17	ENST00000297316	2	0		0		0	
SOX18	ENST00000340356	2	2	1-2	2	1-2	2	1-2
SOX2	ENST00000325404	1	0		0		0	
SOX3	ENST00000370536	1	1	1	1	1	1	1
SOX4	ENST00000244745	1	1	1	1	1	1	1
SOX5	ENST00000451604	15	0		0		4	4,10,13,15
SOX6	ENST00000683767	15	0		1	14	1	14
SOX7	ENST00000304501	2	0		0		1	1
SOX8	ENST00000293894	3	1	1	1	1	1	1
SOX9	ENST00000245479	3	1	3	1	3	1	3
SP110	ENST00000258381	18	0		0		0	
SP6	ENST00000536300	1	0		0		1	2
SP7	ENST00000536324	2	0		0		0	
SP9	ENST00000394967	2	1	2	1	2	1	2
SPACA1	ENST00000237201	7	0		1	5	3	4-5,7
SPAG1	ENST00000388798	18	1	11	2	10-11	8	6,8,10-11,13,15,18-19
SPAG17	ENST00000336338	48	0		5	11,21,25,27,32	20	2-3,5,7,10-11,18,21,25,27-28,30,32-36,44-45,48
SPAG7	ENST00000206020	7	0		1	4	1	4
SPAG9	ENST00000262013	30	0		1	7	7	1,5,7,10,15,23,25
SPARC	ENST00000231061	9	0		0		0	
SPARCL1	ENST00000282470	10	1	4	2	4,9	3	4,9-10
SPART	ENST00000438666	8	0		0		0	
SPAST	ENST00000315285	17	0		0		1	1
SPATA13	ENST00000382108	12	0		1	3	2	3,8
SPATA16	ENST00000351008	10	0		0		0	
SPATA22	ENST00000572969	8	0		2	6,9	3	6,8-9
SPATA3	ENST00000433428	3	0		0		0	
SPATA7	ENST00000393545	12	0		0		0	
SPATC1L	ENST00000291672	4	2	3,5	3	2-3,5	3	2-3,5
SPDL1	ENST00000265295	11	0		2	10,12	7	2-5,10-12
SPECC1L	ENST00000314328	15	0		0		1	5
SPEF2	ENST00000356031	37	1	2	6	2,4,8,24,26,29	18	2-4,7-9,11-12,15-16,21,24-26,29-30,32,35
SPEG	ENST00000312358	41	0		4	1,4-5,16	9	1,3-6,16,30,33,40
SPEN	ENST00000375759	15	0		0		3	2-4
SPG11	ENST00000261866	40	0		0		2	3,14
SPG21	ENST00000204566	8	0		0		0	
SPG7	ENST00000645818	17	0		0		1	1
SPI1	ENST00000378538	5	0		0		1	5
SPIDR	ENST00000297423	20	1	1	1	1	5	1-2,5-6,9
SPIN4	ENST00000374884	1	0		0		1	1
SPINK1	ENST00000296695	4	0		0		0	
SPINK2	ENST00000506738	4	0		0		0	
SPINK5	ENST00000256084	33	0		0		0	
SPINT2	ENST00000301244	7	0		0		0	
SPNS2	ENST00000329078	12	1	1	2	1,10	2	1,10
SPOP	ENST00000504102	9	0		0		0	
SPOUT1	ENST00000361256	12	0		0		0	
SPP1	ENST00000395080	6	0		1	7	2	6-7
SPP2	ENST00000168148	7	0		0		0	
SPPL2A	ENST00000261854	15	0		0		4	3-4,6,14
SPR	ENST00000234454	3	0		0		1	1
SPRED1	ENST00000299084	7	0		0		0	
SPRED2	ENST00000356388	6	0		0		0	
SPRTN	ENST00000295050	5	0		0		3	3-5
SPRY1	ENST00000651917	1	0		0		1	3
SPRY2	ENST00000377104	1	0		0		0	
SPRY4	ENST00000434127	1	0		0		0	
SPTA1	ENST00000643759	52	0		0		0	
SPTAN1	ENST00000372739	56	0		0		0	
SPTB	ENST00000644917	35	0		0		0	
SPTBN1	ENST00000356805	35	1	23	2	14,23	6	9,14,19-20,23,26
SPTBN2	ENST00000533211	36	0		0		0	
SPTBN4	ENST00000598249	35	2	19,35	8	12,14,16,19,23-24,33,35	9	12,14,16,19,23-24,31,33,35
SPTBN5	ENST00000320955	67	2	47-48	3	12,47-48	4	12,47-48,63
SPTLC1	ENST00000262554	15	0		0		0	
SPTLC2	ENST00000216484	12	0		0		1	1
SPTSSA	ENST00000298130	2	0		0		0	
SQOR	ENST00000260324	9	0		0		2	7,9
SQSTM1	ENST00000389805	8	0		1	1	1	1
SRA1	ENST00000336283	5	0		0		1	3
SRC	ENST00000373578	11	1	4	1	4	1	4
SRCAP	ENST00000262518	32	0		5	3,8,11,20,29	9	3-4,8,11,18,20,22,29,34
SRD5A2	ENST00000622030	5	0		0		1	1
SRD5A3	ENST00000264228	5	0		0		1	1
SREBF1	ENST00000261646	19	0		0		0	
SREBF2	ENST00000361204	19	0		0		0	
SRF	ENST00000265354	7	1	1	1	1	2	1,5
SRGAP1	ENST00000355086	22	0		1	12	9	2-3,6,12,15,17,19,21-22
SRP19	ENST00000505459	5	0		0		0	
SRP54	ENST00000216774	15	0		1	9	3	8-9,14
SRP68	ENST00000307877	16	0		0		0	
SRP72	ENST00000642900	19	0		0		3	4,7,18
SRPK3	ENST00000370101	15	0		2	1,8	5	1,7-8,10,14
SRPRA	ENST00000332118	14	0		0		0	
SRPX2	ENST00000373004	10	0		0		0	
SRRM2	ENST00000301740	14	0		2	11-12	3	3,11-12
SRSF1	ENST00000258962	4	0		0		0	
SRY	ENST00000383070	1	1	1	1	1	1	1
SS18	ENST00000415083	11	0		1	4	4	4,6-7,10
SS18L1	ENST00000331758	11	0		0		1	1
SSBP1	ENST00000265304	6	0		3	4-6	5	2-6
SSR3	ENST00000265044	5	0		0		2	2,4
SSR4	ENST00000370086	6	0		0		0	
SSTR5	ENST00000689027	1	0		0		0	
SSUH2	ENST00000544814	12	0		0		2	4,12
SSX1	ENST00000376919	6	0		0		3	3,5-6
SSX2	ENST00000337502	6	0		0		0	
ST14	ENST00000278742	19	0		1	5	2	1,5
ST3GAL3	ENST00000347631	11	0		0		0	
ST3GAL5	ENST00000638572	7	1	1	1	1	1	1
ST7	ENST00000323984	16	1	10	1	10	5	1,5,10,13,16
ST8SIA2	ENST00000268164	6	0		0		1	4
STAB1	ENST00000321725	69	0		1	1	4	1,34,39,43
STAC3	ENST00000332782	11	0		1	3	1	3
STAG1	ENST00000383202	33	1	32	2	30,32	12	4-5,8,10,14-15,24-27,30,32
STAG2	ENST00000371145	33	0		8	8-9,15,25-26,29-31	32	3-33,35
STAG3	ENST00000615138	33	0		0		4	2,8,28,30
STAMBP	ENST00000394070	9	0		0		1	5
STAR	ENST00000276449	7	0		0		0	
STARD7	ENST00000337288	8	1	1	1	1	2	1,8
STAT1	ENST00000361099	23	0		0		0	
STAT2	ENST00000314128	23	0		0		1	24
STAT3	ENST00000264657	23	0		0		0	
STAT4	ENST00000392320	23	2	15,21	2	15,21	5	3-4,9,15,21
STAT5B	ENST00000293328	18	0		0		0	
STAT6	ENST00000300134	21	0		1	20	2	20,22
STEAP3	ENST00000393110	5	1	3	1	3	2	3-4
STEEP1	ENST00000644802	7	1	5	1	5	3	2,4-5
STIL	ENST00000371877	16	0		0		0	
STIM1	ENST00000526596	13	0		0		0	
STING1	ENST00000330794	6	0		1	3	2	3-4
STK11	ENST00000326873	9	0		0		2	6,8
STK33	ENST00000687296	12	0		0		0	
STK36	ENST00000295709	26	0		1	8	4	3,5,8,17
STK4	ENST00000372806	11	0		0		4	5-6,9-10
STKLD1	ENST00000371957	18	1	15	1	15	1	15
STN1	ENST00000224950	9	0		0		2	7-8
STOX1	ENST00000298596	4	1	1	1	1	1	1
STRA6	ENST00000395105	18	0		0		0	
STRA8	ENST00000662584	8	0		1	5	1	5
STRADA	ENST00000336174	12	0		1	11	1	11
STRC	ENST00000450892	29	0		0		0	
STS	ENST00000674429	9	0		0		0	
STT3A	ENST00000392708	17	0		0		4	4,10,13,16
STT3B	ENST00000295770	16	1	1	3	1,11,13	10	1-3,5-7,9,11-13
STUB1	ENST00000219548	7	0		1	1	2	1,5
STX11	ENST00000367568	1	0		0		0	
STX16	ENST00000371141	9	0		0		0	
STX1A	ENST00000222812	10	1	1	1	1	1	1
STX1B	ENST00000215095	10	0		0		0	
STX2	ENST00000392373	10	1	1	1	1	1	1
STX3	ENST00000337979	10	1	2	1	2	1	2
STX4	ENST00000313843	10	0		1	5	2	1,5
STX5	ENST00000294179	10	0		0		0	
STXBP1	ENST00000373299	19	0		0		0	
STXBP1	ENST00000373302	19	0		0		0	
STXBP2	ENST00000221283	19	1	1	1	1	1	1
STXBP3	ENST00000370008	19	0		0		3	4,7,14
SUCLA2	ENST00000646932	11	0		0		0	
SUCLG1	ENST00000393868	9	0		0		0	
SUCO	ENST00000263688	24	1	22	3	4,22,24	10	3-7,18,21-24
SUFU	ENST00000369902	12	0		0		0	
SUGCT	ENST00000335693	14	0		1	8	4	5,8,11,14
SULT2B1	ENST00000201586	7	0		0		0	
SUMF1	ENST00000272902	9	0		0		0	
SUMO1	ENST00000392246	5	0		0		0	
SUMO4	ENST00000326669	1	0		0		0	
SUN1	ENST00000401592	19	0		1	2	2	2,14
SUN5	ENST00000356173	13	0		1	12	2	5,12
SUOX	ENST00000266971	3	0		0		0	
SUPT16H	ENST00000216297	26	1	6	1	6	6	5-7,12,14,22
SUPT7L	ENST00000337768	5	0		0		3	3-5
SURF1	ENST00000371974	9	1	1	1	1	1	1
SUZ12	ENST00000322652	16	0		2	1,16	5	1,7,10,12,16
SV2A	ENST00000369146	12	0		0		1	13
SVBP	ENST00000372521	2	1	2	1	2	1	2
SVIL	ENST00000355867	35	0		0		6	8-9,13,15,17,31
SYCE1	ENST00000343131	13	0		0		0	
SYCP2	ENST00000357552	43	0		1	24	11	11,14,16,18-20,23-24,31,33,36
SYCP2L	ENST00000283141	29	0		0		3	10,15,24
SYCP3	ENST00000392924	8	0		0		0	
SYDE2	ENST00000341460	7	1	1	2	1-2	4	1-3,6
SYK	ENST00000375754	13	1	12	1	12	4	2,9,11-12
SYN1	ENST00000295987	13	1	12	1	12	1	12
SYN2	ENST00000621198	13	1	1	1	1	1	1
SYNCRIP	ENST00000369622	10	0		1	11	3	2,6,11
SYNE1	ENST00000354674	18	0		0		1	1
SYNE1	ENST00000367255	144	0		0		2	30,136
SYNE2	ENST00000555002	115	0		0		1	84
SYNE4	ENST00000324444	8	0		0		1	2
SYNGAP1	ENST00000646630	19	1	15	2	10,15	4	1,10,15,17
SYNGR1	ENST00000328933	4	0		1	1	1	1
SYNJ1	ENST00000674351	31	1	32	1	32	12	3-6,14,17-19,23,25,31-32
SYNPO	ENST00000307662	2	1	3	1	3	1	3
SYP	ENST00000263233	6	0		0		0	
SYT1	ENST00000261205	8	0		1	7	3	4-5,7
SYT14	ENST00000367019	9	0		0		0	
SYT2	ENST00000367268	8	0		0		0	
SYTL4	ENST00000372989	16	0		3	7,14,19	7	5,7-8,12,14,16,19
SZT2	ENST00000634258	72	0		2	15,60	6	15-16,28,38,59-60
TAB2	ENST00000637181	6	0		0		0	
TAC3	ENST00000458521	5	0		0		0	
TACO1	ENST00000258975	5	0		0		0	
TACR3	ENST00000304883	5	0		0		0	
TACSTD2	ENST00000371225	1	0		1	1	1	1
TAF1	ENST00000423759	38	0		2	9,19	15	4,6,9-14,16,19,21,28,32,35-36
TAF13	ENST00000338366	4	0		0		1	4
TAF15	ENST00000605844	16	0		0		4	2-3,9-10
TAF1A	ENST00000352967	10	0		0		4	5-7,11
TAF1C	ENST00000566732	14	0		1	3	2	3,12
TAF2	ENST00000378164	26	0		0		0	
TAF4	ENST00000252996	15	1	1	5	1,8,10,14-15	8	1,7-8,10-12,14-15
TAF4B	ENST00000269142	15	0		1	1	6	1-2,5,7,9,15
TAF6	ENST00000453269	14	0		1	5	1	5
TAF8	ENST00000372977	9	0		0		0	
TAFAZZIN	ENST00000601016	11	0		0		0	
TAL1	ENST00000691006	3	1	3	1	3	2	3,5
TAL2	ENST00000334077	1	0		1	1	1	1
TALDO1	ENST00000319006	8	0		0		0	
TAMM41	ENST00000455809	8	0		3	2,4,7	6	1-5,7
TANC2	ENST00000689528	27	1	5	3	4-5,14	10	4-5,7-10,13-14,16-17
TANGO2	ENST00000327374	8	0		0		1	3
TAOK1	ENST00000261716	19	0		0		7	6,9,11-12,15,19-20
TAOK2	ENST00000308893	15	0		1	16	1	16
TAP1	ENST00000354258	11	2	1,6	11	1-11	11	1-11
TAP2	ENST00000374897	11	4	2-3,10,12	11	2-12	11	2-12
TAPBP	ENST00000434618	8	4	3-5,8	8	1-8	8	1-8
TAPT1	ENST00000405303	14	1	1	1	1	5	1-2,4-5,9
TARDBP	ENST00000240185	5	0		1	6	1	6
TARS1	ENST00000265112	19	1	15	1	15	6	3,9,11,13,15,18
TARS2	ENST00000369064	18	0		0		3	2-3,11
TAS2R16	ENST00000249284	1	0		0		1	1
TAS2R38	ENST00000547270	1	0		0		1	1
TASP1	ENST00000337743	13	0		1	2	2	2,5
TAT	ENST00000355962	11	0		0		0	
TBC1D1	ENST00000698857	21	0		0		5	2-3,6,11,21
TBC1D20	ENST00000354200	8	1	1	1	1	1	1
TBC1D23	ENST00000394144	19	0		2	5,18	5	3,5-6,9,18
TBC1D24	ENST00000646147	7	0		0		0	
TBC1D2B	ENST00000300584	13	1	1	3	1,6,9	5	1,3-4,6,9
TBC1D31	ENST00000287380	22	0		2	8,13	9	4-5,8,11-14,17,19
TBC1D32	ENST00000398212	32	0		4	1,18,21,30	13	1-3,7,9-10,14,16,18,20-21,30-31
TBC1D4	ENST00000377636	21	0		0		0	
TBC1D7	ENST00000379300	7	0		0		2	4,8
TBC1D8B	ENST00000357242	21	1	5	11	2-6,8-9,12,14,16,21	16	2-10,12-17,21
TBCB	ENST00000221855	6	0		1	6	1	6
TBCCD1	ENST00000338733	6	0		0		2	2-3
TBCD	ENST00000355528	39	3	1,36,38	3	1,36,38	9	1,26,28-29,31,34-36,38
TBCE	ENST00000642610	16	0		0		0	
TBCK	ENST00000394708	25	0		0		8	2,4,10-12,14,22,26
TBK1	ENST00000331710	20	0		3	5,8,11	6	3,5-6,8-9,11
TBL1X	ENST00000645353	15	0		1	9	4	7-9,16
TBL1XR1	ENST00000457928	14	0		0		5	4-5,11,13-14
TBL1Y	ENST00000383032	14	14	6-19	14	6-19	14	6-19
TBP	ENST00000392092	7	0		1	6	1	6
TBR1	ENST00000389554	6	1	6	1	6	2	1,6
TBX1	ENST00000649276	7	2	1,7	3	1,6-7	3	1,6-7
TBX15	ENST00000369429	8	0		0		0	
TBX18	ENST00000369663	8	0		2	4,8	3	4-5,8
TBX19	ENST00000367821	8	0		0		0	
TBX2	ENST00000240328	7	2	1,6	4	1,5-7	5	1-2,5-7
TBX20	ENST00000408931	8	0		0		1	5
TBX21	ENST00000177694	6	1	1	1	1	2	1,6
TBX22	ENST00000373296	8	0		3	7-9	6	3,5-9
TBX3	ENST00000349155	7	0		0		0	
TBX4	ENST00000644296	8	0		1	2	1	2
TBX5	ENST00000405440	8	0		0		0	
TBX6	ENST00000395224	8	0		0		0	
TBXA2R	ENST00000375190	2	0		0		0	
TBXAS1	ENST00000448866	13	0		0		0	
TBXT	ENST00000366876	8	0		0		0	
TCAP	ENST00000309889	2	0		0		0	
TCEAL1	ENST00000372625	1	0		1	3	1	3
TCEANC	ENST00000696128	1	0		1	5	1	5
TCF12	ENST00000333725	19	1	11	2	6,11	5	3,6,11,17-18
TCF20	ENST00000677622	4	0		3	2-3,5	4	2-5
TCF3	ENST00000262965	18	0		0		1	18
TCF3	ENST00000588136	18	1	17	2	9,17	3	9,13,17
TCF4	ENST00000354452	18	0		0		0	
TCF7L1	ENST00000282111	12	2	1,12	2	1,12	4	1,6,8,12
TCF7L2	ENST00000355995	15	0		1	15	3	3,10,15
TCHH	ENST00000614923	2	0		0		1	2
TCIRG1	ENST00000265686	19	0		0		1	4
TCL1A	ENST00000402399	3	0		0		1	2
TCL1B	ENST00000340722	3	0		0		1	1
TCN1	ENST00000257264	9	0		0		0	
TCN2	ENST00000215838	9	0		0		0	
TCOF1	ENST00000643257	26	0		0		0	
TCP1	ENST00000321394	12	0		0		4	8,10-12
TCTN1	ENST00000397659	14	0		0		0	
TCTN2	ENST00000303372	18	0		0		2	6,13
TCTN3	ENST00000371217	14	0		0		2	10,14
TDO2	ENST00000536354	12	1	9	8	2,5-9,11-12	11	2-12
TDP1	ENST00000335725	15	1	11	1	11	2	3,11
TDP2	ENST00000378198	7	0		1	7	4	3-5,7
TDRD6	ENST00000316081	4	0		0		1	3
TDRD7	ENST00000355295	16	0		0		0	
TDRD9	ENST00000409874	36	4	1,3,10,15	5	1,3,10,15,24	8	1,3,10,13,15,23-24,33
TEAD1	ENST00000527636	11	0		0		0	
TECPR2	ENST00000359520	19	0		1	13	6	2,6,8,12-13,16
TECR	ENST00000215567	13	0		0		0	
TECRL	ENST00000381210	12	1	12	2	1,12	5	1,4,6-7,12
TECTA	ENST00000392793	23	0		0		2	8,10
TEDC1	ENST00000392523	9	1	1	1	1	1	1
TEFM	ENST00000581216	4	0		1	4	2	2,4
TEK	ENST00000380036	23	0		0		0	
TEKT3	ENST00000395930	7	0		0		1	3
TELO2	ENST00000262319	20	0		0		1	3
TENM1	ENST00000422452	32	0		15	5,13,15,18,21-23,25-28,31-32,34-35	28	4-5,7-18,20-23,25-29,31-35
TENM3	ENST00000511685	27	1	6	3	3,6,25	14	3,5-6,10,16-18,20-23,25-26,28
TENM4	ENST00000278550	30	1	6	4	6,10,15,28	9	6,9-10,12,15,21,28,31,34
TENT5A	ENST00000320172	2	0		0		2	2-3
TEP1	ENST00000262715	54	4	2,23,52,55	6	2,5,19,23,52,55	8	2,5,14,19,23,31,52,55
TERB1	ENST00000433154	17	0		0		4	5,10-11,17
TERB2	ENST00000340827	7	0		0		0	
TERT	ENST00000310581	16	1	1	1	1	1	1
TET2	ENST00000380013	9	0		0		2	9-10
TET3	ENST00000409262	11	2	2,12	3	2,4,12	4	2,4,10,12
TEX11	ENST00000374333	29	0		3	16,18,26	15	3,6-7,10-13,16-18,26-30
TEX14	ENST00000349033	31	0		0		8	2,10-14,18,30
TEX15	ENST00000643185	9	0		1	10	6	3-7,10
TF	ENST00000402696	17	0		0		0	
TFAM	ENST00000487519	7	0		0		0	
TFAP2A	ENST00000379613	7	0		0		0	
TFAP2B	ENST00000393655	7	0		0		0	
TFAP2E	ENST00000373235	7	1	2	1	2	2	1-2
TFE3	ENST00000315869	10	0		2	1,3	4	1,3,9-10
TFG	ENST00000240851	7	0		1	2	4	2,4-5,8
TFR2	ENST00000223051	18	0		0		1	18
TFRC	ENST00000360110	18	0		0		1	4
TG	ENST00000220616	48	0		0		2	4,9
TGDS	ENST00000261296	12	0		0		2	2,6
TGFA	ENST00000295400	6	1	1	1	1	1	1
TGFB1	ENST00000221930	7	0		1	1	1	1
TGFB2	ENST00000366930	7	0		0		3	2,5-6
TGFB3	ENST00000238682	7	0		0		0	
TGFBI	ENST00000442011	17	0		0		2	11,14
TGFBR1	ENST00000374994	9	1	1	1	1	1	1
TGFBR2	ENST00000295754	7	0		0		1	4
TGIF1	ENST00000343820	3	0		0		0	
TGM1	ENST00000206765	14	0		0		0	
TGM2	ENST00000361475	13	0		0		1	10
TGM3	ENST00000381458	13	0		1	10	1	10
TGM5	ENST00000220420	13	0		0		0	
TGM6	ENST00000202625	13	0		0		0	
TH	ENST00000352909	13	0		0		0	
THAP1	ENST00000254250	3	0		0		0	
THAP11	ENST00000303596	1	0		0		0	
THAP12	ENST00000260045	5	0		0		3	1,3,5
THBD	ENST00000377103	1	0		0		0	
THBS1	ENST00000260356	21	0		1	10	2	3,10
THBS2	ENST00000617924	21	0		1	13	3	10,12-13
THG1L	ENST00000231198	6	0		0		0	
THOC1	ENST00000261600	21	1	1	1	1	3	1,5,21
THOC2	ENST00000245838	38	3	6,14,17	18	3,6,8,11-12,14-15,17,19-23,25,27,29,31,34	31	2-12,14-15,17-34
THOC6	ENST00000326266	13	0		0		0	
THPO	ENST00000647395	5	0		0		0	
THRA	ENST00000450525	8	0		0		0	
THRB	ENST00000646209	8	0		0		0	
THSD1	ENST00000258613	4	0		1	3	2	3-4
THSD4	ENST00000261862	17	1	4	1	4	3	4-5,16
THUMPD1	ENST00000396083	4	0		0		2	3-4
TIA1	ENST00000433529	13	0		0		3	1,9,12
TIAM1	ENST00000541036	25	0		0		3	8,15,28
TICAM1	ENST00000248244	1	0		0		1	2
TIE1	ENST00000372476	23	1	12	7	2-3,5,11-13,16	8	2-3,5,11-14,16
TIMELESS	ENST00000553532	28	0		0		1	9
TIMM22	ENST00000327158	4	2	2-3	3	1-3	4	1-4
TIMM44	ENST00000270538	13	0		0		0	
TIMM50	ENST00000607714	11	1	7	1	7	1	7
TIMM8A	ENST00000372902	2	0		0		0	
TIMMDC1	ENST00000494664	7	0		0		1	7
TIMP3	ENST00000266085	5	0		0		0	
TINF2	ENST00000267415	9	0		0		0	
TIRAP	ENST00000392679	3	0		0		0	
TJP1	ENST00000614355	28	3	4,18,23	19	1,4-9,12-14,17-21,23-26	27	1-9,11-28
TJP2	ENST00000377245	23	0		0		1	17
TK2	ENST00000544898	10	1	1	1	1	1	1
TKFC	ENST00000394900	17	0		0		1	5
TKT	ENST00000462138	14	0		0		2	1,10
TLCD3B	ENST00000380495	5	0		0		1	5
TLE1	ENST00000376499	20	0		2	13-14	3	13-15
TLE6	ENST00000246112	16	0		0		0	
TLK2	ENST00000346027	21	0		0		3	11,18,20
TLL1	ENST00000061240	21	0		0		1	19
TLN1	ENST00000314888	56	2	25,51	3	13,25,51	4	13,22,25,51
TLN2	ENST00000636159	56	0		1	48	4	6,18,36,48
TLR1	ENST00000308979	1	0		0		0	
TLR2	ENST00000642700	1	0		0		1	3
TLR3	ENST00000296795	4	0		0		0	
TLR4	ENST00000355622	3	0		0		1	3
TLR5	ENST00000642603	1	0		0		0	
TLR7	ENST00000380659	2	0		0		1	3
TLR8	ENST00000218032	2	0		0		2	1-2
TM2D3	ENST00000333202	6	0		0		0	
TM4SF20	ENST00000304568	4	0		1	4	2	1,4
TM9SF4	ENST00000398022	18	0		0		0	
TMC1	ENST00000297784	20	0		0		0	
TMC6	ENST00000590602	19	0		0		0	
TMC8	ENST00000318430	15	0		0		1	16
TMCO1	ENST00000367881	7	0		0		0	
TMED7	ENST00000456936	3	0		2	1-2	2	1-2
TMEFF1	ENST00000374879	10	0		1	6	3	1,6,9
TMEM106B	ENST00000396668	7	0		0		2	5,8
TMEM107	ENST00000437139	5	0		0		0	
TMEM126A	ENST00000304511	4	0		0		0	
TMEM126B	ENST00000358867	5	0		1	5	2	1,5
TMEM127	ENST00000258439	3	0		1	2	1	2
TMEM132D	ENST00000422113	9	0		0		3	6-7,9
TMEM132E	ENST00000631683	9	1	2	1	2	3	2,8-9
TMEM135	ENST00000305494	15	0		0		0	
TMEM138	ENST00000278826	4	0		0		0	
TMEM147	ENST00000222284	7	0		0		0	
TMEM151A	ENST00000327259	2	0		0		1	2
TMEM161B	ENST00000296595	12	1	1	2	1,12	7	1-3,5,9-10,12
TMEM163	ENST00000281924	8	1	1	1	1	1	1
TMEM165	ENST00000381334	6	0		1	1	3	1,3-4
TMEM167A	ENST00000502346	4	0		0		0	
TMEM216	ENST00000515837	5	0		1	5	1	5
TMEM218	ENST00000682305	3	0		1	3	1	3
TMEM222	ENST00000374076	6	1	5	2	1,5	2	1,5
TMEM230	ENST00000202834	3	0		0		0	
TMEM231	ENST00000258173	7	0		0		1	1
TMEM237	ENST00000409883	13	1	11	1	11	2	9,11
TMEM240	ENST00000378733	4	1	1	1	1	1	1
TMEM260	ENST00000261556	16	1	1	1	1	7	1,3,5,10-11,13,16
TMEM38B	ENST00000374692	6	0		0		2	3,6
TMEM43	ENST00000306077	12	0		0		0	
TMEM45A	ENST00000323523	5	0		0		2	2,5
TMEM53	ENST00000372237	3	0		0		0	
TMEM63A	ENST00000366835	22	0		0		0	
TMEM63B	ENST00000323267	23	0		0		1	21
TMEM63C	ENST00000298351	22	0		0		2	3,24
TMEM65	ENST00000297632	7	1	1	1	1	1	1
TMEM67	ENST00000453321	28	0		0		0	
TMEM70	ENST00000312184	3	0		0		0	
TMEM92	ENST00000507382	5	0		0		0	
TMEM94	ENST00000314256	31	0		1	12	7	4,6-7,12,20,29-30
TMEM98	ENST00000579849	6	0		0		0	
TMIE	ENST00000643606	4	0		1	1	1	1
TMLHE	ENST00000334398	7	0		3	3-4,6	5	2-6
TMOD1	ENST00000259365	9	0		0		0	
TMPO	ENST00000556029	9	0		1	1	1	1
TMPRSS15	ENST00000284885	25	0		0		0	
TMPRSS3	ENST00000644384	12	0		0		0	
TMPRSS4	ENST00000437212	13	0		0		2	3,9
TMPRSS5	ENST00000299882	13	0		0		3	2,8,12
TMPRSS6	ENST00000676104	17	0		0		0	
TMPRSS9	ENST00000696167	18	0		3	11,16-17	6	8-9,11,15-17
TMTC3	ENST00000266712	13	0		2	8,14	10	2-3,5-8,10,12-14
TMTC4	ENST00000342624	18	0		0		1	11
TMX2	ENST00000278422	8	0		0		0	
TNC	ENST00000350763	27	0		4	2,14,16,24	12	2,7-8,11-17,24,27
TNF	ENST00000449264	4	4	1-4	4	1-4	4	1-4
TNFAIP3	ENST00000612899	8	1	7	2	7,9	5	2-3,6-7,9
TNFRSF10B	ENST00000276431	9	0		0		0	
TNFRSF11A	ENST00000586569	10	1	1	2	1,10	2	1,10
TNFRSF11B	ENST00000297350	5	0		0		0	
TNFRSF13B	ENST00000261652	5	0		0		0	
TNFRSF13C	ENST00000291232	3	0		2	1-2	2	1-2
TNFRSF1A	ENST00000162749	10	0		1	10	1	10
TNFRSF21	ENST00000296861	6	0		2	3,5	3	1,3,5
TNFRSF4	ENST00000379236	7	0		0		1	4
TNFRSF9	ENST00000377507	7	0		0		0	
TNFSF11	ENST00000398795	5	0		0		0	
TNFSF12	ENST00000293825	7	1	1	1	1	2	1,7
TNFSF13	ENST00000338784	6	0		0		1	1
TNFSF4	ENST00000281834	3	0		1	3	1	3
TNFSF9	ENST00000245817	3	0		0		1	1
TNIK	ENST00000436636	33	1	1	1	1	11	1,10,16-18,20,23,26,28,30-31
TNIP1	ENST00000521591	17	0		0		0	
TNK2	ENST00000672887	15	1	11	1	11	3	4,6,11
TNNC1	ENST00000232975	6	0		0		0	
TNNC2	ENST00000372555	6	0		0		0	
TNNI1	ENST00000361379	7	0		0		1	7
TNNI2	ENST00000381911	7	0		0		1	3
TNNI3	ENST00000344887	8	0		0		0	
TNNI3K	ENST00000326637	25	0		1	11	4	11-12,17,20
TNNT1	ENST00000588981	13	0		0		0	
TNNT2	ENST00000656932	16	0		0		0	
TNNT3	ENST00000278317	15	0		0		0	
TNPO2	ENST00000425528	23	0		0		1	16
TNPO3	ENST00000265388	22	0		1	2	7	2,4,6,12-13,19-20
TNR	ENST00000367674	21	0		1	8	6	8-9,11-12,21-22
TNRC6A	ENST00000395799	25	0		2	1,25	7	1,5,7-8,18,20,25
TNRC6B	ENST00000454349	23	2	4,15	3	4,15,17	7	4-5,7,10,13,15,17
TNS2	ENST00000314250	29	0		2	18,26	4	9,18,20,26
TNXB	ENST00000644971	43	30	2-3,5-32	37	2-35,37,39,43	43	2-44
TOE1	ENST00000372090	8	0		0		0	
TOGARAM1	ENST00000361462	20	2	8,16	4	4-5,8,16	15	2-6,8,10-11,13-18,20
TOGARAM2	ENST00000379558	19	2	14,16	3	6,14,16	5	4,6,14,16,20
TOM1	ENST00000449058	15	0		1	15	3	2,6,15
TOMM7	ENST00000358435	3	0		0		0	
TOMM70	ENST00000284320	12	0		1	9	3	5,9,12
TONSL	ENST00000409379	26	0		3	2,17,21	7	2,6,17,19,21,23,26
TOP1	ENST00000361337	21	1	2	1	2	3	2,12,15
TOP2A	ENST00000423485	35	1	22	2	7,22	6	7-8,12,22,24,33
TOP2B	ENST00000264331	36	1	7	7	2,5,7,12,22,26,36	17	2,5,7-8,11-15,21-22,24,26,28,30-31,36
TOP3A	ENST00000321105	19	1	18	2	11,18	2	11,18
TOP6BL	ENST00000540737	14	0		0		2	7,14
TOPORS	ENST00000360538	3	0		0		0	
TOR1A	ENST00000351698	5	0		0		0	
TOR1AIP1	ENST00000606911	10	0		1	1	3	1,6,10
TP53	ENST00000269305	10	0		0		0	
TP53RK	ENST00000372114	2	0		1	1	2	1-2
TP53TG5	ENST00000372726	5	0		0		0	
TP63	ENST00000264731	14	0		0		0	
TP63	ENST00000354600	12	0		0		0	
TP73	ENST00000378295	13	0		1	11	3	3,11,14
TPCN2	ENST00000294309	25	1	1	1	1	2	1,11
TPH2	ENST00000333850	11	0		0		0	
TPI1	ENST00000396705	7	0		0		0	
TPK1	ENST00000360057	8	0		1	9	1	9
TPM1	ENST00000403994	10	0		0		0	
TPM2	ENST00000645482	9	0		0		0	
TPM3	ENST00000651641	10	0		0		0	
TPM4	ENST00000643579	8	0		1	1	1	1
TPMT	ENST00000309983	8	0		0		0	
TPO	ENST00000329066	16	0		0		3	6,8,13
TPP1	ENST00000299427	13	0		0		0	
TPP2	ENST00000376052	30	1	18	5	1,5,18,21,29	16	1,5-7,9,11,13-14,16-18,21-23,26,29
TPR	ENST00000367478	51	0		2	13,31	12	13,18,20-21,23,26,30-32,37,42-43
TPRKB	ENST00000272424	4	0		0		2	4-5
TPRN	ENST00000409012	4	1	1	1	1	1	1
TRA2B	ENST00000453386	9	1	9	2	7,9	4	3-4,7,9
TRAF3	ENST00000392745	10	0		0		0	
TRAF3IP2	ENST00000368761	8	1	2	2	2-3	2	2-3
TRAF6	ENST00000526995	6	0		0		3	2-3,7
TRAF7	ENST00000326181	20	0		0		0	
TRAIP	ENST00000331456	15	0		2	11,14	2	11,14
TRAK1	ENST00000327628	16	0		1	16	2	2,16
TRAP1	ENST00000246957	18	1	1	1	1	1	1
TRAPPC10	ENST00000291574	23	1	19	3	19,21-22	7	1,4,12,19,21-23
TRAPPC11	ENST00000334690	29	0		0		5	3,9,19-21
TRAPPC12	ENST00000324266	11	0		0		7	3-6,9-10,12
TRAPPC14	ENST00000316937	11	0		2	1,11	3	1,10-11
TRAPPC2	ENST00000380579	4	0		0		2	3,6
TRAPPC2L	ENST00000696289	5	0		0		1	4
TRAPPC4	ENST00000533632	5	0		0		0	
TRAPPC6A	ENST00000585934	6	0		0		0	
TRAPPC6B	ENST00000330149	6	0		0		2	3,5
TRAPPC9	ENST00000438773	22	0		0		0	
TRDN	ENST00000334268	41	0		0		2	9,28
TRDN	ENST00000546248	8	0		1	3	2	3,7
TREH	ENST00000264029	15	1	15	3	1,12,15	3	1,12,15
TREM2	ENST00000373113	5	0		0		0	
TRERF1	ENST00000695948	14	0		2	9,16	4	5,8-9,16
TREX1	ENST00000625293	1	0		0		0	
TRH	ENST00000302649	2	1	3	1	3	1	3
TRHR	ENST00000518632	2	0		0		0	
TRIB3	ENST00000217233	3	0		0		1	2
TRIM2	ENST00000338700	12	1	2	2	2,4	4	2,4,11-12
TRIM22	ENST00000379965	7	0		1	2	2	2,8
TRIM23	ENST00000231524	11	0		1	4	4	2,4-5,11
TRIM28	ENST00000253024	17	1	1	1	1	1	1
TRIM32	ENST00000450136	1	0		0		0	
TRIM33	ENST00000358465	20	1	1	2	1-2	8	1-2,4-5,7,9-10,15
TRIM36	ENST00000513154	10	0		2	8,10	7	1-3,7-10
TRIM37	ENST00000262294	24	0		0		1	6
TRIM44	ENST00000299413	5	0		0		1	1
TRIM47	ENST00000254816	6	1	1	1	1	2	1,6
TRIM63	ENST00000374272	9	0		0		1	2
TRIM69	ENST00000329464	7	1	7	3	2,6-7	7	1-7
TRIM71	ENST00000383763	4	1	1	1	1	3	1-2,4
TRIM8	ENST00000643721	6	0		1	6	1	6
TRIO	ENST00000344204	57	3	1,48,50	3	1,48,50	11	1,4,8,22,30,36,38,46,48,50,57
TRIOBP	ENST00000644935	21	0		0		0	
TRIP11	ENST00000267622	21	0		0		0	
TRIP12	ENST00000675903	41	1	30	2	30,42	20	3-4,8-9,13,15,17-20,23,25,27,30-31,33,36,38-39,42
TRIP13	ENST00000166345	13	0		0		1	2
TRIP4	ENST00000261884	13	0		0		3	2,9,12
TRIT1	ENST00000316891	11	0		0		1	11
TRMT1	ENST00000357720	16	0		0		1	17
TRMT10A	ENST00000394876	7	0		0		4	2-3,6,8
TRMT10C	ENST00000309922	1	0		0		1	2
TRMT5	ENST00000261249	5	0		1	2	2	2-3
TRMU	ENST00000645190	11	0		0		0	
TRNT1	ENST00000251607	7	0		1	3	5	2-3,6-8
TRPA1	ENST00000262209	27	0		0		1	10
TRPC3	ENST00000379645	12	1	1	2	1,7	5	1,3,7-9
TRPC4AP	ENST00000252015	19	0		0		1	1
TRPC5	ENST00000262839	10	0		7	2-4,6-8,11	9	2-8,10-11
TRPC6	ENST00000344327	13	0		0		1	2
TRPM1	ENST00000256552	27	4	3-4,12,19	6	3-4,12-13,19,28	9	3-6,12-13,19,24,28
TRPM3	ENST00000677713	26	0		1	8	7	2,6-8,16,18,26
TRPM4	ENST00000252826	25	0		0		0	
TRPM6	ENST00000360774	39	0		0		1	26
TRPM7	ENST00000646667	39	2	10,19	6	8,10,18-19,21-22	19	7-12,14-16,18-24,26,34,36
TRPS1	ENST00000395715	6	0		0		1	7
TRPV1	ENST00000572705	15	0		0		2	3-4
TRPV3	ENST00000576742	17	2	7,16	2	7,16	4	6-7,15-16
TRPV4	ENST00000261740	15	0		0		2	6-7
TRPV5	ENST00000265310	15	0		6	4,6-7,11,13,15	14	1-9,11-15
TRPV6	ENST00000359396	15	1	1	6	1,6-7,11,13,15	8	1-2,6-8,11,13,15
TRRAP	ENST00000456197	72	3	9,36,54	4	9,36,50,54	15	4,9,15,17-18,26,30,36,38-39,50,54-55,70,73
TSC1	ENST00000298552	21	0		0		0	
TSC2	ENST00000219476	41	0		0		0	
TSEN15	ENST00000645668	5	0		1	1	4	1-4
TSEN2	ENST00000284995	11	0		1	5	1	5
TSEN34	ENST00000396388	4	3	1-3	4	1-4	4	1-4
TSEN54	ENST00000333213	11	1	1	1	1	1	1
TSFM	ENST00000652027	6	1	6	1	6	1	6
TSGA10	ENST00000393483	16	0		1	16	3	14,16-17
TSHB	ENST00000256592	2	0		0		0	
TSHR	ENST00000298171	10	0		0		1	10
TSHZ1	ENST00000580243	2	2	1-2	2	1-2	2	1-2
TSHZ3	ENST00000240587	2	0		0		0	
TSPAN12	ENST00000222747	7	0		0		0	
TSPAN18	ENST00000520358	7	0		0		1	5
TSPAN7	ENST00000378482	7	0		0		1	1
TSPEAR	ENST00000323084	12	1	1	2	1-2	3	1-2,5
TSPOAP1	ENST00000343736	31	0		1	5	7	5,13,17-19,22,28
TSPYL1	ENST00000368608	1	0		0		0	
TSR1	ENST00000301364	15	0		2	5,7	4	5,7,9,15
TSR2	ENST00000375151	5	0		1	1	2	1,4
TTBK2	ENST00000267890	14	0		0		1	14
TTC12	ENST00000529221	21	0		0		3	3,10,13
TTC19	ENST00000261647	10	1	1	1	1	2	1-2
TTC21A	ENST00000683103	29	0		0		1	9
TTC21B	ENST00000243344	29	0		0		0	
TTC29	ENST00000325106	11	0		0		3	6,8,11
TTC5	ENST00000258821	10	0		1	3	2	3,9
TTC7A	ENST00000319190	20	0		0		2	3,19
TTC8	ENST00000380656	15	0		0		0	
TTF1	ENST00000334270	10	0		1	3	2	3-4
TTF2	ENST00000369466	23	0		0		2	5,7
TTI1	ENST00000373447	7	0		1	2	2	2,8
TTI2	ENST00000431156	7	0		0		0	
TTL	ENST00000233336	7	0		0		1	5
TTLL5	ENST00000298832	31	0		2	20,28	7	12,20,26-30
TTLL9	ENST00000535842	14	1	4	3	3-4,14	3	3-4,14
TTN	ENST00000589042	362	10	45,114,147,149,164,248,273,338,357,360	87	7,45-46,49-57,59-62,64-65,67-72,74,76-84,87-88,90-93,96-98,100,105,114,146-147,149,164,248-249,272-273,279-280,282,287-288,309,311,313,320,323-324,334,337-338,340-346,348-351,353-357,360,362-363	125	7,45-46,48-62,64-103,105-107,114,120,146-147,149,164,199,215,225-226,236,240,248-249,261,263,272-275,279-280,282,287-289,296,305-306,309,311-314,316,320,323-324,333-335,337-338,340-357,360,362-363
TTPA	ENST00000260116	5	1	1	1	1	1	1
TTR	ENST00000237014	4	0		0		0	
TUB	ENST00000299506	12	0		1	3	4	1,3-5
TUBA1A	ENST00000301071	4	0		0		0	
TUBA1C	ENST00000301072	4	0		0		1	1
TUBA3D	ENST00000321253	5	0		0		0	
TUBA3E	ENST00000312988	5	0		0		1	4
TUBA4A	ENST00000248437	4	0		0		1	4
TUBA8	ENST00000330423	5	0		0		0	
TUBAL3	ENST00000380419	4	0		0		1	3
TUBB	ENST00000327892	4	4	1-4	4	1-4	4	1-4
TUBB1	ENST00000217133	4	0		0		0	
TUBB2A	ENST00000333628	4	0		0		1	1
TUBB2B	ENST00000259818	4	0		0		0	
TUBB3	ENST00000315491	4	0		0		1	1
TUBB4A	ENST00000264071	4	0		0		0	
TUBB4B	ENST00000340384	4	0		0		0	
TUBB6	ENST00000317702	4	0		0		2	1,4
TUBB8	ENST00000568584	4	0		0		0	
TUBG1	ENST00000251413	11	0		0		0	
TUBGCP2	ENST00000252936	17	0		1	12	3	5,12-13
TUBGCP4	ENST00000564079	18	0		0		2	7,9
TUBGCP6	ENST00000248846	25	2	1,16	2	1,16	2	1,16
TUFM	ENST00000313511	10	0		0		0	
TUFT1	ENST00000368849	13	0		0		1	6
TULP1	ENST00000229771	15	0		0		1	3
TULP3	ENST00000448120	11	0		0		2	1,10
TUSC3	ENST00000503731	10	0		0		0	
TWIST1	ENST00000242261	1	1	1	1	1	1	1
TWIST2	ENST00000612363	1	0		1	1	1	1
TWNK	ENST00000311916	5	0		0		0	
TXN2	ENST00000216185	3	0		1	2	1	2
TXNDC15	ENST00000358387	5	0		0		2	2,5
TXNL4A	ENST00000269601	3	0		0		2	1,3
TXNRD2	ENST00000400521	17	0		1	1	1	1
TYK2	ENST00000525621	23	0		0		2	7,21
TYMP	ENST00000252029	9	0		1	9	3	8-10
TYMS	ENST00000323274	7	0		1	1	2	1,3
TYR	ENST00000263321	5	0		0		0	
TYROBP	ENST00000262629	5	0		0		0	
TYRP1	ENST00000388918	7	0		0		0	
U2AF2	ENST00000308924	12	0		1	6	1	6
UBA1	ENST00000335972	25	0		0		0	
UBA2	ENST00000246548	17	1	1	1	1	5	1,10,12-13,17
UBA5	ENST00000356232	12	0		0		4	7-9,11
UBA6	ENST00000322244	33	0		1	19	6	7,9-10,19,29-30
UBAP1	ENST00000297661	6	0		0		1	3
UBAP1L	ENST00000559089	5	1	3	1	3	1	3
UBAP2L	ENST00000428931	26	0		1	27	5	9,11,13-14,27
UBE2A	ENST00000371558	6	0		0		0	
UBE2B	ENST00000265339	6	0		0		0	
UBE2L3	ENST00000342192	4	0		0		0	
UBE2T	ENST00000646651	6	0		0		0	
UBE2U	ENST00000371077	10	0		0		2	4,10
UBE3A	ENST00000648336	11	0		1	5	1	5
UBE3B	ENST00000342494	26	0		0		2	8,21
UBE3C	ENST00000348165	23	0		0		7	4,7,12-13,16,18,20
UBE4A	ENST00000252108	19	0		1	16	7	6,8-9,11,13,16-17
UBE4B	ENST00000343090	28	2	20,25	3	20,25,27	5	7,20,25-27
UBIAD1	ENST00000376810	2	0		0		0	
UBQLN1	ENST00000376395	11	2	9,11	3	7,9,11	6	5-7,9-11
UBQLN2	ENST00000338222	1	0		0		0	
UBR1	ENST00000290650	47	0		0		0	
UBR4	ENST00000375254	106	0		4	2,15,32,83	21	1-2,8,15,19,21,28,32-33,39,41,48,57,65,73,78,83,87,91,95,103
UBR5	ENST00000520539	59	1	44	3	9,18,44	18	3,7,9,12,17-19,24,26,33,38-39,41,43-44,53,56,59
UBR7	ENST00000013070	11	0		0		4	1,4,9-10
UBTF	ENST00000436088	20	0		0		1	6
UCHL1	ENST00000284440	9	0		0		0	
UCP2	ENST00000663595	6	0		0		0	
UCP3	ENST00000314032	6	0		0		0	
UFC1	ENST00000368003	6	0		0		0	
UFM1	ENST00000239878	6	0		0		0	
UFSP2	ENST00000264689	12	0		0		4	3,5-7
UGCG	ENST00000374279	9	0		2	8-9	5	2-4,8-9
UGDH	ENST00000316423	11	0		0		2	2,8
UGGT1	ENST00000259253	41	1	13	2	6,13	7	6,13,17-18,29-30,36
UGP2	ENST00000337130	10	0		1	6	3	4-6
UGT1A1	ENST00000305208	5	0		0		0	
UGT2B17	ENST00000317746	6	3	5-7	6	2-7	6	2-7
UHRF1	ENST00000650932	16	0		1	7	1	7
ULK4	ENST00000301831	36	0		1	17	5	15,17,20-21,27
UMOD	ENST00000396138	10	0		0		0	
UMPS	ENST00000232607	6	0		0		1	4
UNC119	ENST00000335765	5	0		0		0	
UNC13A	ENST00000519716	44	1	10	2	10,19	3	10,19,44
UNC13B	ENST00000635942	40	2	4,9	3	4,9,19	5	4,9-10,18-19
UNC13D	ENST00000207549	32	0		0		0	
UNC45A	ENST00000418476	20	1	18	2	2,18	4	2,7-8,18
UNC45B	ENST00000394570	19	0		0		2	10,12
UNC50	ENST00000357765	5	0		0		2	2,4
UNC79	ENST00000695012	52	5	2,4-5,19,47	34	2-5,7,9,12,14-19,21-24,26,28-34,37,39,41-44,47-48,50	52	1-52
UNC80	ENST00000673920	65	3	2,27,63	5	2,4,17,27,63	22	2,4,12-15,17,27,32,34,39,42-48,59,63-65
UNC93B1	ENST00000227471	11	0		1	1	3	1,9,11
UNG	ENST00000242576	7	0		0		0	
UNK	ENST00000589666	16	0		0		0	
UPB1	ENST00000326010	10	0		0		0	
UPF1	ENST00000262803	23	1	1	1	1	2	1,5
UPF3B	ENST00000276201	11	0		0		0	
UPK3A	ENST00000216211	6	0		0		0	
UQCC2	ENST00000607484	4	0		0		0	
UQCC3	ENST00000377953	2	0		0		0	
UQCRB	ENST00000287022	4	0		0		0	
UQCRC1	ENST00000203407	13	0		0		0	
UQCRC2	ENST00000268379	14	0		0		2	3,7
UQCRFS1	ENST00000304863	2	0		0		2	1-2
UQCRH	ENST00000311672	4	0		0		0	
UQCRQ	ENST00000378670	2	0		0		0	
UROC1	ENST00000290868	20	0		0		0	
UROD	ENST00000246337	10	0		0		0	
UROS	ENST00000368797	9	0		0		0	
USB1	ENST00000219281	7	0		0		0	
USF1	ENST00000368021	10	0		0		1	6
USF3	ENST00000316407	5	0		0		1	6
USH1C	ENST00000005226	27	0		0		0	
USH1C	ENST00000318024	21	0		0		0	
USH1G	ENST00000614341	3	0		0		0	
USH2A	ENST00000307340	71	0		1	33	3	8,12,33
USP14	ENST00000261601	16	1	15	2	11,15	4	4,11,15-16
USP18	ENST00000215794	10	0		0		0	
USP2	ENST00000260187	12	1	2	2	2,10	2	2,10
USP25	ENST00000400183	26	1	1	1	1	11	1,3-5,7,10,13,18,20-21,25
USP26	ENST00000511190	1	0		0		1	6
USP27X	ENST00000621775	1	0		0		1	1
USP33	ENST00000370794	23	0		1	10	9	5,9-11,13,17-18,23-24
USP34	ENST00000398571	80	4	23,26,50,54	7	3,23,26-27,29,50,54	30	3,5,7,11-12,15,17,19,22-23,25-27,29,31-32,38-39,42,45,49-50,54,67,69-70,72,75,79-80
USP44	ENST00000258499	5	1	4	1	4	3	2-4
USP45	ENST00000500704	17	0		0		7	3-4,8,12-14,17
USP48	ENST00000308271	27	0		0		7	2,7,9-10,12,19-20
USP53	ENST00000692078	15	0		1	16	9	5,7,11-16,19
USP7	ENST00000344836	31	0		0		5	1,4,7,13,24
USP8	ENST00000307179	19	0		1	11	6	3,11,14,18-20
USP9X	ENST00000378308	44	4	9,16,22,34	16	8-10,16,22-26,29,32,34-36,42-43	38	4-10,12-16,18-32,34-40,42-45
USP9Y	ENST00000338981	44	44	3-46	44	3-46	44	3-46
UTP4	ENST00000314423	16	0		0		1	10
UVSSA	ENST00000389851	13	0		1	3	3	3,5,8
UXS1	ENST00000283148	15	1	12	2	1,12	4	1,6-7,12
VAC14	ENST00000261776	19	0		0		1	9
VAMP1	ENST00000396308	5	0		1	5	1	5
VAMP2	ENST00000316509	5	1	1	2	1-2	2	1-2
VANGL1	ENST00000355485	7	0		0		0	
VANGL2	ENST00000368061	7	0		0		0	
VAPB	ENST00000475243	6	0		0		0	
VARS1	ENST00000375663	29	12	2-4,6-9,13,15,18,26-27	29	2-30	29	2-30
VARS2	ENST00000676266	29	20	2,4,6-7,12-16,18,20-29	29	2-30	29	2-30
VAV1	ENST00000602142	27	1	15	1	15	2	15,24
VAX1	ENST00000369206	3	1	3	1	3	1	3
VCAN	ENST00000265077	14	0		0		0	
VCL	ENST00000211998	22	0		1	1	2	1,16
VCP	ENST00000358901	17	0		0		0	
VDR	ENST00000549336	8	0		0		0	
VEGFA	ENST00000672860	8	0		1	1	1	1
VEGFC	ENST00000618562	7	0		1	6	4	2-4,6
VEZF1	ENST00000581208	6	1	1	1	1	3	1-2,6
VGLL2	ENST00000326274	4	1	3	1	3	1	3
VHL	ENST00000256474	3	0		0		0	
VIM	ENST00000544301	9	0		0		0	
VIP	ENST00000367244	5	1	3	1	3	3	3-5
VIPAS39	ENST00000557658	19	0		0		0	
VKORC1	ENST00000394975	3	0		0		0	
VLDLR	ENST00000382100	19	0		0		1	1
VMA12	ENST00000292114	6	0		0		0	
VMA21	ENST00000330374	3	0		0		0	
VMA22	ENST00000259229	5	0		0		0	
VNN1	ENST00000367928	7	0		3	3-5	6	2-7
VPS11	ENST00000621676	16	1	4	1	4	1	4
VPS13A	ENST00000360280	72	0		0		1	41
VPS13B	ENST00000357162	61	0		0		0	
VPS13B	ENST00000358544	61	0		0		2	14,37
VPS13C	ENST00000644861	85	1	34	7	10,15,34,46,48,54,61	39	8,10,14-15,19,23,25-28,31,33-35,38-40,44-46,48-49,51,54,56-57,60-61,63-65,68-73,75,78
VPS13D	ENST00000620676	69	0		2	4,25	21	4,13,16,18,20-21,24-25,28,31,42,47-48,56,58,60,63-65,67-68
VPS16	ENST00000380445	24	0		1	22	1	22
VPS26C	ENST00000309117	8	1	2	1	2	1	2
VPS33A	ENST00000267199	13	0		0		2	6,13
VPS33B	ENST00000333371	23	0		0		1	1
VPS35	ENST00000299138	17	0		0		0	
VPS35L	ENST00000417362	31	1	2	2	1-2	4	1-2,7,20
VPS37A	ENST00000324849	11	0		0		0	
VPS41	ENST00000310301	29	1	17	1	17	6	3,9,12,17-18,25
VPS45	ENST00000644510	15	0		0		4	3,10,14-15
VPS4A	ENST00000254950	11	0		1	1	2	1,6
VPS4B	ENST00000238497	11	0		0		4	2,7,9-10
VPS50	ENST00000305866	28	0		1	13	9	3,11-14,21,25-27
VPS51	ENST00000279281	10	0		0		4	1,4,6,10
VPS52	ENST00000445902	20	15	1-2,5-14,18-20	20	1-20	20	1-20
VPS53	ENST00000437048	22	0		0		3	12-13,22
VPS8	ENST00000625842	47	4	3,28,39,45	5	3,26,28,39,45	9	3,16,23,26,28,33,37,39,45
VRK1	ENST00000216639	12	0		0		0	
VSX1	ENST00000376709	5	0		0		0	
VSX2	ENST00000261980	5	0		0		0	
VTN	ENST00000226218	8	0		0		2	3,7
VWA1	ENST00000476993	3	2	1,3	2	1,3	2	1,3
VWA2	ENST00000392982	13	0		0		0	
VWA3B	ENST00000477737	27	1	20	2	20,24	7	2,14,16,20,22,24,28
VWA8	ENST00000379310	45	0		2	1,26	9	1,3,16,23,26,28,34-35,39
VWF	ENST00000261405	51	0		1	15	1	15
WAC	ENST00000354911	14	1	4	1	4	8	3-5,7-8,10,12-13
WAPL	ENST00000298767	18	0		1	3	5	2-3,9,13,15
WARS1	ENST00000392882	10	0		0		1	6
WARS2	ENST00000235521	6	0		0		1	6
WAS	ENST00000376701	12	0		0		1	10
WASF1	ENST00000392589	8	1	10	1	10	4	4,6,9-10
WASHC3	ENST00000240079	7	0		0		0	
WASHC4	ENST00000332180	33	0		0		0	
WASHC5	ENST00000318410	28	0		0		0	
WASL	ENST00000223023	11	0		1	9	5	1-3,6,9
WBP11	ENST00000261167	11	1	11	2	11-12	6	5,7-8,10-12
WBP2	ENST00000254806	8	0		0		1	8
WBP4	ENST00000379487	10	0		0		2	5,8
WDFY3	ENST00000295888	65	1	45	6	8-9,11,45,48,64	30	5,7-13,16,18,22-24,26-27,29,33,35,38,42,45-48,55,59,62-65
WDFY4	ENST00000325239	61	0		1	12	6	9,12,18,37,59,62
WDPCP	ENST00000272321	18	0		0		0	
WDR1	ENST00000499869	15	0		1	1	2	1,12
WDR11	ENST00000263461	29	0		0		0	
WDR13	ENST00000376729	9	0		1	7	4	3,6-7,10
WDR19	ENST00000399820	36	0		1	17	9	9,16-19,25-27,33
WDR26	ENST00000414423	14	1	1	1	1	6	1,3,6-8,13
WDR35	ENST00000281405	27	0		0		0	
WDR35	ENST00000345530	28	0		0		1	22
WDR36	ENST00000513710	23	0		1	16	1	16
WDR37	ENST00000263150	13	2	2,13	2	2,13	4	2,10-11,13
WDR4	ENST00000398208	11	0		0		1	11
WDR44	ENST00000254029	20	1	7	3	7,9,15	17	1,3-11,13-15,17-20
WDR45	ENST00000376372	10	0		0		2	5,8
WDR45B	ENST00000392325	10	0		0		0	
WDR47	ENST00000369962	14	0		1	8	6	5,7-8,10-12
WDR48	ENST00000302313	19	0		1	18	5	3,5-6,11,18
WDR5	ENST00000358625	13	0		0		0	
WDR62	ENST00000401500	32	0		0		0	
WDR72	ENST00000360509	19	0		0		2	15-16
WDR73	ENST00000434634	8	0		0		1	6
WDR81	ENST00000409644	10	2	1,9	4	1,7-9	8	1,3-9
WDR83OS	ENST00000596731	4	0		0		0	
WDR87	ENST00000447313	5	0		0		2	5-6
WDR91	ENST00000354475	15	0		1	8	1	8
WDR93	ENST00000268130	16	0		0		4	2-3,9,16
WEE2	ENST00000397541	12	1	4	8	1-2,4-7,9-10	11	1-2,4-12
WFDC2	ENST00000372676	3	0		0		0	
WFS1	ENST00000226760	7	0		0		0	
WHRN	ENST00000362057	12	0		0		1	1
WIPF1	ENST00000679041	7	0		2	5-6	2	5-6
WIPI2	ENST00000288828	13	0		1	1	2	1,6
WLS	ENST00000262348	12	1	8	1	8	4	2-3,8,11
WNK1	ENST00000315939	28	0		0		0	
WNK1	ENST00000340908	28	0		0		3	9-10,19
WNK3	ENST00000354646	23	1	8	10	2-3,5,8-9,16-18,20,24	21	2-9,12-24
WNK4	ENST00000246914	19	0		0		1	16
WNT1	ENST00000293549	4	0		1	3	2	2-3
WNT10A	ENST00000258411	4	0		0		1	4
WNT10B	ENST00000301061	4	0		0		0	
WNT11	ENST00000322563	5	0		1	4	2	3-4
WNT2B	ENST00000369684	5	0		0		0	
WNT3	ENST00000225512	4	0		2	2-3	3	2-4
WNT4	ENST00000290167	5	0		1	1	1	1
WNT5A	ENST00000264634	5	0		1	4	3	3-5
WNT7A	ENST00000285018	4	0		0		0	
WNT7B	ENST00000339464	4	0		0		0	
WNT9B	ENST00000290015	4	2	1-2	3	1-2,4	4	1-4
WRAP53	ENST00000396463	10	0		0		1	2
WRAP73	ENST00000270708	12	1	6	1	6	2	6,9
WRN	ENST00000298139	34	0		0		1	24
WSB2	ENST00000315436	9	1	1	2	1,3	3	1,3,6
WT1	ENST00000452863	10	0		0		1	1
WWC1	ENST00000265293	23	0		1	19	2	15,19
WWOX	ENST00000566780	9	0		0		0	
XBP1	ENST00000344347	6	0		0		2	1,6
XDH	ENST00000379416	36	0		0		0	
XIAP	ENST00000371199	6	0		0		0	
XK	ENST00000378616	3	0		0		0	
XPA	ENST00000375128	6	0		0		0	
XPC	ENST00000285021	16	0		0		1	2
XPNPEP2	ENST00000371106	21	0		0		6	2,7,10,14-15,21
XPNPEP3	ENST00000357137	10	0		0		1	3
XPO5	ENST00000265351	32	2	15,30	4	15,18,30,32	7	5,7,15,18,20,30,32
XPO7	ENST00000252512	28	1	1	1	1	5	1,6,10-12
XPR1	ENST00000367590	15	0		1	4	7	3-5,8-10,12
XRCC1	ENST00000262887	17	1	5	1	5	1	5
XRCC2	ENST00000359321	3	0		1	3	1	3
XRCC3	ENST00000555055	7	0		0		0	
XRCC4	ENST00000396027	7	0		1	2	4	2-5
XRCC6	ENST00000360079	12	0		0		4	4,6-7,9
XYLT1	ENST00000261381	12	1	1	3	1,3,12	5	1,3,10-12
XYLT2	ENST00000017003	11	0		2	1,7	4	1,4,7,11
YAP1	ENST00000282441	9	1	5	3	1,5,9	4	1,5,7,9
YARS1	ENST00000373477	13	0		0		0	
YARS2	ENST00000324868	5	0		0		0	
YEATS2	ENST00000305135	30	0		0		4	7,15,17,20
YIF1B	ENST00000339413	8	0		0		3	1,4,8
YIPF5	ENST00000274496	5	0		0		3	3-5
YKT6	ENST00000223369	7	0		0		0	
YME1L1	ENST00000376016	19	0		0		3	1,4,15
YPEL2	ENST00000312655	4	0		0		1	2
YRDC	ENST00000373044	5	1	1	1	1	2	1,4
YTHDC1	ENST00000344157	17	2	4,8	10	2-5,7-8,11-12,16-17	16	1-13,15-17
YWHAE	ENST00000264335	6	0		2	3,5	4	2-5
YWHAG	ENST00000307630	2	0		0		0	
YWHAZ	ENST00000395958	5	0		0		1	2
YY1	ENST00000262238	5	0		0		0	
YY1AP1	ENST00000355499	9	0		0		0	
ZAP70	ENST00000264972	12	0		0		0	
ZAR1	ENST00000327939	4	1	1	1	1	1	1
ZBTB11	ENST00000312938	11	0		0		7	1-2,4-7,11
ZBTB16	ENST00000335953	6	0		0		0	
ZBTB18	ENST00000358704	2	0		0		0	
ZBTB20	ENST00000675478	4	1	12	1	12	2	10,12
ZBTB24	ENST00000230122	6	0		0		0	
ZBTB40	ENST00000375647	17	0		1	2	1	2
ZBTB42	ENST00000342537	1	0		0		0	
ZBTB47	ENST00000232974	5	0		1	2	1	2
ZBTB7A	ENST00000322357	2	0		1	3	2	2-3
ZC2HC1C	ENST00000524913	2	0		0		1	2
ZC3H12B	ENST00000338957	5	0		1	6	5	6-10
ZC3H14	ENST00000251038	17	0		0		1	12
ZC4H2	ENST00000374839	5	0		2	2,4	4	2-5
ZCCHC8	ENST00000633063	14	0		1	14	4	9,11-12,14
ZDBF2	ENST00000374423	3	0		0		0	
ZDHHC15	ENST00000373367	11	0		0		9	1-4,6-10
ZDHHC16	ENST00000393760	10	2	10,12	2	10,12	2	10,12
ZDHHC5	ENST00000287169	11	0		1	11	3	4,11-12
ZDHHC9	ENST00000357166	9	0		0		0	
ZEB1	ENST00000424869	9	0		0		0	
ZEB2	ENST00000627532	9	0		0		1	10
ZFAT	ENST00000377838	16	0		1	7	4	1-2,4,7
ZFHX2	ENST00000419474	9	2	2-3	3	2-3,9	4	2-4,9
ZFHX3	ENST00000268489	9	1	10	2	2,10	3	2,7,10
ZFHX4	ENST00000651372	10	0		1	11	3	3,7,11
ZFP36L1	ENST00000439696	2	0		0		0	
ZFP36L2	ENST00000282388	2	0		1	2	1	2
ZFP57	ENST00000376883	4	2	3,5	4	2-5	4	2-5
ZFPM1	ENST00000319555	10	2	1,10	2	1,10	3	1,6,10
ZFPM2	ENST00000407775	8	0		0		5	1,5-8
ZFR	ENST00000265069	20	0		1	7	9	3,6-9,11,13,15,20
ZFTRAF1	ENST00000530374	4	1	1	1	1	1	1
ZFX	ENST00000304543	7	0		1	5	4	4-7
ZFYVE19	ENST00000355341	11	0		0		1	1
ZFYVE26	ENST00000347230	41	0		0		0	
ZFYVE27	ENST00000684270	12	0		0		0	
ZIC1	ENST00000282928	3	0		0		1	1
ZIC2	ENST00000376335	3	2	1,3	2	1,3	2	1,3
ZIC3	ENST00000287538	3	0		0		0	
ZMAT2	ENST00000274712	6	0		0		0	
ZMIZ1	ENST00000334512	21	1	12	1	12	3	12-13,24
ZMPSTE24	ENST00000372759	10	0		0		0	
ZMYM2	ENST00000610343	23	0		2	11,25	11	3-4,6,8,11-12,20-23,25
ZMYM3	ENST00000314425	24	2	2,22	4	2,6,15,22	13	2,5-6,8-9,15,18-20,22-25
ZMYM5	ENST00000337963	6	0		2	3,8	3	3,5,8
ZMYM6	ENST00000357182	15	0		0		8	4,6-8,10-13
ZMYND10	ENST00000231749	12	0		0		0	
ZMYND11	ENST00000381604	14	0		0		1	3
ZMYND15	ENST00000433935	13	1	14	1	14	2	13-14
ZMYND8	ENST00000471951	23	0		5	2,4,11,15,21	6	2,4,11,14-15,21
ZNF141	ENST00000240499	4	0		0		1	4
ZNF142	ENST00000411696	8	0		1	4	3	4,7,11
ZNF143	ENST00000396602	15	0		0		2	6,13
ZNF148	ENST00000360647	6	0		1	4	2	4,8
ZNF219	ENST00000360947	4	0		0		1	3
ZNF292	ENST00000369577	8	0		0		2	6,8
ZNF3	ENST00000299667	4	0		0		2	5-6
ZNF335	ENST00000322927	27	1	3	1	3	6	3,5,8,15,20,22
ZNF341	ENST00000375200	15	1	6	2	1,6	3	1,6,15
ZNF365	ENST00000395254	4	0		0		0	
ZNF407	ENST00000299687	8	0		1	9	2	8-9
ZNF408	ENST00000311764	5	0		0		1	2
ZNF41	ENST00000684689	4	0		0		0	
ZNF423	ENST00000563137	8	1	1	1	1	1	1
ZNF445	ENST00000396077	6	0		0		1	4
ZNF462	ENST00000277225	12	0		0		2	2,10
ZNF469	ENST00000565624	1	0		0		0	
ZNF483	ENST00000309235	5	0		0		1	3
ZNF513	ENST00000323703	4	0		0		0	
ZNF526	ENST00000301215	1	0		0		0	
ZNF541	ENST00000391901	15	1	17	3	5,16-17	6	3,5,8-9,16-17
ZNF589	ENST00000354698	4	0		0		2	3-4
ZNF592	ENST00000560079	8	0		0		0	
ZNF606	ENST00000551380	6	0		0		1	7
ZNF644	ENST00000337393	5	0		0		0	
ZNF668	ENST00000300849	2	0		0		1	3
ZNF687	ENST00000336715	8	0		0		3	2,6,9
ZNF699	ENST00000591998	5	0		0		1	5
ZNF711	ENST00000674551	8	0		1	8	3	6,8,11
ZNF713	ENST00000429591	4	0		0		2	5,7
ZNF750	ENST00000269394	2	0		0		0	
ZNF804A	ENST00000302277	4	0		0		1	4
ZNF808	ENST00000359798	3	0		0		1	5
ZNF81	ENST00000338637	4	0		1	5	1	5
ZNF862	ENST00000223210	8	1	1	1	1	2	1,4
ZNFX1	ENST00000396105	13	0		0		0	
ZNHIT3	ENST00000617429	5	0		2	2,5	5	1-5
ZNRF3	ENST00000544604	9	1	1	1	1	4	1-2,6,8
ZP1	ENST00000278853	12	0		1	3	1	3
ZP2	ENST00000574091	19	0		1	16	3	10,14,16
ZP3	ENST00000394857	8	0		0		2	1,3
ZPBP	ENST00000046087	8	0		0		1	5
ZPR1	ENST00000227322	14	0		1	1	1	1
ZRSR2	ENST00000307771	11	0		1	11	5	3,5,7,10-11
ZSCAN10	ENST00000576985	5	1	2	2	2-3	2	2-3
ZSWIM6	ENST00000252744	14	2	1-2	4	1-2,5,14	6	1-2,5-7,14
ZSWIM7	ENST00000399277	5	0		0		0	
ZWILCH	ENST00000307897	18	0		1	13	2	13,15
ZYG11B	ENST00000294353	14	0		2	5,14	5	1-3,5,14
