gene	transcript	n_cds_exons	dead_10x_n	dead_10x_exons	dead_20x_n	dead_20x_exons	dead_30x_n	dead_30x_exons	cds_len	dead_10x_len	dead_10x_pct	dead_20x_len	dead_20x_pct	dead_30x_len	dead_30x_pct
A2M	ENST00000318602	36	0		2	2,28	9	2,6,14,18,24,25,26,28,34	5145	0	0.0	405	7.9	1497	29.1
A2ML1	ENST00000299698	35	1	9	2	9,14	5	2,9,14,16,21	5065	135	2.7	301	5.9	862	17.0
A4GALT	ENST00000642412	1	0		0		0		1082	0	0.0	0	0.0	0	0.0
AAAS	ENST00000209873	16	0		0		0		1961	0	0.0	0	0.0	0	0.0
AACS	ENST00000316519	18	0		0		0		2379	0	0.0	0	0.0	0	0.0
AAGAB	ENST00000261880	10	1	4	2	2,4	3	2,4,8	1148	110	9.6	321	28.0	446	38.9
AANAT	ENST00000392492	3	0		1	4	1	4	684	0	0.0	326	47.7	326	47.7
AAR2	ENST00000320849	3	0		0		1	2	1215	0	0.0	0	0.0	777	64.0
AARS1	ENST00000261772	20	0		0		0		3307	0	0.0	0	0.0	0	0.0
AARS2	ENST00000244571	22	0		0		0		3398	0	0.0	0	0.0	0	0.0
AARSD1	ENST00000427569	12	0		0		0		1479	0	0.0	0	0.0	0	0.0
AASS	ENST00000417368	23	0		0		0		3241	0	0.0	0	0.0	0	0.0
AATK	ENST00000326724	14	1	12	3	1,11,12	5	1,7,10,11,12	4405	168	3.8	2886	65.5	3210	72.9
ABAT	ENST00000268251	15	0		0		0		1803	0	0.0	0	0.0	0	0.0
ABCA1	ENST00000374736	49	0		0		1	12	7766	0	0.0	0	0.0	218	2.8
ABCA10	ENST00000690296	37	1	39	3	8,24,39	19	4,6,7,8,10,12,15,17,20,22,24,25,26,27,31,32,35,36,39	5372	119	2.2	516	9.6	3081	57.4
ABCA12	ENST00000272895	53	0		0		0		8848	0	0.0	0	0.0	0	0.0
ABCA13	ENST00000435803	62	0		7	10,14,18,31,33,41,53	28	9,10,13,14,15,18,21,24,25,31,32,33,35,36,40,41,42,43,48,50,51,52,53,55,56,59,60,61	16417	0	0.0	3495	21.3	6969	42.4
ABCA2	ENST00000341511	49	1	1	1	1	3	1,30,31	8291	86	1.0	86	1.0	657	7.9
ABCA3	ENST00000301732	30	0		0		0		5715	0	0.0	0	0.0	0	0.0
ABCA4	ENST00000370225	50	0		0		0		7822	0	0.0	0	0.0	0	0.0
ABCA5	ENST00000392676	38	1	8	3	8,9,24	16	2,3,6,8,9,10,12,13,15,22,24,26,27,28,29,32	5689	209	3.7	568	10.0	2703	47.5
ABCA6	ENST00000284425	38	0		3	4,8,9	14	3,4,6,8,9,10,13,17,20,22,23,30,31,35	5614	0	0.0	553	9.9	2433	43.3
ABCA7	ENST00000263094	46	2	22,42	2	22,42	7	5,6,7,13,22,37,42	7361	367	5.0	367	5.0	1045	14.2
ABCB1	ENST00000622132	27	0		0		0		4383	0	0.0	0	0.0	0	0.0
ABCB11	ENST00000650372	27	1	25	9	10,19,22,23,24,25,26,27,28	11	5,10,19,21,22,23,24,25,26,27,28	4506	218	4.8	1876	41.6	2317	51.4
ABCB4	ENST00000649586	27	0		0		0		4380	0	0.0	0	0.0	0	0.0
ABCB5	ENST00000404938	27	1	16	1	16	7	6,9,14,15,16,27,28	4314	161	3.7	161	3.7	1329	30.8
ABCB6	ENST00000265316	19	0		0		2	1,5	2909	0	0.0	0	0.0	773	26.6
ABCB7	ENST00000373394	16	0		0		1	13	2579	0	0.0	0	0.0	192	7.4
ABCB9	ENST00000280560	11	0		0		2	2,8	2521	0	0.0	0	0.0	830	32.9
ABCC1	ENST00000399410	31	5	1,13,19,21,22	11	1,2,8,13,17,18,19,21,22,23,30	26	1,2,3,4,5,7,8,9,10,12,13,15,16,17,18,19,20,21,22,23,24,25,26,27,29,30	5216	823	15.8	2202	42.2	4605	88.3
ABCC11	ENST00000356608	29	1	3	1	3	5	3,11,12,13,25	4729	157	3.3	157	3.3	876	18.5
ABCC12	ENST00000311303	29	0		0		5	7,11,15,26,27	4660	0	0.0	0	0.0	1107	23.8
ABCC2	ENST00000647814	32	0		0		0		5278	0	0.0	0	0.0	0	0.0
ABCC4	ENST00000645237	31	0		2	11,25	6	6,11,16,19,21,25	4598	0	0.0	424	9.2	1107	24.1
ABCC6	ENST00000205557	31	2	18,19	4	12,18,19,26	10	10,11,12,18,19,21,25,26,27,30	5132	383	7.5	729	14.2	1694	33.0
ABCC8	ENST00000302539	39	0		0		0		5529	0	0.0	0	0.0	0	0.0
ABCC8	ENST00000389817	39	0		0		0		5526	0	0.0	0	0.0	0	0.0
ABCC9	ENST00000261200	38	0		1	29	1	29	5410	0	0.0	178	3.3	178	3.3
ABCD1	ENST00000218104	10	0		0		0		2438	0	0.0	0	0.0	0	0.0
ABCD3	ENST00000370214	23	0		0		0		2440	0	0.0	0	0.0	0	0.0
ABCD4	ENST00000356924	19	0		0		1	1	2201	0	0.0	0	0.0	58	2.6
ABCG2	ENST00000237612	15	0		0		4	6,9,12,16	2268	0	0.0	0	0.0	762	33.6
ABCG5	ENST00000405322	13	0		0		0		2216	0	0.0	0	0.0	0	0.0
ABCG8	ENST00000272286	13	0		0		0		2282	0	0.0	0	0.0	0	0.0
ABHD12	ENST00000339157	13	0		1	1	1	1	1457	0	0.0	211	14.5	211	14.5
ABHD16A	ENST00000395952	20	11	1,2,3,5,7,8,10,11,12,13,16	20	1,2,3,4,5,6,7,8,9,10,11,12,13,14,15,16,17,18,19,20	20	1,2,3,4,5,6,7,8,9,10,11,12,13,14,15,16,17,18,19,20	2077	1206	58.1	2077	100.0	2077	100.0
ABHD2	ENST00000352732	9	0		0		2	6,11	1458	0	0.0	0	0.0	421	28.9
ABHD5	ENST00000644371	7	0		0		0		1190	0	0.0	0	0.0	0	0.0
ABI2	ENST00000261018	12	0		3	2,8,9	7	1,2,3,8,9,11,12	1869	0	0.0	570	30.5	1294	69.2
ABL1	ENST00000318560	11	1	4	2	4,11	4	2,3,4,11	3613	293	8.1	2028	56.1	2538	70.2
ABL2	ENST00000502732	12	0		1	5	4	4,5,7,9	3789	0	0.0	293	7.7	980	25.9
ABRAXAS1	ENST00000321945	9	0		1	9	3	5,6,9	1410	0	0.0	454	32.2	808	57.3
ACAA1	ENST00000333167	12	0		0		0		1515	0	0.0	0	0.0	0	0.0
ACACA	ENST00000616317	56	0		3	1,2,15	11	1,2,11,13,15,27,30,34,35,36,44	8272	0	0.0	296	3.6	1231	14.9
ACACB	ENST00000338432	52	1	13	1	13	6	2,13,18,41,42,53	8417	184	2.2	184	2.2	1447	17.2
ACAD8	ENST00000281182	11	0		0		0		1468	0	0.0	0	0.0	0	0.0
ACAD9	ENST00000308982	18	0		0		0		2226	0	0.0	0	0.0	0	0.0
ACADL	ENST00000233710	11	0		0		0		1513	0	0.0	0	0.0	0	0.0
ACADM	ENST00000370841	12	0		0		0		1506	0	0.0	0	0.0	0	0.0
ACADS	ENST00000242592	10	0		0		0		1439	0	0.0	0	0.0	0	0.0
ACADSB	ENST00000358776	11	0		0		0		1519	0	0.0	0	0.0	0	0.0
ACADVL	ENST00000356839	20	0		0		0		2368	0	0.0	0	0.0	0	0.0
ACAN	ENST00000560601	18	1	7	2	3,7	3	3,6,7	8067	398	4.9	802	9.9	1116	13.8
ACAP3	ENST00000354700	24	1	1	1	1	2	1,24	2985	67	2.2	67	2.2	232	7.8
ACAT1	ENST00000265838	12	0		0		0		1524	0	0.0	0	0.0	0	0.0
ACAT2	ENST00000367048	9	0		0		1	9	1374	0	0.0	0	0.0	191	13.9
ACBD5	ENST00000396271	13	0		0		0		1838	0	0.0	0	0.0	0	0.0
ACBD6	ENST00000367595	8	0		0		0		1009	0	0.0	0	0.0	0	0.0
ACCS	ENST00000263776	14	1	15	1	15	3	2,9,15	1786	118	6.6	118	6.6	547	30.6
ACD	ENST00000620761	12	0		0		1	9	1617	0	0.0	0	0.0	107	6.6
ACE	ENST00000290866	25	1	1	1	1	1	1	4421	269	6.1	269	6.1	269	6.1
ACER2	ENST00000340967	6	1	5	1	5	2	4,5	948	158	16.7	158	16.7	316	33.3
ACER3	ENST00000532485	11	0		0		3	1,2,7	1024	0	0.0	0	0.0	333	32.5
ACHE	ENST00000241069	4	0		2	3,4	2	3,4	1925	0	0.0	695	36.1	695	36.1
ACKR1	ENST00000368122	2	0		0		0		1051	0	0.0	0	0.0	0	0.0
ACKR3	ENST00000272928	1	0		0		0		1109	0	0.0	0	0.0	0	0.0
ACLY	ENST00000352035	28	0		1	16	4	12,14,16,22	3866	0	0.0	189	4.9	528	13.7
ACMSD	ENST00000356140	10	0		0		0		1211	0	0.0	0	0.0	0	0.0
ACO1	ENST00000309951	20	1	5	1	5	5	3,5,6,14,20	3070	90	2.9	90	2.9	866	28.2
ACO2	ENST00000216254	18	0		0		3	3,4,5	2703	0	0.0	0	0.0	571	21.1
ACOT7	ENST00000361521	9	0		1	1	1	1	1293	0	0.0	163	12.6	163	12.6
ACOX1	ENST00000293217	14	0		0		0		2263	0	0.0	0	0.0	0	0.0
ACOX2	ENST00000302819	14	0		2	7,9	3	7,9,10	2326	0	0.0	319	13.7	530	22.8
ACP2	ENST00000672073	11	0		0		0		1492	0	0.0	0	0.0	0	0.0
ACP4	ENST00000270593	11	1	5	1	5	2	5,10	1501	119	7.9	119	7.9	318	21.2
ACP5	ENST00000648477	4	0		0		0		1058	0	0.0	0	0.0	0	0.0
ACR	ENST00000216139	5	0		1	5	1	5	1366	0	0.0	575	42.1	575	42.1
ACSF3	ENST00000614302	9	0		0		0		1911	0	0.0	0	0.0	0	0.0
ACSL4	ENST00000672401	14	0		0		1	5	2293	0	0.0	0	0.0	130	5.7
ACSL5	ENST00000354655	20	0		0		2	7,18	2452	0	0.0	0	0.0	363	14.8
ACSL6	ENST00000651883	21	1	4	1	4	1	4	2589	85	3.3	85	3.3	85	3.3
ACSM2A	ENST00000573854	13	0		0		0		1994	0	0.0	0	0.0	0	0.0
ACSM3	ENST00000289416	13	1	11	1	11	1	11	2021	148	7.3	148	7.3	148	7.3
ACSM5	ENST00000331849	13	0		0		0		2000	0	0.0	0	0.0	0	0.0
ACTA1	ENST00000366684	6	0		0		0		1254	0	0.0	0	0.0	0	0.0
ACTA2	ENST00000224784	8	0		0		1	8	1294	0	0.0	0	0.0	202	15.6
ACTB	ENST00000646664	5	0		0		0		1228	0	0.0	0	0.0	0	0.0
ACTC1	ENST00000290378	6	0		0		0		1254	0	0.0	0	0.0	0	0.0
ACTG1	ENST00000573283	5	0		0		0		1228	0	0.0	0	0.0	0	0.0
ACTG2	ENST00000345517	8	0		0		0		1291	0	0.0	0	0.0	0	0.0
ACTL6A	ENST00000429709	14	0		0		2	3,12	1570	0	0.0	0	0.0	311	19.8
ACTL6B	ENST00000160382	14	1	1	2	1,2	2	1,2	1561	45	2.9	142	9.1	142	9.1
ACTL7A	ENST00000333999	1	0		0		0		1328	0	0.0	0	0.0	0	0.0
ACTL9	ENST00000324436	1	0		0		1	1	1271	0	0.0	0	0.0	1271	100.0
ACTN1	ENST00000394419	22	0		2	20,22	2	20,22	3185	0	0.0	265	8.3	265	8.3
ACTN2	ENST00000366578	21	0		0		1	1	3105	0	0.0	0	0.0	146	4.7
ACTN3	ENST00000513398	21	0		0		2	1,10	3126	0	0.0	0	0.0	418	13.4
ACTN4	ENST00000252699	21	0		0		0		3156	0	0.0	0	0.0	0	0.0
ACVR1	ENST00000434821	9	0		0		0		1710	0	0.0	0	0.0	0	0.0
ACVR1B	ENST00000257963	9	1	1	1	1	3	1,4,7	1698	111	6.5	111	6.5	507	29.9
ACVR2B	ENST00000352511	11	1	1	1	1	1	1	1759	72	4.1	72	4.1	72	4.1
ACVRL1	ENST00000388922	9	0		0		0		1692	0	0.0	0	0.0	0	0.0
ACY1	ENST00000636358	14	0		0		0		1507	0	0.0	0	0.0	0	0.0
ACY3	ENST00000255082	6	0		0		0		1080	0	0.0	0	0.0	0	0.0
ADA	ENST00000372874	12	0		0		0		1332	0	0.0	0	0.0	0	0.0
ADA2	ENST00000399837	9	0		0		0		1716	0	0.0	0	0.0	0	0.0
ADAM10	ENST00000260408	16	0		0		0		2567	0	0.0	0	0.0	0	0.0
ADAM17	ENST00000310823	19	2	7,10	2	7,10	6	2,4,5,7,9,10	2855	219	7.7	219	7.7	835	29.2
ADAM20	ENST00000256389	1	0		0		0		2201	0	0.0	0	0.0	0	0.0
ADAM21	ENST00000603540	1	0		0		0		2189	0	0.0	0	0.0	0	0.0
ADAM22	ENST00000413139	32	0		0		5	15,21,24,26,27	3535	0	0.0	0	0.0	634	17.9
ADAM9	ENST00000487273	22	0		0		0		2900	0	0.0	0	0.0	0	0.0
ADAMTS1	ENST00000284984	9	0		1	1	4	1,2,6,8	3084	0	0.0	750	24.3	1520	49.3
ADAMTS10	ENST00000597188	24	0		1	24	1	24	3792	0	0.0	197	5.2	197	5.2
ADAMTS13	ENST00000355699	29	1	7	1	7	1	7	4696	158	3.4	158	3.4	158	3.4
ADAMTS15	ENST00000299164	8	0		1	5	4	1,4,5,8	3013	0	0.0	198	6.6	2274	75.5
ADAMTS16	ENST00000274181	23	0		0		6	3,4,10,13,19,22	4135	0	0.0	0	0.0	1385	33.5
ADAMTS17	ENST00000268070	22	1	2	1	2	1	2	3728	391	10.5	391	10.5	391	10.5
ADAMTS18	ENST00000282849	23	0		0		1	1	4126	0	0.0	0	0.0	110	2.7
ADAMTS19	ENST00000274487	23	2	2,22	3	2,3,22	11	2,3,4,8,9,11,15,17,19,21,22	4102	874	21.3	1060	25.8	2310	56.3
ADAMTS2	ENST00000251582	22	1	1	1	1	1	1	4076	159	3.9	159	3.9	159	3.9
ADAMTS3	ENST00000286657	22	0		1	4	9	3,4,8,10,11,12,14,18,22	4058	0	0.0	177	4.4	2112	52.0
ADAMTS4	ENST00000367996	9	2	3,7	5	3,5,6,7,9	6	1,3,5,6,7,9	2694	349	13.0	1310	48.6	1963	72.9
ADAMTS6	ENST00000381055	24	2	13,17	2	13,17	9	4,11,13,17,19,20,21,23,24	3834	310	8.1	310	8.1	1528	39.9
ADAMTS7	ENST00000388820	24	1	1	2	1,20	3	1,20,22	5541	120	2.2	293	5.3	460	8.3
ADAMTS9	ENST00000498707	39	2	16,17	2	16,17	12	3,4,5,13,16,17,18,19,21,26,28,32	6588	303	4.6	303	4.6	2286	34.7
ADAMTSL2	ENST00000651351	18	0		0		1	10	3216	0	0.0	0	0.0	357	11.1
ADAMTSL4	ENST00000271643	17	0		0		0		3565	0	0.0	0	0.0	0	0.0
ADAMTSL5	ENST00000330475	11	0		1	2	2	2,12	1636	0	0.0	119	7.3	441	27.0
ADAR	ENST00000368474	15	0		0		0		3981	0	0.0	0	0.0	0	0.0
ADARB1	ENST00000348831	9	1	8	1	8	2	8,11	2286	189	8.3	189	8.3	389	17.0
ADAT3	ENST00000329478	1	0		0		1	2	1124	0	0.0	0	0.0	1124	100.0
ADCK1	ENST00000238561	10	0		0		1	5	1772	0	0.0	0	0.0	179	10.1
ADCK2	ENST00000072869	8	0		0		0		2041	0	0.0	0	0.0	0	0.0
ADCK5	ENST00000308860	15	0		1	1	5	1,3,8,9,12	2043	0	0.0	32	1.6	570	27.9
ADCY1	ENST00000297323	20	1	1	1	1	3	1,13,16	3760	659	17.5	659	17.5	1100	29.3
ADCY10	ENST00000367851	32	0		0		0		5473	0	0.0	0	0.0	0	0.0
ADCY2	ENST00000338316	25	0		1	1	2	1,9	3776	0	0.0	230	6.1	383	10.1
ADCY3	ENST00000679454	21	2	20,22	2	20,22	2	20,22	3855	347	9.0	347	9.0	347	9.0
ADCY5	ENST00000462833	21	1	1	1	1	3	1,5,17	4206	1154	27.4	1154	27.4	1455	34.6
ADCY6	ENST00000357869	21	0		1	6	2	6,19	3927	0	0.0	148	3.8	432	11.0
ADCY7	ENST00000673801	25	0		1	11	2	9,11	3743	0	0.0	212	5.7	391	10.4
ADCYAP1R1	ENST00000304166	15	0		0		0		1707	0	0.0	0	0.0	0	0.0
ADD1	ENST00000683351	15	0		1	2	3	2,7,9	2700	0	0.0	215	8.0	576	21.3
ADD3	ENST00000356080	14	0		1	2	6	2,4,5,6,9,15	2401	0	0.0	215	9.0	1174	48.9
ADGRA3	ENST00000334304	19	2	1,15	2	1,15	10	1,5,6,8,10,11,12,15,17,19	4346	422	9.7	422	9.7	2891	66.5
ADGRE2	ENST00000315576	20	0		0		1	16	2872	0	0.0	0	0.0	256	8.9
ADGRF4	ENST00000283303	8	0		1	5	2	4,5	2248	0	0.0	272	12.1	444	19.8
ADGRG1	ENST00000562631	13	0		0		0		2324	0	0.0	0	0.0	0	0.0
ADGRG2	ENST00000379869	27	0		4	5,23,24,26	15	4,5,7,13,16,17,18,19,21,23,24,26,27,28,29	3594	0	0.0	803	22.3	2475	68.9
ADGRG4	ENST00000394143	23	2	17,23	7	5,7,11,17,21,23,25	17	5,6,7,10,11,12,13,14,15,16,17,19,20,21,23,24,25	9703	444	4.6	1855	19.1	9245	95.3
ADGRG6	ENST00000367609	25	2	4,9	6	4,9,13,16,22,25	15	3,4,6,9,10,13,14,15,16,19,20,22,23,24,25	4253	727	17.1	1601	37.6	3315	77.9
ADGRL1	ENST00000361434	22	0		0		1	20	4850	0	0.0	0	0.0	117	2.4
ADGRV1	ENST00000405460	90	6	2,7,21,78,88,90	31	2,7,9,14,17,18,19,21,23,29,33,34,43,44,49,51,54,56,57,63,64,68,69,70,72,77,78,80,82,88,90	66	2,3,4,5,6,7,9,10,11,13,14,17,18,19,21,22,23,24,27,28,29,30,33,34,37,38,41,42,43,44,45,47,49,51,52,53,54,55,56,57,59,60,62,63,64,65,67,68,69,70,72,73,74,77,78,80,81,82,83,84,85,86,87,88,89,90	20721	1964	9.5	8655	41.8	16233	78.3
ADH1B	ENST00000305046	9	0		1	2	4	2,4,7,8	1308	0	0.0	122	9.3	545	41.7
ADH1C	ENST00000515683	9	0		1	2	5	2,4,6,7,8	1308	0	0.0	122	9.3	826	63.1
ADH5	ENST00000296412	9	0		0		2	1,8	1305	0	0.0	0	0.0	191	14.6
ADIPOQ	ENST00000320741	2	1	3	1	3	1	3	775	541	69.8	541	69.8	541	69.8
ADIPOR1	ENST00000340990	7	0		0		2	6,8	1268	0	0.0	0	0.0	357	28.2
ADK	ENST00000539909	11	0		0		0		1309	0	0.0	0	0.0	0	0.0
ADNP	ENST00000621696	3	0		0		0		3369	0	0.0	0	0.0	0	0.0
ADORA2A	ENST00000337539	2	0		1	3	1	3	1279	0	0.0	927	72.5	927	72.5
ADPRM	ENST00000379774	3	0		1	4	2	2,4	1089	0	0.0	331	30.4	952	87.4
ADPRS	ENST00000373178	6	0		0		1	6	1212	0	0.0	0	0.0	310	25.6
ADRA1B	ENST00000306675	2	1	2	1	2	1	2	1603	634	39.6	634	39.6	634	39.6
ADRA2A	ENST00000280155	1	1	1	1	1	1	1	1418	1418	100.0	1418	100.0	1418	100.0
ADRA2B	ENST00000620793	1	0		0		0		1373	0	0.0	0	0.0	0	0.0
ADRA2C	ENST00000330055	1	1	1	1	1	1	1	1409	1409	100.0	1409	100.0	1409	100.0
ADRB1	ENST00000369295	1	1	1	1	1	1	1	1454	1454	100.0	1454	100.0	1454	100.0
ADRB2	ENST00000305988	1	0		0		0		1262	0	0.0	0	0.0	0	0.0
ADRB3	ENST00000345060	2	0		0		0		1267	0	0.0	0	0.0	0	0.0
ADSL	ENST00000623063	13	0		0		0		1715	0	0.0	0	0.0	0	0.0
ADSS1	ENST00000330877	13	1	1	1	1	2	1,12	1634	212	13.0	212	13.0	382	23.4
AEBP1	ENST00000223357	21	1	14	4	2,4,12,14	7	1,2,4,5,12,14,17	3897	106	2.7	665	17.1	1281	32.9
AFAP1L1	ENST00000296721	19	1	1	1	1	2	1,2	2687	36	1.3	36	1.3	185	6.9
AFAP1L2	ENST00000304129	19	0		0		1	11	2837	0	0.0	0	0.0	232	8.2
AFDN	ENST00000683244	34	1	33	1	33	8	1,5,8,11,19,29,32,33	6176	105	1.7	105	1.7	1683	27.3
AFF1	ENST00000395146	20	0		0		2	12,20	4057	0	0.0	0	0.0	1197	29.5
AFF2	ENST00000370460	21	0		4	2,3,11,16	16	2,3,5,8,9,10,11,12,13,14,15,16,18,19,20,21	4356	0	0.0	2222	51.0	4003	91.9
AFF3	ENST00000672756	22	2	9,15	2	9,15	4	4,7,9,15	4121	1216	29.5	1216	29.5	1695	41.1
AFF4	ENST00000265343	20	0		0		3	3,11,13	3892	0	0.0	0	0.0	2014	51.7
AFG2A	ENST00000274008	16	1	11	3	5,11,16	7	5,6,9,11,14,15,16	3002	230	7.7	1089	36.3	1847	61.5
AFG2B	ENST00000305560	8	0		0		1	2	2422	0	0.0	0	0.0	206	8.5
AFG3L2	ENST00000269143	17	1	1	1	1	1	1	2734	134	4.9	134	4.9	134	4.9
AFP	ENST00000395792	14	0		0		1	8	2110	0	0.0	0	0.0	235	11.1
AGA	ENST00000264595	9	0		0		0		1221	0	0.0	0	0.0	0	0.0
AGAP1	ENST00000304032	18	0		0		3	6,8,11	2934	0	0.0	0	0.0	520	17.7
AGBL1	ENST00000614907	23	2	1,23	2	1,23	7	1,3,8,11,18,21,23	3826	299	7.8	299	7.8	1651	43.2
AGBL2	ENST00000525123	18	0		1	6	5	6,9,10,12,17	3069	0	0.0	134	4.4	1386	45.2
AGBL4	ENST00000371839	14	0		0		3	2,3,10	1792	0	0.0	0	0.0	461	25.7
AGBL5	ENST00000360131	14	0		0		3	2,4,8	2941	0	0.0	0	0.0	609	20.7
AGFG2	ENST00000300176	12	1	6	2	1,6	3	1,4,6	1686	146	8.7	387	23.0	561	33.3
AGK	ENST00000649286	15	1	12	2	12,14	7	6,10,11,12,13,14,16	1569	171	10.9	262	16.7	829	52.8
AGL	ENST00000361915	33	0		1	6	1	6	5259	0	0.0	202	3.8	202	3.8
AGMO	ENST00000342526	13	1	11	1	11	3	3,9,11	1598	103	6.4	103	6.4	430	26.9
AGO1	ENST00000373204	19	1	19	2	7,19	3	7,12,19	2954	129	4.4	237	8.0	442	15.0
AGO2	ENST00000220592	19	1	1	3	1,8,11	3	1,8,11	2960	42	1.4	364	12.3	364	12.3
AGO3	ENST00000373191	19	0		3	1,11,15	8	1,2,3,5,11,12,13,15	2963	0	0.0	408	13.8	1283	43.3
AGPAT2	ENST00000371696	6	0		0		1	1	957	0	0.0	0	0.0	202	21.1
AGPAT3	ENST00000291572	8	0		0		0		1291	0	0.0	0	0.0	0	0.0
AGPAT5	ENST00000285518	8	0		0		2	2,5	1255	0	0.0	0	0.0	201	16.0
AGPS	ENST00000264167	20	0		1	1	1	1	2377	0	0.0	280	11.8	280	11.8
AGR2	ENST00000419304	7	0		0		1	2	668	0	0.0	0	0.0	159	23.8
AGRN	ENST00000379370	36	1	1	2	1,5	5	1,2,4,5,18	6858	221	3.2	466	6.8	1343	19.6
AGRP	ENST00000290953	3	0		0		1	2	459	0	0.0	0	0.0	150	32.7
AGT	ENST00000366667	4	0		0		0		1511	0	0.0	0	0.0	0	0.0
AGTPBP1	ENST00000357081	25	0		2	11,14	10	6,10,11,14,15,17,19,20,23,26	4181	0	0.0	931	22.3	2289	54.7
AGTR1	ENST00000349243	1	0		0		0		1100	0	0.0	0	0.0	0	0.0
AGTR2	ENST00000371906	1	0		0		1	3	1112	0	0.0	0	0.0	1112	100.0
AGXT	ENST00000307503	11	0		0		1	2	1399	0	0.0	0	0.0	213	15.2
AGXT2	ENST00000231420	14	0		0		0		1825	0	0.0	0	0.0	0	0.0
AHCY	ENST00000217426	10	0		0		0		1499	0	0.0	0	0.0	0	0.0
AHDC1	ENST00000673934	1	0		0		1	8	4832	0	0.0	0	0.0	4832	100.0
AHI1	ENST00000265602	26	1	7	4	7,10,12,21	12	7,8,9,10,12,13,14,15,17,19,21,25	4111	580	14.1	1216	29.6	2589	63.0
AHNAK2	ENST00000333244	7	1	1	1	1	1	1	17528	75	0.4	75	0.4	75	0.4
AHR	ENST00000242057	11	0		1	6	6	2,3,4,6,8,10	2767	0	0.0	151	5.5	1989	71.9
AHSG	ENST00000411641	7	0		0		2	4,7	1244	0	0.0	0	0.0	549	44.1
AICDA	ENST00000229335	5	0		0		0		697	0	0.0	0	0.0	0	0.0
AIFM1	ENST00000287295	16	0		0		0		2162	0	0.0	0	0.0	0	0.0
AIMP1	ENST00000672341	6	0		0		0		1059	0	0.0	0	0.0	0	0.0
AIMP2	ENST00000223029	4	0		1	1	2	1,4	1043	0	0.0	155	14.9	564	54.1
AIP	ENST00000279146	6	0		0		0		1113	0	0.0	0	0.0	0	0.0
AIPL1	ENST00000381129	6	0		0		0		1275	0	0.0	0	0.0	0	0.0
AIRE	ENST00000291582	14	0		0		1	12	1918	0	0.0	0	0.0	123	6.4
AJAP1	ENST00000378191	5	0		0		1	2	1336	0	0.0	0	0.0	820	61.4
AK1	ENST00000644144	6	0		0		0		705	0	0.0	0	0.0	0	0.0
AK2	ENST00000672715	6	0		0		0		840	0	0.0	0	0.0	0	0.0
AK7	ENST00000267584	18	0		0		1	11	2532	0	0.0	0	0.0	149	5.9
AK9	ENST00000424296	40	1	18	4	18,23,29,41	17	6,13,18,19,22,23,26,27,28,29,31,32,34,36,38,40,41	6536	177	2.7	704	10.8	3024	46.3
AKAP10	ENST00000225737	15	2	1,3	2	1,3	4	1,3,4,9	2289	311	13.6	311	13.6	1054	46.0
AKAP3	ENST00000228850	3	0		0		0		2622	0	0.0	0	0.0	0	0.0
AKAP6	ENST00000280979	12	0		0		7	2,5,7,8,10,11,12	7200	0	0.0	0	0.0	1488	20.7
AKAP7	ENST00000431975	8	1	1	2	1,8	5	1,2,4,7,8	1207	39	3.2	256	21.2	733	60.7
AKAP9	ENST00000356239	50	0		0		3	17,31,33	12724	0	0.0	0	0.0	1974	15.5
AKNA	ENST00000374088	21	0		0		4	2,3,15,21	4740	0	0.0	0	0.0	1777	37.5
AKR1B1	ENST00000285930	10	0		0		0		1151	0	0.0	0	0.0	0	0.0
AKR1B15	ENST00000457545	10	0		0		2	3,6	1235	0	0.0	0	0.0	268	21.7
AKR1C2	ENST00000380753	9	0		0		1	2	1152	0	0.0	0	0.0	188	16.3
AKR1C4	ENST00000263126	9	0		1	2	3	1,2,6	1152	0	0.0	188	16.3	422	36.6
AKR1D1	ENST00000242375	9	0		0		0		1161	0	0.0	0	0.0	0	0.0
AKR1E2	ENST00000298375	10	1	1	1	1	1	1	1163	59	5.1	59	5.1	59	5.1
AKT1	ENST00000649815	13	1	5	2	5,11	2	5,11	1703	132	7.8	281	16.5	281	16.5
AKT2	ENST00000392038	13	0		0		0		1706	0	0.0	0	0.0	0	0.0
AKT3	ENST00000673466	13	1	11	11	3,4,5,6,7,8,9,10,11,12,13	12	3,4,5,6,7,8,9,10,11,12,13,14	1700	235	13.8	1528	89.9	1634	96.1
ALAD	ENST00000409155	11	0		0		0		1213	0	0.0	0	0.0	0	0.0
ALAS2	ENST00000650242	10	0		0		2	9,10	1964	0	0.0	0	0.0	472	24.0
ALB	ENST00000295897	14	0		0		0		2110	0	0.0	0	0.0	0	0.0
ALDH18A1	ENST00000371224	17	0		0		0		2728	0	0.0	0	0.0	0	0.0
ALDH1A1	ENST00000297785	13	0		0		3	7,9,11	1766	0	0.0	0	0.0	517	29.3
ALDH1A2	ENST00000249750	13	0		0		0		1817	0	0.0	0	0.0	0	0.0
ALDH1A3	ENST00000329841	13	1	5	1	5	3	4,5,10	1799	82	4.6	82	4.6	417	23.2
ALDH1B1	ENST00000377698	1	0		0		0		1574	0	0.0	0	0.0	0	0.0
ALDH1L2	ENST00000258494	23	0		0		4	1,4,13,21	3232	0	0.0	0	0.0	551	17.0
ALDH2	ENST00000261733	13	0		1	10	2	5,10	1814	0	0.0	185	10.2	317	17.5
ALDH3A2	ENST00000176643	10	0		0		0		1658	0	0.0	0	0.0	0	0.0
ALDH4A1	ENST00000375341	15	0		0		1	1	1992	0	0.0	0	0.0	82	4.1
ALDH5A1	ENST00000357578	10	1	1	1	1	1	1	1808	374	20.7	374	20.7	374	20.7
ALDH6A1	ENST00000553458	12	0		0		0		1848	0	0.0	0	0.0	0	0.0
ALDH7A1	ENST00000409134	18	0		0		0		1980	0	0.0	0	0.0	0	0.0
ALDOA	ENST00000642816	9	0		0		0		1437	0	0.0	0	0.0	0	0.0
ALDOB	ENST00000647789	8	0		0		0		1255	0	0.0	0	0.0	0	0.0
ALG1	ENST00000262374	13	0		0		0		1655	0	0.0	0	0.0	0	0.0
ALG10	ENST00000266483	3	0		0		0		1482	0	0.0	0	0.0	0	0.0
ALG10B	ENST00000308742	3	0		0		0		1482	0	0.0	0	0.0	0	0.0
ALG11	ENST00000521508	4	0		1	4	1	4	1559	0	0.0	292	18.7	292	18.7
ALG12	ENST00000330817	9	0		0		0		1647	0	0.0	0	0.0	0	0.0
ALG13	ENST00000394780	27	2	24,26	6	10,18,23,24,26,27	23	2,3,4,5,7,8,9,10,11,12,13,14,15,16,17,18,19,20,22,23,24,26,27	3954	452	11.4	1284	32.5	3645	92.2
ALG14	ENST00000370205	4	0		0		2	2,4	731	0	0.0	0	0.0	423	57.9
ALG2	ENST00000476832	2	0		0		1	2	1291	0	0.0	0	0.0	923	71.5
ALG3	ENST00000397676	9	0		1	9	1	9	1497	0	0.0	183	12.2	183	12.2
ALG5	ENST00000239891	10	0		0		1	8	1175	0	0.0	0	0.0	172	14.6
ALG6	ENST00000263440	14	0		0		0		1804	0	0.0	0	0.0	0	0.0
ALG8	ENST00000299626	13	0		0		0		1841	0	0.0	0	0.0	0	0.0
ALG9	ENST00000616540	15	0		0		2	1,3	2157	0	0.0	0	0.0	306	14.2
ALK	ENST00000389048	29	0		1	29	1	29	5443	0	0.0	719	13.2	719	13.2
ALKBH2	ENST00000429722	3	0		0		1	4	846	0	0.0	0	0.0	327	38.7
ALKBH8	ENST00000428149	11	0		0		4	2,4,5,12	2215	0	0.0	0	0.0	995	44.9
ALMS1	ENST00000613296	23	0		0		1	5	12967	0	0.0	0	0.0	493	3.8
ALOX12B	ENST00000647874	15	0		0		0		2406	0	0.0	0	0.0	0	0.0
ALOX15	ENST00000293761	14	0		0		0		2269	0	0.0	0	0.0	0	0.0
ALOX5	ENST00000374391	14	0		3	1,4,10	11	1,2,3,4,6,7,8,10,11,13,14	2305	0	0.0	512	22.2	1950	84.6
ALOX5AP	ENST00000380490	5	0		0		0		586	0	0.0	0	0.0	0	0.0
ALOXE3	ENST00000448843	15	0		0		1	9	2436	0	0.0	0	0.0	164	6.7
ALPG	ENST00000295453	11	0		1	8	2	1,8	1819	0	0.0	155	8.5	242	13.3
ALPI	ENST00000295463	11	0		0		0		1807	0	0.0	0	0.0	0	0.0
ALPK1	ENST00000650871	14	0		0		4	8,13,14,15	4015	0	0.0	0	0.0	696	17.3
ALPK3	ENST00000258888	14	0		1	1	5	1,5,6,8,14	5398	0	0.0	163	3.0	4112	76.2
ALPL	ENST00000374840	11	0		0		0		1795	0	0.0	0	0.0	0	0.0
ALS2	ENST00000264276	33	0		0		1	4	5634	0	0.0	0	0.0	958	17.0
ALX1	ENST00000316824	4	0		0		0		1061	0	0.0	0	0.0	0	0.0
ALX3	ENST00000647563	4	1	1	1	1	1	1	1112	297	26.7	297	26.7	297	26.7
ALX4	ENST00000652299	4	0		0		0		1316	0	0.0	0	0.0	0	0.0
AMACR	ENST00000335606	5	0		0		1	3	1249	0	0.0	0	0.0	181	14.5
AMBN	ENST00000322937	13	0		0		2	12,13	1604	0	0.0	0	0.0	631	39.3
AMBRA1	ENST00000683756	17	1	18	1	18	3	4,13,18	4237	514	12.1	514	12.1	927	21.9
AMELX	ENST00000380714	5	0		0		1	6	676	0	0.0	0	0.0	26	3.8
AMER1	ENST00000374869	1	0		0		0		3428	0	0.0	0	0.0	0	0.0
AMFR	ENST00000290649	14	1	1	1	1	3	1,3,9	2212	275	12.4	275	12.4	671	30.3
AMH	ENST00000221496	5	0		2	1,5	3	1,4,5	1783	0	0.0	1311	73.5	1491	83.6
AMHR2	ENST00000257863	11	0		0		0		1942	0	0.0	0	0.0	0	0.0
AMIGO2	ENST00000550413	1	0		0		1	3	1589	0	0.0	0	0.0	1589	100.0
AMMECR1	ENST00000262844	6	0		4	1,2,4,5	5	1,2,3,4,5	1122	0	0.0	852	75.9	987	88.0
AMN	ENST00000299155	12	1	10	2	6,10	2	6,10	1602	183	11.4	341	21.3	341	21.3
AMOTL1	ENST00000433060	13	0		0		5	2,3,7,9,12	3131	0	0.0	0	0.0	1785	57.0
AMPD1	ENST00000520113	16	0		0		1	10	2564	0	0.0	0	0.0	184	7.2
AMPD2	ENST00000528667	18	1	14	1	14	1	14	2838	147	5.2	147	5.2	147	5.2
AMPD3	ENST00000396553	14	0		0		0		2584	0	0.0	0	0.0	0	0.0
AMT	ENST00000273588	9	0		0		0		1392	0	0.0	0	0.0	0	0.0
AMTN	ENST00000339336	8	0		1	3	1	3	790	0	0.0	104	13.2	104	13.2
AMZ1	ENST00000683327	6	0		2	5,7	2	5,7	1617	0	0.0	759	46.9	759	46.9
ANAPC1	ENST00000341068	47	0		1	15	2	15,19	6775	0	0.0	161	2.4	450	6.6
ANAPC7	ENST00000455511	11	0		0		2	2,10	1918	0	0.0	0	0.0	378	19.7
ANG	ENST00000397990	1	0		0		0		464	0	0.0	0	0.0	0	0.0
ANGPT1	ENST00000517746	9	0		0		4	1,4,6,9	1677	0	0.0	0	0.0	873	52.1
ANGPT2	ENST00000629816	9	0		1	4	3	1,4,7	1668	0	0.0	253	15.2	748	44.8
ANGPTL3	ENST00000371129	7	0		1	1	1	1	1523	0	0.0	515	33.8	515	33.8
ANGPTL4	ENST00000301455	7	0		0		0		1361	0	0.0	0	0.0	0	0.0
ANGPTL6	ENST00000253109	5	1	2	1	2	1	2	1513	602	39.8	602	39.8	602	39.8
ANGPTL8	ENST00000252453	4	0		0		0		677	0	0.0	0	0.0	0	0.0
ANK1	ENST00000289734	42	1	16	1	16	2	16,38	6483	119	1.8	119	1.8	698	10.8
ANK2	ENST00000357077	46	0		0		0		12794	0	0.0	0	0.0	0	0.0
ANK3	ENST00000280772	43	1	5	4	5,25,32,42	10	5,6,9,19,25,27,30,32,40,42	13994	119	0.9	890	6.4	1971	14.1
ANKDD1B	ENST00000601380	14	4	1,12,13,14	5	1,10,12,13,14	7	1,3,9,10,12,13,14	1867	669	35.8	788	42.2	1026	55.0
ANKFY1	ENST00000341657	25	0		1	22	3	10,15,22	4010	0	0.0	145	3.6	554	13.8
ANKH	ENST00000284268	12	0		0		0		1719	0	0.0	0	0.0	0	0.0
ANKLE2	ENST00000357997	13	1	1	2	1,8	4	1,2,8,11	3077	201	6.5	394	12.8	1485	48.3
ANKRD1	ENST00000371697	9	0		0		0		1140	0	0.0	0	0.0	0	0.0
ANKRD11	ENST00000301030	11	0		0		0		8212	0	0.0	0	0.0	0	0.0
ANKRD16	ENST00000380094	7	1	1	1	1	1	1	1226	334	27.2	334	27.2	334	27.2
ANKRD17	ENST00000358602	34	1	15	4	9,10,15,26	17	1,2,4,6,8,9,10,13,15,17,18,19,24,26,28,32,33	8492	773	9.1	1583	18.6	4166	49.1
ANKRD24	ENST00000318934	21	1	18	1	18	3	10,18,19	3861	1634	42.3	1634	42.3	2030	52.6
ANKRD26	ENST00000376087	34	0		1	31	1	31	5813	0	0.0	238	4.1	238	4.1
ANKRD30A	ENST00000361713	35	0		3	1,9,34	14	1,2,3,5,7,8,9,10,14,17,31,32,33,34	4894	0	0.0	1287	26.3	3189	65.2
ANKRD31	ENST00000506364	26	2	15,25	4	7,14,15,25	13	7,8,10,11,12,14,15,18,21,22,23,25,26	6313	283	4.5	2412	38.2	4855	76.9
ANKRD33B	ENST00000296657	4	1	1	2	1,4	2	1,4	1565	386	24.7	1254	80.1	1254	80.1
ANKRD36	ENST00000420699	75	0		0		6	3,5,12,34,52,56	7248	0	0.0	0	0.0	718	9.9
ANKRD54	ENST00000215941	8	0		1	1	1	1	1063	0	0.0	348	32.7	348	32.7
ANKS1A	ENST00000360359	24	2	1,8	2	1,8	5	1,4,8,11,18	3885	434	11.2	434	11.2	1504	38.7
ANKS1B	ENST00000683438	27	0		3	1,4,13	11	1,3,4,7,8,9,10,11,13,18,19	4398	0	0.0	1081	24.6	2414	54.9
ANKS3	ENST00000304283	15	0		0		0		2271	0	0.0	0	0.0	0	0.0
ANKS6	ENST00000353234	15	1	1	1	1	4	1,2,9,12	2916	379	13.0	379	13.0	1330	45.6
ANKZF1	ENST00000323348	13	0		0		1	8	2441	0	0.0	0	0.0	249	10.2
ANLN	ENST00000265748	24	0		1	6	10	2,3,4,6,8,11,13,14,20,23	3855	0	0.0	211	5.5	2118	54.9
ANO1	ENST00000355303	26	1	2	1	2	1	2	3481	353	10.1	353	10.1	353	10.1
ANO10	ENST00000292246	12	0		0		0		2223	0	0.0	0	0.0	0	0.0
ANO3	ENST00000256737	27	0		1	23	10	2,4,5,8,11,15,22,23,24,26	3486	0	0.0	173	5.0	1551	44.5
ANO4	ENST00000392977	26	0		2	26,27	7	3,22,23,24,25,26,27	3388	0	0.0	338	10.0	1107	32.7
ANO5	ENST00000324559	22	0		0		0		3182	0	0.0	0	0.0	0	0.0
ANO6	ENST00000320560	20	0		0		0		3133	0	0.0	0	0.0	0	0.0
ANO7	ENST00000674324	24	0		1	13	3	13,19,21	3120	0	0.0	158	5.1	487	15.6
ANOS1	ENST00000262648	14	1	1	1	1	1	1	2323	227	9.8	227	9.8	227	9.8
ANTXR1	ENST00000303714	18	0		0		1	18	2055	0	0.0	0	0.0	281	13.7
ANTXR2	ENST00000403729	17	0		0		0		1807	0	0.0	0	0.0	0	0.0
ANXA11	ENST00000422982	14	0		0		2	4,5	1798	0	0.0	0	0.0	546	30.4
ANXA5	ENST00000296511	12	0		1	2	2	2,5	1203	0	0.0	29	2.4	163	13.5
ANXA6	ENST00000354546	25	0		0		1	25	2522	0	0.0	0	0.0	143	5.7
AOC1	ENST00000360937	4	0		0		3	2,3,4	2336	0	0.0	0	0.0	2049	87.7
AOPEP	ENST00000375315	15	1	12	1	12	2	2,12	2760	83	3.0	83	3.0	900	32.6
AOX1	ENST00000374700	35	0		1	22	7	10,11,14,17,22,25,33	4717	0	0.0	154	3.3	1255	26.6
AP1B1	ENST00000357586	22	0		0		1	14	3290	0	0.0	0	0.0	222	6.7
AP1G1	ENST00000299980	22	0		0		3	5,9,15	2909	0	0.0	0	0.0	346	11.9
AP1S1	ENST00000337619	5	0		0		1	2	577	0	0.0	0	0.0	199	34.5
AP1S2	ENST00000672987	5	0		0		1	5	583	0	0.0	0	0.0	29	5.0
AP1S3	ENST00000396654	5	1	1	1	1	3	1,2,4	565	23	4.1	23	4.1	380	67.3
AP2A2	ENST00000448903	22	3	12,17,21	18	2,3,4,5,6,7,8,9,10,11,12,13,14,16,17,18,19,21	22	1,2,3,4,5,6,7,8,9,10,11,12,13,14,15,16,17,18,19,20,21,22	3260	383	11.7	2798	85.8	3260	100.0
AP2M1	ENST00000292807	11	0		0		0		1528	0	0.0	0	0.0	0	0.0
AP2S1	ENST00000263270	5	0		0		0		529	0	0.0	0	0.0	0	0.0
AP3B1	ENST00000255194	27	0		0		1	16	3825	0	0.0	0	0.0	207	5.4
AP3B2	ENST00000535359	27	0		1	1	2	1,8	3846	0	0.0	133	3.5	437	11.4
AP3D1	ENST00000643116	32	0		1	23	2	17,23	4288	0	0.0	98	2.3	260	6.1
AP4B1	ENST00000369569	10	0		0		1	5	2420	0	0.0	0	0.0	517	21.4
AP4E1	ENST00000261842	21	0		1	19	3	1,6,19	3834	0	0.0	211	5.5	561	14.6
AP4M1	ENST00000359593	15	0		0		0		1662	0	0.0	0	0.0	0	0.0
AP4S1	ENST00000542754	5	0		0		0		535	0	0.0	0	0.0	0	0.0
AP5B1	ENST00000532090	2	0		0		2	1,2	2677	0	0.0	0	0.0	2677	100.0
AP5Z1	ENST00000649063	17	0		0		2	3,17	2764	0	0.0	0	0.0	498	18.0
APAF1	ENST00000551964	26	0		0		0		4267	0	0.0	0	0.0	0	0.0
APBA2	ENST00000683413	12	0		0		2	7,8	2490	0	0.0	0	0.0	222	8.9
APBA3	ENST00000316757	10	0		1	8	1	8	1928	0	0.0	233	12.1	233	12.1
APBB1	ENST00000609360	14	0		4	2,3,6,9	5	2,3,6,9,15	2413	0	0.0	1047	43.4	1235	51.2
APC	ENST00000257430	15	0		0		0		8832	0	0.0	0	0.0	0	0.0
APC2	ENST00000590469	14	1	15	1	15	2	13,15	7192	5079	70.6	5079	70.6	5216	72.5
APCDD1	ENST00000355285	5	0		0		0		1645	0	0.0	0	0.0	0	0.0
APCS	ENST00000255040	2	0		0		1	2	712	0	0.0	0	0.0	628	88.2
APEX1	ENST00000216714	4	0		0		0		1037	0	0.0	0	0.0	0	0.0
APH1A	ENST00000369109	7	0		0		0		938	0	0.0	0	0.0	0	0.0
APH1B	ENST00000261879	6	0		0		1	2	894	0	0.0	0	0.0	191	21.4
APOA1	ENST00000236850	3	0		0		0		864	0	0.0	0	0.0	0	0.0
APOA2	ENST00000367990	3	0		0		0		363	0	0.0	0	0.0	0	0.0
APOA4	ENST00000357780	3	0		0		0		1251	0	0.0	0	0.0	0	0.0
APOA5	ENST00000227665	3	0		0		0		1161	0	0.0	0	0.0	0	0.0
APOB	ENST00000233242	29	1	1	1	1	2	1,29	14272	102	0.7	102	0.7	1727	12.1
APOC2	ENST00000252490	3	0		0		0		366	0	0.0	0	0.0	0	0.0
APOC3	ENST00000227667	3	0		0		0		360	0	0.0	0	0.0	0	0.0
APOC4	ENST00000592954	3	0		0		0		444	0	0.0	0	0.0	0	0.0
APOE	ENST00000252486	3	0		0		1	4	1014	0	0.0	0	0.0	738	72.8
APOL1	ENST00000397278	5	0		0		0		1297	0	0.0	0	0.0	0	0.0
APOL2	ENST00000358502	3	0		0		0		1074	0	0.0	0	0.0	0	0.0
APOL4	ENST00000683024	4	0		1	4	1	4	1127	0	0.0	858	76.1	858	76.1
APOLD1	ENST00000356591	2	1	2	1	2	1	2	787	764	97.1	764	97.1	764	97.1
APOO	ENST00000379226	8	0		0		3	2,4,7	757	0	0.0	0	0.0	304	40.2
APP	ENST00000346798	18	0		0		0		2673	0	0.0	0	0.0	0	0.0
APPL1	ENST00000288266	22	1	8	1	8	5	8,10,11,15,19	2570	167	6.5	167	6.5	925	36.0
APRT	ENST00000378364	5	0		0		0		643	0	0.0	0	0.0	0	0.0
APTX	ENST00000379817	7	0		0		0		1169	0	0.0	0	0.0	0	0.0
AQP1	ENST00000311813	4	0		0		0		890	0	0.0	0	0.0	0	0.0
AQP2	ENST00000199280	4	0		0		0		896	0	0.0	0	0.0	0	0.0
AQP3	ENST00000297991	6	0		0		0		999	0	0.0	0	0.0	0	0.0
AQP4	ENST00000383168	5	0		0		0		1072	0	0.0	0	0.0	0	0.0
AQP5	ENST00000293599	4	0		0		1	1	878	0	0.0	0	0.0	383	43.6
AQP7	ENST00000297988	7	0		0		0		1169	0	0.0	0	0.0	0	0.0
AR	ENST00000374690	8	0		1	1	1	1	2923	0	0.0	1636	56.0	1636	56.0
ARAF	ENST00000377045	15	1	2	2	2,7	4	2,7,9,11	2121	116	5.5	278	13.1	641	30.2
ARAP3	ENST00000239440	32	0		2	17,33	4	13,17,19,33	5275	0	0.0	746	14.1	1086	20.6
ARCN1	ENST00000264028	10	0		0		2	2,5	1736	0	0.0	0	0.0	469	27.0
AREL1	ENST00000356357	18	0		0		4	5,8,9,14	2832	0	0.0	0	0.0	824	29.1
ARF1	ENST00000272102	4	0		0		0		626	0	0.0	0	0.0	0	0.0
ARF3	ENST00000256682	4	0		0		0		626	0	0.0	0	0.0	0	0.0
ARFGEF1	ENST00000262215	39	1	21	4	12,18,21,38	20	3,5,6,7,8,10,12,13,15,18,20,21,22,25,27,28,29,31,34,38	6330	179	2.8	669	10.6	3530	55.8
ARFGEF2	ENST00000371917	39	0		0		1	6	6138	0	0.0	0	0.0	255	4.2
ARFGEF3	ENST00000251691	34	1	19	2	19,33	5	10,12,19,33,34	7214	341	4.7	1580	21.9	3077	42.7
ARG1	ENST00000368087	8	0		0		1	8	1129	0	0.0	0	0.0	187	16.6
ARGLU1	ENST00000400198	4	0		0		1	2	902	0	0.0	0	0.0	246	27.3
ARHGAP19	ENST00000358531	12	0		0		1	8	1725	0	0.0	0	0.0	212	12.3
ARHGAP21	ENST00000396432	25	0		0		6	3,7,10,14,18,22	6377	0	0.0	0	0.0	1081	17.0
ARHGAP24	ENST00000395184	9	0		0		1	9	2427	0	0.0	0	0.0	1095	45.1
ARHGAP26	ENST00000645722	23	1	19	1	19	3	1,8,19	2740	159	5.8	159	5.8	483	17.6
ARHGAP29	ENST00000260526	22	0		0		8	3,7,9,14,18,20,21,23	4226	0	0.0	0	0.0	2300	54.4
ARHGAP31	ENST00000264245	12	0		1	11	1	11	4575	0	0.0	301	6.6	301	6.6
ARHGAP32	ENST00000682385	23	1	17	1	17	7	2,7,9,16,17,18,22	6766	166	2.5	166	2.5	1940	28.7
ARHGAP33	ENST00000007510	21	0		0		1	20	4284	0	0.0	0	0.0	680	15.9
ARHGAP35	ENST00000672722	6	0		0		0		4620	0	0.0	0	0.0	0	0.0
ARHGAP39	ENST00000377307	11	1	2	1	2	5	2,3,5,6,10	3565	100	2.8	100	2.8	2629	73.7
ARHGAP4	ENST00000350060	22	1	22	1	22	4	5,12,19,22	3281	254	7.7	254	7.7	784	23.9
ARHGAP42	ENST00000298815	24	0		1	20	9	2,5,8,9,10,15,18,19,20	3105	0	0.0	401	12.9	1490	48.0
ARHGDIA	ENST00000269321	5	0		1	3	2	2,3	715	0	0.0	104	14.5	314	43.9
ARHGEF1	ENST00000354532	27	1	13	1	13	3	7,9,13	3279	126	3.8	126	3.8	513	15.6
ARHGEF10	ENST00000349830	28	0		0		4	3,11,25,29	4595	0	0.0	0	0.0	1016	22.1
ARHGEF15	ENST00000361926	15	0		2	4,12	3	3,4,12	2826	0	0.0	256	9.1	609	21.5
ARHGEF18	ENST00000668164	28	9	2,3,4,5,6,7,8,9,10	10	2,3,4,5,6,7,8,9,10,27	12	2,3,4,5,6,7,8,9,10,21,26,27	4646	1147	24.7	1474	31.7	2168	46.7
ARHGEF2	ENST00000361247	22	0		1	20	1	20	3401	0	0.0	464	13.6	464	13.6
ARHGEF28	ENST00000513042	35	0		0		10	5,11,13,22,24,25,27,29,35,36	5818	0	0.0	0	0.0	2231	38.3
ARHGEF38	ENST00000420470	14	0		4	2,4,5,6	11	1,2,4,5,6,7,9,10,11,12,14	2614	0	0.0	634	24.3	2065	79.0
ARHGEF40	ENST00000298694	23	0		3	1,3,10	5	1,3,10,15,22	5020	0	0.0	1428	28.4	1834	36.5
ARHGEF6	ENST00000250617	22	0		1	1	2	1,10	2771	0	0.0	185	6.7	344	12.4
ARHGEF7	ENST00000646102	22	0		0		2	1,8	3029	0	0.0	0	0.0	301	9.9
ARHGEF9	ENST00000671741	10	0		0		2	3,4	1772	0	0.0	0	0.0	412	23.3
ARID1A	ENST00000324856	20	1	1	3	1,15,18	6	1,8,9,14,15,18	7258	1157	15.9	2240	30.9	2935	40.4
ARID1B	ENST00000636930	20	2	1,6	4	1,6,14,18	10	1,2,5,6,7,8,13,14,15,18	7519	1921	25.5	2884	38.4	4329	57.6
ARID2	ENST00000334344	21	0		1	16	6	4,11,14,16,17,20	5928	0	0.0	169	2.9	999	16.9
ARIH1	ENST00000379887	14	0		1	1	4	1,3,12,13	1954	0	0.0	395	20.2	974	49.8
ARL11	ENST00000282026	1	0		0		0		611	0	0.0	0	0.0	0	0.0
ARL13B	ENST00000394222	10	0		0		0		1487	0	0.0	0	0.0	0	0.0
ARL14EP	ENST00000282032	3	0		0		1	2	843	0	0.0	0	0.0	446	52.9
ARL2	ENST00000246747	5	0		0		0		655	0	0.0	0	0.0	0	0.0
ARL2BP	ENST00000219204	6	1	3	1	3	1	3	612	127	20.8	127	20.8	127	20.8
ARL3	ENST00000260746	6	1	1	1	1	2	1,5	669	23	3.4	23	3.4	229	34.2
ARL6	ENST00000463745	7	0		0		0		701	0	0.0	0	0.0	0	0.0
ARL6IP1	ENST00000304414	6	0		0		0		732	0	0.0	0	0.0	0	0.0
ARL6IP6	ENST00000326446	4	0		1	1	1	1	761	0	0.0	420	55.2	420	55.2
ARMC12	ENST00000373866	6	0		1	6	2	4,6	1143	0	0.0	353	30.9	547	47.9
ARMC2	ENST00000392644	17	0		0		4	8,10,11,13	2944	0	0.0	0	0.0	945	32.1
ARMC5	ENST00000268314	6	0		1	4	1	4	2928	0	0.0	514	17.6	514	17.6
ARMC9	ENST00000611582	24	2	17,25	2	17,25	4	8,17,22,25	2937	138	4.7	138	4.7	473	16.1
ARMS2	ENST00000528446	2	0		0		0		364	0	0.0	0	0.0	0	0.0
ARNT2	ENST00000303329	19	0		2	1,19	3	1,14,19	2534	0	0.0	170	6.7	314	12.4
ARPC1B	ENST00000646101	9	0		0		1	8	1299	0	0.0	0	0.0	226	17.4
ARPC3	ENST00000228825	7	0		0		0		677	0	0.0	0	0.0	0	0.0
ARPC4	ENST00000397261	6	0		0		0		627	0	0.0	0	0.0	0	0.0
ARPC5	ENST00000359856	4	0		0		1	3	536	0	0.0	0	0.0	197	36.8
ARPP21	ENST00000684406	19	0		0		3	11,14,18	2924	0	0.0	0	0.0	653	22.3
ARR3	ENST00000307959	16	0		1	8	2	8,9	1487	0	0.0	88	5.9	244	16.4
ARRB2	ENST00000269260	15	1	1	1	1	2	1,14	1530	43	2.8	43	2.8	118	7.7
ARSA	ENST00000216124	8	0		0		0		1690	0	0.0	0	0.0	0	0.0
ARSB	ENST00000264914	8	0		1	1	1	1	1762	0	0.0	332	18.8	332	18.8
ARSG	ENST00000621439	11	1	2	1	2	3	2,7,12	1798	238	13.2	238	13.2	750	41.7
ARSH	ENST00000381130	9	0		3	4,6,9	7	1,2,4,5,6,8,9	1869	0	0.0	987	52.8	1540	82.4
ARSI	ENST00000328668	2	0		1	1	1	1	1750	0	0.0	331	18.9	331	18.9
ARSK	ENST00000380009	8	0		1	8	4	3,4,5,8	1771	0	0.0	310	17.5	985	55.6
ARSL	ENST00000381134	10	0		0		1	11	1970	0	0.0	0	0.0	379	19.2
ART4	ENST00000228936	3	0		1	2	2	2,3	1005	0	0.0	729	72.5	841	83.7
ARTN	ENST00000372359	3	1	5	1	5	2	4,5	723	484	66.9	484	66.9	643	88.9
ARV1	ENST00000310256	5	0		0		1	2	916	0	0.0	0	0.0	140	15.3
ARX	ENST00000379044	5	1	2	2	2,4	3	2,4,5	1789	897	50.1	1246	69.6	1507	84.2
ASAH1	ENST00000637790	14	0		0		0		1468	0	0.0	0	0.0	0	0.0
ASB10	ENST00000420175	5	0		2	3,5	2	3,5	1504	0	0.0	746	49.6	746	49.6
ASB11	ENST00000480796	7	0		3	1,2,5	4	1,2,5,6	1112	0	0.0	456	41.0	668	60.1
ASB17	ENST00000284142	3	0		1	2	3	1,2,3	948	0	0.0	300	31.6	948	100.0
ASCC1	ENST00000672957	9	0		0		0		1254	0	0.0	0	0.0	0	0.0
ASCC3	ENST00000369162	41	0		0		0		7429	0	0.0	0	0.0	0	0.0
ASCL1	ENST00000266744	1	0		1	1	1	1	731	0	0.0	731	100.0	731	100.0
ASGR2	ENST00000691900	8	0		0		0		1081	0	0.0	0	0.0	0	0.0
ASH1L	ENST00000392403	27	1	8	3	6,8,13	10	2,5,6,8,13,16,17,19,24,27	9435	94	1.0	423	4.5	2644	28.0
ASIP	ENST00000374954	3	0		0		0		459	0	0.0	0	0.0	0	0.0
ASL	ENST00000304874	16	0		0		0		1715	0	0.0	0	0.0	0	0.0
ASNS	ENST00000394308	11	1	12	1	12	3	4,5,12	1906	176	9.2	176	9.2	640	33.6
ASPA	ENST00000263080	6	0		0		0		1062	0	0.0	0	0.0	0	0.0
ASPH	ENST00000379454	25	1	2	1	2	2	2,6	2777	170	6.1	170	6.1	319	11.5
ASPM	ENST00000367409	28	0		0		1	23	10994	0	0.0	0	0.0	212	1.9
ASPN	NM_017680.6	7	0		0		0		1283	0	0.0	0	0.0	0	0.0
ASPRV1	ENST00000320256	1	0		0		0		800	0	0.0	0	0.0	0	0.0
ASPSCR1	ENST00000306739	16	1	1	3	1,7,15	3	1,7,15	1982	122	6.2	762	38.4	762	38.4
ASRGL1	ENST00000415229	6	1	2	1	2	2	2,4	1047	210	20.1	210	20.1	388	37.1
ASS1	ENST00000352480	14	0		0		0		1519	0	0.0	0	0.0	0	0.0
ASTE1	ENST00000264992	4	0		1	6	1	6	2120	0	0.0	351	16.6	351	16.6
ASTL	ENST00000342380	9	0		1	9	1	9	1476	0	0.0	442	29.9	442	29.9
ASTN1	ENST00000361833	23	0		0		4	2,13,21,22	4345	0	0.0	0	0.0	748	17.2
ASTN2	ENST00000313400	23	1	1	2	1,3	6	1,2,3,6,7,19	4480	462	10.3	867	19.4	1599	35.7
ASXL1	ENST00000375687	13	0		0		1	1	4886	0	0.0	0	0.0	77	1.6
ASXL2	ENST00000435504	13	0		1	11	4	7,8,11,12	4568	0	0.0	126	2.8	1175	25.7
ASXL3	ENST00000269197	12	0		0		5	1,6,7,8,10	6987	0	0.0	0	0.0	662	9.5
ASZ1	ENST00000284629	13	0		0		2	12,13	1688	0	0.0	0	0.0	307	18.2
ATAD1	ENST00000680024	9	0		0		3	2,6,9	1266	0	0.0	0	0.0	463	36.6
ATAD2B	ENST00000238789	28	1	26	3	23,25,26	15	4,5,6,12,14,16,17,19,20,21,22,23,25,26,27	4937	148	3.0	995	20.2	3192	64.7
ATAD3A	ENST00000378756	16	1	1	1	1	1	1	2081	225	10.8	225	10.8	225	10.8
ATAD3B	ENST00000673477	16	1	1	2	1,16	2	1,16	2267	225	9.9	578	25.5	578	25.5
ATAD3C	ENST00000378785	12	0		0		1	7	1476	0	0.0	0	0.0	145	9.8
ATAT1	ENST00000376485	13	9	1,2,3,5,6,9,10,11,13	13	1,2,3,4,5,6,7,8,9,10,11,12,13	13	1,2,3,4,5,6,7,8,9,10,11,12,13	1526	1227	80.4	1526	100.0	1526	100.0
ATCAY	ENST00000450849	12	0		0		1	4	1356	0	0.0	0	0.0	242	17.8
ATF6	ENST00000367942	16	0		0		4	5,8,9,14	2333	0	0.0	0	0.0	603	25.8
ATG12	ENST00000509910	4	0		0		0		503	0	0.0	0	0.0	0	0.0
ATG16L1	ENST00000392017	18	1	15	1	15	1	15	2184	170	7.8	170	7.8	170	7.8
ATG16L2	ENST00000321297	18	0		1	1	2	1,5	2220	0	0.0	138	6.2	410	18.5
ATG2A	ENST00000377264	41	1	19	2	19,35	3	6,19,35	6637	205	3.1	361	5.4	480	7.2
ATG3	ENST00000283290	12	1	4	1	4	4	4,9,11,12	1185	91	7.7	91	7.7	458	38.6
ATG4A	ENST00000372232	13	1	3	3	3,8,10	7	2,3,6,8,10,11,12	1457	92	6.3	466	32.0	896	61.5
ATG4D	ENST00000309469	10	1	1	1	1	2	1,4	1625	255	15.7	255	15.7	552	34.0
ATG5	ENST00000369076	7	0		0		2	3,5	968	0	0.0	0	0.0	331	34.2
ATG7	ENST00000693202	18	0		2	9,13	5	8,9,12,13,20	2472	0	0.0	335	13.6	726	29.4
ATG9A	ENST00000361242	14	0		0		1	14	2800	0	0.0	0	0.0	243	8.7
ATIC	ENST00000236959	16	0		0		0		2099	0	0.0	0	0.0	0	0.0
ATL1	ENST00000358385	14	0		0		2	13,14	1957	0	0.0	0	0.0	166	8.5
ATL3	ENST00000398868	13	0		0		4	4,8,9,12	1886	0	0.0	0	0.0	884	46.9
ATM	ENST00000675843	62	0		0		0		10411	0	0.0	0	0.0	0	0.0
ATN1	ENST00000396684	9	0		1	5	2	3,5	3753	0	0.0	2035	54.2	2193	58.4
ATOH1	ENST00000306011	1	0		1	1	1	1	1085	0	0.0	1085	100.0	1085	100.0
ATOH7	ENST00000373673	1	1	1	1	1	1	1	479	479	100.0	479	100.0	479	100.0
ATP11A	ENST00000375645	29	1	23	1	23	4	1,11,23,27	3985	80	2.0	80	2.0	434	10.9
ATP11C	ENST00000682941	29	1	14	10	6,11,13,14,19,20,22,24,25,28	24	2,3,4,5,6,7,8,9,11,12,13,14,15,18,19,20,21,22,24,25,26,27,28,29	3970	172	4.3	1797	45.3	3523	88.7
ATP13A1	ENST00000357324	26	0		1	1	2	1,8	4135	0	0.0	416	10.1	566	13.7
ATP13A2	ENST00000326735	29	0		1	1	1	1	4123	0	0.0	30	0.7	30	0.7
ATP13A3	ENST00000645319	32	0		0		8	5,11,14,16,22,29,30,31	4411	0	0.0	0	0.0	1446	32.8
ATP13A5	ENST00000342358	30	0		1	26	6	7,10,12,14,19,26	4257	0	0.0	195	4.6	1102	25.9
ATP1A1	ENST00000295598	23	0		0		2	16,18	3532	0	0.0	0	0.0	333	9.4
ATP1A2	ENST00000361216	23	0		0		0		3523	0	0.0	0	0.0	0	0.0
ATP1A3	ENST00000648268	23	0		0		0		3502	0	0.0	0	0.0	0	0.0
ATP1A4	ENST00000368081	22	0		0		2	6,14	3530	0	0.0	0	0.0	309	8.8
ATP1B1	ENST00000367815	6	0		0		1	6	1032	0	0.0	0	0.0	284	27.5
ATP2A1	ENST00000395503	22	0		0		0		3425	0	0.0	0	0.0	0	0.0
ATP2A2	ENST00000539276	20	0		0		0		3529	0	0.0	0	0.0	0	0.0
ATP2B1	ENST00000428670	20	2	10,13	3	10,13,21	10	2,4,6,8,10,11,13,16,18,21	4063	463	11.4	795	19.6	2347	57.8
ATP2B2	ENST00000360273	22	0		0		0		4172	0	0.0	0	0.0	0	0.0
ATP2B3	ENST00000263519	20	0		0		3	9,17,22	4063	0	0.0	0	0.0	738	18.2
ATP2B4	ENST00000357681	20	0		4	4,5,16,21	5	2,4,5,16,21	4018	0	0.0	965	24.0	1178	29.3
ATP2C1	ENST00000510168	27	0		0		0		3300	0	0.0	0	0.0	0	0.0
ATP2C2	ENST00000262429	27	0		0		3	21,24,26	3381	0	0.0	0	0.0	517	15.3
ATP4A	ENST00000262623	22	0		0		2	13,14	3548	0	0.0	0	0.0	328	9.2
ATP5F1A	ENST00000398752	12	0		0		3	3,6,7	1902	0	0.0	0	0.0	531	27.9
ATP5F1B	ENST00000262030	10	0		0		0		1790	0	0.0	0	0.0	0	0.0
ATP5F1C	ENST00000356708	9	0		1	6	2	6,7	1077	0	0.0	85	7.9	261	24.2
ATP5F1D	ENST00000215375	4	0		1	1	1	1	587	0	0.0	161	27.4	161	27.4
ATP5F1E	ENST00000243997	2	0		0		0		196	0	0.0	0	0.0	0	0.0
ATP5MC1	ENST00000393366	4	0		0		0		491	0	0.0	0	0.0	0	0.0
ATP5MC2	ENST00000394349	4	0		0		0		506	0	0.0	0	0.0	0	0.0
ATP5MC3	ENST00000284727	4	0		0		1	4	509	0	0.0	0	0.0	214	42.0
ATP5ME	ENST00000304312	4	0		0		0		290	0	0.0	0	0.0	0	0.0
ATP5MK	ENST00000369815	2	0		0		0		217	0	0.0	0	0.0	0	0.0
ATP5PB	ENST00000369722	7	0		1	6	4	1,3,4,6	911	0	0.0	200	22.0	610	67.0
ATP5PF	ENST00000284971	3	0		0		0		387	0	0.0	0	0.0	0	0.0
ATP5PO	ENST00000290299	7	0		0		1	7	782	0	0.0	0	0.0	134	17.1
ATP6AP1	ENST00000369762	10	0		1	1	2	1,4	1613	0	0.0	181	11.2	395	24.5
ATP6AP2	ENST00000636580	9	0		0		0		1233	0	0.0	0	0.0	0	0.0
ATP6V0A1	ENST00000343619	21	1	6	1	6	4	6,11,13,15	2934	103	3.5	103	3.5	588	20.0
ATP6V0A2	ENST00000330342	20	0		0		0		2971	0	0.0	0	0.0	0	0.0
ATP6V0A4	ENST00000310018	20	0		0		0		2923	0	0.0	0	0.0	0	0.0
ATP6V0C	ENST00000330398	3	0		0		1	3	528	0	0.0	0	0.0	225	42.6
ATP6V0D1	ENST00000290949	8	0		0		0		1216	0	0.0	0	0.0	0	0.0
ATP6V0D2	ENST00000285393	8	0		1	8	4	2,3,6,8	1213	0	0.0	182	15.0	770	63.5
ATP6V1A	ENST00000273398	14	0		0		0		2134	0	0.0	0	0.0	0	0.0
ATP6V1B1	ENST00000234396	14	0		0		0		1822	0	0.0	0	0.0	0	0.0
ATP6V1B2	ENST00000276390	14	0		0		2	1,13	1816	0	0.0	0	0.0	306	16.9
ATP6V1C1	ENST00000518738	12	0		1	5	6	2,5,8,11,12,13	1389	0	0.0	115	8.3	737	53.1
ATP6V1C2	ENST00000272238	13	1	10	1	10	1	10	1544	114	7.4	114	7.4	114	7.4
ATP6V1E1	ENST00000253413	9	0		0		0		861	0	0.0	0	0.0	0	0.0
ATP7A	ENST00000341514	22	0		0		2	3,4	4943	0	0.0	0	0.0	1256	25.4
ATP7B	ENST00000242839	21	0		0		0		4818	0	0.0	0	0.0	0	0.0
ATP8A2	ENST00000381655	37	1	1	4	1,25,26,27	7	1,10,12,25,26,27,28	4307	96	2.2	624	14.5	999	23.2
ATP8B1	ENST00000648908	27	0		0		0		4296	0	0.0	0	0.0	0	0.0
ATP8B2	ENST00000368489	27	0		0		1	12	4113	0	0.0	0	0.0	217	5.3
ATP9A	ENST00000338821	28	2	5,25	5	1,2,5,21,25	6	1,2,5,12,21,25	3704	208	5.6	626	16.9	789	21.3
ATPAF1	ENST00000574428	9	1	1	1	1	1	1	1167	286	24.5	286	24.5	286	24.5
ATPAF2	ENST00000474627	8	0		0		0		1030	0	0.0	0	0.0	0	0.0
ATR	ENST00000350721	47	0		0		1	30	8875	0	0.0	0	0.0	112	1.3
ATRIP	ENST00000320211	13	0		1	1	2	1,3	2636	0	0.0	267	10.1	458	17.4
ATRN	ENST00000262919	29	1	1	1	1	12	1,3,6,8,9,10,15,16,18,21,22,24	4870	430	8.8	430	8.8	2467	50.7
ATRNL1	ENST00000355044	29	0		3	1,24,29	19	1,3,4,5,6,7,8,9,10,12,15,16,17,18,19,22,24,26,29	4720	0	0.0	633	13.4	3588	76.0
ATRX	ENST00000373344	35	0		0		4	9,18,21,29	8179	0	0.0	0	0.0	3655	44.7
ATXN1	ENST00000436367	2	0		0		0		2488	0	0.0	0	0.0	0	0.0
ATXN10	ENST00000252934	12	0		0		0		1668	0	0.0	0	0.0	0	0.0
ATXN2	ENST00000673436	25	0		1	1	9	1,4,5,7,9,15,17,22,24	3968	0	0.0	271	6.8	1698	42.8
ATXN2L	ENST00000336783	22	1	1	3	1,16,22	5	1,6,13,16,22	3668	319	8.7	839	22.9	1075	29.3
ATXN3	ENST00000644486	11	0		0		1	11	1306	0	0.0	0	0.0	115	8.8
ATXN7	ENST00000674280	11	1	3	1	3	1	3	2899	345	11.9	345	11.9	345	11.9
ATXN7L3	ENST00000587097	12	0		0		1	11	1284	0	0.0	0	0.0	92	7.2
AUH	ENST00000375731	10	0		1	1	1	1	1220	0	0.0	282	23.1	282	23.1
AURKA	ENST00000395915	8	0		0		0		1372	0	0.0	0	0.0	0	0.0
AURKC	ENST00000302804	7	0		0		0		1070	0	0.0	0	0.0	0	0.0
AUTS2	ENST00000342771	19	1	1	2	1,19	3	1,7,19	4160	329	7.9	1598	38.4	2090	50.2
AVIL	ENST00000549994	19	0		0		0		2840	0	0.0	0	0.0	0	0.0
AVP	ENST00000380293	3	1	3	1	3	2	2,3	555	193	34.8	193	34.8	415	74.8
AVPR1A	ENST00000299178	2	0		0		1	2	1297	0	0.0	0	0.0	307	23.7
AVPR2	ENST00000646375	3	0		0		0		1176	0	0.0	0	0.0	0	0.0
AXIN1	ENST00000262320	10	0		1	2	1	2	2789	0	0.0	898	32.2	898	32.2
AXIN2	ENST00000307078	10	0		0		1	2	2732	0	0.0	0	0.0	835	30.6
AXL	ENST00000301178	20	1	15	1	15	4	4,6,15,16	3085	113	3.7	113	3.7	588	19.1
AZI2	ENST00000479665	7	0		1	8	5	2,3,5,7,8	1319	0	0.0	433	32.8	1120	84.9
B2M	ENST00000648006	3	0		0		0		420	0	0.0	0	0.0	0	0.0
B3GALNT1	ENST00000320474	1	0		0		0		1016	0	0.0	0	0.0	0	0.0
B3GALNT2	ENST00000366600	12	1	1	2	1,8	2	1,8	1743	132	7.6	336	19.3	336	19.3
B3GALT6	ENST00000379198	1	1	1	1	1	1	1	1010	1010	100.0	1010	100.0	1010	100.0
B3GAT3	ENST00000265471	5	0		0		0		1108	0	0.0	0	0.0	0	0.0
B3GLCT	ENST00000343307	15	0		1	1	1	1	1797	0	0.0	90	5.0	90	5.0
B3GNT2	ENST00000301998	1	0		0		1	2	1214	0	0.0	0	0.0	1214	100.0
B3GNT4	ENST00000324189	2	0		0		0		1177	0	0.0	0	0.0	0	0.0
B4GALNT1	ENST00000341156	10	0		1	2	2	2,7	1802	0	0.0	238	13.2	357	19.8
B4GALNT2	ENST00000393354	11	0		0		2	1,8	1741	0	0.0	0	0.0	242	13.9
B4GALT1	ENST00000379731	6	0		0		1	1	1317	0	0.0	0	0.0	432	32.8
B4GALT7	ENST00000029410	6	0		0		1	1	1104	0	0.0	0	0.0	70	6.3
B4GAT1	ENST00000311181	2	0		1	1	1	1	1288	0	0.0	1076	83.5	1076	83.5
B9D1	ENST00000261499	7	0		0		0		755	0	0.0	0	0.0	0	0.0
B9D2	ENST00000243578	3	0		1	4	1	4	588	0	0.0	334	56.8	334	56.8
BAAT	ENST00000259407	3	0		2	2,4	2	2,4	1317	0	0.0	1094	83.1	1094	83.1
BABAM2	ENST00000379624	11	0		0		2	5,11	1372	0	0.0	0	0.0	389	28.4
BACH1	ENST00000286800	4	0		1	3	2	3,5	2291	0	0.0	1355	59.1	1810	79.0
BACH2	ENST00000257749	4	0		0		0		2606	0	0.0	0	0.0	0	0.0
BAG2	ENST00000370693	3	0		1	3	1	3	696	0	0.0	433	62.2	433	62.2
BAG3	ENST00000369085	4	0		0		0		1808	0	0.0	0	0.0	0	0.0
BAG5	ENST00000299204	1	0		0		0		1364	0	0.0	0	0.0	0	0.0
BAIAP2	ENST00000428708	14	0		0		0		1885	0	0.0	0	0.0	0	0.0
BANF1	ENST00000312175	2	0		0		0		310	0	0.0	0	0.0	0	0.0
BANK1	ENST00000322953	16	0		3	2,9,10	8	2,4,6,7,9,10,12,15	2678	0	0.0	1074	40.1	1851	69.1
BAP1	ENST00000460680	17	0		0		0		2530	0	0.0	0	0.0	0	0.0
BARD1	ENST00000260947	11	0		0		0		2554	0	0.0	0	0.0	0	0.0
BAX	ENST00000345358	6	1	1	2	1,5	3	1,3,5	699	54	7.7	179	25.6	346	49.5
BAZ1A	ENST00000360310	26	0		3	3,17,18	11	3,4,7,15,17,18,19,21,24,26,27	5191	0	0.0	1061	20.4	2731	52.6
BAZ1B	ENST00000339594	19	0		1	13	7	1,5,7,8,13,17,19	4832	0	0.0	203	4.2	2897	60.0
BAZ2B	ENST00000392783	35	0		4	5,27,29,37	18	3,4,5,6,8,9,10,14,22,25,27,28,29,30,31,33,36,37	7207	0	0.0	821	11.4	4880	67.7
BBIP1	ENST00000448814	3	0		0		1	4	339	0	0.0	0	0.0	187	55.2
BBS1	ENST00000318312	17	0		0		0		2122	0	0.0	0	0.0	0	0.0
BBS10	ENST00000650064	2	0		0		0		2212	0	0.0	0	0.0	0	0.0
BBS12	ENST00000314218	1	0		0		0		2153	0	0.0	0	0.0	0	0.0
BBS2	ENST00000245157	17	0		0		0		2506	0	0.0	0	0.0	0	0.0
BBS4	ENST00000268057	16	0		0		0		1880	0	0.0	0	0.0	0	0.0
BBS5	ENST00000295240	12	0		0		0		1266	0	0.0	0	0.0	0	0.0
BBS7	ENST00000264499	19	0		0		0		2528	0	0.0	0	0.0	0	0.0
BBS9	ENST00000242067	22	0		0		0		3104	0	0.0	0	0.0	0	0.0
BCAM	ENST00000270233	15	0		1	14	2	1,14	2187	0	0.0	138	6.3	240	11.0
BCAP31	ENST00000345046	7	0		0		0		881	0	0.0	0	0.0	0	0.0
BCAR3	ENST00000260502	11	0		0		4	5,7,9,12	2698	0	0.0	0	0.0	1527	56.6
BCAS3	ENST00000407086	23	0		1	23	7	5,8,14,15,16,21,23	3202	0	0.0	188	5.9	1270	39.7
BCAT1	ENST00000261192	11	0		0		3	5,6,9	1381	0	0.0	0	0.0	485	35.1
BCAT2	ENST00000316273	11	0		0		0		1399	0	0.0	0	0.0	0	0.0
BCHE	ENST00000264381	3	0		0		0		1869	0	0.0	0	0.0	0	0.0
BCKDHA	ENST00000269980	9	0		0		1	9	1518	0	0.0	0	0.0	191	12.6
BCKDHB	ENST00000320393	10	0		0		0		1379	0	0.0	0	0.0	0	0.0
BCKDK	ENST00000219794	11	0		0		1	2	1459	0	0.0	0	0.0	215	14.7
BCL10	ENST00000648566	3	0		1	3	1	3	762	0	0.0	376	49.3	376	49.3
BCL11A	ENST00000642384	4	0		0		2	2,4	2588	0	0.0	0	0.0	2391	92.4
BCL11B	ENST00000357195	4	0		1	4	2	2,4	2765	0	0.0	2065	74.7	2454	88.8
BCL2	ENST00000333681	2	0		1	2	1	2	760	0	0.0	605	79.6	605	79.6
BCL2L12	ENST00000246784	6	1	7	1	7	1	7	873	71	8.1	71	8.1	71	8.1
BCL3	ENST00000164227	9	1	1	2	1,3	3	1,3,7	1545	276	17.9	405	26.2	593	38.4
BCL6	ENST00000406870	8	0		1	5	1	5	2281	0	0.0	992	43.5	992	43.5
BCL7A	ENST00000261822	6	0		0		1	1	753	0	0.0	0	0.0	112	14.9
BCL9	ENST00000234739	7	0		0		2	9,10	4421	0	0.0	0	0.0	1419	32.1
BCL9L	ENST00000683865	8	0		1	4	4	4,8,9,10	4660	0	0.0	406	8.7	4132	88.7
BCLAF1	ENST00000531224	11	0		2	5,6	8	3,4,5,6,9,10,11,13	2983	0	0.0	876	29.4	2519	84.4
BCO1	ENST00000258168	11	0		0		0		1864	0	0.0	0	0.0	0	0.0
BCOR	ENST00000378444	14	0		1	8	1	8	5548	0	0.0	365	6.6	365	6.6
BCORL1	ENST00000540052	13	1	8	1	8	4	2,7,8,14	5618	247	4.4	247	4.4	1066	19.0
BCR	ENST00000305877	23	1	1	1	1	1	1	4276	1299	30.4	1299	30.4	1299	30.4
BCS1L	ENST00000359273	7	0		0		0		1400	0	0.0	0	0.0	0	0.0
BDH1	ENST00000392379	6	1	8	1	8	5	3,5,6,7,8	1152	490	42.5	490	42.5	1059	91.9
BDNF	ENST00000356660	1	0		0		0		764	0	0.0	0	0.0	0	0.0
BDP1	ENST00000358731	39	18	1,2,5,6,10,11,12,15,16,17,18,19,22,24,25,29,31,34	38	1,2,3,4,5,6,7,8,9,10,11,12,13,14,15,16,17,18,19,20,21,22,23,24,25,26,27,28,29,30,31,33,34,35,36,37,38,39	39	1,2,3,4,5,6,7,8,9,10,11,12,13,14,15,16,17,18,19,20,21,22,23,24,25,26,27,28,29,30,31,32,33,34,35,36,37,38,39	8655	5394	62.3	8454	97.7	8655	100.0
BEAN1	ENST00000536005	4	0		1	5	1	5	860	0	0.0	360	41.9	360	41.9
BEST1	ENST00000378043	10	0		0		0		1958	0	0.0	0	0.0	0	0.0
BEST2	ENST00000553030	9	0		0		0		1710	0	0.0	0	0.0	0	0.0
BET1	ENST00000222547	4	0		0		0		437	0	0.0	0	0.0	0	0.0
BEX3	ENST00000361298	1	0		1	3	1	3	326	0	0.0	326	100.0	326	100.0
BFSP1	ENST00000377873	8	1	1	1	1	1	1	2158	397	18.4	397	18.4	397	18.4
BFSP2	ENST00000302334	7	0		0		0		1388	0	0.0	0	0.0	0	0.0
BGN	ENST00000331595	7	0		0		0		1247	0	0.0	0	0.0	0	0.0
BHLHA9	ENST00000391429	1	1	1	1	1	1	1	728	728	100.0	728	100.0	728	100.0
BHLHE22	ENST00000321870	1	1	1	1	1	1	1	1166	1166	100.0	1166	100.0	1166	100.0
BHLHE40	ENST00000256495	5	0		0		0		1339	0	0.0	0	0.0	0	0.0
BHLHE41	ENST00000242728	5	1	5	1	5	1	5	1549	1123	72.5	1123	72.5	1123	72.5
BICC1	ENST00000373886	21	0		1	7	12	1,4,5,7,8,10,11,12,14,15,17,18	3345	0	0.0	215	6.4	2297	68.7
BICD2	ENST00000356884	7	0		0		1	5	2708	0	0.0	0	0.0	1064	39.3
BICRA	ENST00000594866	13	1	12	3	6,8,12	4	6,8,9,12	4943	169	3.4	2777	56.2	2978	60.2
BIK	ENST00000216115	4	0		0		0		563	0	0.0	0	0.0	0	0.0
BIN1	ENST00000316724	19	0		0		0		2162	0	0.0	0	0.0	0	0.0
BIN3	ENST00000276416	9	1	9	1	9	1	9	942	167	17.7	167	17.7	167	17.7
BIRC6	ENST00000421745	74	1	46	4	18,46,47,64	37	2,3,4,5,10,11,13,15,18,22,25,27,29,31,38,39,41,44,45,46,47,49,51,53,55,57,58,59,60,61,62,64,65,67,70,72,73	16054	583	3.6	1146	7.1	9385	58.5
BLK	ENST00000259089	12	0		0		0		1758	0	0.0	0	0.0	0	0.0
BLM	ENST00000355112	21	0		3	3,7,15	3	3,7,15	4674	0	0.0	1619	34.6	1619	34.6
BLNK	ENST00000224337	17	0		0		0		1711	0	0.0	0	0.0	0	0.0
BLOC1S1	ENST00000548925	4	0		0		1	1	542	0	0.0	0	0.0	165	30.4
BLOC1S3	ENST00000433642	1	0		1	2	1	2	629	0	0.0	629	100.0	629	100.0
BLOC1S5	ENST00000397457	5	0		0		2	3,5	664	0	0.0	0	0.0	350	52.7
BLOC1S6	ENST00000220531	5	0		0		0		619	0	0.0	0	0.0	0	0.0
BLTP1	ENST00000679879	86	0		5	29,53,68,74,80	41	4,7,8,9,11,16,18,23,25,26,27,29,31,33,37,38,39,40,44,45,46,47,48,50,52,53,57,59,62,63,68,69,72,74,78,79,80,81,83,85,87	17002	0	0.0	1797	10.6	9451	55.6
BLTP2	ENST00000528896	39	0		0		6	7,14,16,21,24,38	7488	0	0.0	0	0.0	2283	30.5
BLTP3A	ENST00000192788	21	2	8,9	3	8,9,15	8	2,5,8,9,10,15,16,18	4743	320	6.7	537	11.3	1579	33.3
BLTP3B	ENST00000279907	21	1	8	2	8,17	11	5,8,9,10,11,12,13,14,17,18,20	4815	201	4.2	372	7.7	3417	71.0
BLVRA	ENST00000265523	7	0		0		0		1031	0	0.0	0	0.0	0	0.0
BMAL2	ENST00000266503	17	1	1	2	1,17	4	1,10,12,17	2251	51	2.3	208	9.2	640	28.4
BMP1	ENST00000306349	16	0		0		0		2513	0	0.0	0	0.0	0	0.0
BMP1	ENST00000306385	20	0		1	1	1	1	3361	0	0.0	168	5.0	168	5.0
BMP10	ENST00000295379	2	0		1	1	2	1,2	1315	0	0.0	354	26.9	1315	100.0
BMP15	ENST00000252677	2	0		1	2	1	2	1219	0	0.0	871	71.5	871	71.5
BMP2	ENST00000378827	2	0		0		2	2,3	1231	0	0.0	0	0.0	1231	100.0
BMP3	ENST00000282701	3	0		1	3	3	1,2,3	1479	0	0.0	212	14.3	1479	100.0
BMP4	ENST00000245451	2	0		0		0		1267	0	0.0	0	0.0	0	0.0
BMP5	ENST00000370830	7	0		0		0		1505	0	0.0	0	0.0	0	0.0
BMP6	ENST00000283147	7	1	1	1	1	1	1	1682	684	40.7	684	40.7	684	40.7
BMP7	ENST00000395863	7	0		0		0		1436	0	0.0	0	0.0	0	0.0
BMP8B	ENST00000372827	7	1	1	1	1	1	1	1349	354	26.2	354	26.2	354	26.2
BMPER	ENST00000649409	15	0		0		0		2358	0	0.0	0	0.0	0	0.0
BMPR1A	ENST00000372037	11	0		0		0		1819	0	0.0	0	0.0	0	0.0
BMPR1B	ENST00000515059	10	0		0		0		1709	0	0.0	0	0.0	0	0.0
BMPR2	ENST00000374580	13	0		0		0		3377	0	0.0	0	0.0	0	0.0
BMS1	ENST00000374518	22	1	6	2	6,20	6	3,6,8,9,20,21	4289	163	3.8	331	7.7	1106	25.8
BNC1	ENST00000345382	5	1	1	1	1	3	1,3,4	3085	119	3.9	119	3.9	2260	73.3
BNC2	ENST00000380672	7	0		1	7	1	7	3440	0	0.0	681	19.8	681	19.8
BNIP1	ENST00000351486	6	0		1	2	2	2,6	807	0	0.0	113	14.0	330	40.9
BOD1	ENST00000311086	3	0		0		0		618	0	0.0	0	0.0	0	0.0
BOLA1	ENST00000369152	1	0		0		0		434	0	0.0	0	0.0	0	0.0
BOLA2	ENST00000330978	3	0		0		0		321	0	0.0	0	0.0	0	0.0
BOLA3	ENST00000327428	4	0		0		0		404	0	0.0	0	0.0	0	0.0
BORCS5	ENST00000314565	4	1	3	1	3	1	3	671	178	26.5	178	26.5	178	26.5
BORCS8	ENST00000462790	5	0		0		0		460	0	0.0	0	0.0	0	0.0
BPGM	ENST00000344924	2	0		0		1	2	820	0	0.0	0	0.0	621	75.7
BPIFC	ENST00000300399	15	0		1	12	3	5,10,12	1824	0	0.0	191	10.5	537	29.4
BPNT2	ENST00000262644	5	0		1	1	1	1	1180	0	0.0	407	34.5	407	34.5
BPTF	ENST00000306378	28	2	1,24	5	1,4,11,16,24	12	1,2,4,5,6,9,10,11,16,24,25,27	9323	988	10.6	3810	40.9	6019	64.6
BRAF	ENST00000644969	20	1	10	1	10	1	10	2824	140	5.0	140	5.0	140	5.0
BRAF	ENST00000646891	18	1	1	1	1	1	1	2661	158	5.9	158	5.9	158	5.9
BRAP	ENST00000419234	12	1	4	1	4	3	4,9,12	2019	210	10.4	210	10.4	724	35.9
BRAT1	ENST00000340611	13	1	6	3	5,6,11	5	4,5,6,11,12	2726	140	5.1	656	24.1	943	34.6
BRCA1	ENST00000357654	22	0		0		0		6032	0	0.0	0	0.0	0	0.0
BRCA2	ENST00000380152	26	0		0		1	10	10777	0	0.0	0	0.0	1136	10.5
BRCC3	ENST00000330045	10	2	2,9	3	2,9,10	5	2,4,8,9,10	1076	101	9.4	273	25.4	565	52.5
BRD2	ENST00000374825	12	8	3,4,7,8,9,10,11,12	11	2,3,4,5,7,8,9,10,11,12,13	12	2,3,4,5,6,7,8,9,10,11,12,13	2646	2046	77.3	2411	91.1	2646	100.0
BRD4	ENST00000679869	19	1	14	4	2,5,8,14	7	2,5,6,8,10,14,19	4469	608	13.6	1453	32.5	2410	53.9
BRD7	ENST00000394688	17	0		1	13	6	5,6,7,11,13,15	2296	0	0.0	77	3.4	898	39.1
BRDT	ENST00000399546	18	1	16	5	5,6,9,16,19	11	2,3,5,6,8,9,10,15,16,18,19	3204	121	3.8	967	30.2	2249	70.2
BRF1	ENST00000547530	18	1	1	1	1	1	1	2394	204	8.5	204	8.5	204	8.5
BRIP1	ENST00000259008	19	0		0		0		4130	0	0.0	0	0.0	0	0.0
BRPF1	ENST00000383829	13	0		0		3	2,9,13	3923	0	0.0	0	0.0	1099	28.0
BRSK1	ENST00000309383	19	1	1	3	1,14,19	3	1,14,19	2717	156	5.7	724	26.6	724	26.6
BRSK2	ENST00000528841	20	1	1	1	1	1	1	2611	111	4.3	111	4.3	111	4.3
BRWD1	ENST00000342449	41	2	1,41	2	1,41	16	1,3,5,7,14,18,20,21,23,30,31,32,36,37,40,41	7630	1246	16.3	1246	16.3	4244	55.6
BRWD3	ENST00000373275	41	0		0		5	8,12,14,34,41	6229	0	0.0	0	0.0	1329	21.3
BSCL2	ENST00000360796	11	0		1	2	1	2	1609	0	0.0	337	20.9	337	20.9
BSG	ENST00000333511	8	0		0		1	3	1318	0	0.0	0	0.0	177	13.4
BSN	ENST00000296452	10	1	1	2	1,2	4	1,2,3,6	11981	244	2.0	673	5.6	3675	30.7
BSND	ENST00000651561	4	0		0		0		1043	0	0.0	0	0.0	0	0.0
BTD	ENST00000643237	3	0		0		0		1632	0	0.0	0	0.0	0	0.0
BTG4	ENST00000692032	4	0		0		2	4,5	770	0	0.0	0	0.0	419	54.4
BTK	ENST00000308731	18	0		0		0		2340	0	0.0	0	0.0	0	0.0
BTNL2	ENST00000454136	7	7	1,2,3,4,5,6,7	7	1,2,3,4,5,6,7	7	1,2,3,4,5,6,7	1589	1589	100.0	1589	100.0	1589	100.0
BTRC	ENST00000370187	14	1	7	2	6,7	2	6,7	2098	117	5.6	324	15.4	324	15.4
BUB1	ENST00000302759	25	0		2	4,25	9	3,4,8,16,20,21,22,23,25	3758	0	0.0	433	11.5	1683	44.8
BUB1B	ENST00000287598	23	0		0		0		3613	0	0.0	0	0.0	0	0.0
BUB3	ENST00000368865	7	0		1	5	3	4,5,6	1127	0	0.0	179	15.9	549	48.7
BUD13	ENST00000260210	10	0		0		2	4,8	2060	0	0.0	0	0.0	939	45.6
C10orf71	ENST00000374144	1	0		0		0		4328	0	0.0	0	0.0	0	0.0
C11orf65	ENST00000393084	8	0		0		3	5,7,9	1102	0	0.0	0	0.0	587	53.3
C12orf57	ENST00000229281	3	0		0		0		441	0	0.0	0	0.0	0	0.0
C14orf39	ENST00000321731	17	1	11	2	6,11	8	4,5,6,9,11,12,15,16	2104	97	4.6	305	14.5	1144	54.4
C16orf90	ENST00000437192	3	0		0		2	2,3	609	0	0.0	0	0.0	543	89.2
C18orf32	ENST00000318240	2	0		0		1	2	271	0	0.0	0	0.0	185	68.3
C19orf12	ENST00000323670	2	0		0		0		466	0	0.0	0	0.0	0	0.0
C19orf44	ENST00000221671	7	1	5	1	5	4	2,3,5,7	2114	510	24.1	510	24.1	1812	85.7
C1GALT1C1	ENST00000304661	1	0		1	2	1	2	977	0	0.0	977	100.0	977	100.0
C1QA	ENST00000374642	2	0		0		0		778	0	0.0	0	0.0	0	0.0
C1QB	ENST00000509305	2	0		0		0		796	0	0.0	0	0.0	0	0.0
C1QBP	ENST00000225698	6	0		0		0		969	0	0.0	0	0.0	0	0.0
C1QC	ENST00000374640	2	0		0		0		778	0	0.0	0	0.0	0	0.0
C1QTNF12	ENST00000330388	8	1	1	1	1	1	1	1069	197	18.4	197	18.4	197	18.4
C1QTNF5	ENST00000528368	2	0		0		0		772	0	0.0	0	0.0	0	0.0
C1QTNF6	ENST00000337843	3	0		0		1	2	897	0	0.0	0	0.0	258	28.8
C1QTNF7	ENST00000444304	2	0		0		1	3	910	0	0.0	0	0.0	652	71.6
C1R	ENST00000647956	11	2	8,9	3	8,9,11	3	8,9,11	2338	275	11.8	1065	45.6	1065	45.6
C1S	ENST00000360817	11	0		0		0		2287	0	0.0	0	0.0	0	0.0
C1orf54	ENST00000369099	5	0		0		1	2	496	0	0.0	0	0.0	104	21.0
C1orf87	ENST00000371201	11	0		0		3	5,8,11	1861	0	0.0	0	0.0	630	33.9
C2	ENST00000299367	18	2	3,10	18	1,2,3,4,5,6,7,8,9,10,11,12,13,14,15,16,17,18	18	1,2,3,4,5,6,7,8,9,10,11,12,13,14,15,16,17,18	2619	367	14.0	2619	100.0	2619	100.0
C2CD3	ENST00000334126	33	0		3	10,11,14	19	2,3,4,5,7,8,10,11,14,16,17,18,19,21,23,24,25,27,33	7722	0	0.0	878	11.4	4866	63.0
C2orf69	ENST00000319974	2	0		0		1	2	1198	0	0.0	0	0.0	845	70.5
C3	ENST00000245907	41	0		0		0		5812	0	0.0	0	0.0	0	0.0
C3AR1	ENST00000307637	1	0		0		0		1469	0	0.0	0	0.0	0	0.0
C3orf52	ENST00000264848	6	0		1	6	2	5,6	774	0	0.0	25	3.2	227	29.3
C4A	ENST00000428956	41	1	29	3	9,23,29	33	1,2,3,5,6,7,8,9,10,11,12,13,14,15,17,18,19,20,22,23,24,28,29,30,31,32,33,35,36,37,39,40,41	6055	253	4.2	516	8.5	4999	82.6
C4B	ENST00000435363	41	2	21,23	7	9,20,21,23,24,25,31	38	1,2,3,4,5,6,7,8,9,10,11,12,13,14,15,17,18,20,21,22,23,24,25,26,27,28,29,30,31,32,33,35,36,37,38,39,40,41	6055	340	5.6	1059	17.5	5758	95.1
C4BPA	ENST00000367070	11	0		1	9	6	6,7,8,9,10,12	2014	0	0.0	209	10.4	1224	60.8
C5	ENST00000223642	41	0		0		1	12	5851	0	0.0	0	0.0	224	3.8
C5orf47	ENST00000340147	4	1	1	1	1	2	1,3	611	345	56.5	345	56.5	465	76.1
C6	ENST00000337836	17	0		0		0		3145	0	0.0	0	0.0	0	0.0
C7	ENST00000313164	18	0		3	15,17,18	7	4,6,11,12,15,17,18	2892	0	0.0	619	21.4	1381	47.8
C8A	ENST00000361249	11	0		0		0		1975	0	0.0	0	0.0	0	0.0
C8B	ENST00000371237	12	0		0		0		2016	0	0.0	0	0.0	0	0.0
C9	ENST00000263408	11	0		0		0		1900	0	0.0	0	0.0	0	0.0
C9orf72	ENST00000380003	10	1	4	2	2,4	4	2,4,8,11	1646	116	7.0	580	35.2	1043	63.4
CA12	ENST00000178638	11	0		0		0		1285	0	0.0	0	0.0	0	0.0
CA2	ENST00000285379	7	0		0		0		923	0	0.0	0	0.0	0	0.0
CA4	ENST00000300900	8	0		0		0		1099	0	0.0	0	0.0	0	0.0
CA5A	ENST00000649794	7	0		0		0		1058	0	0.0	0	0.0	0	0.0
CA8	ENST00000317995	8	0		0		0		1033	0	0.0	0	0.0	0	0.0
CABIN1	ENST00000263119	36	0		0		0		7383	0	0.0	0	0.0	0	0.0
CABP2	ENST00000294288	7	0		0		1	2	803	0	0.0	0	0.0	191	23.8
CABP4	ENST00000325656	6	0		0		0		948	0	0.0	0	0.0	0	0.0
CACNA1A	ENST00000360228	47	0		1	47	1	47	8461	0	0.0	761	9.0	761	9.0
CACNA1A	ENST00000638009	47	2	35,47	6	1,6,19,35,45,47	13	1,6,16,19,20,24,26,27,28,35,41,45,47	7726	194	2.5	1758	22.8	3198	41.4
CACNA1B	ENST00000371372	47	4	1,19,30,31	5	1,19,30,31,47	6	1,19,30,31,46,47	7960	1360	17.1	1911	24.0	2182	27.4
CACNA1C	ENST00000399603	47	0		0		0		7357	0	0.0	0	0.0	0	0.0
CACNA1C	ENST00000399655	47	0		3	2,42,47	7	2,4,32,35,42,46,47	7357	0	0.0	1035	14.1	1883	25.6
CACNA1D	ENST00000288139	49	0		0		0		7526	0	0.0	0	0.0	0	0.0
CACNA1D	ENST00000350061	48	0		0		0		7446	0	0.0	0	0.0	0	0.0
CACNA1E	ENST00000367573	48	1	39	1	39	5	7,20,21,31,39	7902	117	1.5	117	1.5	1431	18.1
CACNA1F	ENST00000323022	48	0		0		0		6861	0	0.0	0	0.0	0	0.0
CACNA1G	ENST00000359106	38	1	33	3	6,9,33	5	6,9,11,33,37	7894	374	4.7	1092	13.8	1488	18.8
CACNA1H	ENST00000348261	34	1	2	2	2,10	6	2,10,17,27,34,35	7742	319	4.1	788	10.2	2576	33.3
CACNA1I	ENST00000402142	37	2	32,37	2	32,37	6	8,10,28,31,32,37	7412	1024	13.8	1024	13.8	2098	28.3
CACNA1S	ENST00000362061	44	0		0		0		6502	0	0.0	0	0.0	0	0.0
CACNA2D1	ENST00000356860	39	0		0		1	14	4056	0	0.0	0	0.0	70	1.7
CACNA2D2	ENST00000424201	38	1	1	1	1	1	1	4192	226	5.4	226	5.4	226	5.4
CACNA2D4	ENST00000382722	38	0		0		1	8	4174	0	0.0	0	0.0	171	4.1
CACNB2	ENST00000324631	14	0		0		0		2263	0	0.0	0	0.0	0	0.0
CACNB2	ENST00000377329	13	0		0		0		2081	0	0.0	0	0.0	0	0.0
CACNB4	ENST00000539935	14	0		0		2	11,14	1843	0	0.0	0	0.0	453	24.6
CACNG2	ENST00000300105	4	0		0		0		1052	0	0.0	0	0.0	0	0.0
CAD	ENST00000264705	44	1	38	3	4,9,38	8	4,9,11,23,31,37,38,40	7558	95	1.3	424	5.6	1424	18.8
CADM1	ENST00000331581	12	0		0		0		1656	0	0.0	0	0.0	0	0.0
CADM3	ENST00000368125	9	0		1	1	2	1,7	1377	0	0.0	108	7.8	298	21.6
CADPS2	ENST00000449022	30	1	6	1	6	10	1,3,5,6,10,14,15,23,28,30	4491	139	3.1	139	3.1	2065	46.0
CALCR	ENST00000426151	12	0		0		6	4,6,7,9,12,14	1665	0	0.0	0	0.0	1086	65.2
CALCRL	ENST00000392370	12	0		0		3	7,9,11	1626	0	0.0	0	0.0	361	22.2
CALM1	ENST00000356978	6	0		0		0		570	0	0.0	0	0.0	0	0.0
CALM2	ENST00000272298	6	0		0		0		570	0	0.0	0	0.0	0	0.0
CALM3	ENST00000291295	6	0		0		2	1,5	570	0	0.0	0	0.0	179	31.4
CALN1	ENST00000395275	6	0		0		1	2	906	0	0.0	0	0.0	139	15.3
CALR	ENST00000316448	9	0		0		0		1434	0	0.0	0	0.0	0	0.0
CALR3	ENST00000269881	9	0		0		0		1335	0	0.0	0	0.0	0	0.0
CAMK2A	ENST00000671881	19	1	1	2	1,9	2	1,9	1850	82	4.4	197	10.6	197	10.6
CAMK2B	ENST00000395749	23	0		2	1,19	3	1,19,20	2461	0	0.0	234	9.5	383	15.6
CAMK2D	ENST00000511664	20	0		0		2	10,19	2002	0	0.0	0	0.0	392	19.6
CAMK2G	ENST00000423381	22	1	13	2	1,13	3	1,13,21	2207	83	3.8	168	7.6	283	12.8
CAMK4	ENST00000282356	11	0		1	11	6	2,4,7,8,9,11	1642	0	0.0	461	28.1	1001	61.0
CAMLG	ENST00000297156	4	1	2	1	2	3	2,3,4	971	481	49.5	481	49.5	779	80.2
CAMSAP1	ENST00000389532	17	1	1	2	1,8	4	1,6,8,17	5149	180	3.5	378	7.3	861	16.7
CAMTA1	ENST00000303635	23	3	1,10,19	3	1,10,19	5	1,10,15,17,19	5482	304	5.5	304	5.5	848	15.5
CAMTA2	ENST00000348066	22	0		0		0		4049	0	0.0	0	0.0	0	0.0
CAND1	ENST00000545606	15	0		0		8	2,3,6,7,8,10,12,13	3993	0	0.0	0	0.0	2833	70.9
CANT1	ENST00000392446	3	0		0		0		1266	0	0.0	0	0.0	0	0.0
CAP2	ENST00000229922	12	0		0		2	8,12	1674	0	0.0	0	0.0	371	22.2
CAPN1	ENST00000279247	21	0		0		1	2	2565	0	0.0	0	0.0	287	11.2
CAPN10	ENST00000391984	12	0		1	9	3	1,9,10	2259	0	0.0	282	12.5	663	29.3
CAPN11	ENST00000398776	23	0		0		0		2680	0	0.0	0	0.0	0	0.0
CAPN12	ENST00000328867	21	0		3	9,12,17	5	5,9,10,12,17	2580	0	0.0	496	19.2	938	36.4
CAPN15	ENST00000219611	11	1	8	1	8	2	8,14	3481	146	4.2	146	4.2	344	9.9
CAPN3	ENST00000397163	24	0		0		0		2946	0	0.0	0	0.0	0	0.0
CAPN5	ENST00000648180	12	0		0		1	11	2163	0	0.0	0	0.0	136	6.3
CAPNS1	ENST00000246533	10	1	2	4	2,3,10,11	4	2,3,10,11	1007	229	22.7	409	40.6	409	40.6
CAPRIN1	ENST00000341394	18	0		0		3	11,16,17	2490	0	0.0	0	0.0	465	18.7
CAPS2	ENST00000699294	16	1	17	2	8,17	7	5,6,7,8,14,15,17	1994	196	9.8	336	16.9	1079	54.1
CAPZA1	ENST00000263168	10	0		0		0		1061	0	0.0	0	0.0	0	0.0
CAPZA2	ENST00000361183	10	0		0		0		1061	0	0.0	0	0.0	0	0.0
CARD10	ENST00000251973	20	0		1	8	3	8,9,20	3499	0	0.0	155	4.4	546	15.6
CARD11	ENST00000396946	24	1	10	2	3,10	3	3,10,16	3945	197	5.0	430	10.9	652	16.5
CARD14	ENST00000648509	20	3	7,12,20	3	7,12,20	3	7,12,20	3415	618	18.1	618	18.1	618	18.1
CARD8	ENST00000651546	11	0		0		2	5,11	1834	0	0.0	0	0.0	316	17.2
CARD9	ENST00000371732	12	0		0		0		1851	0	0.0	0	0.0	0	0.0
CARM1	ENST00000327064	16	1	1	1	1	1	1	2147	240	11.2	240	11.2	240	11.2
CARMIL2	ENST00000334583	38	1	29	3	14,15,29	5	13,14,15,29,38	5068	256	5.1	664	13.1	930	18.4
CARNS1	ENST00000687366	9	2	3,8	4	3,5,8,9	4	3,5,8,9	3033	543	17.9	1352	44.6	1352	44.6
CARS1	ENST00000380525	23	0		4	3,8,12,16	18	2,3,4,5,6,7,8,9,10,11,12,13,14,15,16,20,22,23	2956	0	0.0	632	21.4	2539	85.9
CARS2	ENST00000257347	15	1	1	2	1,2	2	1,2	1995	244	12.2	315	15.8	315	15.8
CARTPT	ENST00000296777	3	0		0		0		411	0	0.0	0	0.0	0	0.0
CASK	ENST00000378163	27	1	7	2	7,21	3	7,9,21	3321	196	5.9	413	12.4	517	15.6
CASP10	ENST00000286186	9	0		0		0		1749	0	0.0	0	0.0	0	0.0
CASP14	ENST00000427043	6	0		0		0		849	0	0.0	0	0.0	0	0.0
CASP2	ENST00000310447	11	0		0		0		1579	0	0.0	0	0.0	0	0.0
CASP7	ENST00000369318	6	0		0		1	5	1032	0	0.0	0	0.0	196	19.0
CASP8	ENST00000673742	8	0		0		0		1600	0	0.0	0	0.0	0	0.0
CASQ1	ENST00000368078	11	0		0		0		1411	0	0.0	0	0.0	0	0.0
CASQ2	ENST00000261448	11	0		0		0		1420	0	0.0	0	0.0	0	0.0
CASR	ENST00000639785	6	0		0		0		3357	0	0.0	0	0.0	0	0.0
CAST	ENST00000675179	31	1	1	1	1	4	1,11,14,22	2996	95	3.2	95	3.2	431	14.4
CASZ1	ENST00000377022	18	2	10,21	2	10,21	5	5,10,11,12,21	5640	1331	23.6	1331	23.6	2858	50.7
CAT	ENST00000241052	13	0		0		0		1844	0	0.0	0	0.0	0	0.0
CATIP	ENST00000289388	10	0		0		0		1364	0	0.0	0	0.0	0	0.0
CATSPER1	ENST00000312106	12	0		0		0		2583	0	0.0	0	0.0	0	0.0
CATSPER2	ENST00000396879	12	0		0		0		1833	0	0.0	0	0.0	0	0.0
CATSPERT	ENST00000439140	16	0		0		6	2,9,11,13,15,16	5783	0	0.0	0	0.0	4612	79.8
CAV1	ENST00000341049	3	0		0		0		597	0	0.0	0	0.0	0	0.0
CAV2	ENST00000222693	3	0		0		1	3	549	0	0.0	0	0.0	171	31.1
CAV3	ENST00000343849	2	0		0		0		496	0	0.0	0	0.0	0	0.0
CAVIN1	ENST00000357037	2	0		0		0		1213	0	0.0	0	0.0	0	0.0
CAVIN2	ENST00000304141	2	0		0		0		1318	0	0.0	0	0.0	0	0.0
CAVIN4	ENST00000307584	2	0		1	2	1	2	1135	0	0.0	707	62.3	707	62.3
CBFB	ENST00000412916	6	0		0		0		684	0	0.0	0	0.0	0	0.0
CBL	ENST00000264033	16	0		0		0		3041	0	0.0	0	0.0	0	0.0
CBLB	ENST00000394030	18	0		0		0		3309	0	0.0	0	0.0	0	0.0
CBLIF	ENST00000257248	9	0		0		0		1434	0	0.0	0	0.0	0	0.0
CBS	ENST00000398165	15	0		1	3	2	3,6	1956	0	0.0	229	11.7	329	16.8
CBX1	ENST00000225603	4	0		0		1	5	638	0	0.0	0	0.0	165	25.9
CBX2	ENST00000310942	5	0		1	1	1	1	1699	0	0.0	92	5.4	92	5.4
CBY1	ENST00000216029	4	0		0		0		461	0	0.0	0	0.0	0	0.0
CC2D1A	ENST00000318003	29	0		1	2	3	2,9,29	3436	0	0.0	156	4.5	289	8.4
CC2D2A	ENST00000424120	36	1	37	2	9,37	15	9,10,12,13,16,17,18,20,29,31,32,33,34,36,37	5583	209	3.7	392	7.0	2636	47.2
CCBE1	ENST00000439986	11	0		0		0		1441	0	0.0	0	0.0	0	0.0
CCDC120	ENST00000603986	10	1	6	3	6,8,11	6	3,5,6,8,10,11	2291	315	13.7	645	28.2	1852	80.8
CCDC121	ENST00000324364	1	0		0		1	2	857	0	0.0	0	0.0	857	100.0
CCDC127	ENST00000296824	2	0		0		0		823	0	0.0	0	0.0	0	0.0
CCDC134	ENST00000255784	6	0		0		0		810	0	0.0	0	0.0	0	0.0
CCDC141	ENST00000443758	24	0		1	15	11	3,4,5,6,7,8,11,15,16,23,24	5073	0	0.0	209	4.1	2940	58.0
CCDC146	ENST00000285871	18	0		0		2	9,11	3228	0	0.0	0	0.0	398	12.3
CCDC15	ENST00000344762	15	0		1	15	7	4,6,8,13,14,15,16	3156	0	0.0	169	5.4	2009	63.7
CCDC158	ENST00000682701	23	0		0		5	4,6,12,14,23	3814	0	0.0	0	0.0	1441	37.8
CCDC17	ENST00000528266	13	0		0		1	13	2129	0	0.0	0	0.0	179	8.4
CCDC174	ENST00000383794	11	2	3,6	2	3,6	5	3,5,6,7,11	1624	237	14.6	237	14.6	917	56.5
CCDC178	ENST00000383096	21	1	14	2	6,14	11	6,10,11,12,14,15,17,18,19,20,21	3024	157	5.2	317	10.5	1931	63.9
CCDC186	ENST00000369287	15	0		2	2,12	5	2,5,9,11,12	2997	0	0.0	862	28.8	1478	49.3
CCDC22	ENST00000376227	17	0		1	7	2	2,7	2224	0	0.0	215	9.7	413	18.6
CCDC28B	ENST00000373602	5	0		1	3	1	3	703	0	0.0	187	26.6	187	26.6
CCDC32	ENST00000416810	3	0		0		0		618	0	0.0	0	0.0	0	0.0
CCDC34	ENST00000328697	6	0		1	1	2	1,5	1242	0	0.0	379	30.5	541	43.6
CCDC39	ENST00000476379	20	0		3	10,17,18	7	4,7,10,13,17,18,19	3226	0	0.0	576	17.9	1299	40.3
CCDC40	ENST00000397545	20	0		0		0		3829	0	0.0	0	0.0	0	0.0
CCDC47	ENST00000225726	12	1	11	3	7,11,12	6	2,3,4,7,11,12	1692	130	7.7	440	26.0	1047	61.9
CCDC50	ENST00000392455	12	0		0		0		1689	0	0.0	0	0.0	0	0.0
CCDC62	ENST00000253079	12	1	1	1	1	3	1,2,5	2295	56	2.4	56	2.4	461	20.1
CCDC78	ENST00000345165	14	0		1	10	1	10	1693	0	0.0	120	7.1	120	7.1
CCDC8	ENST00000307522	1	0		0		0		1637	0	0.0	0	0.0	0	0.0
CCDC82	ENST00000646818	7	0		0		4	4,5,7,9	1775	0	0.0	0	0.0	1382	77.9
CCDC88A	ENST00000436346	32	0		4	15,18,20,22	16	8,10,11,12,13,14,15,16,18,19,20,21,22,23,27,30	6256	0	0.0	1781	28.5	4015	64.2
CCDC88C	ENST00000389857	30	0		2	28,29	7	1,13,15,18,28,29,30	6687	0	0.0	399	6.0	3033	45.4
CCDC91	ENST00000536442	12	0		0		3	4,5,13	1566	0	0.0	0	0.0	533	34.0
CCIN	ENST00000335119	1	0		0		0		1787	0	0.0	0	0.0	0	0.0
CCKBR	ENST00000334619	5	0		0		1	1	1444	0	0.0	0	0.0	171	11.8
CCL11	ENST00000305869	3	0		0		1	3	354	0	0.0	0	0.0	126	35.6
CCL2	ENST00000225831	3	0		0		1	3	360	0	0.0	0	0.0	126	35.0
CCL3	ENST00000613922	3	0		1	1	2	1,2	339	0	0.0	93	27.4	228	67.3
CCL5	ENST00000605140	3	0		0		1	2	336	0	0.0	0	0.0	132	39.3
CCM2	ENST00000258781	10	0		0		1	1	1535	0	0.0	0	0.0	50	3.3
CCN2	ENST00000367976	5	1	2	2	1,2	2	1,2	1150	243	21.1	329	28.6	329	28.6
CCN3	ENST00000259526	5	0		0		1	4	1174	0	0.0	0	0.0	235	20.0
CCN6	ENST00000368666	5	0		0		0		1165	0	0.0	0	0.0	0	0.0
CCNA2	ENST00000274026	8	0		0		2	3,5	1459	0	0.0	0	0.0	361	24.7
CCND1	ENST00000227507	5	1	5	1	5	1	5	988	185	18.7	185	18.7	185	18.7
CCND2	ENST00000261254	5	0		0		0		970	0	0.0	0	0.0	0	0.0
CCNF	ENST00000397066	17	1	1	1	1	2	1,17	2701	36	1.3	36	1.3	532	19.7
CCNK	ENST00000389879	10	1	11	1	11	2	4,11	1943	646	33.2	646	33.2	798	41.1
CCNO	ENST00000282572	3	0		0		1	3	1113	0	0.0	0	0.0	506	45.5
CCNP	ENST00000430325	5	0		0		1	5	1024	0	0.0	0	0.0	272	26.6
CCNQ	ENST00000576892	5	1	1	1	1	1	1	847	132	15.6	132	15.6	132	15.6
CCP110	ENST00000694978	13	0		0		4	2,4,6,9	3236	0	0.0	0	0.0	2149	66.4
CCR2	ENST00000445132	1	0		0		0		1103	0	0.0	0	0.0	0	0.0
CCR5	ENST00000292303	1	0		0		1	2	1079	0	0.0	0	0.0	1079	100.0
CCR6	ENST00000341935	2	0		0		0		1165	0	0.0	0	0.0	0	0.0
CCT2	ENST00000299300	16	0		0		3	9,15,16	1928	0	0.0	0	0.0	361	18.7
CCT3	ENST00000295688	14	0		1	1	2	1,11	1918	0	0.0	51	2.7	252	13.1
CCT4	ENST00000394440	14	0		0		1	8	1900	0	0.0	0	0.0	160	8.4
CCT5	ENST00000280326	11	0		0		0		1846	0	0.0	0	0.0	0	0.0
CCT6A	ENST00000275603	14	1	6	1	6	5	4,6,7,8,11	1876	131	7.0	131	7.0	762	40.6
CCT7	ENST00000258091	12	0		0		1	8	1872	0	0.0	0	0.0	209	11.2
CCT8	ENST00000286788	15	0		0		2	3,8	1947	0	0.0	0	0.0	299	15.4
CD151	ENST00000397420	7	1	3	1	3	1	3	902	104	11.5	104	11.5	104	11.5
CD164	ENST00000310786	6	0		0		0		714	0	0.0	0	0.0	0	0.0
CD177	ENST00000618265	9	0		1	9	1	9	1494	0	0.0	253	16.9	253	16.9
CD19	ENST00000538922	14	0		0		0		1951	0	0.0	0	0.0	0	0.0
CD1A	ENST00000289429	6	0		0		2	3,4	1104	0	0.0	0	0.0	598	54.2
CD207	ENST00000410009	6	1	3	1	3	3	3,4,6	1107	395	35.7	395	35.7	738	66.7
CD209	ENST00000315599	7	0		0		0		1355	0	0.0	0	0.0	0	0.0
CD244	ENST00000368034	9	0		0		1	2	1278	0	0.0	0	0.0	338	26.4
CD247	ENST00000362089	8	0		0		0		655	0	0.0	0	0.0	0	0.0
CD27	ENST00000266557	6	0		0		1	6	903	0	0.0	0	0.0	145	16.1
CD274	ENST00000381577	6	0		1	3	1	3	993	0	0.0	362	36.5	362	36.5
CD28	ENST00000324106	4	0		1	2	1	2	743	0	0.0	377	50.7	377	50.7
CD2AP	ENST00000359314	18	0		0		0		2280	0	0.0	0	0.0	0	0.0
CD320	ENST00000301458	5	0		0		0		949	0	0.0	0	0.0	0	0.0
CD36	ENST00000447544	12	0		0		0		1659	0	0.0	0	0.0	0	0.0
CD3D	ENST00000300692	5	0		0		0		616	0	0.0	0	0.0	0	0.0
CD3E	ENST00000361763	8	0		0		0		784	0	0.0	0	0.0	0	0.0
CD3G	ENST00000532917	6	0		0		0		669	0	0.0	0	0.0	0	0.0
CD4	ENST00000011653	9	0		0		0		1557	0	0.0	0	0.0	0	0.0
CD40	ENST00000372285	9	0		0		0		1014	0	0.0	0	0.0	0	0.0
CD40LG	ENST00000370629	5	0		0		2	2,5	886	0	0.0	0	0.0	549	62.0
CD44	ENST00000428726	18	0		0		1	3	2589	0	0.0	0	0.0	154	5.9
CD46	ENST00000367042	12	0		0		0		1374	0	0.0	0	0.0	0	0.0
CD55	ENST00000367064	10	0		2	3,6	3	2,3,6	1346	0	0.0	421	31.3	627	46.6
CD59	ENST00000642928	3	0		0		0		447	0	0.0	0	0.0	0	0.0
CD70	ENST00000245903	3	0		0		1	3	642	0	0.0	0	0.0	406	63.2
CD79A	ENST00000221972	5	0		0		0		781	0	0.0	0	0.0	0	0.0
CD79B	ENST00000006750	6	0		0		0		810	0	0.0	0	0.0	0	0.0
CD80	ENST00000264246	5	0		0		2	3,4	967	0	0.0	0	0.0	640	66.2
CD81	ENST00000263645	8	0		1	1	1	1	871	0	0.0	86	9.9	86	9.9
CD8A	ENST00000283635	6	0		1	3	1	3	828	0	0.0	131	15.8	131	15.8
CD93	ENST00000246006	2	0		0		1	1	1999	0	0.0	0	0.0	1954	97.7
CD96	ENST00000352690	14	0		0		0		1990	0	0.0	0	0.0	0	0.0
CD99L2	ENST00000370377	11	1	6	1	6	3	1,6,7	1009	104	10.3	104	10.3	277	27.5
CDAN1	ENST00000356231	28	0		1	2	2	1,2	4244	0	0.0	499	11.8	609	14.3
CDC123	ENST00000281141	13	0		0		2	9,12	1271	0	0.0	0	0.0	301	23.7
CDC14A	ENST00000336454	16	1	6	2	6,11	4	2,6,11,15	2105	87	4.1	267	12.7	732	34.8
CDC20	ENST00000310955	10	0		0		0		1700	0	0.0	0	0.0	0	0.0
CDC25C	ENST00000323760	13	0		0		1	7	1682	0	0.0	0	0.0	176	10.5
CDC40	ENST00000307731	15	0		0		4	4,5,7,14	2040	0	0.0	0	0.0	589	28.9
CDC42	ENST00000656825	5	0		1	4	1	4	676	0	0.0	130	19.2	130	19.2
CDC42BPB	ENST00000361246	37	1	25	2	1,25	4	1,10,25,35	5876	157	2.7	352	6.0	665	11.3
CDC42EP1	ENST00000249014	2	0		2	2,3	2	2,3	1216	0	0.0	1216	100.0	1216	100.0
CDC45	ENST00000263201	18	0		0		2	14,15	2061	0	0.0	0	0.0	263	12.8
CDC5L	ENST00000371477	16	0		0		6	8,9,10,13,15,16	2729	0	0.0	0	0.0	1182	43.3
CDC6	ENST00000209728	11	0		0		0		1903	0	0.0	0	0.0	0	0.0
CDC7	ENST00000234626	11	0		3	9,11,12	6	3,4,5,9,11,12	1945	0	0.0	784	40.3	1158	59.5
CDC73	ENST00000367435	17	0		0		0		1936	0	0.0	0	0.0	0	0.0
CDCA7	ENST00000306721	10	0		0		1	1	1553	0	0.0	0	0.0	41	2.6
CDH1	ENST00000261769	16	0		0		0		2969	0	0.0	0	0.0	0	0.0
CDH11	ENST00000268603	11	0		0		5	4,6,7,8,13	2611	0	0.0	0	0.0	1502	57.5
CDH12	ENST00000382254	11	0		2	6,9	8	6,7,8,9,10,12,14,15	2605	0	0.0	523	20.1	2059	79.0
CDH13	ENST00000567109	14	0		2	9,11	7	3,4,7,9,10,11,12	2422	0	0.0	366	15.1	1459	60.2
CDH15	ENST00000289746	14	0		0		1	2	2725	0	0.0	0	0.0	179	6.6
CDH2	ENST00000269141	16	0		1	1	7	1,2,5,6,10,11,12	3041	0	0.0	80	2.6	1244	40.9
CDH22	ENST00000537909	11	0		2	2,12	2	2,12	2707	0	0.0	867	32.0	867	32.0
CDH23	ENST00000224721	69	0		3	7,48,70	10	7,16,38,41,48,50,51,56,61,70	11445	0	0.0	1041	9.1	2672	23.3
CDH3	ENST00000264012	16	0		0		1	13	2810	0	0.0	0	0.0	227	8.1
CDH4	ENST00000614565	16	1	12	4	1,8,10,12	9	1,6,8,9,10,11,12,13,16	3071	254	8.3	763	24.8	1778	57.9
CDH6	ENST00000265071	11	0		2	3,5	8	3,4,5,6,7,9,10,12	2593	0	0.0	503	19.4	1916	73.9
CDH8	ENST00000577390	11	0		4	5,6,9,10	8	3,5,6,8,9,10,11,12	2620	0	0.0	676	25.8	1934	73.8
CDHR1	ENST00000623527	17	0		0		0		2920	0	0.0	0	0.0	0	0.0
CDIN1	ENST00000566621	11	0		0		1	10	1066	0	0.0	0	0.0	126	11.8
CDK10	ENST00000353379	13	0		0		0		1343	0	0.0	0	0.0	0	0.0
CDK12	ENST00000447079	14	1	2	2	2,6	5	2,3,4,6,14	4753	905	19.0	1115	23.5	2205	46.4
CDK13	ENST00000181839	14	1	1	3	1,2,14	6	1,2,5,10,11,14	4819	1231	25.5	2782	57.7	3262	67.7
CDK16	ENST00000357227	15	0		0		1	8	1791	0	0.0	0	0.0	83	4.6
CDK18	ENST00000429964	15	0		0		0		1725	0	0.0	0	0.0	0	0.0
CDK19	ENST00000368911	13	0		1	12	3	5,7,12	1769	0	0.0	287	16.2	529	29.9
CDK20	ENST00000325303	8	1	8	1	8	1	8	1201	218	18.2	218	18.2	218	18.2
CDK4	ENST00000257904	7	0		0		0		1052	0	0.0	0	0.0	0	0.0
CDK5	ENST00000485972	12	0		0		0		1119	0	0.0	0	0.0	0	0.0
CDK5R2	ENST00000302625	1	1	1	1	1	1	1	1124	1124	100.0	1124	100.0	1124	100.0
CDK5RAP1	ENST00000346416	13	0		2	2,13	3	2,10,13	2024	0	0.0	485	24.0	561	27.7
CDK5RAP2	ENST00000349780	38	0		0		0		6442	0	0.0	0	0.0	0	0.0
CDK6	ENST00000424848	7	0		0		3	2,4,5	1121	0	0.0	0	0.0	571	50.9
CDK8	ENST00000381527	13	0		0		3	6,7,8	1655	0	0.0	0	0.0	406	24.5
CDK9	ENST00000373264	7	0		0		0		1259	0	0.0	0	0.0	0	0.0
CDKAL1	ENST00000274695	14	0		0		3	3,11,12	2020	0	0.0	0	0.0	560	27.7
CDKL5	ENST00000623535	17	0		0		2	12,18	3223	0	0.0	0	0.0	1394	43.3
CDKN1A	ENST00000244741	2	0		0		0		535	0	0.0	0	0.0	0	0.0
CDKN1B	ENST00000228872	2	0		0		0		637	0	0.0	0	0.0	0	0.0
CDKN1C	ENST00000440480	2	1	2	2	2,3	2	2,3	958	807	84.2	958	100.0	958	100.0
CDKN2A	ENST00000304494	3	0		0		0		531	0	0.0	0	0.0	0	0.0
CDKN2A	ENST00000579755	2	0		0		0		439	0	0.0	0	0.0	0	0.0
CDKN2B	ENST00000276925	2	0		0		0		457	0	0.0	0	0.0	0	0.0
CDO1	ENST00000250535	5	0		1	4	2	3,4	703	0	0.0	190	27.0	365	51.9
CDON	ENST00000531738	19	0		0		0		4175	0	0.0	0	0.0	0	0.0
CDSN	ENST00000376288	2	2	1,2	2	1,2	2	1,2	1630	1630	100.0	1630	100.0	1630	100.0
CDT1	ENST00000301019	10	1	1	1	1	1	1	1841	248	13.5	248	13.5	248	13.5
CEACAM16	ENST00000587331	6	0		1	3	4	3,4,5,6	1398	0	0.0	365	26.1	1310	93.7
CEACAM3	ENST00000357396	7	0		0		1	2	899	0	0.0	0	0.0	380	42.3
CEACAM6	ENST00000199764	5	0		0		3	2,3,4	1135	0	0.0	0	0.0	954	84.1
CEBPA	ENST00000498907	1	1	1	1	1	1	1	1097	1097	100.0	1097	100.0	1097	100.0
CEBPE	ENST00000206513	2	0		0		0		886	0	0.0	0	0.0	0	0.0
CEL	ENST00000372080	11	1	11	1	11	1	11	2482	798	32.2	798	32.2	798	32.2
CELA2A	ENST00000359621	8	0		0		0		970	0	0.0	0	0.0	0	0.0
CELF2	ENST00000633077	13	1	9	2	7,9	3	1,7,9	1826	155	8.5	334	18.3	428	23.4
CELF4	ENST00000420428	12	0		1	8	4	1,2,7,8	1701	0	0.0	170	10.0	747	43.9
CELSR1	ENST00000674500	35	1	1	1	1	4	1,2,12,13	9760	3564	36.5	3564	36.5	4580	46.9
CELSR2	ENST00000271332	34	0		2	10,33	3	8,10,33	9452	0	0.0	563	6.0	709	7.5
CELSR3	ENST00000164024	35	2	3,6	3	2,3,6	4	2,3,6,34	10639	424	4.0	1095	10.3	2001	18.8
CEMIP	ENST00000394685	28	0		0		0		4646	0	0.0	0	0.0	0	0.0
CENATAC	ENST00000334418	11	0		0		1	9	1219	0	0.0	0	0.0	110	9.0
CENPE	ENST00000265148	49	1	3	6	3,22,24,27,36,42	27	3,11,12,13,14,18,20,22,23,24,26,27,28,29,30,31,32,33,34,36,37,38,40,42,43,47,48	9086	110	1.2	1470	16.2	6141	67.6
CENPF	ENST00000366955	19	0		0		8	3,6,7,15,16,17,18,19	9725	0	0.0	0	0.0	2010	20.7
CENPI	ENST00000682095	20	1	16	4	5,11,16,17	13	3,4,5,7,9,10,11,12,13,14,16,17,18	2671	115	4.3	598	22.4	1866	69.9
CENPQ	ENST00000335783	8	0		0		3	5,6,7	967	0	0.0	0	0.0	379	39.2
CENPT	ENST00000562787	13	0		0		2	10,14	1946	0	0.0	0	0.0	360	18.5
CEP104	ENST00000378230	21	0		1	14	1	14	3198	0	0.0	227	7.1	227	7.1
CEP112	ENST00000535342	26	1	10	1	10	7	2,3,4,10,11,13,20	3388	120	3.5	120	3.5	1167	34.4
CEP120	ENST00000306467	20	0		1	12	8	4,5,9,10,11,12,19,20	3361	0	0.0	117	3.5	1437	42.8
CEP131	ENST00000450824	25	2	3,12	2	3,12	2	3,12	3743	318	8.5	318	8.5	318	8.5
CEP135	ENST00000257287	24	0		1	3	12	2,3,4,5,8,10,11,12,13,17,21,22	3903	0	0.0	211	5.4	2290	58.7
CEP152	ENST00000380950	26	0		1	20	2	20,22	5653	0	0.0	671	11.9	859	15.2
CEP164	ENST00000278935	31	0		1	27	4	6,8,9,27	5003	0	0.0	243	4.9	927	18.5
CEP170	ENST00000366542	19	1	3	12	3,4,5,6,7,8,9,10,11,12,13,14	16	2,3,4,5,6,7,8,9,10,11,12,13,14,16,18,20	5135	110	2.1	4046	78.8	4786	93.2
CEP170B	ENST00000414716	18	0		2	8,12	4	8,11,12,19	5025	0	0.0	2218	44.1	2597	51.7
CEP19	ENST00000409690	2	0		0		1	3	532	0	0.0	0	0.0	382	71.8
CEP250	ENST00000397527	32	0		2	4,26	3	4,13,26	7969	0	0.0	575	7.2	774	9.7
CEP290	ENST00000552810	53	1	32	4	12,22,31,32	11	6,12,13,15,22,28,31,32,37,38,54	8500	185	2.2	974	11.5	2396	28.2
CEP295	ENST00000325212	29	0		2	12,21	11	7,9,10,12,16,17,18,21,23,24,25	8386	0	0.0	393	4.7	2560	30.5
CEP41	ENST00000223208	11	0		0		0		1342	0	0.0	0	0.0	0	0.0
CEP43	ENST00000366847	13	0		1	8	4	1,5,8,12	1460	0	0.0	247	16.9	644	44.1
CEP55	ENST00000371485	8	1	8	2	6,8	5	3,5,6,8,9	1555	146	9.4	480	30.9	1171	75.3
CEP57	ENST00000325542	11	0		0		1	9	1723	0	0.0	0	0.0	262	15.2
CEP63	ENST00000675561	14	0		0		0		2392	0	0.0	0	0.0	0	0.0
CEP68	ENST00000377990	5	1	2	1	2	2	2,6	2374	377	15.9	377	15.9	567	23.9
CEP76	ENST00000262127	12	0		1	10	4	5,7,8,10	2220	0	0.0	354	15.9	918	41.4
CEP78	ENST00000643273	17	0		1	16	5	1,5,13,14,16	2458	0	0.0	282	11.5	1129	45.9
CEP83	ENST00000397809	15	1	15	3	8,15,16	6	3,6,7,8,15,16	2406	124	5.2	486	20.2	1103	45.8
CEP85L	ENST00000368491	13	0		0		7	2,5,6,7,11,12,13	2678	0	0.0	0	0.0	1254	46.8
CEP89	ENST00000305768	19	1	1	2	1,4	3	1,4,5	2732	59	2.2	266	9.7	389	14.2
CERKL	ENST00000410087	13	0		0		0		1859	0	0.0	0	0.0	0	0.0
CERS1	ENST00000623882	7	2	1,7	2	1,7	3	1,4,7	1193	332	27.8	332	27.8	514	43.1
CERS3	ENST00000679737	10	0		1	11	2	9,11	1352	0	0.0	174	12.9	323	23.9
CERT1	ENST00000643780	17	0		0		6	1,2,5,7,13,17	2215	0	0.0	0	0.0	909	41.0
CES1	ENST00000360526	14	0		0		4	8,9,11,12	1987	0	0.0	0	0.0	540	27.2
CETP	ENST00000200676	16	0		0		0		1802	0	0.0	0	0.0	0	0.0
CFAP184	ENST00000310085	1	0		1	1	1	1	1688	0	0.0	1688	100.0	1688	100.0
CFAP206	ENST00000369562	12	0		0		5	5,6,8,10,11	2109	0	0.0	0	0.0	903	42.8
CFAP221	ENST00000413369	23	1	4	1	4	4	2,4,8,18	2983	107	3.6	107	3.6	574	19.2
CFAP251	ENST00000288912	21	0		1	3	4	2,3,8,11	3870	0	0.0	389	10.1	1100	28.4
CFAP276	ENST00000369948	5	0		0		0		610	0	0.0	0	0.0	0	0.0
CFAP298	ENST00000290155	7	1	6	1	6	2	6,7	1013	116	11.5	116	11.5	247	24.4
CFAP300	ENST00000434758	7	0		1	1	4	1,3,4,5	944	0	0.0	130	13.8	606	64.2
CFAP410	ENST00000339818	7	0		0		2	4,6	911	0	0.0	0	0.0	367	40.3
CFAP418	ENST00000286688	6	0		0		0		744	0	0.0	0	0.0	0	0.0
CFAP43	ENST00000357060	38	1	17	1	17	11	2,4,6,8,14,17,23,34,35,36,38	5758	168	2.9	168	2.9	2059	35.8
CFAP44	ENST00000393845	34	2	17,23	8	5,7,12,16,17,23,27,33	21	3,4,5,7,9,10,12,13,15,16,17,18,19,21,23,26,27,28,33,34,35	6245	483	7.7	1610	25.8	4308	69.0
CFAP45	ENST00000368099	12	0		0		0		1896	0	0.0	0	0.0	0	0.0
CFAP46	ENST00000368586	58	0		2	28,48	8	11,18,20,24,28,48,55,58	9308	0	0.0	334	3.6	1768	19.0
CFAP47	ENST00000378653	64	20	17,18,19,20,21,22,23,24,25,33,36,37,38,39,40,41,42,43,44,45	48	1,5,6,7,8,9,12,14,16,17,18,19,20,21,22,23,24,25,26,29,30,32,33,34,35,36,37,38,39,40,41,42,43,44,45,46,47,48,49,50,52,54,56,58,59,61,62,64	63	1,2,3,4,5,6,7,8,9,10,11,12,13,14,15,16,17,18,19,20,21,22,23,24,25,26,27,28,29,30,31,32,33,34,35,36,37,38,39,40,41,42,43,44,45,46,47,48,49,50,51,52,53,54,55,56,58,59,60,61,62,63,64	10844	3038	28.0	8346	77.0	10725	98.9
CFAP52	ENST00000352665	14	0		0		2	4,14	2143	0	0.0	0	0.0	345	16.1
CFAP53	ENST00000398545	8	1	7	1	7	3	3,4,7	1705	123	7.2	123	7.2	641	37.6
CFAP54	ENST00000524981	67	1	28	6	14,20,22,26,28,47	36	1,3,4,6,9,10,11,13,14,16,19,20,22,23,24,26,27,28,30,31,33,35,36,40,44,45,47,53,54,55,56,60,61,62,63,64	10631	135	1.3	926	8.7	6395	60.2
CFAP57	ENST00000372492	22	0		2	13,15	4	13,15,17,23	4193	0	0.0	387	9.2	801	19.1
CFAP58	ENST00000369704	18	0		0		4	2,5,9,17	2979	0	0.0	0	0.0	883	29.6
CFAP61	ENST00000245957	26	3	3,12,24	3	3,12,24	5	3,12,22,23,24	4234	343	8.1	343	8.1	1004	23.7
CFAP65	ENST00000341552	33	1	13	2	13,19	4	3,5,13,19	6438	380	5.9	529	8.2	907	14.1
CFAP69	ENST00000389297	23	0		2	11,13	7	8,11,13,15,18,22,23	3286	0	0.0	327	10.0	1138	34.6
CFAP70	ENST00000355577	27	0		0		6	6,10,11,15,22,23	3906	0	0.0	0	0.0	1076	27.5
CFAP74	ENST00000682832	38	1	9	2	7,9	7	3,7,9,26,34,36,37	5680	123	2.2	317	5.6	1203	21.2
CFAP91	ENST00000273390	17	0		0		2	3,15	2644	0	0.0	0	0.0	347	13.1
CFB	ENST00000425368	18	1	3	16	1,2,3,4,5,6,7,8,9,10,11,12,13,15,16,18	18	1,2,3,4,5,6,7,8,9,10,11,12,13,14,15,16,17,18	2655	206	7.8	2488	93.7	2655	100.0
CFC1	ENST00000259216	6	0		0		0		792	0	0.0	0	0.0	0	0.0
CFD	ENST00000327726	5	1	2	1	2	3	2,4,5	862	177	20.5	177	20.5	622	72.2
CFH	ENST00000367429	22	0		1	16	1	16	4136	0	0.0	203	4.9	203	4.9
CFHR1	ENST00000320493	6	0		0		0		1113	0	0.0	0	0.0	0	0.0
CFHR2	ENST00000367415	5	0		1	4	3	2,4,5	913	0	0.0	203	22.2	638	69.9
CFHR3	ENST00000367425	6	0		0		0		1113	0	0.0	0	0.0	0	0.0
CFHR4	ENST00000608469	10	0		3	3,6,8	8	1,2,3,4,5,6,7,8	1937	0	0.0	618	31.9	1517	78.3
CFHR5	ENST00000256785	10	0		0		0		1910	0	0.0	0	0.0	0	0.0
CFI	ENST00000394634	13	0		0		0		2012	0	0.0	0	0.0	0	0.0
CFL2	ENST00000298159	4	0		0		0		581	0	0.0	0	0.0	0	0.0
CFP	ENST00000396992	9	0		0		0		1590	0	0.0	0	0.0	0	0.0
CFTR	ENST00000003084	27	0		0		2	4,14	4983	0	0.0	0	0.0	980	19.7
CHADL	ENST00000216241	6	1	3	1	3	1	3	2409	1730	71.8	1730	71.8	1730	71.8
CHAF1A	ENST00000301280	15	2	1,11	2	1,11	4	1,11,13,15	3171	185	5.8	185	5.8	796	25.1
CHAF1B	ENST00000314103	13	0		0		2	6,12	1940	0	0.0	0	0.0	569	29.3
CHAMP1	ENST00000361283	1	0		0		0		2459	0	0.0	0	0.0	0	0.0
CHAT	ENST00000337653	15	0		0		0		2547	0	0.0	0	0.0	0	0.0
CHCHD1	ENST00000372833	3	0		0		0		417	0	0.0	0	0.0	0	0.0
CHCHD10	ENST00000484558	4	1	2	1	2	3	1,2,3	509	240	47.2	240	47.2	469	92.1
CHCHD2	ENST00000395422	4	0		1	3	1	3	536	0	0.0	165	30.8	165	30.8
CHCHD6	ENST00000290913	8	0		0		1	1	868	0	0.0	0	0.0	107	12.3
CHD1	ENST00000614616	35	0		4	12,19,33,36	18	7,8,9,10,12,14,15,16,17,19,20,23,26,28,32,33,35,36	5833	0	0.0	890	15.3	3642	62.4
CHD1L	ENST00000369258	23	1	13	1	13	6	1,2,8,13,15,16	3154	135	4.3	135	4.3	946	30.0
CHD2	ENST00000394196	38	1	34	1	34	11	9,12,16,17,18,19,25,26,34,38,39	6247	155	2.5	155	2.5	2384	38.2
CHD3	ENST00000330494	40	0		4	5,13,18,40	12	3,4,5,6,10,13,16,18,19,33,34,40	6803	0	0.0	760	11.2	2059	30.3
CHD4	ENST00000544040	39	0		3	11,27,31	6	2,11,15,19,27,31	6519	0	0.0	517	7.9	1043	16.0
CHD5	ENST00000262450	41	0		4	9,30,31,39	7	1,5,9,30,31,38,39	6685	0	0.0	771	11.5	1345	20.1
CHD7	ENST00000423902	37	3	3,31,34	7	3,12,19,22,31,33,34	17	3,11,12,14,15,18,19,21,22,23,25,31,32,33,34,35,38	9734	1607	16.5	2539	26.1	5200	53.4
CHD8	ENST00000646647	37	3	11,29,35	5	11,23,29,34,35	14	4,5,11,13,15,16,18,19,22,23,29,30,34,35	8486	367	4.3	910	10.7	3004	35.4
CHEK1	ENST00000438015	12	0		0		5	3,6,7,8,10	1671	0	0.0	0	0.0	892	53.4
CHEK2	ENST00000404276	14	0		0		0		1912	0	0.0	0	0.0	0	0.0
CHGA	ENST00000216492	8	2	1,7	3	1,6,7	6	1,2,4,6,7,8	1534	568	37.0	1041	67.9	1301	84.8
CHI3L1	ENST00000255409	10	0		0		0		1352	0	0.0	0	0.0	0	0.0
CHIC2	ENST00000263921	6	0		0		1	3	618	0	0.0	0	0.0	176	28.5
CHIT1	ENST00000367229	11	0		0		0		1621	0	0.0	0	0.0	0	0.0
CHKA	ENST00000265689	12	1	1	1	1	1	1	1614	370	22.9	370	22.9	370	22.9
CHKB	ENST00000406938	11	0		0		0		1408	0	0.0	0	0.0	0	0.0
CHL1	ENST00000256509	26	0		0		12	5,7,10,12,14,16,20,21,24,25,26,27	4195	0	0.0	0	0.0	2100	50.1
CHLSN	ENST00000397098	4	0		0		0		665	0	0.0	0	0.0	0	0.0
CHM	ENST00000357749	15	0		1	9	3	5,7,9	2262	0	0.0	98	4.3	647	28.6
CHMP1A	ENST00000397901	7	0		0		2	2,7	731	0	0.0	0	0.0	82	11.2
CHMP1B	ENST00000526991	1	0		0		0		620	0	0.0	0	0.0	0	0.0
CHMP2B	ENST00000263780	6	0		0		0		762	0	0.0	0	0.0	0	0.0
CHMP3	ENST00000263856	6	0		0		0		789	0	0.0	0	0.0	0	0.0
CHMP4B	ENST00000217402	5	0		0		1	1	775	0	0.0	0	0.0	210	27.1
CHMP4C	ENST00000297265	5	0		0		2	2,3	802	0	0.0	0	0.0	333	41.5
CHN1	ENST00000409900	13	1	13	2	6,13	5	6,9,11,12,13	1640	192	11.7	501	30.5	979	59.7
CHP1	ENST00000334660	7	0		0		0		728	0	0.0	0	0.0	0	0.0
CHRD	ENST00000204604	23	1	1	1	1	2	1,13	3328	168	5.0	168	5.0	345	10.4
CHRDL1	ENST00000372042	11	0		1	10	11	2,3,4,5,6,7,8,9,10,11,12	1597	0	0.0	188	11.8	1597	100.0
CHRFAM7A	ENST00000299847	8	1	10	1	10	2	3,10	1399	539	38.5	539	38.5	592	42.3
CHRM1	ENST00000306960	1	0		0		0		1403	0	0.0	0	0.0	0	0.0
CHRM2	ENST00000680005	1	0		0		0		1421	0	0.0	0	0.0	0	0.0
CHRM3	ENST00000676153	1	0		0		0		1793	0	0.0	0	0.0	0	0.0
CHRNA1	ENST00000348749	9	0		0		0		1554	0	0.0	0	0.0	0	0.0
CHRNA2	ENST00000407991	6	0		0		0		1710	0	0.0	0	0.0	0	0.0
CHRNA3	ENST00000326828	6	1	6	2	1,6	2	1,6	1638	149	9.1	251	15.3	251	15.3
CHRNA4	ENST00000370263	6	0		0		1	5	2004	0	0.0	0	0.0	1395	69.6
CHRNA5	ENST00000299565	6	1	1	1	1	4	1,4,5,6	1527	126	8.3	126	8.3	1290	84.5
CHRNA7	ENST00000306901	10	0		2	1,4	3	1,2,4	1709	0	0.0	205	12.0	365	21.4
CHRNB1	ENST00000306071	11	0		0		0		1726	0	0.0	0	0.0	0	0.0
CHRNB2	ENST00000368476	6	0		0		0		1629	0	0.0	0	0.0	0	0.0
CHRNB3	ENST00000289957	6	0		0		1	2	1497	0	0.0	0	0.0	172	11.5
CHRNB4	ENST00000261751	6	1	6	2	5,6	2	5,6	1617	179	11.1	1178	72.9	1178	72.9
CHRND	ENST00000258385	12	0		0		0		1794	0	0.0	0	0.0	0	0.0
CHRNE	ENST00000649488	12	0		0		0		1722	0	0.0	0	0.0	0	0.0
CHRNG	ENST00000651502	12	0		0		0		1794	0	0.0	0	0.0	0	0.0
CHST11	ENST00000303694	3	0		0		0		1119	0	0.0	0	0.0	0	0.0
CHST14	ENST00000306243	1	0		1	1	1	1	1151	0	0.0	1151	100.0	1151	100.0
CHST2	ENST00000309575	1	1	2	1	2	1	2	1613	1613	100.0	1613	100.0	1613	100.0
CHST3	ENST00000373115	2	0		0		0		1480	0	0.0	0	0.0	0	0.0
CHST6	ENST00000332272	1	0		0		0		1208	0	0.0	0	0.0	0	0.0
CHST8	ENST00000650847	3	0		0		1	5	1335	0	0.0	0	0.0	1127	84.4
CHSY1	ENST00000254190	3	1	1	1	1	1	1	2469	340	13.8	340	13.8	340	13.8
CHUK	ENST00000370397	21	0		0		0		2658	0	0.0	0	0.0	0	0.0
CIAO1	ENST00000488633	7	0		0		1	1	1160	0	0.0	0	0.0	159	13.7
CIAO3	ENST00000251588	11	0		0		0		1651	0	0.0	0	0.0	0	0.0
CIB1	ENST00000328649	7	0		1	1	1	1	716	0	0.0	71	9.9	71	9.9
CIB2	ENST00000258930	6	0		0		1	1	684	0	0.0	0	0.0	71	10.4
CIBAR1	ENST00000518322	9	0		0		1	4	1050	0	0.0	0	0.0	122	11.6
CIC	ENST00000681038	20	1	2	2	2,21	2	2,21	7954	2814	35.4	3202	40.3	3202	40.3
CIDEC	ENST00000336832	5	0		0		0		817	0	0.0	0	0.0	0	0.0
CIITA	ENST00000324288	19	0		0		1	11	3773	0	0.0	0	0.0	1671	44.3
CILK1	ENST00000676107	13	0		0		0		2159	0	0.0	0	0.0	0	0.0
CILP	ENST00000261883	8	0		0		0		3715	0	0.0	0	0.0	0	0.0
CIMIP4	ENST00000381821	5	0		1	3	1	3	943	0	0.0	487	51.6	487	51.6
CINP	ENST00000216756	5	0		0		1	2	739	0	0.0	0	0.0	189	25.6
CIROP	ENST00000637218	16	8	5,6,7,8,13,14,15,16	8	5,6,7,8,13,14,15,16	9	1,5,6,7,8,13,14,15,16	2687	1436	53.4	1436	53.4	1778	66.2
CIROZ	ENST00000377004	12	1	12	1	12	1	12	2712	1202	44.3	1202	44.3	1202	44.3
CISD2	ENST00000273986	3	0		0		0		468	0	0.0	0	0.0	0	0.0
CISH	ENST00000348721	3	0		0		1	2	837	0	0.0	0	0.0	241	28.8
CIT	ENST00000392521	47	1	10	2	10,47	2	10,47	7150	204	2.9	528	7.4	528	7.4
CITED2	ENST00000367651	1	0		0		1	2	833	0	0.0	0	0.0	833	100.0
CIZ1	ENST00000372938	16	0		0		3	5,10,17	3017	0	0.0	0	0.0	698	23.1
CKAP2L	ENST00000302450	9	0		0		3	4,8,9	2418	0	0.0	0	0.0	1714	70.9
CLASP1	ENST00000696935	40	1	24	2	24,26	10	2,13,17,24,26,29,33,34,35,39	5480	83	1.5	348	6.4	1753	32.0
CLCA2	ENST00000370565	14	1	9	4	3,9,11,14	9	1,3,6,8,9,10,11,12,14	3112	127	4.1	1052	33.8	2140	68.8
CLCA4	ENST00000370563	14	1	14	2	5,14	10	3,4,5,7,8,9,10,11,12,14	3040	424	13.9	622	20.5	2207	72.6
CLCC1	ENST00000369969	10	1	10	1	10	3	6,10,11	1856	167	9.0	167	9.0	771	41.5
CLCF1	ENST00000312438	3	0		0		1	1	738	0	0.0	0	0.0	36	4.9
CLCN1	ENST00000343257	23	0		0		0		3427	0	0.0	0	0.0	0	0.0
CLCN2	ENST00000265593	24	0		0		0		3177	0	0.0	0	0.0	0	0.0
CLCN3	ENST00000513761	12	0		1	11	4	2,4,9,11	2697	0	0.0	419	15.5	1285	47.6
CLCN4	ENST00000380833	11	0		2	9,13	8	3,5,6,7,9,10,11,13	2503	0	0.0	677	27.0	2045	81.7
CLCN5	ENST00000376091	13	0		2	4,5	2	4,5	2711	0	0.0	339	12.5	339	12.5
CLCN6	ENST00000346436	23	0		1	1	1	1	3070	0	0.0	107	3.5	107	3.5
CLCN7	ENST00000382745	25	1	1	1	1	1	1	2918	161	5.5	161	5.5	161	5.5
CLCNKA	ENST00000331433	19	0		1	2	1	2	2444	0	0.0	120	4.9	120	4.9
CLCNKB	ENST00000375679	19	0		0		0		2444	0	0.0	0	0.0	0	0.0
CLDN1	ENST00000295522	4	0		0		0		716	0	0.0	0	0.0	0	0.0
CLDN10	ENST00000299339	5	0		0		1	2	787	0	0.0	0	0.0	182	23.1
CLDN11	ENST00000064724	3	0		0		0		684	0	0.0	0	0.0	0	0.0
CLDN14	ENST00000399135	1	0		0		0		740	0	0.0	0	0.0	0	0.0
CLDN16	ENST00000264734	5	0		0		0		808	0	0.0	0	0.0	0	0.0
CLDN19	ENST00000296387	5	0		0		0		775	0	0.0	0	0.0	0	0.0
CLDN2	ENST00000336803	1	0		1	2	1	2	713	0	0.0	713	100.0	713	100.0
CLDN23	ENST00000519106	1	0		0		1	1	899	0	0.0	0	0.0	899	100.0
CLDN5	ENST00000618236	1	0		0		0		677	0	0.0	0	0.0	0	0.0
CLDN9	ENST00000445369	1	0		1	1	1	1	674	0	0.0	674	100.0	674	100.0
CLEC1A	ENST00000315330	6	0		0		3	3,4,6	963	0	0.0	0	0.0	570	59.2
CLEC3B	ENST00000296130	3	0		0		1	3	669	0	0.0	0	0.0	421	62.9
CLEC4C	ENST00000360345	6	0		0		0		762	0	0.0	0	0.0	0	0.0
CLEC4M	ENST00000327325	7	0		0		1	6	1340	0	0.0	0	0.0	133	9.9
CLEC7A	ENST00000304084	6	0		0		2	2,3	864	0	0.0	0	0.0	277	32.1
CLIC2	ENST00000369449	6	0		0		0		864	0	0.0	0	0.0	0	0.0
CLIC5	ENST00000339561	6	1	5	2	3,5	2	3,5	876	202	23.1	348	39.7	348	39.7
CLIP1	ENST00000620786	25	1	21	2	11,21	3	3,11,21	4817	73	1.5	1038	21.5	1630	33.8
CLIP2	ENST00000223398	16	1	2	1	2	4	2,10,11,15	3461	141	4.1	141	4.1	1381	39.9
CLMP	ENST00000448775	7	0		0		1	7	1262	0	0.0	0	0.0	321	25.4
CLN3	ENST00000636147	15	0		0		0		1617	0	0.0	0	0.0	0	0.0
CLN5	ENST00000377453	4	0		0		1	4	1157	0	0.0	0	0.0	532	46.0
CLN6	ENST00000249806	7	0		0		1	1	1076	0	0.0	0	0.0	103	9.6
CLN8	ENST00000331222	2	0		0		1	3	901	0	0.0	0	0.0	338	37.5
CLNK	ENST00000226951	18	2	2,19	2	2,19	3	2,18,19	1647	198	12.0	198	12.0	374	22.7
CLOCK	ENST00000513440	20	0		1	14	1	14	2941	0	0.0	168	5.7	168	5.7
CLP1	ENST00000533682	2	0		1	2	2	2,3	1318	0	0.0	626	47.5	1318	100.0
CLPB	ENST00000294053	17	0		0		0		2464	0	0.0	0	0.0	0	0.0
CLPB	ENST00000538039	16	0		1	16	3	1,11,16	2354	0	0.0	269	11.4	874	37.1
CLPP	ENST00000245816	6	0		0		0		954	0	0.0	0	0.0	0	0.0
CLPS	ENST00000259938	3	0		0		0		399	0	0.0	0	0.0	0	0.0
CLPX	ENST00000300107	14	0		1	11	5	5,7,8,11,13	2182	0	0.0	320	14.7	1009	46.2
CLRN1	ENST00000327047	3	0		0		0		759	0	0.0	0	0.0	0	0.0
CLRN2	ENST00000511148	3	0		0		0		759	0	0.0	0	0.0	0	0.0
CLRN3	ENST00000368671	3	0		0		0		741	0	0.0	0	0.0	0	0.0
CLSTN1	ENST00000377298	19	1	1	1	1	2	1,14	3326	111	3.3	111	3.3	358	10.8
CLTC	ENST00000269122	32	0		3	5,6,20	15	3,4,5,6,9,11,13,14,15,17,20,21,22,26,29	5668	0	0.0	532	9.4	2872	50.7
CLTCL1	ENST00000427926	32	0		0		2	1,7	5563	0	0.0	0	0.0	280	5.0
CLTRN	ENST00000380342	6	0		2	5,6	3	4,5,6	789	0	0.0	392	49.7	526	66.7
CLU	ENST00000316403	8	0		0		0		1510	0	0.0	0	0.0	0	0.0
CLXN	ENST00000262103	6	0		0		2	2,4	756	0	0.0	0	0.0	348	46.0
CMAS	ENST00000229329	8	0		1	1	3	1,7,8	1465	0	0.0	280	19.1	665	45.4
CMPK2	ENST00000256722	5	2	1,2	2	1,2	3	1,2,4	1450	830	57.2	830	57.2	1084	74.8
CMTR2	ENST00000434935	1	0		0		0		2333	0	0.0	0	0.0	0	0.0
CMYA5	ENST00000446378	13	0		1	5	5	4,5,6,7,13	12470	0	0.0	43	0.3	873	7.0
CNBP	ENST00000422453	4	0		0		0		614	0	0.0	0	0.0	0	0.0
CNDP1	ENST00000358821	12	0		0		3	6,8,10	1764	0	0.0	0	0.0	564	32.0
CNGA1	ENST00000514170	8	0		0		1	4	2221	0	0.0	0	0.0	127	5.7
CNGA2	ENST00000329903	6	0		0		1	7	2115	0	0.0	0	0.0	1426	67.4
CNGA3	ENST00000272602	7	0		0		0		2225	0	0.0	0	0.0	0	0.0
CNGA4	ENST00000379936	6	0		0		0		1848	0	0.0	0	0.0	0	0.0
CNGB1	ENST00000251102	32	0		0		0		4396	0	0.0	0	0.0	0	0.0
CNGB3	ENST00000320005	18	0		0		0		2790	0	0.0	0	0.0	0	0.0
CNIH3	ENST00000272133	6	0		0		0		603	0	0.0	0	0.0	0	0.0
CNIH4	ENST00000465271	5	0		0		1	2	520	0	0.0	0	0.0	89	17.1
CNKSR1	ENST00000361530	21	0		0		0		2562	0	0.0	0	0.0	0	0.0
CNKSR2	ENST00000379510	22	1	18	6	4,11,13,15,18,21	18	2,4,5,6,7,8,9,10,11,12,13,15,17,18,19,20,21,22	3545	88	2.5	1073	30.3	3075	86.7
CNNM2	ENST00000369878	8	0		0		3	2,4,7	2788	0	0.0	0	0.0	559	20.1
CNNM3	ENST00000305510	8	1	1	1	1	1	1	2284	1245	54.5	1245	54.5	1245	54.5
CNNM4	ENST00000377075	7	1	1	1	1	1	1	2468	1422	57.6	1422	57.6	1422	57.6
CNOT1	ENST00000317147	48	0		2	31,39	17	9,11,17,21,22,23,24,27,30,31,35,39,41,43,44,47,48	8091	0	0.0	569	7.0	3198	39.5
CNOT2	ENST00000229195	15	0		1	6	6	3,5,6,10,11,14	1923	0	0.0	203	10.6	953	49.6
CNOT3	ENST00000221232	17	14	2,3,4,5,7,10,11,12,13,14,15,16,17,18	16	2,3,4,5,6,7,8,10,11,12,13,14,15,16,17,18	16	2,3,4,5,6,7,8,10,11,12,13,14,15,16,17,18	2602	2059	79.1	2448	94.1	2448	94.1
CNOT9	ENST00000273064	8	0		0		2	2,5	1060	0	0.0	0	0.0	330	31.1
CNP	ENST00000393892	4	0		0		2	1,4	1346	0	0.0	0	0.0	493	36.6
CNPY2	ENST00000273308	5	0		0		0		649	0	0.0	0	0.0	0	0.0
CNPY3	ENST00000372836	6	0		1	1	1	1	957	0	0.0	171	17.9	171	17.9
CNTD1	ENST00000588408	7	0		0		1	7	1133	0	0.0	0	0.0	191	16.9
CNTN1	ENST00000551295	23	0		0		0		3517	0	0.0	0	0.0	0	0.0
CNTN2	ENST00000331830	22	0		1	4	6	4,8,9,11,16,17	3563	0	0.0	196	5.5	981	27.5
CNTN5	ENST00000524871	23	0		1	22	13	6,8,10,11,12,13,14,15,18,20,21,22,24	3763	0	0.0	207	5.5	2395	63.6
CNTN6	ENST00000446702	22	1	14	3	11,13,14	11	3,4,8,11,13,14,15,16,20,22,23	3527	138	3.9	505	14.3	1919	54.4
CNTNAP1	ENST00000264638	24	1	16	1	16	2	16,24	4635	206	4.4	206	4.4	519	11.2
CNTNAP2	ENST00000361727	24	0		0		0		4476	0	0.0	0	0.0	0	0.0
COA1	ENST00000223336	5	0		0		0		541	0	0.0	0	0.0	0	0.0
COA3	ENST00000328434	2	0		0		0		361	0	0.0	0	0.0	0	0.0
COA5	ENST00000328709	3	0		0		0		285	0	0.0	0	0.0	0	0.0
COA6	ENST00000366615	3	0		0		1	1	528	0	0.0	0	0.0	232	43.9
COA7	ENST00000371538	3	0		0		1	3	756	0	0.0	0	0.0	469	62.0
COA8	ENST00000409074	5	0		0		1	1	682	0	0.0	0	0.0	143	21.0
COASY	ENST00000393818	9	0		0		3	1,2,4	1875	0	0.0	0	0.0	1165	62.1
COCH	ENST00000396618	11	0		0		1	11	1873	0	0.0	0	0.0	537	28.7
COG1	ENST00000299886	14	0		1	1	1	1	3223	0	0.0	335	10.4	335	10.4
COG2	ENST00000366669	18	0		0		4	5,8,9,16	2577	0	0.0	0	0.0	576	22.4
COG3	ENST00000349995	23	1	16	2	9,16	8	4,6,7,9,10,12,16,21	2947	110	3.7	174	5.9	1074	36.4
COG4	ENST00000323786	19	0		0		0		2750	0	0.0	0	0.0	0	0.0
COG5	ENST00000297135	22	0		0		0		2930	0	0.0	0	0.0	0	0.0
COG6	ENST00000455146	19	0		0		0		2354	0	0.0	0	0.0	0	0.0
COG7	ENST00000307149	17	0		0		0		2653	0	0.0	0	0.0	0	0.0
COG8	ENST00000306875	5	0		0		0		1939	0	0.0	0	0.0	0	0.0
COL10A1	ENST00000651968	2	0		1	3	1	3	2083	0	0.0	1909	91.6	1909	91.6
COL11A1	ENST00000370096	67	0		0		1	22	6761	0	0.0	0	0.0	65	1.0
COL11A2	ENST00000341947	66	28	2,8,11,12,13,26,27,29,31,32,35,36,37,38,40,41,42,45,46,49,50,52,53,54,56,60,64,65	65	1,2,3,4,5,6,7,8,9,10,11,12,13,14,15,16,17,18,19,20,21,22,23,24,25,26,27,28,29,30,31,32,33,34,35,36,37,38,39,40,41,42,44,45,46,47,48,49,50,51,52,53,54,55,56,57,58,59,60,61,62,63,64,65,66	66	1,2,3,4,5,6,7,8,9,10,11,12,13,14,15,16,17,18,19,20,21,22,23,24,25,26,27,28,29,30,31,32,33,34,35,36,37,38,39,40,41,42,43,44,45,46,47,48,49,50,51,52,53,54,55,56,57,58,59,60,61,62,63,64,65,66	6531	2749	42.1	6403	98.0	6531	100.0
COL12A1	ENST00000322507	65	0		2	4,21	24	2,3,4,6,7,10,11,13,14,16,21,23,27,34,35,38,39,40,44,49,50,52,54,56	10492	0	0.0	331	3.2	4690	44.7
COL13A1	ENST00000645393	41	4	5,21,23,40	4	5,21,23,40	7	5,13,21,23,29,30,40	3007	305	10.1	305	10.1	590	19.6
COL14A1	ENST00000297848	47	0		1	48	15	3,4,7,10,11,12,14,19,24,26,28,32,34,45,48	6331	0	0.0	100	1.6	2403	38.0
COL17A1	ENST00000648076	55	0		0		1	10	5594	0	0.0	0	0.0	179	3.2
COL18A1	ENST00000651438	42	2	1,2	2	1,2	3	1,2,34	4860	146	3.0	146	3.0	307	6.3
COL1A1	ENST00000225964	51	0		1	5	1	5	5415	0	0.0	122	2.3	122	2.3
COL1A2	ENST00000297268	52	0		0		2	3,6	5141	0	0.0	0	0.0	109	2.1
COL20A1	ENST00000358894	34	0		0		4	8,9,15,31	4535	0	0.0	0	0.0	612	13.5
COL21A1	ENST00000244728	29	0		1	30	6	3,4,5,6,26,30	3454	0	0.0	208	6.0	1567	45.4
COL25A1	ENST00000399132	37	0		0		5	10,12,30,35,36	2705	0	0.0	0	0.0	418	15.5
COL27A1	ENST00000356083	61	3	1,17,29	4	1,17,22,29	4	1,17,22,29	6803	230	3.4	295	4.3	295	4.3
COL2A1	ENST00000380518	54	0		0		0		5544	0	0.0	0	0.0	0	0.0
COL3A1	ENST00000304636	51	0		0		0		5421	0	0.0	0	0.0	0	0.0
COL4A1	ENST00000375820	52	0		0		1	1	6050	0	0.0	0	0.0	104	1.7
COL4A2	ENST00000360467	47	1	31	4	24,31,33,43	9	5,19,24,29,30,31,33,36,43	6079	191	3.1	580	9.5	1385	22.8
COL4A3	ENST00000396578	52	0		0		3	1,15,42	6053	0	0.0	0	0.0	393	6.5
COL4A4	ENST00000396625	47	0		0		1	46	6013	0	0.0	0	0.0	209	3.5
COL4A5	ENST00000328300	53	0		1	41	3	10,41,44	6136	0	0.0	206	3.4	443	7.2
COL4A6	ENST00000334504	45	0		5	21,22,26,31,38	24	3,6,8,10,11,12,15,16,19,20,21,22,23,26,27,28,29,31,38,39,41,42,43,45	5973	0	0.0	962	16.1	3632	60.8
COL5A1	ENST00000371817	66	1	1	1	1	1	1	6837	129	1.9	129	1.9	129	1.9
COL5A2	ENST00000374866	54	0		0		0		5580	0	0.0	0	0.0	0	0.0
COL5A3	ENST00000264828	67	3	43,51,54	6	14,19,43,46,51,54	13	1,14,16,19,43,44,46,51,53,54,56,57,62	6578	330	5.0	609	9.3	1215	18.5
COL6A1	ENST00000361866	35	0		0		0		3787	0	0.0	0	0.0	0	0.0
COL6A2	ENST00000300527	27	0		0		0		3600	0	0.0	0	0.0	0	0.0
COL6A2	ENST00000397763	27	0		0		1	28	3297	0	0.0	0	0.0	316	9.6
COL6A3	ENST00000295550	43	0		0		2	9,36	10394	0	0.0	0	0.0	1140	11.0
COL6A6	ENST00000358511	36	2	29,37	2	29,37	12	3,4,5,6,7,8,9,11,29,33,35,37	7512	299	4.0	299	4.0	5647	75.2
COL7A1	ENST00000681320	118	0		0		0		11195	0	0.0	0	0.0	0	0.0
COL8A2	ENST00000397799	2	0		1	4	1	4	2152	0	0.0	1939	90.1	1939	90.1
COL9A1	ENST00000357250	38	0		0		0		3526	0	0.0	0	0.0	0	0.0
COL9A2	ENST00000372748	32	0		0		0		2710	0	0.0	0	0.0	0	0.0
COL9A3	ENST00000649368	32	0		1	1	1	1	2695	0	0.0	98	3.6	98	3.6
COLEC10	ENST00000332843	6	0		1	6	3	1,3,6	954	0	0.0	412	43.2	672	70.4
COLEC11	ENST00000349077	6	0		0		0		936	0	0.0	0	0.0	0	0.0
COLGALT1	ENST00000252599	12	1	1	1	1	1	1	2109	280	13.3	280	13.3	280	13.3
COLQ	ENST00000383788	17	0		0		0		1708	0	0.0	0	0.0	0	0.0
COMP	ENST00000222271	19	0		1	5	1	5	2654	0	0.0	158	6.0	158	6.0
COMT	ENST00000361682	4	0		0		0		896	0	0.0	0	0.0	0	0.0
COPA	ENST00000241704	33	0		0		2	18,28	4335	0	0.0	0	0.0	340	7.8
COPB1	ENST00000439561	21	1	4	1	4	6	3,4,10,13,16,17	3282	190	5.8	190	5.8	1153	35.1
COPB2	ENST00000333188	22	2	2,8	2	2,8	7	2,5,8,11,13,15,22	3161	321	10.2	321	10.2	1107	35.0
COPG1	ENST00000314797	24	1	23	2	20,23	4	1,14,20,23	3105	119	3.8	311	10.0	632	20.4
COQ10A	ENST00000308197	5	1	1	1	1	1	1	844	154	18.2	154	18.2	154	18.2
COQ10B	ENST00000263960	5	0		0		3	2,3,5	817	0	0.0	0	0.0	571	69.9
COQ2	ENST00000647002	7	0		1	1	2	1,5	1256	0	0.0	273	21.7	427	34.0
COQ3	ENST00000254759	7	0		0		3	3,6,7	1250	0	0.0	0	0.0	594	47.5
COQ4	ENST00000300452	7	0		0		1	7	938	0	0.0	0	0.0	192	20.5
COQ5	ENST00000288532	7	0		0		0		1124	0	0.0	0	0.0	0	0.0
COQ6	ENST00000334571	12	0		0		1	11	1647	0	0.0	0	0.0	187	11.4
COQ7	ENST00000321998	6	0		0		0		774	0	0.0	0	0.0	0	0.0
COQ8A	ENST00000366777	14	0		0		0		2224	0	0.0	0	0.0	0	0.0
COQ8B	ENST00000324464	14	1	10	2	9,10	3	6,9,10	1915	114	6.0	216	11.3	359	18.7
COQ9	ENST00000262507	9	0		1	1	1	1	1137	0	0.0	93	8.2	93	8.2
CORIN	ENST00000273857	22	1	15	2	5,15	6	5,11,12,15,21,22	3569	131	3.7	333	9.3	1108	31.0
CORO1A	ENST00000219150	10	0		0		0		1586	0	0.0	0	0.0	0	0.0
CORO7	ENST00000251166	28	1	6	6	5,6,14,16,25,28	12	1,5,6,13,14,15,16,23,24,25,26,28	3338	97	2.9	837	25.1	1536	46.0
COX10	ENST00000261643	7	0		0		1	7	1472	0	0.0	0	0.0	424	28.8
COX11	ENST00000299335	4	0		1	1	2	1,4	911	0	0.0	386	42.4	589	64.7
COX14	ENST00000550487	1	0		0		0		194	0	0.0	0	0.0	0	0.0
COX15	ENST00000016171	9	0		0		0		1413	0	0.0	0	0.0	0	0.0
COX16	ENST00000389912	4	0		0		1	4	401	0	0.0	0	0.0	137	34.2
COX17	ENST00000261070	2	0		0		1	2	232	0	0.0	0	0.0	105	45.3
COX18	ENST00000507544	6	0		0		1	1	1125	0	0.0	0	0.0	353	31.4
COX19	ENST00000344111	3	0		0		0		333	0	0.0	0	0.0	0	0.0
COX20	ENST00000411948	4	0		0		1	2	437	0	0.0	0	0.0	135	30.9
COX4I1	ENST00000253452	4	0		0		1	3	590	0	0.0	0	0.0	188	31.9
COX4I2	ENST00000376075	4	0		0		0		596	0	0.0	0	0.0	0	0.0
COX5A	ENST00000322347	4	1	1	1	1	1	1	533	120	22.5	120	22.5	120	22.5
COX5B	ENST00000258424	4	0		0		0		470	0	0.0	0	0.0	0	0.0
COX6A1	ENST00000229379	3	0		0		0		390	0	0.0	0	0.0	0	0.0
COX6A2	ENST00000287490	3	0		1	2	3	1,2,3	354	0	0.0	157	44.4	354	100.0
COX6B1	ENST00000649813	3	0		0		0		321	0	0.0	0	0.0	0	0.0
COX6B2	ENST00000326529	3	0		0		1	2	327	0	0.0	0	0.0	132	40.4
COX6C	ENST00000520468	2	0		0		0		268	0	0.0	0	0.0	0	0.0
COX7A1	ENST00000292907	4	0		1	3	1	3	320	0	0.0	105	32.8	105	32.8
COX7A2	ENST00000684430	4	0		0		0		332	0	0.0	0	0.0	0	0.0
COX7B	ENST00000650309	3	0		0		1	2	303	0	0.0	0	0.0	145	47.9
COX7B2	ENST00000355591	1	0		0		0		266	0	0.0	0	0.0	0	0.0
COX7C	ENST00000247655	2	0		0		0		232	0	0.0	0	0.0	0	0.0
COX8A	ENST00000314133	2	0		0		0		250	0	0.0	0	0.0	0	0.0
COXFA4	ENST00000339600	4	0		0		0		326	0	0.0	0	0.0	0	0.0
COXFA4L2	ENST00000554503	4	0		1	3	1	3	344	0	0.0	81	23.5	81	23.5
CP	ENST00000264613	19	0		0		0		3578	0	0.0	0	0.0	0	0.0
CPA1	ENST00000011292	10	1	1	1	1	1	1	1460	85	5.8	85	5.8	85	5.8
CPA6	ENST00000297770	11	0		0		2	7,11	1534	0	0.0	0	0.0	339	22.1
CPAMD8	ENST00000443236	42	2	17,40	2	17,40	7	14,15,17,25,35,40,41	6498	412	6.3	412	6.3	1467	22.6
CPAP	ENST00000381884	16	0		0		0		4337	0	0.0	0	0.0	0	0.0
CPE	ENST00000402744	9	1	1	2	1,4	5	1,2,3,4,5	1611	327	20.3	465	28.9	1073	66.6
CPEB2	ENST00000538197	12	1	1	1	1	7	1,2,7,9,10,11,12	3345	1682	50.3	1682	50.3	2899	86.7
CPLANE1	ENST00000651892	52	0		2	7,33	26	5,7,9,11,12,15,16,17,18,19,20,21,23,24,25,26,28,31,32,33,34,40,42,44,46,52	10796	0	0.0	488	4.5	7175	66.5
CPLX1	ENST00000304062	3	1	4	1	4	1	4	465	218	46.9	218	46.9	218	46.9
CPN1	ENST00000370418	9	0		0		0		1557	0	0.0	0	0.0	0	0.0
CPNE2	ENST00000290776	15	0		0		0		1947	0	0.0	0	0.0	0	0.0
CPNE6	ENST00000689861	15	1	3	2	2,3	2	2,3	1974	200	10.1	388	19.7	388	19.7
CPOX	ENST00000647941	7	1	1	1	1	1	1	1505	576	38.3	576	38.3	576	38.3
CPQ	ENST00000220763	7	0		2	2,3	4	2,3,5,8	1559	0	0.0	681	43.7	997	64.0
CPS1	ENST00000233072	38	0		0		0		5263	0	0.0	0	0.0	0	0.0
CPSF1	ENST00000616140	37	0		1	22	1	22	5072	0	0.0	195	3.8	195	3.8
CPSF3	ENST00000238112	18	0		0		7	4,5,7,8,9,10,11	2415	0	0.0	0	0.0	1233	51.1
CPSF6	ENST00000435070	9	1	2	1	2	6	2,3,4,5,6,9	1836	230	12.5	230	12.5	1446	78.8
CPT1A	ENST00000265641	18	0		0		0		2682	0	0.0	0	0.0	0	0.0
CPT1B	ENST00000312108	18	0		0		0		2679	0	0.0	0	0.0	0	0.0
CPT1C	ENST00000598293	18	0		0		2	10,12	2772	0	0.0	0	0.0	308	11.1
CPT2	ENST00000371486	5	0		0		0		2077	0	0.0	0	0.0	0	0.0
CR1	ENST00000367049	47	0		4	14,33,37,41	14	2,4,8,14,16,30,33,34,37,38,40,41,42,43	8410	0	0.0	1112	13.2	2733	32.5
CR2	ENST00000367057	19	0		0		2	2,14	3659	0	0.0	0	0.0	820	22.4
CRACR2A	ENST00000440314	17	1	6	1	6	2	6,14	2536	204	8.0	204	8.0	555	21.9
CRADD	ENST00000332896	2	0		0		1	2	640	0	0.0	0	0.0	318	49.7
CRAT	ENST00000318080	14	0		1	2	1	2	2161	0	0.0	284	13.1	284	13.1
CRB1	ENST00000367400	12	0		1	9	2	2,9	4461	0	0.0	927	20.8	1529	34.3
CRB2	ENST00000373631	13	0		2	1,10	7	1,2,3,7,9,10,12	4118	0	0.0	921	22.4	2707	65.7
CRBN	ENST00000231948	11	0		0		0		1549	0	0.0	0	0.0	0	0.0
CREB1	ENST00000353267	7	0		1	6	3	5,6,7	1124	0	0.0	203	18.1	537	47.8
CREB3L1	ENST00000621158	12	0		0		4	3,5,6,11	1800	0	0.0	0	0.0	838	46.6
CREB3L3	ENST00000078445	10	0		0		1	10	1586	0	0.0	0	0.0	334	21.1
CREBBP	ENST00000262367	31	0		0		0		7949	0	0.0	0	0.0	0	0.0
CREBRF	ENST00000296953	8	0		0		2	5,6	2080	0	0.0	0	0.0	425	20.4
CRELD1	ENST00000452070	10	0		0		0		1463	0	0.0	0	0.0	0	0.0
CRH	ENST00000276571	1	0		0		1	2	611	0	0.0	0	0.0	611	100.0
CRHR1	ENST00000314537	13	1	9	5	2,9,11,12,13	13	1,2,3,4,5,6,7,8,9,10,11,12,13	1508	93	6.2	580	38.5	1508	100.0
CRIM1	ENST00000280527	17	0		1	1	8	1,2,6,9,13,14,16,17	3451	0	0.0	351	10.2	1787	51.8
CRIP3	ENST00000372569	8	0		1	4	1	4	775	0	0.0	152	19.6	152	19.6
CRIPT	ENST00000238892	5	1	3	1	3	1	3	406	75	18.5	75	18.5	75	18.5
CRIPTO	ENST00000296145	6	0		0		0		687	0	0.0	0	0.0	0	0.0
CRLF1	ENST00000392386	9	2	1,7	2	1,7	3	1,2,7	1449	343	23.7	343	23.7	645	44.5
CRLS1	ENST00000378863	7	1	1	1	1	2	1,2	1046	326	31.2	326	31.2	484	46.3
CRNKL1	ENST00000536226	14	0		0		4	5,6,8,14	2344	0	0.0	0	0.0	786	33.5
CRPPA	ENST00000407010	10	1	1	1	1	3	1,2,9	1556	277	17.8	277	17.8	726	46.7
CRTAP	ENST00000320954	7	0		1	1	1	1	1346	0	0.0	491	36.5	491	36.5
CRTC1	ENST00000321949	14	0		0		1	8	2185	0	0.0	0	0.0	241	11.0
CRX	ENST00000221996	3	0		0		0		960	0	0.0	0	0.0	0	0.0
CRY1	ENST00000008527	12	0		1	1	3	1,5,7	2001	0	0.0	178	8.9	619	30.9
CRYAA	ENST00000291554	3	0		0		0		582	0	0.0	0	0.0	0	0.0
CRYAB	ENST00000650687	3	0		0		0		588	0	0.0	0	0.0	0	0.0
CRYBA1	ENST00000225387	6	0		0		0		768	0	0.0	0	0.0	0	0.0
CRYBA2	ENST00000295728	4	1	1	1	1	1	1	674	181	26.9	181	26.9	181	26.9
CRYBA4	ENST00000354760	5	0		0		0		691	0	0.0	0	0.0	0	0.0
CRYBB1	ENST00000647684	5	0		0		0		859	0	0.0	0	0.0	0	0.0
CRYBB2	ENST00000398215	5	0		0		0		718	0	0.0	0	0.0	0	0.0
CRYBB3	ENST00000215855	5	0		0		0		736	0	0.0	0	0.0	0	0.0
CRYGA	ENST00000304502	3	0		0		1	3	585	0	0.0	0	0.0	293	50.1
CRYGB	ENST00000260988	3	0		1	3	1	3	588	0	0.0	296	50.3	296	50.3
CRYGC	ENST00000282141	3	0		0		0		585	0	0.0	0	0.0	0	0.0
CRYGD	ENST00000264376	3	0		0		0		585	0	0.0	0	0.0	0	0.0
CRYGS	ENST00000307944	3	0		0		0		597	0	0.0	0	0.0	0	0.0
CRYM	ENST00000572914	8	0		0		0		1105	0	0.0	0	0.0	0	0.0
CRYZ	ENST00000340866	8	0		1	6	4	3,4,6,9	1150	0	0.0	170	14.8	709	61.7
CS	ENST00000351328	11	0		0		1	6	1621	0	0.0	0	0.0	209	12.9
CSAD	ENST00000444623	14	0		1	7	1	7	1762	0	0.0	127	7.2	127	7.2
CSDE1	ENST00000358528	18	1	5	1	5	3	5,14,17	2757	113	4.1	113	4.1	508	18.4
CSF1R	ENST00000675795	21	0		0		1	1	3339	0	0.0	0	0.0	69	2.1
CSF2RA	ENST00000381529	11	0		0		0		1423	0	0.0	0	0.0	0	0.0
CSF2RB	ENST00000403662	13	0		0		0		2954	0	0.0	0	0.0	0	0.0
CSF3	ENST00000394149	5	0		1	3	2	2,3	715	0	0.0	128	17.9	303	42.4
CSF3R	ENST00000373106	15	0		0		1	13	2811	0	0.0	0	0.0	167	5.9
CSGALNACT1	ENST00000692225	7	0		0		0		1739	0	0.0	0	0.0	0	0.0
CSH1	ENST00000316193	5	0		1	2	1	2	754	0	0.0	181	24.0	181	24.0
CSMD1	ENST00000635120	70	0		3	1,13,29	28	1,4,13,14,15,16,17,21,24,27,29,30,31,40,42,43,47,50,51,53,55,57,58,59,60,61,64,70	12095	0	0.0	516	4.3	5590	46.2
CSMD3	ENST00000297405	71	0		1	7	4	7,22,24,70	12544	0	0.0	332	2.6	874	7.0
CSNK1D	ENST00000314028	9	0		0		0		1428	0	0.0	0	0.0	0	0.0
CSNK1E	ENST00000396832	9	0		0		0		1431	0	0.0	0	0.0	0	0.0
CSNK1G1	ENST00000303052	11	0		0		2	5,6	1489	0	0.0	0	0.0	427	28.7
CSNK1G3	ENST00000696905	13	0		0		2	2,6	1631	0	0.0	0	0.0	453	27.8
CSNK2A1	ENST00000217244	12	0		0		0		1416	0	0.0	0	0.0	0	0.0
CSNK2B	ENST00000375882	6	5	2,3,4,6,7	6	2,3,4,5,6,7	6	2,3,4,5,6,7	768	672	87.5	768	100.0	768	100.0
CSPG4	ENST00000308508	10	0		3	1,4,10	4	1,4,8,10	7169	0	0.0	2466	34.4	2653	37.0
CSPP1	ENST00000678616	30	1	12	4	7,12,17,18	9	3,6,7,8,12,14,17,18,30	4281	62	1.4	863	20.2	1522	35.6
CSRP3	ENST00000265968	5	0		0		0		685	0	0.0	0	0.0	0	0.0
CST1	ENST00000304749	3	0		0		0		486	0	0.0	0	0.0	0	0.0
CST3	ENST00000376925	3	0		1	1	1	1	501	0	0.0	263	52.5	263	52.5
CST6	ENST00000312134	3	0		0		1	2	510	0	0.0	0	0.0	146	28.6
CSTA	ENST00000264474	3	0		0		0		357	0	0.0	0	0.0	0	0.0
CSTB	ENST00000291568	3	0		0		0		357	0	0.0	0	0.0	0	0.0
CSTF2	ENST00000372972	13	2	2,4	3	2,4,11	8	2,3,4,5,6,10,11,13	1994	256	12.8	569	28.5	1396	70.0
CT55	ENST00000276241	6	0		1	2	2	2,4	915	0	0.0	205	22.4	338	36.9
CTBP1	ENST00000382952	9	0		1	10	1	10	1470	0	0.0	204	13.9	204	13.9
CTBP2	ENST00000337195	9	0		0		2	4,8	1518	0	0.0	0	0.0	326	21.5
CTC1	ENST00000651323	23	0		1	13	4	3,8,13,15	4114	0	0.0	345	8.4	1070	26.0
CTCF	ENST00000264010	10	0		1	3	4	3,7,8,12	2384	0	0.0	801	33.6	1357	56.9
CTDP1	ENST00000613122	13	1	1	1	1	1	1	3146	334	10.6	334	10.6	334	10.6
CTF1	ENST00000279804	3	1	3	2	1,3	2	1,3	666	482	72.4	527	79.1	527	79.1
CTH	ENST00000370938	12	0		0		0		1458	0	0.0	0	0.0	0	0.0
CTHRC1	ENST00000330295	4	0		0		0		812	0	0.0	0	0.0	0	0.0
CTLA4	ENST00000648405	4	0		1	4	2	2,4	752	0	0.0	125	16.6	493	65.6
CTNNA1	ENST00000302763	17	0		0		4	3,6,9,18	3061	0	0.0	0	0.0	987	32.2
CTNNA2	ENST00000402739	18	1	16	4	12,16,18,19	6	3,9,12,16,18,19	3222	126	3.9	819	25.4	1208	37.5
CTNNA3	ENST00000433211	17	0		0		5	3,6,9,16,18	3028	0	0.0	0	0.0	1104	36.5
CTNNB1	ENST00000349496	14	0		0		0		2626	0	0.0	0	0.0	0	0.0
CTNNBL1	ENST00000361383	16	0		1	11	1	11	2012	0	0.0	202	10.0	202	10.0
CTNND1	ENST00000399050	19	1	9	2	6,9	6	6,7,8,9,15,19	3287	138	4.2	694	21.1	1722	52.4
CTNND2	ENST00000304623	22	1	7	4	7,12,15,22	5	7,11,12,15,22	4118	585	14.2	1264	30.7	1498	36.4
CTNS	ENST00000046640	10	0		0		0		1304	0	0.0	0	0.0	0	0.0
CTPS1	ENST00000650070	17	0		0		0		2116	0	0.0	0	0.0	0	0.0
CTR9	ENST00000361367	25	1	20	1	20	9	3,6,7,12,16,18,20,22,25	4022	156	3.9	156	3.9	1877	46.7
CTRC	ENST00000375949	8	0		0		0		967	0	0.0	0	0.0	0	0.0
CTSA	ENST00000646241	14	0		0		0		1723	0	0.0	0	0.0	0	0.0
CTSB	ENST00000353047	9	0		1	7	1	7	1200	0	0.0	164	13.7	164	13.7
CTSC	ENST00000227266	7	0		0		0		1532	0	0.0	0	0.0	0	0.0
CTSD	ENST00000236671	9	0		0		0		1419	0	0.0	0	0.0	0	0.0
CTSF	ENST00000310325	13	1	1	1	1	1	1	1715	233	13.6	233	13.6	233	13.6
CTSK	ENST00000271651	7	0		0		0		1130	0	0.0	0	0.0	0	0.0
CTSL	ENST00000343150	7	0		0		2	6,8	1142	0	0.0	0	0.0	303	26.5
CTSV	ENST00000259470	7	0		0		1	6	1145	0	0.0	0	0.0	186	16.2
CTTNBP2	ENST00000160373	23	0		3	1,5,7	8	1,4,5,7,8,10,17,20	5452	0	0.0	496	9.1	3024	55.5
CTU2	ENST00000453996	15	0		1	5	2	1,5	1848	0	0.0	81	4.4	169	9.1
CUBN	ENST00000377833	67	0		0		0		12212	0	0.0	0	0.0	0	0.0
CUL3	ENST00000264414	16	0		2	4,9	7	4,5,6,8,9,14,16	2627	0	0.0	372	14.2	1312	49.9
CUL4B	ENST00000371322	20	0		0		1	1	3088	0	0.0	0	0.0	576	18.7
CUL7	ENST00000265348	25	0		0		1	4	5597	0	0.0	0	0.0	521	9.3
CUX1	ENST00000292535	24	2	20,24	3	15,20,24	5	15,18,20,21,24	4998	728	14.6	1420	28.4	2608	52.2
CUX1	ENST00000622516	23	0		0		1	11	2497	0	0.0	0	0.0	209	8.4
CUX2	ENST00000261726	22	2	15,20	3	15,17,20	5	15,17,19,20,21	4901	871	17.8	1655	33.8	2239	45.7
CWC27	ENST00000381070	14	1	3	2	3,5	6	2,3,5,6,10,13	1699	133	7.8	252	14.8	795	46.8
CWF19L1	ENST00000354105	14	0		0		0		1897	0	0.0	0	0.0	0	0.0
CX3CR1	ENST00000399220	1	0		0		0		1088	0	0.0	0	0.0	0	0.0
CXADR	ENST00000284878	7	0		0		4	1,4,5,7	1238	0	0.0	0	0.0	667	53.9
CXCL12	ENST00000343575	3	0		0		1	1	330	0	0.0	0	0.0	81	24.5
CXCR1	ENST00000295683	1	0		0		0		1073	0	0.0	0	0.0	0	0.0
CXCR2	ENST00000318507	1	0		0		1	3	1103	0	0.0	0	0.0	1103	100.0
CXCR4	ENST00000241393	2	0		0		0		1099	0	0.0	0	0.0	0	0.0
CXCR5	ENST00000292174	2	0		0		0		1159	0	0.0	0	0.0	0	0.0
CYB561	ENST00000360793	5	0		0		0		856	0	0.0	0	0.0	0	0.0
CYB561A3	ENST00000294072	5	0		0		2	3,7	829	0	0.0	0	0.0	248	29.9
CYB5A	ENST00000340533	5	0		0		0		505	0	0.0	0	0.0	0	0.0
CYB5R3	ENST00000352397	9	1	1	1	1	1	1	1086	41	3.8	41	3.8	41	3.8
CYBA	ENST00000261623	6	0		0		0		708	0	0.0	0	0.0	0	0.0
CYBB	ENST00000378588	13	0		0		1	8	1973	0	0.0	0	0.0	113	5.7
CYBC1	ENST00000306645	6	0		0		2	6,7	684	0	0.0	0	0.0	306	44.7
CYBRD1	ENST00000321348	4	0		0		1	3	941	0	0.0	0	0.0	175	18.6
CYC1	ENST00000318911	7	1	1	1	1	1	1	1118	149	13.3	149	13.3	149	13.3
CYCS	ENST00000305786	2	0		0		0		358	0	0.0	0	0.0	0	0.0
CYFIP1	ENST00000617928	30	1	6	5	6,9,15,16,17	15	4,6,7,8,9,10,11,13,14,15,16,17,18,19,21	4362	202	4.6	846	19.4	2147	49.2
CYFIP2	ENST00000620254	30	1	3	2	3,15	3	3,11,15	4362	110	2.5	278	6.4	416	9.5
CYLC1	ENST00000329312	5	1	5	3	2,4,5	4	2,3,4,5	2056	53	2.6	1880	91.4	2019	98.2
CYLC2	ENST00000374798	5	0		0		1	4	1147	0	0.0	0	0.0	177	15.4
CYLD	ENST00000427738	17	0		0		2	3,7	3211	0	0.0	0	0.0	643	20.0
CYP11A1	ENST00000268053	9	0		0		0		1746	0	0.0	0	0.0	0	0.0
CYP11B1	ENST00000292427	9	0		0		0		1692	0	0.0	0	0.0	0	0.0
CYP11B2	ENST00000323110	9	0		0		0		1692	0	0.0	0	0.0	0	0.0
CYP17A1	ENST00000369887	8	0		0		0		1687	0	0.0	0	0.0	0	0.0
CYP19A1	ENST00000396402	9	0		0		0		1692	0	0.0	0	0.0	0	0.0
CYP1B1	ENST00000610745	2	0		0		0		1672	0	0.0	0	0.0	0	0.0
CYP21A2	ENST00000644719	10	1	10	4	1,2,3,10	9	1,2,3,4,5,6,7,8,10	1688	286	16.9	793	47.0	1564	92.7
CYP24A1	ENST00000216862	11	0		0		0		1765	0	0.0	0	0.0	0	0.0
CYP26B1	ENST00000001146	6	0		0		0		1659	0	0.0	0	0.0	0	0.0
CYP26C1	ENST00000651965	6	2	3,5	2	3,5	3	3,5,6	1689	646	38.2	646	38.2	1044	61.8
CYP27A1	ENST00000258415	9	0		0		1	5	1776	0	0.0	0	0.0	193	10.9
CYP27B1	ENST00000228606	9	0		0		0		1707	0	0.0	0	0.0	0	0.0
CYP2A13	ENST00000330436	9	0		0		1	1	1665	0	0.0	0	0.0	200	12.0
CYP2A6	ENST00000301141	9	0		0		2	1,6	1665	0	0.0	0	0.0	362	21.7
CYP2B6	ENST00000324071	9	0		0		0		1656	0	0.0	0	0.0	0	0.0
CYP2C19	ENST00000371321	9	0		0		2	4,5	1653	0	0.0	0	0.0	378	22.9
CYP2C8	ENST00000371270	9	0		0		0		1653	0	0.0	0	0.0	0	0.0
CYP2C9	ENST00000260682	9	0		0		1	5	1653	0	0.0	0	0.0	197	11.9
CYP2D6	ENST00000645361	9	0		1	9	5	1,2,3,7,9	1674	0	0.0	199	11.9	972	58.1
CYP2R1	ENST00000334636	5	0		0		1	3	1606	0	0.0	0	0.0	653	40.7
CYP2U1	ENST00000332884	5	1	1	1	1	4	1,2,4,5	1735	510	29.4	510	29.4	1553	89.5
CYP3A4	ENST00000651514	13	0		0		2	5,8	1772	0	0.0	0	0.0	282	15.9
CYP3A5	ENST00000222982	13	0		0		3	5,10,11	1769	0	0.0	0	0.0	562	31.8
CYP46A1	ENST00000261835	15	0		0		1	1	1803	0	0.0	0	0.0	139	7.7
CYP4F12	ENST00000550308	12	0		1	7	4	3,4,7,9	1815	0	0.0	291	16.0	680	37.5
CYP4F22	ENST00000269703	12	0		0		0		1836	0	0.0	0	0.0	0	0.0
CYP4V2	ENST00000378802	11	0		0		1	1	1798	0	0.0	0	0.0	234	13.0
CYP51A1	ENST00000003100	10	1	8	2	4,8	8	3,4,5,6,7,8,9,10	1730	116	6.7	263	15.2	1399	80.9
CYP7A1	ENST00000301645	6	0		0		0		1635	0	0.0	0	0.0	0	0.0
CYP7B1	ENST00000310193	6	0		0		0		1641	0	0.0	0	0.0	0	0.0
CYREN	ENST00000393114	3	0		0		0		534	0	0.0	0	0.0	0	0.0
CYS1	ENST00000381813	3	1	1	1	1	1	1	537	338	62.9	338	62.9	338	62.9
D2HGDH	ENST00000321264	9	0		0		0		1746	0	0.0	0	0.0	0	0.0
DAAM2	ENST00000274867	24	0		0		2	6,25	3687	0	0.0	0	0.0	599	16.2
DAB1	ENST00000371236	13	0		0		2	5,12	1928	0	0.0	0	0.0	721	37.4
DAB2IP	ENST00000408936	16	0		1	3	3	1,3,12	3890	0	0.0	154	4.0	1207	31.0
DACH2	ENST00000373125	12	1	3	4	1,3,5,6	11	1,2,3,4,5,6,7,8,10,11,12	2040	133	6.5	1013	49.7	1872	91.8
DACT1	ENST00000395153	4	0		1	1	2	1,3	2480	0	0.0	365	14.7	541	21.8
DAG1	ENST00000308775	2	0		0		0		2728	0	0.0	0	0.0	0	0.0
DAGLA	ENST00000257215	19	0		0		4	12,14,15,20	3509	0	0.0	0	0.0	1328	37.8
DAGLB	ENST00000297056	15	0		1	4	4	4,6,9,11	2319	0	0.0	279	12.0	673	29.0
DALRD3	ENST00000341949	12	1	2	1	2	2	2,10	1872	316	16.9	316	16.9	450	24.0
DAND5	ENST00000317060	2	0		0		0		610	0	0.0	0	0.0	0	0.0
DAO	ENST00000228476	10	0		0		0		1244	0	0.0	0	0.0	0	0.0
DAOA	ENST00000375936	4	0		0		2	3,5	542	0	0.0	0	0.0	310	57.2
DAP3	ENST00000368336	12	0		0		0		1437	0	0.0	0	0.0	0	0.0
DAPK1	ENST00000408954	25	0		0		2	5,24	4793	0	0.0	0	0.0	291	6.1
DARS1	ENST00000264161	16	0		0		4	9,10,11,13	1826	0	0.0	0	0.0	591	32.4
DARS2	ENST00000649689	17	0		1	13	1	13	2278	0	0.0	173	7.6	173	7.6
DAW1	ENST00000309931	13	0		0		4	2,3,6,9	1508	0	0.0	0	0.0	501	33.2
DAZL	ENST00000399444	11	0		0		0		1108	0	0.0	0	0.0	0	0.0
DBH	ENST00000393056	12	0		0		0		2094	0	0.0	0	0.0	0	0.0
DBR1	ENST00000260803	8	0		0		3	6,7,8	1795	0	0.0	0	0.0	981	54.7
DBT	ENST00000370132	11	0		0		0		1669	0	0.0	0	0.0	0	0.0
DCAF13	ENST00000612750	11	0		1	8	4	1,8,9,11	1558	0	0.0	185	11.9	539	34.6
DCAF15	ENST00000254337	13	2	1,13	3	1,7,13	3	1,7,13	2063	228	11.1	683	33.1	683	33.1
DCAF17	ENST00000375255	14	0		1	1	2	1,8	1843	0	0.0	146	7.9	272	14.8
DCAF8	ENST00000368074	12	0		0		0		2034	0	0.0	0	0.0	0	0.0
DCC	ENST00000442544	29	0		0		0		4924	0	0.0	0	0.0	0	0.0
DCDC2	ENST00000378454	10	0		0		2	7,8	1631	0	0.0	0	0.0	304	18.6
DCHS1	ENST00000299441	20	0		1	10	4	6,7,10,19	10297	0	0.0	885	8.6	2449	23.8
DCLK2	ENST00000296550	16	0		0		2	2,16	2621	0	0.0	0	0.0	603	23.0
DCLRE1B	ENST00000650450	4	0		0		1	3	1679	0	0.0	0	0.0	203	12.1
DCLRE1C	ENST00000378278	14	0		0		0		2359	0	0.0	0	0.0	0	0.0
DCN	ENST00000052754	7	0		0		0		1220	0	0.0	0	0.0	0	0.0
DCP1B	ENST00000280665	9	0		0		3	3,6,7	2034	0	0.0	0	0.0	1190	58.5
DCPS	ENST00000263579	6	0		0		0		1134	0	0.0	0	0.0	0	0.0
DCT	ENST00000377028	8	0		0		2	2,8	1720	0	0.0	0	0.0	519	30.2
DCTN1	ENST00000628224	32	0		0		0		4477	0	0.0	0	0.0	0	0.0
DCTN4	ENST00000447998	13	1	5	1	5	2	3,5	1643	128	7.8	128	7.8	327	19.9
DCX	ENST00000636035	6	0		0		0		1221	0	0.0	0	0.0	0	0.0
DCXR	ENST00000306869	8	0		0		0		895	0	0.0	0	0.0	0	0.0
DDB1	ENST00000301764	27	1	2	1	2	1	2	3963	169	4.3	169	4.3	169	4.3
DDB2	ENST00000256996	10	0		0		0		1484	0	0.0	0	0.0	0	0.0
DDC	ENST00000444124	13	0		0		0		1703	0	0.0	0	0.0	0	0.0
DDHD1	ENST00000673822	13	0		1	1	8	1,2,4,6,7,10,11,13	2963	0	0.0	858	29.0	2317	78.2
DDHD2	ENST00000397166	16	0		1	8	5	5,8,10,13,16	2456	0	0.0	229	9.3	872	35.5
DDOST	ENST00000602624	11	0		1	8	1	8	1540	0	0.0	168	10.9	168	10.9
DDR1	ENST00000376568	17	15	3,4,5,6,7,8,10,11,12,13,14,15,16,17,18	17	2,3,4,5,6,7,8,9,10,11,12,13,14,15,16,17,18	17	2,3,4,5,6,7,8,9,10,11,12,13,14,15,16,17,18	3082	2861	92.8	3082	100.0	3082	100.0
DDR2	ENST00000367921	16	0		0		0		2888	0	0.0	0	0.0	0	0.0
DDRGK1	ENST00000354488	9	0		0		0		1125	0	0.0	0	0.0	0	0.0
DDX11	ENST00000542838	26	0		0		0		3241	0	0.0	0	0.0	0	0.0
DDX17	ENST00000403230	13	1	9	1	9	1	9	2450	131	5.3	131	5.3	131	5.3
DDX23	ENST00000308025	16	0		0		0		2783	0	0.0	0	0.0	0	0.0
DDX25	ENST00000263576	12	0		1	1	3	1,8,11	1692	0	0.0	83	4.9	490	29.0
DDX31	ENST00000372159	20	0		0		0		2641	0	0.0	0	0.0	0	0.0
DDX39B	ENST00000396172	10	10	2,3,4,5,6,7,8,9,10,11	10	2,3,4,5,6,7,8,9,10,11	10	2,3,4,5,6,7,8,9,10,11	1487	1487	100.0	1487	100.0	1487	100.0
DDX3X	ENST00000644876	17	1	16	3	13,14,16	12	3,4,6,8,9,10,12,13,14,15,16,17	2329	160	6.9	500	21.5	1686	72.4
DDX41	ENST00000330503	17	0		0		0		2209	0	0.0	0	0.0	0	0.0
DDX43	ENST00000370336	16	0		1	16	3	6,9,16	2267	0	0.0	134	5.9	473	20.9
DDX49	ENST00000247003	13	0		0		0		1712	0	0.0	0	0.0	0	0.0
DDX53	ENST00000327968	1	0		0		1	1	1916	0	0.0	0	0.0	1916	100.0
DDX54	ENST00000306014	20	0		0		1	8	3046	0	0.0	0	0.0	142	4.7
DDX59	ENST00000331314	7	1	2	2	2,8	4	2,3,7,8	2000	824	41.2	1108	55.4	1445	72.2
DDX6	ENST00000534980	12	0		0		2	2,13	1692	0	0.0	0	0.0	416	24.6
DDX60	ENST00000393743	37	1	37	4	5,14,32,37	19	4,5,6,7,8,13,14,15,16,17,20,22,23,28,31,32,34,36,37	5879	83	1.4	883	15.0	3334	56.7
DDX60L	ENST00000682922	37	1	5	2	5,10	19	5,6,8,9,10,13,16,19,20,21,22,26,27,28,31,32,33,35,36	5861	362	6.2	538	9.2	3205	54.7
DEAF1	ENST00000382409	12	1	1	1	1	1	1	1938	309	15.9	309	15.9	309	15.9
DECR1	ENST00000220764	10	0		0		3	2,3,5	1208	0	0.0	0	0.0	469	38.8
DEF6	ENST00000316637	11	0		0		2	2,7	2116	0	0.0	0	0.0	480	22.7
DEGS1	ENST00000323699	3	0		0		1	2	1032	0	0.0	0	0.0	763	73.9
DEK	ENST00000652689	10	0		0		3	2,6,7	1328	0	0.0	0	0.0	515	38.8
DENND1A	ENST00000394215	24	3	1,3,20	3	1,3,20	6	1,3,12,17,20,24	3693	175	4.7	175	4.7	1603	43.4
DENND2B	ENST00000313726	19	0		1	19	2	3,19	3794	0	0.0	107	2.8	1387	36.6
DENND2C	ENST00000393274	18	1	20	1	20	5	4,8,14,16,20	3147	107	3.4	107	3.4	1409	44.8
DENND4B	ENST00000361217	27	0		0		3	15,19,20	5031	0	0.0	0	0.0	744	14.8
DENND5A	ENST00000328194	23	0		0		2	5,9	4324	0	0.0	0	0.0	379	8.8
DENND5B	ENST00000389082	21	1	1	2	1,3	7	1,2,3,4,6,15,20	4245	147	3.5	834	19.6	1785	42.0
DENR	ENST00000280557	7	0		0		1	7	737	0	0.0	0	0.0	160	21.7
DEPDC5	ENST00000651528	42	0		0		3	25,27,40	5652	0	0.0	0	0.0	459	8.1
DES	ENST00000373960	9	0		0		0		1593	0	0.0	0	0.0	0	0.0
DGAT1	ENST00000528718	17	1	1	3	1,8,9	4	1,8,9,10	1807	220	12.2	439	24.3	498	27.6
DGAT2	ENST00000228027	8	1	8	1	8	1	8	1327	175	13.2	175	13.2	175	13.2
DGCR2	ENST00000263196	10	0		0		1	9	1853	0	0.0	0	0.0	257	13.9
DGCR8	ENST00000351989	13	0		0		2	5,9	2582	0	0.0	0	0.0	406	15.7
DGKD	ENST00000264057	30	2	1,21	3	1,11,21	3	1,11,21	4245	304	7.2	464	10.9	464	10.9
DGKE	ENST00000284061	11	0		1	5	4	4,5,6,12	1924	0	0.0	164	8.5	682	35.4
DGKG	ENST00000265022	24	0		2	6,23	3	6,15,23	2856	0	0.0	332	11.6	432	15.1
DGKZ	ENST00000456247	31	0		3	1,17,18	5	1,17,18,19,30	3407	0	0.0	358	10.5	610	17.9
DGUOK	ENST00000264093	7	0		0		0		974	0	0.0	0	0.0	0	0.0
DHCR24	ENST00000371269	9	0		0		0		1731	0	0.0	0	0.0	0	0.0
DHCR7	ENST00000355527	7	0		0		0		1568	0	0.0	0	0.0	0	0.0
DHDDS	ENST00000236342	8	0		0		0		1162	0	0.0	0	0.0	0	0.0
DHFR	ENST00000439211	6	0		1	4	2	3,4	684	0	0.0	147	21.5	273	39.9
DHFR2	ENST00000314636	1	0		0		0		584	0	0.0	0	0.0	0	0.0
DHH	ENST00000649637	3	0		0		1	3	1251	0	0.0	0	0.0	646	51.6
DHODH	ENST00000219240	9	0		0		0		1368	0	0.0	0	0.0	0	0.0
DHPS	ENST00000210060	9	0		0		0		1290	0	0.0	0	0.0	0	0.0
DHRS3	ENST00000616661	6	0		0		0		1029	0	0.0	0	0.0	0	0.0
DHRS9	ENST00000674881	4	0		0		3	2,3,4	1040	0	0.0	0	0.0	796	76.5
DHRSX	ENST00000334651	7	1	1	2	1,7	2	1,7	1133	129	11.4	338	29.8	338	29.8
DHTKD1	ENST00000263035	17	2	3,8	3	3,4,8	7	3,4,5,8,10,13,15	3100	565	18.2	780	25.2	1605	51.8
DHX16	ENST00000376442	20	19	1,2,3,4,5,6,7,8,9,10,11,12,13,14,15,17,18,19,20	20	1,2,3,4,5,6,7,8,9,10,11,12,13,14,15,16,17,18,19,20	20	1,2,3,4,5,6,7,8,9,10,11,12,13,14,15,16,17,18,19,20	3526	3438	97.5	3526	100.0	3526	100.0
DHX30	ENST00000445061	20	1	14	1	14	1	14	3985	196	4.9	196	4.9	196	4.9
DHX32	ENST00000284690	11	0		1	1	6	1,2,3,4,10,11	2452	0	0.0	302	12.3	1563	63.7
DHX34	ENST00000328771	16	0		0		3	6,7,15	3752	0	0.0	0	0.0	630	16.8
DHX37	ENST00000308736	27	0		1	21	5	1,11,18,21,26	4014	0	0.0	193	4.8	762	19.0
DHX38	ENST00000268482	26	1	21	1	21	3	2,21,26	4204	175	4.2	175	4.2	660	15.7
DHX9	ENST00000367549	27	1	2	2	2,12	8	2,6,12,13,15,21,24,28	4353	131	3.0	343	7.9	1552	35.7
DIABLO	ENST00000464942	6	0		0		0		840	0	0.0	0	0.0	0	0.0
DIAPH1	ENST00000389054	28	0		0		0		4379	0	0.0	0	0.0	0	0.0
DIAPH2	ENST00000324765	27	2	13,22	6	1,3,7,13,22,24	21	1,3,4,5,6,7,8,9,10,11,13,17,19,20,21,22,23,24,25,26,27	3846	289	7.5	913	23.7	2983	77.6
DIAPH3	ENST00000400324	28	0		0		0		4142	0	0.0	0	0.0	0	0.0
DICER1	ENST00000343455	26	0		0		0		6289	0	0.0	0	0.0	0	0.0
DIO1	ENST00000361921	4	0		0		0		830	0	0.0	0	0.0	0	0.0
DIP2A	ENST00000417564	38	0		0		2	1,16	5476	0	0.0	0	0.0	251	4.6
DIP2B	ENST00000301180	38	0		0		4	15,18,19,32	5491	0	0.0	0	0.0	622	11.3
DIP2C	ENST00000280886	37	1	1	1	1	3	1,5,18	5411	105	1.9	105	1.9	495	9.1
DIS3L2	ENST00000325385	20	0		0		4	3,7,9,15	3058	0	0.0	0	0.0	697	22.8
DISC1	ENST00000439617	13	1	11	2	6,11	3	4,6,11	2825	285	10.1	541	19.2	712	25.2
DISP1	ENST00000675850	7	0		0		0		4715	0	0.0	0	0.0	0	0.0
DKC1	ENST00000369550	15	0		0		0		1845	0	0.0	0	0.0	0	0.0
DLAT	ENST00000280346	14	0		0		0		2224	0	0.0	0	0.0	0	0.0
DLC1	ENST00000276297	17	0		0		3	2,10,17	4927	0	0.0	0	0.0	1434	29.1
DLD	ENST00000205402	14	0		0		0		1810	0	0.0	0	0.0	0	0.0
DLG1	ENST00000667157	24	1	2	2	2,9	11	2,4,8,9,10,11,13,15,21,22,25	3162	39	1.2	229	7.2	1637	51.8
DLG2	ENST00000376104	26	0		1	12	6	3,8,12,13,20,28	3448	0	0.0	157	4.6	780	22.6
DLG3	ENST00000374360	19	0		0		0		2834	0	0.0	0	0.0	0	0.0
DLG4	ENST00000399506	20	0		1	1	1	1	2575	0	0.0	50	1.9	50	1.9
DLG4	ENST00000648172	22	0		2	4,20	2	4,20	2744	0	0.0	216	7.9	216	7.9
DLG5	ENST00000372391	32	1	1	9	1,4,8,10,15,16,17,24,27	27	1,3,4,5,6,7,8,9,10,11,12,14,15,16,17,18,19,20,21,22,23,24,25,26,27,28,32	6400	324	5.1	2616	40.9	5779	90.3
DLGAP2	ENST00000637795	15	4	1,2,3,9	12	1,2,3,5,6,7,9,11,12,13,14,15	15	1,2,3,4,5,6,7,8,9,10,11,12,13,14,15	3468	536	15.5	3080	88.8	3468	100.0
DLGAP4	ENST00000339266	11	0		0		2	8,10	3199	0	0.0	0	0.0	815	25.5
DLK1	ENST00000341267	5	0		0		0		1252	0	0.0	0	0.0	0	0.0
DLL1	ENST00000366756	11	0		1	9	2	1,9	2392	0	0.0	819	34.2	893	37.3
DLL3	ENST00000356433	9	1	7	2	4,7	2	4,7	1944	600	30.9	863	44.4	863	44.4
DLL4	ENST00000249749	11	0		2	4,9	3	4,8,9	2278	0	0.0	1007	44.2	1247	54.7
DLST	ENST00000334220	15	0		0		2	8,14	1662	0	0.0	0	0.0	361	21.7
DLX3	ENST00000434704	3	0		0		0		924	0	0.0	0	0.0	0	0.0
DLX4	ENST00000240306	3	1	3	1	3	2	1,3	783	263	33.6	263	33.6	566	72.3
DLX5	ENST00000648378	3	0		0		0		930	0	0.0	0	0.0	0	0.0
DLX6	ENST00000518156	3	0		1	2	2	1,2	942	0	0.0	214	22.7	670	71.1
DMAP1	ENST00000372289	10	0		0		1	9	1604	0	0.0	0	0.0	313	19.5
DMBX1	ENST00000360032	4	0		0		0		1214	0	0.0	0	0.0	0	0.0
DMC1	ENST00000216024	13	0		0		0		1283	0	0.0	0	0.0	0	0.0
DMD	ENST00000357033	79	0		3	17,48,56	8	17,28,34,43,48,56,58,70	12638	0	0.0	595	4.7	1432	11.3
DMGDH	ENST00000255189	16	0		1	1	1	1	2921	0	0.0	121	4.1	121	4.1
DMP1	ENST00000339673	5	0		0		0		1642	0	0.0	0	0.0	0	0.0
DMPK	ENST00000291270	15	0		2	8,14	4	2,8,10,14	2190	0	0.0	394	18.0	638	29.1
DMRT1	ENST00000382276	5	0		0		0		1222	0	0.0	0	0.0	0	0.0
DMRT2	ENST00000358146	3	1	2	1	2	1	2	1746	545	31.2	545	31.2	545	31.2
DMRTA2	ENST00000404795	2	1	3	2	2,3	2	2,3	1669	1090	65.3	1669	100.0	1669	100.0
DMXL1	ENST00000539542	44	1	25	2	24,25	18	7,8,9,10,11,12,20,24,25,27,28,29,33,36,37,38,39,43	10027	212	2.1	1323	13.2	4848	48.3
DMXL2	ENST00000560891	44	0		4	7,10,11,30	15	7,8,9,10,11,12,15,17,18,23,24,25,28,29,30	10057	0	0.0	899	8.9	6168	61.3
DNA2	ENST00000358410	21	0		1	19	10	1,2,3,4,9,12,14,15,19,20	3603	0	0.0	200	5.6	1838	51.0
DNAAF1	ENST00000378553	12	0		0		0		2418	0	0.0	0	0.0	0	0.0
DNAAF11	ENST00000620350	12	0		0		4	4,6,8,12	1641	0	0.0	0	0.0	671	40.9
DNAAF19	ENST00000417826	3	0		0		1	4	789	0	0.0	0	0.0	473	59.9
DNAAF2	ENST00000298292	3	0		1	3	2	1,3	2574	0	0.0	527	20.5	2410	93.6
DNAAF3	ENST00000524407	11	0		1	5	5	5,6,7,11,12	1846	0	0.0	178	9.6	1030	55.8
DNAAF4	ENST00000321149	9	0		0		1	8	1443	0	0.0	0	0.0	174	12.1
DNAAF5	ENST00000297440	13	1	1	1	1	1	1	2828	615	21.7	615	21.7	615	21.7
DNAAF6	ENST00000372453	6	1	3	2	2,3	6	2,3,4,5,6,7	765	93	12.2	266	34.8	765	100.0
DNAAF9	ENST00000252032	37	4	1,2,14,20	4	1,2,14,20	7	1,2,4,13,14,20,24	4274	408	9.5	408	9.5	783	18.3
DNAH1	ENST00000420323	77	2	27,52	2	27,52	8	10,12,13,27,52,59,60,65	14338	376	2.6	376	2.6	1507	10.5
DNAH10	ENST00000673944	79	3	1,52,78	30	1,26,27,28,32,34,35,36,37,40,41,42,43,44,45,46,47,48,52,57,61,63,65,66,67,68,73,76,77,78	63	1,6,9,11,12,13,15,20,21,25,26,27,28,29,30,31,32,33,34,35,36,37,38,39,40,41,42,43,44,45,46,47,48,49,50,51,52,53,54,55,56,57,59,60,61,62,63,64,65,66,67,68,69,70,71,72,73,74,75,76,77,78,79	15350	592	3.9	5859	38.2	12646	82.4
DNAH11	ENST00000409508	82	1	76	11	6,14,15,16,23,29,46,55,56,58,76	40	3,6,7,8,9,10,14,15,16,18,23,25,26,27,29,30,32,33,34,40,43,46,47,52,54,55,56,58,59,60,63,66,67,70,71,72,76,77,78,82	15191	140	0.9	2557	16.8	8113	53.4
DNAH12	ENST00000495027	73	16	44,45,46,47,48,49,50,51,52,53,54,55,56,57,58,59	19	12,42,44,45,46,47,48,49,50,51,52,53,54,55,56,57,58,59,65	42	5,7,8,9,12,16,18,20,24,25,26,28,31,32,34,37,39,40,42,43,44,45,46,47,48,49,50,51,52,53,54,55,56,57,58,59,60,62,65,67,68,74	13343	2905	21.8	3464	26.0	8144	61.0
DNAH14	ENST00000682510	85	7	17,19,20,41,53,62,84	11	16,17,19,20,41,53,55,57,62,79,84	50	4,5,6,7,10,11,13,16,17,19,20,21,23,28,29,31,32,33,35,36,38,39,40,41,45,48,49,50,51,52,53,54,55,57,58,60,62,67,68,69,70,71,72,74,76,77,78,79,81,84	15554	1788	11.5	2625	16.9	10386	66.8
DNAH17	ENST00000389840	80	1	38	2	4,38	9	4,12,15,18,21,25,28,38,63	14989	178	1.2	391	2.6	1914	12.8
DNAH2	ENST00000572933	85	5	3,13,34,63,74	8	3,13,34,38,63,74,76,77	13	3,12,13,16,34,35,38,50,63,65,74,76,77	14984	717	4.8	1305	8.7	2314	15.4
DNAH3	ENST00000698260	61	2	30,37	6	4,6,8,30,37,62	12	4,6,8,11,15,30,37,42,44,49,55,62	13433	391	2.9	1422	10.6	2602	19.4
DNAH5	ENST00000265104	79	0		0		0		15455	0	0.0	0	0.0	0	0.0
DNAH6	ENST00000389394	76	0		4	4,5,29,63	34	2,4,5,8,9,13,15,16,18,22,23,28,29,31,34,36,39,42,43,45,48,50,52,54,57,59,62,63,64,67,68,69,70,73	13997	0	0.0	943	6.7	6862	49.0
DNAH7	ENST00000312428	65	0		9	7,12,16,20,21,38,43,44,59	36	5,7,9,11,12,13,14,16,18,19,20,21,22,24,25,26,30,31,33,34,38,39,41,42,43,44,45,46,47,49,51,53,55,59,61,62	13375	0	0.0	2192	16.4	8739	65.3
DNAH8	ENST00000327475	92	3	46,64,70	10	13,18,27,46,52,53,64,70,76,88	54	2,3,4,6,8,9,11,12,13,18,21,22,24,26,27,28,29,34,37,38,40,41,42,43,44,45,46,48,51,52,53,54,55,56,59,60,63,64,69,70,74,75,76,79,81,82,84,85,87,88,89,90,91,93	15964	528	3.3	1974	12.4	10076	63.1
DNAH9	ENST00000262442	69	2	26,53	2	26,53	16	1,2,14,16,17,26,31,42,43,50,53,56,58,60,67,68	14841	437	2.9	437	2.9	4371	29.5
DNAI1	ENST00000242317	20	0		0		0		2500	0	0.0	0	0.0	0	0.0
DNAI2	ENST00000311014	12	0		0		0		2058	0	0.0	0	0.0	0	0.0
DNAJA1	ENST00000330899	8	0		0		1	9	1354	0	0.0	0	0.0	239	17.7
DNAJA3	ENST00000262375	11	1	1	5	1,4,5,6,8	10	1,2,3,4,5,6,8,9,10,11	1663	231	13.9	942	56.6	1578	94.9
DNAJB11	ENST00000265028	10	0		0		2	2,4	1277	0	0.0	0	0.0	330	25.8
DNAJB13	ENST00000339764	8	0		0		1	4	1111	0	0.0	0	0.0	178	16.0
DNAJB2	ENST00000336576	8	0		1	9	1	9	1135	0	0.0	376	33.1	376	33.1
DNAJB4	ENST00000370763	3	0		1	2	2	2,3	1074	0	0.0	589	54.8	843	78.5
DNAJB6	ENST00000262177	9	0		0		0		1161	0	0.0	0	0.0	0	0.0
DNAJB8	ENST00000319153	1	0		1	3	1	3	719	0	0.0	719	100.0	719	100.0
DNAJC12	ENST00000225171	5	1	5	1	5	1	5	697	115	16.5	115	16.5	115	16.5
DNAJC13	ENST00000260818	55	0		4	22,30,32,54	19	4,6,13,15,22,23,24,30,32,36,37,38,40,41,43,44,49,51,54	7832	0	0.0	688	8.8	3242	41.4
DNAJC15	ENST00000379221	6	0		0		0		573	0	0.0	0	0.0	0	0.0
DNAJC16	ENST00000375847	14	1	9	2	4,9	6	4,5,7,9,10,15	2629	204	7.8	564	21.5	1571	59.8
DNAJC19	ENST00000382564	6	0		0		0		471	0	0.0	0	0.0	0	0.0
DNAJC21	ENST00000648817	12	0		1	1	4	1,4,10,12	1836	0	0.0	117	6.4	635	34.6
DNAJC3	ENST00000602402	12	0		0		2	6,10	1755	0	0.0	0	0.0	355	20.2
DNAJC30	ENST00000395176	1	0		0		1	1	701	0	0.0	0	0.0	701	100.0
DNAJC5	ENST00000360864	4	0		0		0		677	0	0.0	0	0.0	0	0.0
DNAJC6	ENST00000371069	19	0		2	1,7	8	1,7,9,10,12,13,16,18	3293	0	0.0	428	13.0	1833	55.7
DNAJC7	ENST00000457167	14	0		0		2	8,12	1765	0	0.0	0	0.0	358	20.3
DNAL1	ENST00000553645	8	0		1	3	2	3,6	733	0	0.0	130	17.7	277	37.8
DNAL4	ENST00000216068	3	0		0		0		378	0	0.0	0	0.0	0	0.0
DNALI1	ENST00000652629	6	0		0		0		897	0	0.0	0	0.0	0	0.0
DNASE1	ENST00000246949	8	0		0		0		1009	0	0.0	0	0.0	0	0.0
DNASE1L3	ENST00000394549	8	0		0		0		1078	0	0.0	0	0.0	0	0.0
DNASE2	ENST00000222219	6	0		0		0		1203	0	0.0	0	0.0	0	0.0
DNASE2B	ENST00000370665	6	0		2	5,6	4	2,4,5,6	1206	0	0.0	579	48.0	959	79.5
DNHD1	ENST00000254579	41	0		3	8,16,37	4	6,8,16,37	15082	0	0.0	701	4.6	832	5.5
DNM1	ENST00000372923	22	0		0		0		3035	0	0.0	0	0.0	0	0.0
DNM1	ENST00000486160	22	1	21	3	8,9,21	4	7,8,9,21	3035	236	7.8	480	15.8	643	21.2
DNM1L	ENST00000549701	20	0		0		0		2611	0	0.0	0	0.0	0	0.0
DNM1L	ENST00000553257	21	0		0		0		2670	0	0.0	0	0.0	0	0.0
DNM2	ENST00000389253	21	0		1	1	1	1	3033	0	0.0	181	6.0	181	6.0
DNM3	ENST00000627582	21	1	5	1	5	8	3,5,8,10,15,16,19,20	3012	119	4.0	119	4.0	1370	45.5
DNMBP	ENST00000324109	16	0		0		4	3,13,16,17	5054	0	0.0	0	0.0	1273	25.2
DNMT1	ENST00000359526	41	0		0		1	25	5719	0	0.0	0	0.0	136	2.4
DNMT3A	ENST00000321117	22	0		0		2	3,4	3179	0	0.0	0	0.0	416	13.1
DNMT3B	ENST00000328111	22	0		0		0		3002	0	0.0	0	0.0	0	0.0
DOCK10	ENST00000258390	56	1	1	2	1,17	10	1,7,8,15,17,33,41,43,44,47	7681	143	1.9	351	4.6	1576	20.5
DOCK11	ENST00000276202	53	2	8,50	14	7,8,15,17,30,31,41,42,46,48,49,50,51,53	44	1,4,5,6,7,8,9,10,11,12,13,15,16,17,19,20,21,22,23,24,25,27,28,29,30,31,32,34,35,36,38,39,40,41,42,45,46,47,48,49,50,51,52,53	7282	409	5.6	2382	32.7	6222	85.4
DOCK2	ENST00000520908	52	3	4,18,35	3	4,18,35	7	4,12,18,22,35,36,45	6533	457	7.0	457	7.0	967	14.8
DOCK3	ENST00000266037	53	1	1	2	1,53	11	1,4,9,15,16,18,19,24,30,31,53	7153	57	0.8	587	8.2	1889	26.4
DOCK4	ENST00000428084	53	3	7,19,22	4	7,19,22,53	14	5,7,12,15,17,19,22,31,36,41,43,50,51,53	6988	400	5.7	867	12.4	2347	33.6
DOCK5	ENST00000276440	52	1	33	4	1,18,33,38	7	1,10,13,18,33,38,52	6653	175	2.6	582	8.7	1003	15.1
DOCK6	ENST00000294618	48	1	1	1	1	3	1,6,21	7104	64	0.9	64	0.9	479	6.7
DOCK7	ENST00000635253	50	2	1,18	2	1,18	16	1,3,12,15,18,21,22,26,28,30,31,32,33,36,40,49	7423	180	2.4	180	2.4	2711	36.5
DOCK8	ENST00000432829	48	0		0		0		7260	0	0.0	0	0.0	0	0.0
DOCK9	ENST00000682017	53	1	39	2	11,39	8	7,8,11,30,35,39,47,50	7339	136	1.9	297	4.0	1259	17.2
DOHH	ENST00000427575	4	0		1	4	1	4	989	0	0.0	258	26.1	258	26.1
DOK7	ENST00000340083	7	0		0		2	1,5	1655	0	0.0	0	0.0	214	12.9
DOLK	ENST00000372586	1	0		0		0		1637	0	0.0	0	0.0	0	0.0
DONSON	ENST00000303071	10	2	1,10	3	1,3,10	5	1,3,4,5,10	1901	499	26.2	723	38.0	1121	59.0
DOP1A	ENST00000349129	37	1	29	4	6,16,29,39	18	4,5,6,7,9,11,14,16,17,18,20,22,23,29,31,32,34,39	8138	165	2.0	1343	16.5	3732	45.9
DOT1L	ENST00000398665	28	0		2	1,23	6	1,13,21,23,24,25	5174	0	0.0	236	4.6	1353	26.1
DPAGT1	ENST00000354202	9	0		0		0		1407	0	0.0	0	0.0	0	0.0
DPCD	ENST00000370151	6	0		0		0		732	0	0.0	0	0.0	0	0.0
DPEP1	ENST00000690203	10	0		0		1	11	1436	0	0.0	0	0.0	191	13.3
DPF2	ENST00000528416	11	0		0		1	3	1396	0	0.0	0	0.0	128	9.2
DPH1	ENST00000263083	12	0		1	6	1	6	1557	0	0.0	142	9.1	142	9.1
DPH2	ENST00000255108	6	0		0		0		1590	0	0.0	0	0.0	0	0.0
DPH5	ENST00000370109	7	1	7	1	7	2	4,7	998	124	12.4	124	12.4	253	25.4
DPM1	ENST00000371588	9	0		0		0		963	0	0.0	0	0.0	0	0.0
DPM2	ENST00000314392	4	0		1	3	1	3	335	0	0.0	123	36.7	123	36.7
DPM3	ENST00000368400	1	0		0		0		299	0	0.0	0	0.0	0	0.0
DPP10	ENST00000410059	26	1	18	1	18	6	4,9,11,18,20,26	2911	119	4.1	119	4.1	923	31.7
DPP6	ENST00000377770	26	1	1	1	1	2	1,6	3118	263	8.4	263	8.4	336	10.8
DPP8	ENST00000300141	19	0		1	10	6	4,5,10,13,16,17	3029	0	0.0	198	6.5	1094	36.1
DPP9	ENST00000262960	20	0		1	16	3	4,12,16	3079	0	0.0	156	5.1	631	20.5
DPY19L2	ENST00000324472	22	0		2	14,19	10	1,4,5,6,8,14,18,19,21,22	2717	0	0.0	317	11.7	1656	60.9
DPYD	ENST00000370192	23	0		1	6	1	6	3538	0	0.0	217	6.1	217	6.1
DPYS	ENST00000351513	9	0		0		1	1	1740	0	0.0	0	0.0	284	16.3
DPYSL2	ENST00000521913	14	0		0		2	1,10	2314	0	0.0	0	0.0	536	23.2
DPYSL5	ENST00000288699	12	0		0		1	2	1935	0	0.0	0	0.0	281	14.5
DRAM2	ENST00000484310	7	2	4,8	3	4,7,8	3	4,7,8	941	254	27.0	452	48.0	452	48.0
DRC1	ENST00000288710	17	0		0		1	4	2563	0	0.0	0	0.0	204	8.0
DRC2	ENST00000320516	8	0		0		3	2,6,8	1615	0	0.0	0	0.0	723	44.8
DRC4	ENST00000268699	11	0		1	1	4	1,8,10,11	1657	0	0.0	23	1.4	386	23.3
DRD2	ENST00000362072	7	0		0		0		1472	0	0.0	0	0.0	0	0.0
DRD3	ENST00000383673	6	1	2	1	2	3	2,5,7	1323	290	21.9	290	21.9	724	54.7
DRD4	ENST00000176183	4	2	1,3	3	1,2,3	3	1,2,3	1340	984	73.4	1117	83.4	1117	83.4
DRD5	ENST00000304374	1	0		0		1	1	1454	0	0.0	0	0.0	1454	100.0
DRG1	ENST00000331457	9	1	8	1	8	3	3,7,8	1284	143	11.1	143	11.1	527	41.0
DROSHA	ENST00000344624	33	0		2	5,14	5	5,14,17,21,29	4785	0	0.0	946	19.8	1442	30.1
DRP2	ENST00000395209	22	0		1	5	9	4,5,6,7,8,15,16,21,23	3314	0	0.0	177	5.3	1628	49.1
DSC2	ENST00000280904	16	0		0		0		3026	0	0.0	0	0.0	0	0.0
DSC3	ENST00000360428	16	0		0		0		3011	0	0.0	0	0.0	0	0.0
DSCAM	ENST00000400454	33	1	19	2	2,19	11	1,2,6,7,8,9,11,12,19,25,33	6699	176	2.6	514	7.7	2778	41.5
DSCAML1	ENST00000651296	33	0		1	1	3	1,2,10	6822	0	0.0	66	1.0	544	8.0
DSE	ENST00000644252	5	1	6	1	6	3	3,5,6	2977	1779	59.8	1779	59.8	2281	76.6
DSG1	ENST00000257192	15	0		1	15	1	15	3450	0	0.0	1070	31.0	1070	31.0
DSG2	ENST00000261590	15	0		2	1,14	2	1,14	3657	0	0.0	418	11.4	418	11.4
DSG3	ENST00000257189	16	1	9	5	9,11,12,15,16	8	8,9,10,11,12,13,15,16	3320	292	8.8	1757	52.9	2283	68.8
DSG4	ENST00000308128	16	0		0		2	12,16	3443	0	0.0	0	0.0	1105	32.1
DSP	ENST00000379802	24	0		0		0		9096	0	0.0	0	0.0	0	0.0
DSPP	ENST00000651931	4	0		0		0		3986	0	0.0	0	0.0	0	0.0
DST	ENST00000370765	24	0		0		0		8430	0	0.0	0	0.0	0	0.0
DST	ENST00000680361	104	3	7,60,66	12	7,47,48,52,60,62,65,66,74,87,89,104	33	7,10,12,40,41,43,44,45,46,47,48,52,57,58,60,61,62,65,66,68,74,75,79,81,83,87,89,91,92,96,99,101,104	25537	982	3.8	3460	13.5	14245	55.8
DSTYK	ENST00000367162	13	0		1	3	5	2,3,6,9,13	3050	0	0.0	690	22.6	1657	54.3
DTD1	ENST00000377452	5	2	1,4	2	1,4	2	1,4	730	190	26.0	190	26.0	190	26.0
DTHD1	ENST00000639862	10	1	1	2	1,6	8	1,2,3,4,5,6,7,10	2921	291	10.0	473	16.2	2578	88.3
DTNA	ENST00000444659	21	0		0		1	11	2733	0	0.0	0	0.0	110	4.0
DTNBP1	ENST00000344537	10	0		0		0		1256	0	0.0	0	0.0	0	0.0
DTWD2	ENST00000510708	6	0		1	4	3	3,4,5	1017	0	0.0	213	20.9	477	46.9
DTX3	ENST00000337737	4	0		0		0		1124	0	0.0	0	0.0	0	0.0
DTYMK	ENST00000305784	5	0		0		0		739	0	0.0	0	0.0	0	0.0
DUOX1	ENST00000389037	33	0		0		0		5316	0	0.0	0	0.0	0	0.0
DUOX2	ENST00000389039	33	0		0		0		5307	0	0.0	0	0.0	0	0.0
DUOXA1	ENST00000560572	6	0		0		2	4,9	1152	0	0.0	0	0.0	447	38.8
DUOXA2	ENST00000323030	6	0		1	6	1	6	1083	0	0.0	214	19.8	214	19.8
DUS1L	ENST00000306796	13	0		0		2	2,8	1682	0	0.0	0	0.0	422	25.1
DUS2	ENST00000565263	15	1	11	1	11	2	11,17	1782	107	6.0	107	6.0	365	20.5
DUS3L	ENST00000309061	13	0		0		2	3,11	2213	0	0.0	0	0.0	742	33.5
DUSP6	ENST00000279488	3	0		1	3	1	3	1206	0	0.0	328	27.2	328	27.2
DUSP8	ENST00000397374	6	1	7	3	3,4,7	6	2,3,4,5,6,7	1998	1077	53.9	1423	71.2	1998	100.0
DUT	ENST00000331200	7	0		1	1	3	1,3,5	899	0	0.0	300	33.4	507	56.4
DUX4	ENST00000565211	1	0		0		0		1295	0	0.0	0	0.0	0	0.0
DVL1	ENST00000378888	15	0		1	3	2	3,15	2388	0	0.0	142	5.9	536	22.4
DVL2	ENST00000005340	15	1	14	2	6,14	3	6,10,14	2511	239	9.5	350	13.9	438	17.4
DVL3	ENST00000313143	15	0		0		1	1	2451	0	0.0	0	0.0	181	7.4
DYM	ENST00000675505	17	0		0		1	14	2515	0	0.0	0	0.0	185	7.4
DYNC1H1	ENST00000360184	78	0		0		0		15501	0	0.0	0	0.0	0	0.0
DYNC1I1	ENST00000447467	16	0		0		3	11,12,16	2207	0	0.0	0	0.0	447	20.3
DYNC1I2	ENST00000397119	17	0		0		6	9,11,12,13,14,16	2257	0	0.0	0	0.0	945	41.9
DYNC2H1	ENST00000375735	89	0		0		0		14704	0	0.0	0	0.0	0	0.0
DYNC2H1	ENST00000650373	90	1	37	9	5,6,11,37,39,44,45,49,57	37	5,6,8,9,11,16,17,18,30,34,37,39,40,41,42,44,45,47,48,49,51,52,57,58,61,62,63,66,67,71,77,79,82,83,84,85,90	14745	220	1.5	1849	12.5	6490	44.0
DYNC2I1	ENST00000407559	25	1	1	1	1	5	1,3,4,5,13	3701	35	0.9	35	0.9	1037	28.0
DYNC2I2	ENST00000372715	9	0		3	1,2,7	5	1,2,6,7,8	1791	0	0.0	728	40.6	1094	61.1
DYNC2LI1	ENST00000260605	13	0		0		3	6,10,11	1316	0	0.0	0	0.0	416	31.6
DYNLT2B	ENST00000325318	5	0		0		1	1	529	0	0.0	0	0.0	133	25.1
DYRK1A	ENST00000647188	11	1	11	2	5,11	8	3,5,6,7,8,10,11,12	2485	145	5.8	354	14.2	2181	87.8
DYRK1B	ENST00000323039	10	0		1	11	1	11	2090	0	0.0	392	18.8	392	18.8
DYSF	ENST00000258104	55	0		0		0		7343	0	0.0	0	0.0	0	0.0
DYSF	ENST00000410020	56	0		0		0		7480	0	0.0	0	0.0	0	0.0
DZIP1	ENST00000376829	20	0		0		4	5,16,17,22	3004	0	0.0	0	0.0	1122	37.4
DZIP1L	ENST00000327532	15	0		2	5,13	3	2,5,13	2604	0	0.0	419	16.1	940	36.1
E4F1	ENST00000301727	14	0		0		0		2635	0	0.0	0	0.0	0	0.0
EARS2	ENST00000449606	9	0		2	4,8	3	1,4,8	1752	0	0.0	649	37.0	808	46.1
EBF2	ENST00000520164	16	0		0		2	9,14	2048	0	0.0	0	0.0	357	17.4
EBF3	ENST00000440978	17	1	8	1	8	4	1,2,8,13	2230	165	7.4	165	7.4	694	31.1
EBP	ENST00000495186	4	0		0		0		773	0	0.0	0	0.0	0	0.0
ECE1	ENST00000374893	19	1	1	1	1	1	1	2693	71	2.6	71	2.6	71	2.6
ECE2	ENST00000404464	19	0		1	1	2	1,17	2678	0	0.0	59	2.2	270	10.1
ECEL1	ENST00000304546	17	1	2	1	2	1	2	2668	806	30.2	806	30.2	806	30.2
ECHS1	ENST00000368547	8	1	8	1	8	1	8	1033	86	8.3	86	8.3	86	8.3
ECM1	ENST00000369047	10	0		0		0		1823	0	0.0	0	0.0	0	0.0
ECRG4	ENST00000238044	4	0		1	1	2	1,4	527	0	0.0	99	18.8	281	53.3
ECSIT	ENST00000270517	7	0		0		0		1436	0	0.0	0	0.0	0	0.0
ECT2	ENST00000392692	24	0		0		6	5,14,17,18,23,24	3225	0	0.0	0	0.0	857	26.6
EDA	ENST00000374552	8	0		0		1	3	1336	0	0.0	0	0.0	44	3.3
EDA2R	ENST00000374719	5	0		2	3,6	5	2,3,4,5,6	994	0	0.0	596	60.0	994	100.0
EDAR	ENST00000258443	11	0		0		0		1567	0	0.0	0	0.0	0	0.0
EDARADD	ENST00000334232	6	0		0		0		768	0	0.0	0	0.0	0	0.0
EDC3	ENST00000315127	6	0		0		3	3,4,6	1647	0	0.0	0	0.0	934	56.7
EDEM2	ENST00000374492	11	0		0		1	11	1957	0	0.0	0	0.0	521	26.6
EDEM3	ENST00000318130	20	0		3	18,19,20	8	6,7,14,15,16,18,19,20	3199	0	0.0	822	25.7	1686	52.7
EDN1	ENST00000379375	5	0		0		0		739	0	0.0	0	0.0	0	0.0
EDN3	ENST00000337938	5	0		0		0		817	0	0.0	0	0.0	0	0.0
EDNRA	ENST00000651419	7	0		1	2	3	2,6,7	1424	0	0.0	440	30.9	723	50.8
EDNRB	ENST00000646607	7	0		0		1	1	1469	0	0.0	0	0.0	503	34.2
EED	ENST00000263360	12	0		1	10	5	2,5,6,10,11	1566	0	0.0	179	11.4	694	44.3
EEF1A2	ENST00000217182	7	0		1	8	2	5,8	1532	0	0.0	148	9.7	319	20.8
EEF1AKMT3	ENST00000300209	3	0		0		0		741	0	0.0	0	0.0	0	0.0
EEF1B2	ENST00000392222	6	0		0		1	1	798	0	0.0	0	0.0	100	12.5
EEF1D	ENST00000618139	8	1	9	2	3,9	4	3,7,8,9	2104	215	10.2	1326	63.0	1689	80.3
EEF2	ENST00000309311	15	1	9	2	9,12	2	9,12	2877	216	7.5	590	20.5	590	20.5
EEFSEC	ENST00000254730	7	1	5	2	5,7	3	3,5,7	1931	677	35.1	888	46.0	1005	52.0
EFCAB7	ENST00000371088	13	1	9	1	9	7	2,5,8,9,11,13,14	2150	178	8.3	178	8.3	1123	52.2
EFEMP1	ENST00000355426	10	0		0		0		1682	0	0.0	0	0.0	0	0.0
EFEMP2	ENST00000307998	10	0		0		0		1532	0	0.0	0	0.0	0	0.0
EFHC1	ENST00000371068	11	0		1	3	1	3	2143	0	0.0	308	14.4	308	14.4
EFL1	ENST00000268206	19	1	3	1	3	7	3,6,9,10,17,18,19	3743	88	2.4	88	2.4	1852	49.5
EFNA3	ENST00000368408	5	0		1	1	2	1,4	817	0	0.0	148	18.1	246	30.1
EFNA4	ENST00000368409	4	0		0		0		686	0	0.0	0	0.0	0	0.0
EFNA5	ENST00000333274	5	0		1	2	1	2	787	0	0.0	313	39.8	313	39.8
EFNB1	ENST00000204961	5	0		0		0		1141	0	0.0	0	0.0	0	0.0
EFNB2	ENST00000646441	5	0		1	2	1	2	1102	0	0.0	304	27.6	304	27.6
EFTUD2	ENST00000426333	27	1	15	1	15	1	15	3459	148	4.3	148	4.3	148	4.3
EGF	ENST00000265171	24	1	3	1	3	1	3	4104	202	4.9	202	4.9	202	4.9
EGFR	ENST00000275493	28	0		0		0		4193	0	0.0	0	0.0	0	0.0
EGLN1	ENST00000366641	5	1	1	1	1	1	1	1381	911	66.0	911	66.0	911	66.0
EGR2	ENST00000242480	2	0		0		0		1471	0	0.0	0	0.0	0	0.0
EHBP1	ENST00000431489	22	0		3	6,11,13	8	6,9,10,11,13,14,16,17	3923	0	0.0	1324	33.7	2260	57.6
EHBP1L1	ENST00000309295	19	1	12	4	8,9,12,19	4	8,9,12,19	4952	653	13.2	3203	64.7	3203	64.7
EHD1	ENST00000320631	5	0		1	1	1	1	1705	0	0.0	424	24.9	424	24.9
EHHADH	ENST00000231887	7	1	5	2	3,5	4	2,3,5,6	2312	125	5.4	318	13.8	804	34.8
EHMT1	ENST00000460843	27	1	1	2	1,3	2	1,3	4437	41	0.9	618	13.9	618	13.9
EHMT2	ENST00000375537	28	21	1,2,3,4,7,8,9,10,11,12,13,14,16,18,19,20,21,22,25,27,28	28	1,2,3,4,5,6,7,8,9,10,11,12,13,14,15,16,17,18,19,20,21,22,23,24,25,26,27,28	28	1,2,3,4,5,6,7,8,9,10,11,12,13,14,15,16,17,18,19,20,21,22,23,24,25,26,27,28	4193	3448	82.2	4193	100.0	4193	100.0
EIF2A	ENST00000460851	14	0		1	10	2	9,10	2038	0	0.0	592	29.0	729	35.8
EIF2AK1	ENST00000199389	15	0		1	1	2	1,2	2193	0	0.0	138	6.3	317	14.5
EIF2AK2	ENST00000233057	15	0		0		4	3,5,13,17	1956	0	0.0	0	0.0	652	33.3
EIF2AK3	ENST00000303236	17	1	1	1	1	2	1,13	3691	328	8.9	328	8.9	1129	30.6
EIF2AK4	ENST00000263791	39	0		1	3	9	2,3,7,9,11,12,15,21,25	5730	0	0.0	123	2.1	2166	37.8
EIF2B1	ENST00000424014	9	0		0		0		1098	0	0.0	0	0.0	0	0.0
EIF2B2	ENST00000266126	8	0		0		0		1216	0	0.0	0	0.0	0	0.0
EIF2B3	ENST00000360403	11	0		0		0		1579	0	0.0	0	0.0	0	0.0
EIF2B4	ENST00000347454	13	0		0		0		1832	0	0.0	0	0.0	0	0.0
EIF2B5	ENST00000648915	16	0		0		0		2486	0	0.0	0	0.0	0	0.0
EIF2S3	ENST00000253039	12	1	6	4	6,7,11,12	9	4,5,6,7,8,9,10,11,12	1659	179	10.8	611	36.8	1338	80.7
EIF3E	ENST00000220849	13	1	13	1	13	6	2,5,6,7,9,13	1598	59	3.7	59	3.7	732	45.8
EIF3F	ENST00000651655	8	0		2	1,6	3	1,6,7	1234	0	0.0	541	43.8	675	54.7
EIF3I	ENST00000677711	11	0		1	11	2	6,11	1198	0	0.0	102	8.5	250	20.9
EIF4A2	ENST00000323963	11	0		0		1	11	1444	0	0.0	0	0.0	165	11.4
EIF4A3	ENST00000649764	12	0		0		0		1476	0	0.0	0	0.0	0	0.0
EIF4E	ENST00000450253	7	0		0		0		794	0	0.0	0	0.0	0	0.0
EIF4ENIF1	ENST00000330125	18	0		1	17	3	9,12,17	3318	0	0.0	365	11.0	769	23.2
EIF4G1	ENST00000346169	31	0		0		1	10	5420	0	0.0	0	0.0	842	15.5
EIF5A	ENST00000336458	4	0		0		0		545	0	0.0	0	0.0	0	0.0
EIF6	ENST00000374450	6	0		1	3	1	3	858	0	0.0	106	12.4	106	12.4
ELAC2	ENST00000338034	24	0		0		0		2961	0	0.0	0	0.0	0	0.0
ELANE	ENST00000263621	5	0		0		1	2	904	0	0.0	0	0.0	177	19.6
ELF4	ENST00000308167	8	0		0		0		2152	0	0.0	0	0.0	0	0.0
ELFN1	ENST00000424383	1	0		0		1	4	2507	0	0.0	0	0.0	2507	100.0
ELMO1	ENST00000310758	21	0		0		2	6,12	2604	0	0.0	0	0.0	333	12.8
ELMO2	ENST00000290246	20	0		1	22	2	5,22	2563	0	0.0	221	8.6	314	12.3
ELMOD1	ENST00000265840	11	0		0		1	5	1225	0	0.0	0	0.0	118	9.6
ELMOD3	ENST00000409013	11	0		1	14	1	14	1366	0	0.0	223	16.3	223	16.3
ELN	ENST00000252034	33	0		0		0		2835	0	0.0	0	0.0	0	0.0
ELOA	ENST00000613537	11	0		0		1	4	2539	0	0.0	0	0.0	1206	47.5
ELOVL1	ENST00000372458	7	0		0		0		980	0	0.0	0	0.0	0	0.0
ELOVL4	ENST00000369816	6	0		0		0		1065	0	0.0	0	0.0	0	0.0
ELOVL5	ENST00000304434	7	0		1	3	1	3	1040	0	0.0	208	20.0	208	20.0
ELP1	ENST00000374647	36	0		0		0		4719	0	0.0	0	0.0	0	0.0
ELP2	ENST00000358232	22	0		0		0		2921	0	0.0	0	0.0	0	0.0
ELP4	ENST00000640961	10	1	2	3	2,4,7	5	2,4,6,7,9	1475	56	3.8	417	28.3	649	44.0
EMC1	ENST00000477853	23	0		0		0		3442	0	0.0	0	0.0	0	0.0
EMC10	ENST00000334976	7	0		1	7	1	7	929	0	0.0	131	14.1	131	14.1
EMD	ENST00000369842	6	0		0		0		885	0	0.0	0	0.0	0	0.0
EMG1	ENST00000599672	6	0		0		2	5,6	855	0	0.0	0	0.0	304	35.6
EMILIN1	ENST00000380320	8	0		1	8	3	4,5,8	3211	0	0.0	358	11.1	2444	76.1
EML1	ENST00000262233	22	1	19	2	1,19	6	1,3,7,13,18,19	2888	108	3.7	195	6.8	811	28.1
EML4	ENST00000318522	23	1	19	3	8,11,19	9	2,3,8,10,11,12,13,19,20	3406	118	3.5	404	11.9	1307	38.4
EML5	ENST00000554922	44	0		5	1,11,23,30,39	22	1,2,3,5,8,9,10,11,14,15,18,21,23,25,26,27,30,31,38,39,40,42	6814	0	0.0	849	12.5	4022	59.0
EML6	ENST00000356458	41	1	30	4	11,12,26,30	12	3,10,11,12,15,18,23,26,30,34,36,37	6697	150	2.2	768	11.5	2306	34.4
EMP2	ENST00000359543	4	0		0		1	5	584	0	0.0	0	0.0	208	35.6
EMX2	ENST00000553456	3	0		0		0		819	0	0.0	0	0.0	0	0.0
EN1	ENST00000295206	2	1	1	1	1	2	1,2	1219	882	72.4	882	72.4	1219	100.0
ENAM	ENST00000396073	8	0		0		0		3589	0	0.0	0	0.0	0	0.0
ENDOG	ENST00000372642	3	1	1	1	1	1	1	954	521	54.6	521	54.6	521	54.6
ENG	ENST00000373203	15	0		0		0		2277	0	0.0	0	0.0	0	0.0
ENO1	ENST00000234590	11	0		0		1	6	1525	0	0.0	0	0.0	154	10.1
ENO3	ENST00000519602	11	0		0		0		1525	0	0.0	0	0.0	0	0.0
ENPP1	ENST00000647893	25	1	1	1	1	1	1	3278	260	7.9	260	7.9	260	7.9
ENPP7	ENST00000328313	5	0		1	4	1	4	1477	0	0.0	240	16.2	240	16.2
ENTPD1	ENST00000371205	10	0		0		0		1733	0	0.0	0	0.0	0	0.0
ENTPD3	ENST00000301825	10	0		1	6	2	5,6	1790	0	0.0	180	10.1	351	19.6
EOGT	ENST00000383701	15	0		0		1	11	1884	0	0.0	0	0.0	113	6.0
EOMES	ENST00000449599	6	1	5	3	1,4,5	3	1,4,5	2238	82	3.7	1162	51.9	1162	51.9
EP300	ENST00000263253	31	0		0		0		7865	0	0.0	0	0.0	0	0.0
EP400	ENST00000389561	52	2	5,34	4	5,20,34,43	11	4,5,6,17,18,20,22,30,34,43,52	10412	510	4.9	992	9.5	2324	22.3
EPAS1	ENST00000263734	16	0		0		0		2933	0	0.0	0	0.0	0	0.0
EPB41	ENST00000343067	19	0		1	16	2	9,16	2975	0	0.0	197	6.6	370	12.4
EPB41L1	ENST00000338074	21	0		0		0		3066	0	0.0	0	0.0	0	0.0
EPB41L3	ENST00000341928	21	1	14	2	13,14	4	13,14,16,18	3684	74	2.0	655	17.8	1256	34.1
EPB42	ENST00000441366	13	0		0		3	1,10,13	2336	0	0.0	0	0.0	533	22.8
EPCAM	ENST00000263735	9	0		0		1	1	1125	0	0.0	0	0.0	96	8.5
EPG5	ENST00000282041	44	0		1	2	8	2,4,10,11,17,30,37,44	8620	0	0.0	965	11.2	2261	26.2
EPHA10	ENST00000373048	17	1	5	1	5	2	5,8	3367	371	11.0	371	11.0	500	14.9
EPHA2	ENST00000358432	17	0		0		2	1,15	3271	0	0.0	0	0.0	319	9.8
EPHA4	ENST00000281821	17	0		0		5	3,4,5,11,14	3301	0	0.0	0	0.0	1595	48.3
EPHA5	ENST00000613740	17	1	17	3	1,14,17	10	1,3,4,5,6,11,14,15,16,17	3391	126	3.7	497	14.7	2454	72.4
EPHA7	ENST00000369303	17	2	11,14	3	3,11,14	9	3,4,5,7,11,13,14,15,16	3337	376	11.3	1066	31.9	2422	72.6
EPHB1	ENST00000398015	16	0		1	5	3	3,5,12	3275	0	0.0	356	10.9	1294	39.5
EPHB2	ENST00000374630	16	1	1	1	1	2	1,5	3281	81	2.5	81	2.5	437	13.3
EPHB4	ENST00000358173	17	0		1	15	2	6,15	3304	0	0.0	214	6.5	567	17.2
EPHB6	ENST00000652003	16	3	8,12,13	4	7,8,12,13	7	5,6,7,8,12,13,16	3389	384	11.3	1188	35.1	1587	46.8
EPHX1	ENST00000272167	8	0		0		0		1528	0	0.0	0	0.0	0	0.0
EPHX2	ENST00000521400	19	0		0		2	9,14	2048	0	0.0	0	0.0	109	5.3
EPM2A	ENST00000367519	4	1	1	1	1	1	1	1076	321	29.8	321	29.8	321	29.8
EPO	ENST00000252723	5	2	1,3	2	1,3	2	1,3	682	140	20.5	140	20.5	140	20.5
EPOR	ENST00000222139	8	0		0		0		1687	0	0.0	0	0.0	0	0.0
EPRS1	ENST00000366923	32	0		2	18,19	12	7,8,9,10,16,17,18,19,20,27,28,30	5179	0	0.0	634	12.2	2505	48.4
EPS15L1	ENST00000455140	24	1	1	2	1,23	2	1,23	3213	53	1.6	279	8.7	279	8.7
EPS8	ENST00000281172	20	0		0		2	17,18	2869	0	0.0	0	0.0	407	14.2
EPS8L2	ENST00000318562	20	1	16	3	8,16,18	6	7,8,15,16,17,18	2548	126	4.9	382	15.0	755	29.6
EPS8L3	ENST00000361965	18	0		0		0		2142	0	0.0	0	0.0	0	0.0
EPX	ENST00000225371	12	0		0		0		2388	0	0.0	0	0.0	0	0.0
ERAL1	ENST00000254928	10	0		0		1	1	1514	0	0.0	0	0.0	303	20.0
ERAP1	ENST00000443439	18	0		0		1	19	3186	0	0.0	0	0.0	176	5.5
ERAP2	ENST00000437043	18	1	14	1	14	8	2,3,4,9,11,13,14,19	3243	177	5.5	177	5.5	1802	55.6
ERBB2	ENST00000269571	27	1	4	1	4	3	1,4,27	4308	155	3.6	155	3.6	624	14.5
ERBB3	ENST00000267101	28	0		0		0		4589	0	0.0	0	0.0	0	0.0
ERBB4	ENST00000342788	28	0		0		0		4487	0	0.0	0	0.0	0	0.0
ERBIN	ENST00000284037	24	0		3	17,18,21	7	3,5,13,17,18,20,21	4719	0	0.0	1966	41.7	2614	55.4
ERCC1	ENST00000300853	9	0		0		0		1074	0	0.0	0	0.0	0	0.0
ERCC2	ENST00000391945	23	0		0		0		2743	0	0.0	0	0.0	0	0.0
ERCC3	ENST00000285398	15	0		0		0		2649	0	0.0	0	0.0	0	0.0
ERCC4	ENST00000311895	11	0		0		0		2971	0	0.0	0	0.0	0	0.0
ERCC5	ENST00000652225	15	0		0		0		3861	0	0.0	0	0.0	0	0.0
ERCC6	ENST00000355832	20	0		0		0		4882	0	0.0	0	0.0	0	0.0
ERCC6	ENST00000447839	5	0		0		0		3286	0	0.0	0	0.0	0	0.0
ERCC6L2	ENST00000653738	19	1	2	3	2,5,19	7	2,4,5,11,14,16,19	5033	445	8.8	1626	32.3	3355	66.7
ERCC8	ENST00000676185	12	0		0		0		1431	0	0.0	0	0.0	0	0.0
ERF	ENST00000222329	4	2	1,4	2	1,4	2	1,4	1727	1336	77.4	1336	77.4	1336	77.4
ERG	ENST00000288319	10	2	3,10	3	3,7,10	4	3,6,7,10	1640	713	43.5	802	48.9	894	54.5
ERGIC1	ENST00000393784	10	0		0		1	1	1073	0	0.0	0	0.0	40	3.7
ERGIC3	ENST00000348547	13	0		1	5	1	5	1412	0	0.0	114	8.1	114	8.1
ERI1	ENST00000250263	7	0		1	1	3	1,2,5	1190	0	0.0	128	10.8	457	38.4
ERLEC1	ENST00000185150	14	1	14	2	1,14	2	1,14	1732	92	5.3	274	15.8	274	15.8
ERLIN1	ENST00000421367	11	0		0		0		1267	0	0.0	0	0.0	0	0.0
ERLIN2	ENST00000519638	11	0		0		0		1240	0	0.0	0	0.0	0	0.0
ERMAP	ENST00000372517	10	1	12	1	12	1	12	1628	736	45.2	736	45.2	736	45.2
ERMARD	ENST00000366773	18	0		11	2,3,4,5,8,9,12,14,15,17,18	16	2,3,4,5,6,7,8,9,10,11,12,13,14,15,17,18	2397	0	0.0	1614	67.3	2132	88.9
ESAM	ENST00000278927	7	0		0		0		1313	0	0.0	0	0.0	0	0.0
ESCO2	ENST00000305188	10	0		0		0		2006	0	0.0	0	0.0	0	0.0
ESF1	ENST00000617257	13	0		3	2,3,14	4	2,3,10,14	2816	0	0.0	1389	49.3	1531	54.4
ESPN	ENST00000645284	13	1	8	2	1,8	2	1,8	2825	471	16.7	785	27.8	785	27.8
ESPNL	ENST00000343063	9	1	6	2	1,6	3	1,6,8	3198	135	4.2	449	14.0	667	20.9
ESR1	ENST00000206249	8	0		0		0		1948	0	0.0	0	0.0	0	0.0
ESR2	ENST00000341099	8	0		1	5	3	2,5,6	1753	0	0.0	320	18.3	861	49.1
ESRP1	ENST00000433389	15	0		0		4	10,11,12,13	2346	0	0.0	0	0.0	969	41.3
ESRP2	ENST00000473183	15	0		1	1	2	1,14	2454	0	0.0	218	8.9	404	16.5
ESRRB	ENST00000644823	7	1	1	1	1	1	1	1505	70	4.7	70	4.7	70	4.7
ESYT2	ENST00000275418	23	2	1,5	2	1,5	4	1,5,9,18	3061	443	14.5	443	14.5	1034	33.8
ETFA	ENST00000557943	12	0		0		0		1242	0	0.0	0	0.0	0	0.0
ETFB	ENST00000309244	6	0		0		0		888	0	0.0	0	0.0	0	0.0
ETFDH	ENST00000511912	13	0		0		0		2114	0	0.0	0	0.0	0	0.0
ETHE1	ENST00000292147	7	0		0		0		905	0	0.0	0	0.0	0	0.0
ETS1	ENST00000392668	9	0		0		1	7	1638	0	0.0	0	0.0	269	16.4
ETV1	ENST00000430479	12	1	3	1	3	3	3,8,12	1674	65	3.9	65	3.9	464	27.7
ETV2	ENST00000402764	6	0		1	2	1	2	1149	0	0.0	90	7.8	90	7.8
ETV6	ENST00000396373	8	0		0		1	5	1519	0	0.0	0	0.0	566	37.3
EVC	ENST00000264956	21	1	1	1	1	1	1	3399	194	5.7	194	5.7	194	5.7
EVC2	ENST00000344408	22	0		0		1	1	4367	0	0.0	0	0.0	248	5.7
EVL	ENST00000392920	14	0		0		0		1537	0	0.0	0	0.0	0	0.0
EVPL	ENST00000301607	22	0		0		4	11,12,16,22	6542	0	0.0	0	0.0	3962	60.6
EWSR1	ENST00000397938	17	0		2	6,8	4	6,8,13,16	2311	0	0.0	389	16.8	805	34.8
EXD3	ENST00000340951	21	0		0		1	4	3051	0	0.0	0	0.0	194	6.4
EXOC2	ENST00000230449	27	0		0		2	2,8	3315	0	0.0	0	0.0	304	9.2
EXOC3L2	ENST00000413988	11	2	2,3	4	2,3,4,10	6	2,3,4,9,10,12	2629	1197	45.5	1505	57.2	1957	74.4
EXOC6	ENST00000260762	22	0		1	22	11	2,6,7,11,14,15,17,18,19,21,22	2855	0	0.0	153	5.4	1793	62.8
EXOC6B	ENST00000272427	22	1	9	1	9	4	8,9,10,18	2876	104	3.6	104	3.6	460	16.0
EXOC7	ENST00000589210	19	0		0		0		2435	0	0.0	0	0.0	0	0.0
EXOC8	ENST00000366645	1	0		0		0		2198	0	0.0	0	0.0	0	0.0
EXOSC1	ENST00000370902	8	0		0		0		748	0	0.0	0	0.0	0	0.0
EXOSC2	ENST00000372358	9	0		0		1	1	1062	0	0.0	0	0.0	142	13.4
EXOSC3	ENST00000327304	4	1	1	1	1	2	1,3	908	344	37.9	344	37.9	516	56.8
EXOSC4	ENST00000316052	3	0		0		0		798	0	0.0	0	0.0	0	0.0
EXOSC5	ENST00000221233	6	0		0		0		828	0	0.0	0	0.0	0	0.0
EXOSC8	ENST00000389704	11	0		0		0		1051	0	0.0	0	0.0	0	0.0
EXOSC9	ENST00000243498	12	0		0		3	6,10,11	1560	0	0.0	0	0.0	404	25.9
EXPH5	ENST00000265843	6	0		0		2	2,3	6090	0	0.0	0	0.0	364	6.0
EXT1	ENST00000378204	11	0		0		0		2461	0	0.0	0	0.0	0	0.0
EXT2	ENST00000533608	13	0		0		0		2417	0	0.0	0	0.0	0	0.0
EXTL3	ENST00000220562	5	0		0		0		2860	0	0.0	0	0.0	0	0.0
EYA1	ENST00000340726	16	0		0		0		2099	0	0.0	0	0.0	0	0.0
EYA3	ENST00000373871	17	1	5	1	5	3	5,6,9	2062	87	4.2	87	4.2	448	21.7
EYA4	ENST00000355286	19	0		0		0		2300	0	0.0	0	0.0	0	0.0
EYS	ENST00000503581	40	0		3	16,36,40	11	15,16,26,27,28,29,31,36,37,40,43	10235	0	0.0	668	6.5	4769	46.6
EZH1	ENST00000428826	19	0		0		3	7,12,21	2624	0	0.0	0	0.0	495	18.9
EZH2	ENST00000320356	19	1	17	2	10,17	6	3,5,8,10,11,17	2636	102	3.9	363	13.8	1042	39.5
EZR	ENST00000367075	13	0		0		2	3,13	2021	0	0.0	0	0.0	376	18.6
F10	ENST00000375559	8	1	8	1	8	1	8	1627	622	38.2	622	38.2	622	38.2
F11	ENST00000403665	14	0		0		0		2158	0	0.0	0	0.0	0	0.0
F12	ENST00000253496	14	0		0		0		2128	0	0.0	0	0.0	0	0.0
F13A1	ENST00000264870	14	0		0		0		2479	0	0.0	0	0.0	0	0.0
F13B	ENST00000367412	12	0		0		1	4	2226	0	0.0	0	0.0	197	8.8
F2	ENST00000311907	14	0		0		0		2149	0	0.0	0	0.0	0	0.0
F5	ENST00000367797	25	0		0		0		7175	0	0.0	0	0.0	0	0.0
F7	ENST00000346342	8	0		0		0		1495	0	0.0	0	0.0	0	0.0
F7	ENST00000375581	9	0		0		0		1581	0	0.0	0	0.0	0	0.0
F8	ENST00000360256	26	0		0		4	8,14,15,23	7576	0	0.0	0	0.0	3747	49.5
F8A1	ENST00000610495	1	1	1	1	1	1	1	1136	1136	100.0	1136	100.0	1136	100.0
F9	ENST00000218099	8	0		0		1	8	1546	0	0.0	0	0.0	568	36.7
FA2H	ENST00000219368	7	1	1	1	1	1	1	1259	290	23.0	290	23.0	290	23.0
FAAH	ENST00000243167	15	0		1	1	1	1	2040	0	0.0	215	10.5	215	10.5
FAAH2	ENST00000374900	11	0		4	3,4,5,8	11	1,2,3,4,5,6,7,8,9,10,11	1819	0	0.0	667	36.7	1819	100.0
FAAP100	ENST00000327787	9	0		2	1,5	3	1,2,5	2826	0	0.0	975	34.5	1120	39.6
FAAP20	ENST00000378546	4	1	1	1	1	1	1	623	82	13.2	82	13.2	82	13.2
FAAP24	ENST00000588258	4	0		0		0		728	0	0.0	0	0.0	0	0.0
FADD	ENST00000301838	2	1	1	1	1	1	1	667	306	45.9	306	45.9	306	45.9
FAF1	ENST00000396153	19	0		0		3	4,6,13	2333	0	0.0	0	0.0	513	22.0
FAH	ENST00000561421	14	0		0		0		1540	0	0.0	0	0.0	0	0.0
FAHD2A	ENST00000233379	7	0		0		0		1085	0	0.0	0	0.0	0	0.0
FAM111A	ENST00000675163	2	0		0		0		1876	0	0.0	0	0.0	0	0.0
FAM111B	ENST00000343597	2	0		0		1	4	2245	0	0.0	0	0.0	2144	95.5
FAM114A1	ENST00000358869	13	0		1	4	4	3,4,12,13	1952	0	0.0	108	5.5	729	37.3
FAM120A	ENST00000277165	18	0		1	18	4	1,14,17,18	3717	0	0.0	332	8.9	1147	30.9
FAM131C	ENST00000375662	7	1	1	2	1,5	3	1,5,7	983	42	4.3	245	24.9	546	55.5
FAM149A	ENST00000706927	14	1	1	2	1,11	2	1,11	2599	586	22.5	727	28.0	727	28.0
FAM149B1	ENST00000242505	14	0		1	7	2	6,7	2029	0	0.0	208	10.3	396	19.5
FAM151A	ENST00000302250	8	0		1	2	1	2	1918	0	0.0	164	8.6	164	8.6
FAM161A	ENST00000404929	7	0		0		2	2,4	2291	0	0.0	0	0.0	447	19.5
FAM170A	ENST00000695508	4	0		0		2	2,3	1073	0	0.0	0	0.0	956	89.1
FAM177A1	ENST00000280987	5	0		0		0		811	0	0.0	0	0.0	0	0.0
FAM180B	ENST00000538490	3	0		0		0		612	0	0.0	0	0.0	0	0.0
FAM186A	ENST00000327337	8	0		2	1,4	5	1,3,4,5,7	7216	0	0.0	6152	85.3	6762	93.7
FAM20A	ENST00000592554	11	0		0		0		1846	0	0.0	0	0.0	0	0.0
FAM20B	ENST00000263733	7	0		0		4	2,4,5,8	1370	0	0.0	0	0.0	971	70.9
FAM20C	ENST00000313766	10	1	1	2	1,2	3	1,2,10	1955	625	32.0	824	42.1	1094	56.0
FAM219A	ENST00000651358	6	0		0		2	1,6	678	0	0.0	0	0.0	259	38.2
FAM47C	ENST00000358047	1	0		0		0		3128	0	0.0	0	0.0	0	0.0
FAM50A	ENST00000393600	13	1	1	1	1	2	1,4	1280	131	10.2	131	10.2	297	23.2
FAM89A	ENST00000366654	2	1	1	1	1	1	1	595	311	52.3	311	52.3	311	52.3
FAN1	ENST00000362065	13	0		7	3,4,5,6,8,10,14	12	2,3,4,5,6,8,9,10,11,12,13,14	3314	0	0.0	1258	38.0	3185	96.1
FANCA	ENST00000389301	43	0		0		0		5228	0	0.0	0	0.0	0	0.0
FANCB	ENST00000650831	8	0		1	3	3	3,8,10	2740	0	0.0	971	35.4	1857	67.8
FANCC	ENST00000289081	14	0		0		0		1957	0	0.0	0	0.0	0	0.0
FANCD2	ENST00000675286	43	0		0		0		5216	0	0.0	0	0.0	0	0.0
FANCE	ENST00000229769	10	1	1	1	1	1	1	1811	268	14.8	268	14.8	268	14.8
FANCF	ENST00000327470	1	0		0		1	1	1145	0	0.0	0	0.0	1145	100.0
FANCG	ENST00000378643	14	0		1	10	1	10	2149	0	0.0	310	14.4	310	14.4
FANCI	ENST00000310775	37	0		0		0		4727	0	0.0	0	0.0	0	0.0
FANCL	ENST00000233741	14	0		0		0		1408	0	0.0	0	0.0	0	0.0
FANCM	ENST00000267430	23	0		0		2	7,14	6607	0	0.0	0	0.0	2072	31.4
FAR1	ENST00000354817	11	0		1	2	7	2,3,4,5,8,11,12	1768	0	0.0	209	11.8	1222	69.1
FARS2	ENST00000274680	6	0		0		5	2,3,4,5,6	1476	0	0.0	0	0.0	1317	89.2
FARSA	ENST00000314606	13	0		0		0		1787	0	0.0	0	0.0	0	0.0
FARSB	ENST00000281828	17	1	10	2	6,10	4	3,6,9,10	2110	72	3.4	243	11.5	500	23.7
FAS	ENST00000652046	9	0		0		0		1188	0	0.0	0	0.0	0	0.0
FASLG	ENST00000367721	4	0		0		0		926	0	0.0	0	0.0	0	0.0
FASN	ENST00000306749	42	0		0		0		8376	0	0.0	0	0.0	0	0.0
FASTKD2	ENST00000402774	11	0		0		1	2	2353	0	0.0	0	0.0	797	33.9
FASTKD5	ENST00000380266	1	0		0		0		2315	0	0.0	0	0.0	0	0.0
FAT1	ENST00000441802	26	0		1	11	10	3,5,10,11,18,19,22,23,25,27	14287	0	0.0	217	1.5	7988	55.9
FAT2	ENST00000261800	23	1	16	1	16	8	2,5,9,12,16,19,21,23	13510	158	1.2	158	1.2	5945	44.0
FAT3	ENST00000525166	27	0		2	11,19	15	2,3,5,7,8,11,12,13,16,18,19,21,24,26,28	14310	0	0.0	1036	7.2	7855	54.9
FAT4	ENST00000394329	17	0		3	5,12,17	8	4,5,6,8,9,12,14,17	15292	0	0.0	981	6.4	2878	18.8
FBLN1	ENST00000327858	17	1	1	1	1	1	1	2452	99	4.0	99	4.0	99	4.0
FBLN2	ENST00000404922	17	0		0		1	2	4036	0	0.0	0	0.0	1326	32.9
FBLN5	ENST00000342058	11	0		0		0		1567	0	0.0	0	0.0	0	0.0
FBN1	ENST00000316623	65	0		0		1	3	9916	0	0.0	0	0.0	103	1.0
FBN2	ENST00000262464	65	0		0		0		10039	0	0.0	0	0.0	0	0.0
FBP1	ENST00000375326	7	0		0		0		1157	0	0.0	0	0.0	0	0.0
FBP2	ENST00000375337	7	0		0		2	1,2	1160	0	0.0	0	0.0	373	32.2
FBRSL1	ENST00000680143	19	3	9,12,19	4	7,9,12,19	6	7,8,9,12,15,19	3389	1101	32.5	1437	42.4	1816	53.6
FBRSL1	ENST00000973242	3	2	1,3	2	1,3	2	1,3	1830	1612	88.1	1612	88.1	1612	88.1
FBXL19	ENST00000338343	10	0		1	7	1	7	2225	0	0.0	532	23.9	532	23.9
FBXL3	ENST00000355619	4	0		2	2,4	4	2,3,4,5	1367	0	0.0	560	41.0	1367	100.0
FBXL4	ENST00000369244	7	1	4	2	4,5	2	4,5	2006	532	26.5	898	44.8	898	44.8
FBXL7	ENST00000504595	4	0		1	3	1	3	1556	0	0.0	632	40.6	632	40.6
FBXO11	ENST00000403359	23	1	1	2	1,7	8	1,7,11,12,16,18,21,23	3244	252	7.8	405	12.5	1350	41.6
FBXO22	ENST00000308275	7	0		1	7	1	7	1352	0	0.0	438	32.4	438	32.4
FBXO25	ENST00000350302	9	0		0		4	3,4,7,8	1257	0	0.0	0	0.0	602	47.9
FBXO28	ENST00000366862	5	0		0		2	4,5	1207	0	0.0	0	0.0	631	52.3
FBXO31	ENST00000311635	9	1	1	1	1	1	1	1800	360	20.0	360	20.0	360	20.0
FBXO32	ENST00000517956	9	0		0		2	4,6	1248	0	0.0	0	0.0	318	25.5
FBXO34	ENST00000313833	1	0		1	2	1	2	2156	0	0.0	2156	100.0	2156	100.0
FBXO38	ENST00000340253	21	0		2	10,15	9	4,5,7,10,14,15,18,19,22	3987	0	0.0	946	23.7	2226	55.8
FBXO40	ENST00000338040	3	0		0		0		2190	0	0.0	0	0.0	0	0.0
FBXO43	ENST00000428847	5	0		0		1	2	2227	0	0.0	0	0.0	1506	67.6
FBXO7	ENST00000266087	9	0		0		0		1749	0	0.0	0	0.0	0	0.0
FBXW11	ENST00000517395	13	0		1	1	6	1,4,5,6,7,13	1952	0	0.0	65	3.3	969	49.6
FBXW4	ENST00000331272	9	1	1	1	1	2	1,3	1884	745	39.5	745	39.5	951	50.5
FBXW7	ENST00000281708	11	0		0		5	4,7,10,11,14	2344	0	0.0	0	0.0	1301	55.5
FCGR1A	ENST00000369168	6	0		0		0		1245	0	0.0	0	0.0	0	0.0
FCGR2A	ENST00000271450	7	0		0		1	4	1094	0	0.0	0	0.0	275	25.1
FCGR2B	ENST00000358671	8	0		0		0		1093	0	0.0	0	0.0	0	0.0
FCGR3A	ENST00000443193	5	0		0		1	4	865	0	0.0	0	0.0	278	32.1
FCGR3B	ENST00000650385	5	0		0		0		802	0	0.0	0	0.0	0	0.0
FCHO1	ENST00000596536	26	1	20	2	4,20	3	4,20,28	3190	296	9.3	343	10.8	528	16.6
FCN1	ENST00000371806	9	1	5	1	5	2	5,9	1161	53	4.6	53	4.6	321	27.6
FCN3	ENST00000270879	8	0		0		1	1	1060	0	0.0	0	0.0	111	10.5
FCSK	ENST00000288078	23	0		0		2	10,13	3715	0	0.0	0	0.0	383	10.3
FDFT1	ENST00000220584	8	1	7	2	6,7	4	3,5,6,7	1414	173	12.2	370	26.2	786	55.6
FDPS	ENST00000368356	10	0		0		0		1460	0	0.0	0	0.0	0	0.0
FDX2	ENST00000393708	5	0		0		0		652	0	0.0	0	0.0	0	0.0
FDXR	ENST00000293195	12	0		1	2	2	2,9	1716	0	0.0	118	6.9	338	19.7
FECH	ENST00000262093	11	0		0		0		1492	0	0.0	0	0.0	0	0.0
FEM1B	ENST00000306917	2	0		1	2	1	2	1924	0	0.0	1656	86.1	1656	86.1
FEM1C	ENST00000274457	2	0		1	3	2	2,3	1894	0	0.0	1330	70.2	1894	100.0
FERMT1	ENST00000217289	14	0		0		0		2314	0	0.0	0	0.0	0	0.0
FERMT3	ENST00000345728	14	0		0		0		2272	0	0.0	0	0.0	0	0.0
FERRY3	ENST00000261250	13	1	2	1	2	3	2,3,4	1919	198	10.3	198	10.3	566	29.5
FES	ENST00000328850	18	0		1	16	1	16	2829	0	0.0	144	5.1	144	5.1
FEZ1	ENST00000278919	9	0		2	2,6	2	2,6	1359	0	0.0	623	45.8	623	45.8
FEZF1	ENST00000442488	4	0		1	1	1	1	1508	0	0.0	821	54.4	821	54.4
FEZF2	ENST00000283268	4	1	2	1	2	1	2	1460	872	59.7	872	59.7	872	59.7
FFAR1	ENST00000246553	1	0		0		0		923	0	0.0	0	0.0	0	0.0
FFAR2	ENST00000599180	1	0		0		1	2	1013	0	0.0	0	0.0	1013	100.0
FFAR4	ENST00000371481	3	0		0		1	3	1146	0	0.0	0	0.0	410	35.8
FGA	ENST00000403106	5	0		0		0		2035	0	0.0	0	0.0	0	0.0
FGB	ENST00000302068	8	0		0		0		1636	0	0.0	0	0.0	0	0.0
FGD1	ENST00000375135	18	1	1	2	1,3	2	1,3	3246	327	10.1	525	16.2	525	16.2
FGD4	ENST00000534526	17	0		0		1	1	3052	0	0.0	0	0.0	186	6.1
FGD6	ENST00000343958	21	1	7	1	7	4	3,7,19,20	4713	177	3.8	177	3.8	660	14.0
FGF1	ENST00000337706	3	0		0		2	2,4	528	0	0.0	0	0.0	404	76.5
FGF10	ENST00000264664	3	0		0		0		687	0	0.0	0	0.0	0	0.0
FGF12	ENST00000445105	5	0		0		0		646	0	0.0	0	0.0	0	0.0
FGF13	ENST00000315930	5	1	2	1	2	3	2,3,4	838	131	15.6	131	15.6	474	56.6
FGF14	ENST00000376131	5	0		0		0		859	0	0.0	0	0.0	0	0.0
FGF14	ENST00000376143	5	0		0		0		844	0	0.0	0	0.0	0	0.0
FGF16	ENST00000439435	3	1	1	1	1	2	1,3	684	294	43.0	294	43.0	560	81.9
FGF17	ENST00000359441	5	0		0		0		751	0	0.0	0	0.0	0	0.0
FGF20	ENST00000180166	3	0		2	1,3	3	1,2,3	696	0	0.0	572	82.2	696	100.0
FGF23	ENST00000237837	3	0		0		0		816	0	0.0	0	0.0	0	0.0
FGF3	ENST00000334134	3	0		1	1	1	1	780	0	0.0	240	30.8	240	30.8
FGF4	ENST00000168712	3	1	1	1	1	1	1	681	360	52.9	360	52.9	360	52.9
FGF5	ENST00000312465	3	0		1	3	2	1,3	867	0	0.0	368	42.4	743	85.7
FGF8	ENST00000320185	6	1	1	1	1	1	1	855	52	6.1	52	6.1	52	6.1
FGF9	ENST00000382353	3	0		0		0		687	0	0.0	0	0.0	0	0.0
FGFR1	ENST00000447712	17	0		0		0		2809	0	0.0	0	0.0	0	0.0
FGFR2	ENST00000358487	17	0		0		0		2806	0	0.0	0	0.0	0	0.0
FGFR2	ENST00000457416	17	0		0		0		2809	0	0.0	0	0.0	0	0.0
FGFR3	ENST00000440486	17	0		2	2,9	2	2,9	2761	0	0.0	340	12.3	340	12.3
FGFR4	ENST00000292408	17	0		2	3,13	2	3,13	2749	0	0.0	495	18.0	495	18.0
FGG	ENST00000336098	9	0		0		0		1542	0	0.0	0	0.0	0	0.0
FGGY	ENST00000303721	15	1	13	1	13	4	7,11,13,15	1956	141	7.2	141	7.2	540	27.6
FGL2	ENST00000248598	2	0		0		1	2	1360	0	0.0	0	0.0	727	53.5
FH	ENST00000366560	10	0		0		0		1733	0	0.0	0	0.0	0	0.0
FHIT	ENST00000492590	5	0		0		0		544	0	0.0	0	0.0	0	0.0
FHL1	ENST00000370683	6	0		0		0		1011	0	0.0	0	0.0	0	0.0
FHL1	ENST00000394155	6	0		0		0		1092	0	0.0	0	0.0	0	0.0
FHL2	ENST00000530340	5	0		0		1	7	940	0	0.0	0	0.0	172	18.3
FHOD3	ENST00000590592	29	1	7	2	7,10	6	7,10,12,19,24,27	5449	132	2.4	391	7.2	2081	38.2
FIBCD1	ENST00000372338	7	0		1	2	3	1,2,5	1526	0	0.0	500	32.8	709	46.5
FIBP	ENST00000357519	10	0		0		0		1274	0	0.0	0	0.0	0	0.0
FICD	ENST00000552695	2	0		0		1	2	1417	0	0.0	0	0.0	321	22.7
FIG4	ENST00000230124	23	0		0		0		3184	0	0.0	0	0.0	0	0.0
FIGLA	ENST00000332372	5	0		1	1	3	1,3,5	760	0	0.0	251	33.0	532	70.0
FIGN	ENST00000333129	2	0		0		0		2320	0	0.0	0	0.0	0	0.0
FILIP1	ENST00000237172	5	0		0		1	2	3742	0	0.0	0	0.0	296	7.9
FITM2	ENST00000396825	2	0		0		0		829	0	0.0	0	0.0	0	0.0
FKBP10	ENST00000321562	10	0		0		0		1949	0	0.0	0	0.0	0	0.0
FKBP11	ENST00000550765	6	0		0		0		726	0	0.0	0	0.0	0	0.0
FKBP14	ENST00000222803	4	0		0		1	1	716	0	0.0	0	0.0	217	30.3
FKBP4	ENST00000001008	10	0		1	5	2	1,5	1580	0	0.0	177	11.2	302	19.1
FKBP5	ENST00000357266	10	0		0		3	4,9,10	1574	0	0.0	0	0.0	629	40.0
FKBP6	ENST00000252037	8	0		0		0		1144	0	0.0	0	0.0	0	0.0
FKBP8	ENST00000608443	8	0		0		3	2,4,7	1402	0	0.0	0	0.0	519	37.0
FKRP	ENST00000318584	1	0		0		1	4	1508	0	0.0	0	0.0	1508	100.0
FKTN	ENST00000357998	9	0		0		0		1566	0	0.0	0	0.0	0	0.0
FLAD1	ENST00000292180	7	1	1	2	1,3	2	1,3	1904	392	20.6	560	29.4	560	29.4
FLCN	ENST00000285071	11	0		0		0		1960	0	0.0	0	0.0	0	0.0
FLG	ENST00000368799	2	0		0		0		12226	0	0.0	0	0.0	0	0.0
FLG2	ENST00000388718	2	0		0		0		7216	0	0.0	0	0.0	0	0.0
FLI1	ENST00000527786	9	0		0		2	1,3	1539	0	0.0	0	0.0	213	13.8
FLII	ENST00000327031	30	0		0		2	1,21	4410	0	0.0	0	0.0	292	6.6
FLNA	ENST00000369850	47	0		0		2	31,48	8884	0	0.0	0	0.0	476	5.4
FLNB	ENST00000295956	46	0		0		0		8729	0	0.0	0	0.0	0	0.0
FLNC	ENST00000325888	48	0		0		0		9138	0	0.0	0	0.0	0	0.0
FLRT1	ENST00000682287	1	0		0		0		2045	0	0.0	0	0.0	0	0.0
FLRT3	ENST00000341420	1	0		0		0		1970	0	0.0	0	0.0	0	0.0
FLT1	ENST00000282397	30	0		0		0		4617	0	0.0	0	0.0	0	0.0
FLT3	ENST00000241453	24	1	1	1	1	7	1,2,6,9,10,12,17	3462	63	1.8	63	1.8	1039	30.0
FLT3LG	ENST00000597551	7	0		1	4	2	4,7	848	0	0.0	74	8.7	273	32.2
FLT4	ENST00000261937	30	0		1	1	2	1,20	4692	0	0.0	78	1.7	187	4.0
FLVCR1	ENST00000366971	10	0		1	1	1	1	1868	0	0.0	758	40.6	758	40.6
FLVCR2	ENST00000238667	10	0		0		0		1781	0	0.0	0	0.0	0	0.0
FMC1	ENST00000297534	2	0		0		0		382	0	0.0	0	0.0	0	0.0
FMN1	ENST00000616417	18	1	4	8	4,9,12,13,14,15,16,19	15	4,5,8,9,10,11,12,13,14,15,16,17,18,19,20	4620	1887	40.8	2875	62.2	4335	93.8
FMN2	ENST00000319653	18	1	1	1	1	3	1,3,16	5529	1635	29.6	1635	29.6	1973	35.7
FMNL2	ENST00000288670	26	0		0		6	5,6,7,14,21,26	3799	0	0.0	0	0.0	1019	26.8
FMO3	ENST00000367755	8	0		0		0		1759	0	0.0	0	0.0	0	0.0
FMR1	ENST00000370475	17	0		0		0		2239	0	0.0	0	0.0	0	0.0
FN1	ENST00000354785	46	0		0		0		8354	0	0.0	0	0.0	0	0.0
FN3KRP	ENST00000269373	6	0		0		0		1050	0	0.0	0	0.0	0	0.0
FNDC7	ENST00000370017	12	0		0		3	4,6,10	2442	0	0.0	0	0.0	837	34.3
FNIP1	ENST00000510461	18	0		0		9	2,3,6,10,12,13,14,15,16	3861	0	0.0	0	0.0	2840	73.6
FNTB	ENST00000246166	12	2	5,7	3	5,7,10	3	5,7,10	1554	274	17.6	406	26.1	406	26.1
FOCAD	ENST00000338382	43	1	41	1	41	11	5,11,12,14,18,21,26,37,38,40,41	6266	118	1.9	118	1.9	1795	28.6
FOLR1	ENST00000393676	4	0		0		0		854	0	0.0	0	0.0	0	0.0
FOLR2	ENST00000298223	4	0		0		1	2	848	0	0.0	0	0.0	170	20.0
FOLR3	ENST00000611028	4	0		0		2	3,5	818	0	0.0	0	0.0	474	57.9
FOS	ENST00000303562	4	0		1	2	1	2	1223	0	0.0	272	22.2	272	22.2
FOSL1	ENST00000312562	4	1	1	1	1	2	1,2	896	119	13.3	119	13.3	337	37.6
FOSL2	ENST00000264716	4	0		0		1	4	1061	0	0.0	0	0.0	539	50.8
FOXA2	ENST00000419308	2	0		1	2	1	2	1432	0	0.0	1325	92.5	1325	92.5
FOXC1	ENST00000645831	1	1	1	1	1	1	1	1682	1682	100.0	1682	100.0	1682	100.0
FOXC2	ENST00000649859	1	1	1	1	1	1	1	1526	1526	100.0	1526	100.0	1526	100.0
FOXD3	ENST00000371116	1	1	1	1	1	1	1	1457	1457	100.0	1457	100.0	1457	100.0
FOXE1	ENST00000375123	1	1	1	1	1	1	1	1142	1142	100.0	1142	100.0	1142	100.0
FOXE3	ENST00000335071	1	1	1	1	1	1	1	980	980	100.0	980	100.0	980	100.0
FOXF1	ENST00000262426	2	1	1	1	1	1	1	1180	999	84.7	999	84.7	999	84.7
FOXF2	ENST00000645481	2	1	1	1	1	1	1	1375	1191	86.6	1191	86.6	1191	86.6
FOXG1	ENST00000313071	1	1	1	1	1	1	1	1490	1490	100.0	1490	100.0	1490	100.0
FOXH1	ENST00000377317	3	0		1	3	2	1,3	1158	0	0.0	839	72.5	1033	89.2
FOXI1	ENST00000306268	2	0		0		0		1177	0	0.0	0	0.0	0	0.0
FOXI3	ENST00000428390	2	1	1	1	1	1	1	1303	660	50.7	660	50.7	660	50.7
FOXJ1	ENST00000322957	2	0		1	2	1	2	1306	0	0.0	518	39.7	518	39.7
FOXJ3	ENST00000361346	12	1	10	4	3,8,9,10	6	3,4,8,9,10,11	2109	122	5.8	1099	52.1	1406	66.7
FOXK2	ENST00000335255	9	1	1	1	1	2	1,5	2163	439	20.3	439	20.3	653	30.2
FOXL1	ENST00000320241	1	1	1	1	1	1	1	1058	1058	100.0	1058	100.0	1058	100.0
FOXL2	ENST00000648323	1	1	1	1	1	1	1	1151	1151	100.0	1151	100.0	1151	100.0
FOXN1	ENST00000579795	8	0		0		0		2107	0	0.0	0	0.0	0	0.0
FOXO1	ENST00000379561	2	1	1	1	1	1	1	2008	650	32.4	650	32.4	650	32.4
FOXP1	ENST00000649528	16	0		0		0		2354	0	0.0	0	0.0	0	0.0
FOXP2	ENST00000350908	16	0		0		0		2468	0	0.0	0	0.0	0	0.0
FOXP3	ENST00000376207	11	0		0		2	2,4	1516	0	0.0	0	0.0	389	25.7
FOXP4	ENST00000307972	16	0		0		1	8	2363	0	0.0	0	0.0	125	5.3
FOXQ1	ENST00000296839	1	1	1	1	1	1	1	1232	1232	100.0	1232	100.0	1232	100.0
FOXR1	ENST00000317011	6	0		0		1	4	999	0	0.0	0	0.0	247	24.7
FOXRED1	ENST00000263578	11	0		0		0		1681	0	0.0	0	0.0	0	0.0
FOXRED2	ENST00000397224	8	1	2	1	2	1	2	2215	547	24.7	547	24.7	547	24.7
FPR1	ENST00000304748	1	0		1	2	1	2	1073	0	0.0	1073	100.0	1073	100.0
FPR2	ENST00000340023	1	0		0		0		1076	0	0.0	0	0.0	0	0.0
FRA10AC1	ENST00000359204	13	0		0		2	4,7	1208	0	0.0	0	0.0	171	14.2
FRAS1	ENST00000512123	74	2	56,74	8	18,29,38,42,54,56,62,74	20	7,12,18,23,25,26,29,38,42,44,46,52,53,54,56,61,62,64,67,74	13519	979	7.2	2399	17.7	4580	33.9
FREM1	ENST00000380880	36	1	25	8	4,6,9,16,19,24,25,37	23	2,4,5,6,9,11,13,14,16,17,18,19,20,21,22,23,24,25,26,27,31,33,37	7260	435	6.0	2461	33.9	5604	77.2
FREM2	ENST00000280481	24	0		1	17	1	17	9990	0	0.0	213	2.1	213	2.1
FRMD1	ENST00000283309	11	0		0		1	9	1870	0	0.0	0	0.0	317	17.0
FRMD4A	ENST00000357447	23	0		0		2	21,22	3580	0	0.0	0	0.0	1095	30.6
FRMD5	ENST00000417257	14	0		0		1	13	1993	0	0.0	0	0.0	127	6.4
FRMD7	ENST00000298542	12	0		0		2	7,12	2385	0	0.0	0	0.0	1283	53.8
FRMPD2	ENST00000374201	29	0		0		4	14,15,24,25	4510	0	0.0	0	0.0	657	14.6
FRMPD4	ENST00000675598	17	2	8,17	4	8,13,15,17	16	1,2,3,4,5,6,7,8,9,10,11,13,14,15,16,17	5629	1497	26.6	2785	49.5	5519	98.0
FRRS1L	ENST00000561981	5	1	1	1	1	2	1,5	982	258	26.3	258	26.3	451	45.9
FRY	ENST00000542859	61	0		1	51	1	51	10262	0	0.0	191	1.9	191	1.9
FRYL	ENST00000358350	61	2	51,55	6	22,30,41,46,51,55	29	7,10,14,16,17,21,22,23,24,29,30,33,34,36,38,40,41,43,44,46,48,49,51,53,54,55,56,63,64	10262	370	3.6	1442	14.1	5859	57.1
FRZB	ENST00000295113	6	0		1	1	1	1	1098	0	0.0	498	45.4	498	45.4
FSCB	ENST00000340446	1	0		0		0		2498	0	0.0	0	0.0	0	0.0
FSCN2	ENST00000417245	5	0		1	1	2	1,5	1579	0	0.0	846	53.6	1072	67.9
FSD1L	ENST00000481272	14	1	10	1	10	6	3,4,5,7,10,14	1873	150	8.0	150	8.0	828	44.2
FSHB	ENST00000533718	2	0		0		0		430	0	0.0	0	0.0	0	0.0
FSHR	ENST00000406846	10	0		0		0		2288	0	0.0	0	0.0	0	0.0
FSIP2	ENST00000424728	23	0		3	4,10,18	9	2,3,4,8,9,10,17,18,23	21184	0	0.0	764	3.6	10954	51.7
FST	ENST00000256759	6	0		0		1	1	1155	0	0.0	0	0.0	105	9.1
FSTL5	ENST00000306100	15	0		3	5,9,16	7	4,5,7,9,10,14,16	2844	0	0.0	1122	39.5	1861	65.4
FTCD	ENST00000397746	14	1	9	2	3,9	3	3,9,10	1906	150	7.9	299	15.7	481	25.2
FTH1	ENST00000273550	4	0		0		0		632	0	0.0	0	0.0	0	0.0
FTL	ENST00000331825	4	0		0		0		608	0	0.0	0	0.0	0	0.0
FTO	ENST00000471389	9	0		0		0		1698	0	0.0	0	0.0	0	0.0
FTSJ1	ENST00000348411	11	0		0		0		1210	0	0.0	0	0.0	0	0.0
FUCA1	ENST00000374479	8	0		0		0		1561	0	0.0	0	0.0	0	0.0
FURIN	ENST00000268171	15	0		0		1	8	2685	0	0.0	0	0.0	193	7.2
FUS	ENST00000254108	15	0		0		0		1881	0	0.0	0	0.0	0	0.0
FUT1	ENST00000645652	1	0		0		1	2	1118	0	0.0	0	0.0	1118	100.0
FUT2	ENST00000425340	1	0		0		0		1052	0	0.0	0	0.0	0	0.0
FUT3	NM_001382745.1	1	0		0		0		1106	0	0.0	0	0.0	0	0.0
FUT6	ENST00000318336	1	0		0		0		1100	0	0.0	0	0.0	0	0.0
FUT8	ENST00000673929	9	0		1	11	4	5,9,10,11	1908	0	0.0	338	17.7	889	46.6
FUZ	ENST00000313777	11	0		0		0		1477	0	0.0	0	0.0	0	0.0
FXN	ENST00000484259	5	0		1	1	1	1	733	0	0.0	185	25.2	185	25.2
FXR1	ENST00000357559	17	0		0		1	13	2206	0	0.0	0	0.0	83	3.8
FXR1	ENST00000482125	17	0		0		6	3,5,8,10,12,17	2374	0	0.0	0	0.0	1023	43.1
FXYD2	ENST00000292079	5	0		0		0		301	0	0.0	0	0.0	0	0.0
FYB1	ENST00000512982	18	1	14	1	14	4	8,9,14,16	2850	87	3.1	87	3.1	612	21.5
FYCO1	ENST00000296137	17	0		0		0		4777	0	0.0	0	0.0	0	0.0
FYTTD1	ENST00000241502	9	0		0		0		1137	0	0.0	0	0.0	0	0.0
FZD2	ENST00000315323	1	0		0		1	1	1718	0	0.0	0	0.0	1718	100.0
FZD4	ENST00000531380	2	0		1	1	1	1	1654	0	0.0	305	18.4	305	18.4
FZD5	ENST00000295417	1	0		1	2	1	2	1778	0	0.0	1778	100.0	1778	100.0
FZD6	ENST00000358755	6	0		0		0		2241	0	0.0	0	0.0	0	0.0
FZD9	ENST00000344575	1	1	1	1	1	1	1	1796	1796	100.0	1796	100.0	1796	100.0
FZR1	ENST00000441788	13	0		0		0		1742	0	0.0	0	0.0	0	0.0
G6PC1	ENST00000253801	5	0		0		0		1174	0	0.0	0	0.0	0	0.0
G6PC3	ENST00000269097	6	0		0		0		1161	0	0.0	0	0.0	0	0.0
G6PD	ENST00000393562	12	0		0		0		1788	0	0.0	0	0.0	0	0.0
GAA	ENST00000302262	19	0		0		0		3239	0	0.0	0	0.0	0	0.0
GAB1	ENST00000262994	10	0		0		4	2,4,6,10	2285	0	0.0	0	0.0	1440	63.0
GABBR1	ENST00000377034	22	19	2,3,4,7,8,9,11,12,13,14,15,16,17,18,19,20,21,22,23	22	2,3,4,5,6,7,8,9,10,11,12,13,14,15,16,17,18,19,20,21,22,23	22	2,3,4,5,6,7,8,9,10,11,12,13,14,15,16,17,18,19,20,21,22,23	3326	3018	90.7	3326	100.0	3326	100.0
GABBR2	ENST00000259455	19	1	1	2	1,13	3	1,13,19	3206	341	10.6	484	15.1	670	20.9
GABPB2	ENST00000368918	8	1	4	1	4	3	4,7,9	1507	215	14.3	215	14.3	741	49.2
GABRA1	ENST00000393943	9	0		0		0		1551	0	0.0	0	0.0	0	0.0
GABRA2	ENST00000381620	9	0		1	10	2	7,10	1536	0	0.0	317	20.6	481	31.3
GABRA3	ENST00000370314	9	0		3	2,3,10	9	2,3,4,5,6,7,8,9,10	1659	0	0.0	658	39.7	1659	100.0
GABRA4	ENST00000264318	9	0		3	7,8,9	5	4,5,7,8,9	1845	0	0.0	1004	54.4	1348	73.1
GABRA5	ENST00000335625	9	0		0		2	8,11	1569	0	0.0	0	0.0	484	30.8
GABRA6	ENST00000274545	9	0		0		0		1542	0	0.0	0	0.0	0	0.0
GABRB1	ENST00000295454	9	0		0		4	3,6,8,9	1605	0	0.0	0	0.0	876	54.6
GABRB2	ENST00000393959	10	0		0		3	7,8,10	1739	0	0.0	0	0.0	806	46.3
GABRB3	ENST00000311550	9	0		1	1	2	1,2	1602	0	0.0	100	6.2	212	13.2
GABRD	ENST00000378585	9	1	1	1	1	1	1	1539	88	5.7	88	5.7	88	5.7
GABRE	ENST00000370328	9	0		0		4	1,2,6,9	1701	0	0.0	0	0.0	876	51.5
GABRG1	ENST00000295452	9	0		0		6	2,4,6,7,8,9	1578	0	0.0	0	0.0	1263	80.0
GABRG2	ENST00000639213	10	0		0		0		1628	0	0.0	0	0.0	0	0.0
GABRG3	ENST00000615808	10	0		1	7	3	7,8,10	1604	0	0.0	173	10.8	692	43.1
GABRP	ENST00000265294	9	0		0		2	8,10	1503	0	0.0	0	0.0	496	33.0
GABRQ	ENST00000598523	9	0		2	4,9	6	3,4,6,7,8,9	2079	0	0.0	1002	48.2	1698	81.7
GABRR2	ENST00000402938	9	0		0		2	6,7	1578	0	0.0	0	0.0	334	21.2
GAD1	ENST00000358196	16	0		0		0		2105	0	0.0	0	0.0	0	0.0
GADD45GIP1	ENST00000316939	2	1	1	2	1,2	2	1,2	709	370	52.2	709	100.0	709	100.0
GAL	ENST00000265643	5	0		1	2	1	2	472	0	0.0	101	21.4	101	21.4
GALC	ENST00000261304	17	1	13	1	13	2	1,13	2398	171	7.1	171	7.1	386	16.1
GALE	ENST00000617979	10	0		0		0		1247	0	0.0	0	0.0	0	0.0
GALK1	ENST00000588479	8	0		0		1	1	1339	0	0.0	0	0.0	185	13.8
GALM	ENST00000272252	7	0		0		1	6	1169	0	0.0	0	0.0	195	16.7
GALNS	ENST00000268695	14	0		0		1	1	1849	0	0.0	0	0.0	140	7.6
GALNT1	ENST00000269195	11	1	6	1	6	6	2,4,5,6,8,10	1900	191	10.1	191	10.1	1085	57.1
GALNT12	ENST00000375011	10	1	1	1	1	1	1	1946	391	20.1	391	20.1	391	20.1
GALNT2	ENST00000366672	16	1	1	1	1	2	1,3	2036	146	7.2	146	7.2	320	15.7
GALNT3	ENST00000392701	10	0		0		0		2102	0	0.0	0	0.0	0	0.0
GALT	ENST00000378842	11	0		0		0		1360	0	0.0	0	0.0	0	0.0
GAMT	ENST00000252288	6	0		1	1	1	1	831	0	0.0	201	24.2	201	24.2
GAN	ENST00000648994	11	0		0		1	1	2014	0	0.0	0	0.0	187	9.3
GANAB	ENST00000356638	24	0		1	10	1	10	3315	0	0.0	174	5.2	174	5.2
GAPDHS	ENST00000222286	11	1	7	1	7	1	7	1447	102	7.0	102	7.0	102	7.0
GAPT	ENST00000502276	1	0		1	3	1	3	494	0	0.0	494	100.0	494	100.0
GAPVD1	ENST00000297933	25	0		2	9,12	8	4,5,7,9,12,23,24,28	4883	0	0.0	375	7.7	2148	44.0
GAR1	ENST00000226796	6	1	6	1	6	1	6	774	89	11.5	89	11.5	89	11.5
GARIN3	ENST00000302938	2	0		0		1	1	1858	0	0.0	0	0.0	626	33.7
GARNL3	ENST00000373387	28	1	23	1	23	3	15,23,25	3602	128	3.6	128	3.6	412	11.4
GARS1	ENST00000389266	17	0		0		0		2560	0	0.0	0	0.0	0	0.0
GAS1	ENST00000298743	1	1	1	1	1	1	1	1058	1058	100.0	1058	100.0	1058	100.0
GAS2	ENST00000454584	7	0		0		2	2,6	1082	0	0.0	0	0.0	327	30.2
GAS2L2	ENST00000604641	6	2	3,6	3	1,3,6	4	1,3,5,6	2763	1706	61.7	2111	76.4	2384	86.3
GATA1	ENST00000376670	5	0		0		0		1342	0	0.0	0	0.0	0	0.0
GATA2	ENST00000341105	5	0		0		0		1543	0	0.0	0	0.0	0	0.0
GATA2	ENST00000487848	5	0		0		0		1543	0	0.0	0	0.0	0	0.0
GATA3	ENST00000379328	5	0		0		0		1435	0	0.0	0	0.0	0	0.0
GATA4	ENST00000532059	6	1	2	1	2	1	2	1452	636	43.8	636	43.8	636	43.8
GATA5	ENST00000252997	6	1	2	1	2	1	2	1314	543	41.3	543	41.3	543	41.3
GATA6	ENST00000269216	6	1	2	1	2	1	2	1908	1155	60.5	1155	60.5	1155	60.5
GATAD1	ENST00000287957	5	1	1	1	1	3	1,4,5	910	269	29.6	269	29.6	684	75.2
GATAD2A	ENST00000683918	11	0		0		1	9	2125	0	0.0	0	0.0	319	15.0
GATAD2B	ENST00000368655	10	1	4	7	2,3,4,5,6,7,9	10	2,3,4,5,6,7,8,9,10,11	1982	152	7.7	1467	74.0	1982	100.0
GATB	ENST00000263985	13	2	9,10	2	9,10	3	2,9,10	1934	364	18.8	364	18.8	535	27.7
GATC	ENST00000551765	4	0		0		0		491	0	0.0	0	0.0	0	0.0
GATM	ENST00000396659	9	0		0		1	1	1452	0	0.0	0	0.0	89	6.1
GBA1	ENST00000368373	11	0		0		0		1831	0	0.0	0	0.0	0	0.0
GBA2	ENST00000378103	17	0		0		2	1,11	3124	0	0.0	0	0.0	507	16.2
GBE1	ENST00000429644	16	0		0		2	4,5	2429	0	0.0	0	0.0	302	12.4
GBF1	ENST00000369983	39	0		1	40	4	14,15,16,40	6363	0	0.0	301	4.7	887	13.9
GCDH	ENST00000222214	11	0		0		0		1537	0	0.0	0	0.0	0	0.0
GCG	ENST00000418842	5	0		0		3	4,5,6	643	0	0.0	0	0.0	349	54.3
GCGR	ENST00000400723	13	0		0		0		1694	0	0.0	0	0.0	0	0.0
GCH1	ENST00000491895	6	0		1	1	2	1,6	873	0	0.0	363	41.6	510	58.4
GCK	ENST00000403799	10	0		0		0		1598	0	0.0	0	0.0	0	0.0
GCKR	ENST00000264717	19	0		0		0		2258	0	0.0	0	0.0	0	0.0
GCLC	ENST00000650454	16	0		0		0		2234	0	0.0	0	0.0	0	0.0
GCLM	ENST00000370238	7	0		1	1	1	1	965	0	0.0	146	15.1	146	15.1
GCM2	ENST00000379491	5	0		0		0		1621	0	0.0	0	0.0	0	0.0
GCNA	ENST00000373696	12	0		3	3,5,13	7	3,5,7,8,11,12,13	2316	0	0.0	275	11.9	1877	81.0
GCNT2	ENST00000316170	3	0		1	1	1	1	1263	0	0.0	939	74.3	939	74.3
GCNT2	ENST00000495262	3	0		0		0		1269	0	0.0	0	0.0	0	0.0
GCOM1	NM_001285900.3	15	0		0		0		2598	0	0.0	0	0.0	0	0.0
GCSH	ENST00000315467	5	1	1	1	1	1	1	622	168	27.0	168	27.0	168	27.0
GDAP1	ENST00000220822	6	0		0		0		1197	0	0.0	0	0.0	0	0.0
GDAP2	ENST00000369443	13	0		2	2,13	6	2,4,6,7,11,13	1754	0	0.0	360	20.5	971	55.4
GDF1	ENST00000247005	2	1	8	1	8	1	8	1159	814	70.2	814	70.2	814	70.2
GDF11	ENST00000257868	3	1	1	1	1	1	1	1284	465	36.2	465	36.2	465	36.2
GDF15	ENST00000252809	2	0		0		0		967	0	0.0	0	0.0	0	0.0
GDF2	ENST00000581492	2	0		1	2	2	1,2	1330	0	0.0	964	72.5	1330	100.0
GDF3	ENST00000329913	2	0		0		1	2	1135	0	0.0	0	0.0	847	74.6
GDF5	ENST00000374369	2	0		0		1	2	1546	0	0.0	0	0.0	895	57.9
GDF6	ENST00000287020	2	0		1	2	1	2	1408	0	0.0	982	69.7	982	69.7
GDF9	ENST00000687138	2	0		0		0		1405	0	0.0	0	0.0	0	0.0
GDI1	ENST00000447750	11	0		0		0		1564	0	0.0	0	0.0	0	0.0
GDNF	ENST00000326524	2	0		0		0		676	0	0.0	0	0.0	0	0.0
GDPD1	ENST00000284116	10	0		0		2	3,10	1145	0	0.0	0	0.0	299	26.1
GEMIN2	ENST00000308317	10	1	3	1	3	1	3	1010	110	10.9	110	10.9	110	10.9
GEMIN4	ENST00000319004	2	1	1	1	1	1	1	3217	30	0.9	30	0.9	30	0.9
GEMIN5	ENST00000285873	28	0		0		6	1,3,7,11,15,26	5087	0	0.0	0	0.0	1445	28.4
GEN1	ENST00000381254	13	0		1	3	7	3,4,5,8,10,11,14	2987	0	0.0	207	6.9	2297	76.9
GET3	ENST00000357332	7	0		1	7	1	7	1187	0	0.0	152	12.8	152	12.8
GET4	ENST00000265857	9	1	1	1	1	2	1,4	1164	175	15.0	175	15.0	345	29.6
GFAP	ENST00000588735	9	0		0		0		1479	0	0.0	0	0.0	0	0.0
GFER	ENST00000248114	3	0		0		1	1	678	0	0.0	0	0.0	278	41.0
GFI1	ENST00000294702	6	0		0		1	4	1389	0	0.0	0	0.0	508	36.6
GFI1B	ENST00000372122	6	0		0		0		1113	0	0.0	0	0.0	0	0.0
GFM1	ENST00000486715	18	0		0		0		2616	0	0.0	0	0.0	0	0.0
GFM2	ENST00000296805	20	0		0		4	8,12,17,18	2740	0	0.0	0	0.0	643	23.5
GFPT1	ENST00000357308	20	0		0		1	6	2500	0	0.0	0	0.0	155	6.2
GFRA1	ENST00000355422	10	0		0		0		1598	0	0.0	0	0.0	0	0.0
GFUS	ENST00000425753	10	0		4	3,4,5,8	7	2,3,4,5,6,8,9	1166	0	0.0	465	39.9	885	75.9
GGCX	ENST00000233838	15	0		0		0		2577	0	0.0	0	0.0	0	0.0
GGN	ENST00000334928	2	0		0		0		1999	0	0.0	0	0.0	0	0.0
GGPS1	ENST00000282841	3	0		1	4	2	2,4	963	0	0.0	782	81.2	872	90.6
GGT1	ENST00000400382	12	0		0		0		1950	0	0.0	0	0.0	0	0.0
GH1	ENST00000323322	5	0		0		0		754	0	0.0	0	0.0	0	0.0
GHR	ENST00000230882	9	0		0		2	6,10	2097	0	0.0	0	0.0	1191	56.8
GHRH	ENST00000373614	4	0		0		0		407	0	0.0	0	0.0	0	0.0
GHRHR	ENST00000326139	13	0		0		0		1532	0	0.0	0	0.0	0	0.0
GHRL	ENST00000335542	4	1	3	1	3	1	3	434	128	29.5	128	29.5	128	29.5
GHSR	ENST00000241256	2	0		0		0		1141	0	0.0	0	0.0	0	0.0
GIGYF1	ENST00000678049	24	0		1	17	4	7,17,22,23	3588	0	0.0	121	3.4	700	19.5
GIGYF2	ENST00000373563	27	0		0		0		4440	0	0.0	0	0.0	0	0.0
GIMAP5	ENST00000358647	2	0		0		0		964	0	0.0	0	0.0	0	0.0
GIMAP6	ENST00000328902	2	0		0		0		919	0	0.0	0	0.0	0	0.0
GINS1	ENST00000262460	7	0		0		1	5	731	0	0.0	0	0.0	137	18.7
GINS2	ENST00000253462	5	1	3	1	3	1	3	658	120	18.2	120	18.2	120	18.2
GINS3	ENST00000318129	3	0		0		0		711	0	0.0	0	0.0	0	0.0
GIP	ENST00000357424	5	0		0		0		562	0	0.0	0	0.0	0	0.0
GIPC1	ENST00000393033	6	0		0		0		1122	0	0.0	0	0.0	0	0.0
GIPC3	ENST00000644452	6	1	1	1	1	1	1	1059	245	23.1	245	23.1	245	23.1
GJA1	ENST00000282561	1	0		0		0		1169	0	0.0	0	0.0	0	0.0
GJA3	ENST00000241125	1	0		1	2	1	2	1328	0	0.0	1328	100.0	1328	100.0
GJA5	ENST00000579774	1	0		0		1	2	1097	0	0.0	0	0.0	1097	100.0
GJA8	ENST00000369235	1	0		0		1	2	1322	0	0.0	0	0.0	1322	100.0
GJB1	ENST00000361726	1	0		0		0		872	0	0.0	0	0.0	0	0.0
GJB2	ENST00000382848	1	0		0		0		701	0	0.0	0	0.0	0	0.0
GJB3	ENST00000373366	1	0		0		0		833	0	0.0	0	0.0	0	0.0
GJB4	ENST00000339480	1	0		0		0		821	0	0.0	0	0.0	0	0.0
GJB6	ENST00000647029	1	0		0		1	5	806	0	0.0	0	0.0	806	100.0
GJC2	ENST00000366714	1	1	2	1	2	1	2	1340	1340	100.0	1340	100.0	1340	100.0
GJC3	ENST00000312891	2	0		0		0		880	0	0.0	0	0.0	0	0.0
GJD2	ENST00000290374	2	0		0		1	2	1006	0	0.0	0	0.0	915	91.0
GJE1	ENST00000450456	3	0		1	3	2	2,3	678	0	0.0	404	59.6	619	91.3
GK	ENST00000427190	21	0		0		2	12,21	2100	0	0.0	0	0.0	94	4.5
GLA	ENST00000218516	7	0		0		1	6	1430	0	0.0	0	0.0	218	15.2
GLB1	ENST00000307363	16	0		0		0		2354	0	0.0	0	0.0	0	0.0
GLCCI1	ENST00000223145	8	1	1	3	1,2,8	4	1,2,5,8	1804	477	26.4	1015	56.3	1188	65.9
GLDC	ENST00000321612	25	1	1	1	1	1	1	3563	275	7.7	275	7.7	275	7.7
GLDN	ENST00000335449	10	1	1	2	1,6	4	1,4,6,10	1856	383	20.6	532	28.7	1158	62.4
GLE1	ENST00000309971	16	0		0		0		2417	0	0.0	0	0.0	0	0.0
GLG1	ENST00000422840	26	0		1	1	3	1,7,26	4060	0	0.0	458	11.3	850	20.9
GLI1	ENST00000228682	11	1	3	2	3,12	3	3,8,12	3541	113	3.2	1878	53.0	2048	57.8
GLI2	ENST00000361492	13	0		1	14	1	14	4970	0	0.0	2488	50.1	2488	50.1
GLI3	ENST00000395925	14	0		0		0		5023	0	0.0	0	0.0	0	0.0
GLIS1	ENST00000628545	10	2	2,3	4	2,3,4,9	5	2,3,4,8,9	2588	477	18.4	1579	61.0	1756	67.9
GLIS2	ENST00000433375	6	1	7	2	3,7	3	2,3,7	1695	820	48.4	1013	59.8	1205	71.1
GLIS3	ENST00000381971	10	0		0		1	4	2993	0	0.0	0	0.0	1134	37.9
GLMN	ENST00000370360	18	0		0		0		2145	0	0.0	0	0.0	0	0.0
GLP1R	ENST00000373256	13	0		0		1	1	1652	0	0.0	0	0.0	98	5.9
GLRA1	ENST00000274576	9	0		1	9	1	9	1530	0	0.0	311	20.3	311	20.3
GLRA2	ENST00000218075	9	0		2	7,9	6	2,4,5,6,7,9	1539	0	0.0	534	34.7	1193	77.5
GLRB	ENST00000264428	9	0		0		1	10	1674	0	0.0	0	0.0	317	18.9
GLRX3	ENST00000331244	11	0		0		4	1,2,5,11	1228	0	0.0	0	0.0	505	41.1
GLRX5	ENST00000331334	2	1	1	1	1	1	1	514	315	61.3	315	61.3	315	61.3
GLS	ENST00000320717	18	1	1	1	1	8	1,2,3,12,13,16,17,18	2370	406	17.1	406	17.1	1372	57.9
GLT8D1	ENST00000266014	9	1	5	1	5	1	5	1296	138	10.6	138	10.6	138	10.6
GLUD1	ENST00000277865	13	0		0		1	1	1937	0	0.0	0	0.0	465	24.0
GLUD2	ENST00000328078	1	0		1	1	1	1	1697	0	0.0	1697	100.0	1697	100.0
GLUL	ENST00000331872	6	0		0		0		1242	0	0.0	0	0.0	0	0.0
GLYCTK	ENST00000436784	4	0		0		0		1652	0	0.0	0	0.0	0	0.0
GM2A	ENST00000357164	4	0		0		0		662	0	0.0	0	0.0	0	0.0
GMNN	ENST00000230056	6	0		0		2	4,6	750	0	0.0	0	0.0	296	39.5
GMPPA	ENST00000313597	12	0		2	11,12	2	11,12	1503	0	0.0	302	20.1	302	20.1
GMPPB	ENST00000308388	9	0		0		0		1263	0	0.0	0	0.0	0	0.0
GNA11	ENST00000078429	7	0		1	1	1	1	1220	0	0.0	156	12.8	156	12.8
GNA12	ENST00000275364	4	1	1	1	1	1	1	1226	329	26.8	329	26.8	329	26.8
GNAI1	ENST00000649796	8	0		1	8	3	4,7,8	1225	0	0.0	211	17.2	563	46.0
GNAI2	ENST00000313601	8	0		1	1	1	1	1228	0	0.0	138	11.2	138	11.2
GNAI3	ENST00000369851	8	0		0		3	3,4,8	1225	0	0.0	0	0.0	551	45.0
GNAL	ENST00000334049	12	1	1	1	1	1	1	1617	396	24.5	396	24.5	396	24.5
GNAL	ENST00000423027	12	0		0		0		1386	0	0.0	0	0.0	0	0.0
GNAO1	ENST00000262493	8	0		0		0		1225	0	0.0	0	0.0	0	0.0
GNAQ	ENST00000286548	7	1	3	1	3	4	2,3,6,7	1220	175	14.3	175	14.3	765	62.7
GNAS	ENST00000371075	1	0		0		0		758	0	0.0	0	0.0	0	0.0
GNAS	ENST00000371085	13	0		1	1	1	1	1445	0	0.0	159	11.0	159	11.0
GNAS	ENST00000371100	13	0		0		0		3374	0	0.0	0	0.0	0	0.0
GNAT1	ENST00000232461	8	0		0		0		1213	0	0.0	0	0.0	0	0.0
GNAT2	ENST00000679935	8	0		0		0		1225	0	0.0	0	0.0	0	0.0
GNB1	ENST00000378609	9	0		0		0		1203	0	0.0	0	0.0	0	0.0
GNB2	ENST00000303210	9	0		0		0		1203	0	0.0	0	0.0	0	0.0
GNB3	ENST00000229264	9	0		0		1	9	1203	0	0.0	0	0.0	237	19.7
GNB4	ENST00000232564	9	0		0		1	6	1203	0	0.0	0	0.0	183	15.2
GNB5	ENST00000261837	12	0		0		1	12	1428	0	0.0	0	0.0	187	13.1
GNE	ENST00000396594	12	0		1	2	1	2	2502	0	0.0	226	9.0	226	9.0
GNE	ENST00000642385	11	0		0		0		2389	0	0.0	0	0.0	0	0.0
GNMT	ENST00000372808	6	0		0		0		1008	0	0.0	0	0.0	0	0.0
GNPAT	ENST00000366647	16	0		0		0		2363	0	0.0	0	0.0	0	0.0
GNPNAT1	ENST00000216410	5	0		0		2	2,6	655	0	0.0	0	0.0	342	52.2
GNPTAB	ENST00000299314	21	0		0		1	19	4191	0	0.0	0	0.0	188	4.5
GNPTG	ENST00000204679	11	1	1	1	1	1	1	1138	72	6.3	72	6.3	72	6.3
GNRH1	ENST00000421054	3	0		0		0		339	0	0.0	0	0.0	0	0.0
GNRHR	ENST00000226413	3	0		0		0		1047	0	0.0	0	0.0	0	0.0
GNS	ENST00000258145	14	0		0		1	1	1939	0	0.0	0	0.0	212	10.9
GOLGA2	ENST00000611957	27	0		0		2	21,22	3630	0	0.0	0	0.0	232	6.4
GOLGA3	ENST00000450791	23	0		0		3	3,13,24	4957	0	0.0	0	0.0	787	15.9
GOLGA7B	ENST00000370602	5	0		0		0		604	0	0.0	0	0.0	0	0.0
GON4L	ENST00000368331	31	0		0		4	22,23,24,29	7346	0	0.0	0	0.0	927	12.6
GON7	ENST00000306954	2	0		0		2	1,2	343	0	0.0	0	0.0	343	100.0
GORAB	ENST00000367763	5	0		0		0		1210	0	0.0	0	0.0	0	0.0
GOSR2	ENST00000640051	6	0		0		0		759	0	0.0	0	0.0	0	0.0
GOT1	ENST00000370508	9	0		0		2	2,7	1422	0	0.0	0	0.0	388	27.3
GOT2	ENST00000245206	10	0		0		1	1	1493	0	0.0	0	0.0	109	7.3
GP1BA	ENST00000329125	1	0		0		0		1979	0	0.0	0	0.0	0	0.0
GP1BB	ENST00000366425	2	1	2	1	2	1	2	661	631	95.5	631	95.5	631	95.5
GP5	ENST00000692618	1	0		1	2	1	2	1703	0	0.0	1703	100.0	1703	100.0
GP6	ENST00000417454	8	7	1,2,3,4,6,7,8	8	1,2,3,4,5,6,7,8	8	1,2,3,4,5,6,7,8	1180	1106	93.7	1180	100.0	1180	100.0
GP9	ENST00000307395	1	0		0		0		554	0	0.0	0	0.0	0	0.0
GPAA1	ENST00000355091	12	0		1	9	2	1,9	2106	0	0.0	116	5.5	210	10.0
GPATCH11	ENST00000674370	8	0		0		1	8	952	0	0.0	0	0.0	102	10.7
GPATCH2L	ENST00000261530	9	0		0		3	4,5,9	1629	0	0.0	0	0.0	412	25.3
GPATCH3	ENST00000361720	7	0		0		1	1	1718	0	0.0	0	0.0	471	27.4
GPC3	ENST00000370818	8	0		0		1	6	1903	0	0.0	0	0.0	141	7.4
GPC4	ENST00000370828	9	1	9	2	3,9	7	2,3,4,5,6,8,9	1851	223	12.0	635	34.3	1514	81.8
GPC6	ENST00000377047	9	0		1	3	1	3	1848	0	0.0	412	22.3	412	22.3
GPD1	ENST00000301149	8	0		0		1	5	1210	0	0.0	0	0.0	133	11.0
GPD1L	ENST00000282541	8	0		0		0		1216	0	0.0	0	0.0	0	0.0
GPD2	ENST00000438166	16	0		0		0		2504	0	0.0	0	0.0	0	0.0
GPHN	ENST00000478722	23	0		0		0		2770	0	0.0	0	0.0	0	0.0
GPI	ENST00000356487	18	0		2	1,4	3	1,2,4	2037	0	0.0	282	13.8	393	19.3
GPIHBP1	ENST00000622500	4	0		0		0		635	0	0.0	0	0.0	0	0.0
GPKOW	ENST00000156109	11	0		1	5	3	1,3,5	1651	0	0.0	234	14.2	575	34.8
GPM6A	ENST00000393658	7	0		0		2	2,3	977	0	0.0	0	0.0	390	39.9
GPN2	ENST00000374135	5	0		0		0		1033	0	0.0	0	0.0	0	0.0
GPNMB	ENST00000258733	11	1	5	1	5	4	2,5,6,11	1903	179	9.4	179	9.4	870	45.7
GPR101	ENST00000651716	1	0		0		1	2	1547	0	0.0	0	0.0	1547	100.0
GPR143	ENST00000467482	9	1	1	1	1	1	1	1395	270	19.4	270	19.4	270	19.4
GPR156	ENST00000464295	9	0		0		0		2625	0	0.0	0	0.0	0	0.0
GPR161	ENST00000682931	5	1	3	1	3	3	2,3,4	1690	745	44.1	745	44.1	1264	74.8
GPR179	ENST00000616987	11	4	3,6,7,10	7	1,3,6,7,8,10,11	10	1,2,3,4,5,6,7,8,10,11	7324	664	9.1	6724	91.8	7198	98.3
GPR37L1	ENST00000367282	2	0		0		0		1486	0	0.0	0	0.0	0	0.0
GPR45	ENST00000258456	1	0		0		0		1139	0	0.0	0	0.0	0	0.0
GPR68	ENST00000650645	1	0		1	2	1	2	1118	0	0.0	1118	100.0	1118	100.0
GPR88	ENST00000315033	1	0		1	2	1	2	1175	0	0.0	1175	100.0	1175	100.0
GPRASP1	ENST00000537097	1	0		0		1	6	4208	0	0.0	0	0.0	4208	100.0
GPRASP2	ENST00000483720	1	0		0		1	5	2537	0	0.0	0	0.0	2537	100.0
GPRC5B	ENST00000300571	3	0		0		0		1272	0	0.0	0	0.0	0	0.0
GPSM2	ENST00000264126	14	0		0		1	8	2335	0	0.0	0	0.0	176	7.5
GPT2	ENST00000340124	11	1	2	1	2	1	2	1792	263	14.7	263	14.7	263	14.7
GPX1	ENST00000419783	2	0		0		1	1	652	0	0.0	0	0.0	272	41.7
GPX4	ENST00000354171	7	0		0		1	1	734	0	0.0	0	0.0	104	14.2
GRAMD1B	ENST00000635736	20	1	2	1	2	3	1,2,11	3034	98	3.2	98	3.2	702	23.1
GRAMD1C	ENST00000358160	18	1	1	2	1,4	7	1,2,3,4,9,12,14	2349	47	2.0	171	7.3	986	42.0
GRAMD4	ENST00000406902	18	0		0		0		2097	0	0.0	0	0.0	0	0.0
GRAP	ENST00000284154	5	0		1	5	1	5	754	0	0.0	206	27.3	206	27.3
GRB10	ENST00000401949	16	0		0		0		2105	0	0.0	0	0.0	0	0.0
GRB14	ENST00000263915	14	3	1,3,8	3	1,3,8	8	1,2,3,4,6,8,10,14	1903	504	26.5	504	26.5	1261	66.3
GRB2	ENST00000316804	5	0		0		1	6	754	0	0.0	0	0.0	206	27.3
GREB1L	ENST00000424526	31	0		0		11	4,6,10,11,12,15,16,17,19,29,33	6392	0	0.0	0	0.0	2550	39.9
GREM1	ENST00000651154	1	1	2	1	2	1	2	575	575	100.0	575	100.0	575	100.0
GREM2	ENST00000318160	1	0		1	2	1	2	527	0	0.0	527	100.0	527	100.0
GRHL2	ENST00000646743	16	0		0		0		2198	0	0.0	0	0.0	0	0.0
GRHL3	ENST00000361548	16	0		0		1	9	2129	0	0.0	0	0.0	179	8.4
GRHPR	ENST00000318158	9	0		0		0		1167	0	0.0	0	0.0	0	0.0
GRIA1	ENST00000285900	16	0		0		3	4,6,11	3041	0	0.0	0	0.0	778	25.6
GRIA2	ENST00000264426	15	0		2	4,11	10	4,5,6,7,8,10,11,13,14,15	2952	0	0.0	608	20.6	2073	70.2
GRIA3	ENST00000620443	15	0		0		0		2985	0	0.0	0	0.0	0	0.0
GRIA3	ENST00000622768	15	1	11	3	7,11,12	3	7,11,12	2985	397	13.3	804	26.9	804	26.9
GRIA4	ENST00000282499	16	1	3	2	3,12	9	3,4,5,7,8,9,11,12,14	3029	179	5.9	570	18.8	2022	66.8
GRID2	ENST00000282020	16	0		1	13	8	2,3,6,11,12,13,14,16	3344	0	0.0	216	6.5	2013	60.2
GRIK1	ENST00000327783	18	0		0		5	6,11,13,16,18	3210	0	0.0	0	0.0	1004	31.3
GRIK2	ENST00000369134	16	0		1	3	11	3,4,5,7,8,9,12,13,14,16,17	3047	0	0.0	188	6.2	2231	73.2
GRIK4	ENST00000527524	19	1	10	2	10,16	3	10,16,18	3251	173	5.3	367	11.3	613	18.9
GRIN1	ENST00000371561	20	0		0		0		3217	0	0.0	0	0.0	0	0.0
GRIN2A	ENST00000330684	12	0		0		0		4635	0	0.0	0	0.0	0	0.0
GRIN2B	ENST00000609686	12	0		0		0		4695	0	0.0	0	0.0	0	0.0
GRIN2C	ENST00000293190	12	1	13	3	2,3,13	3	2,3,13	3942	1139	28.9	2177	55.2	2177	55.2
GRIN2D	ENST00000263269	12	2	3,14	2	3,14	2	3,14	4251	1843	43.4	1843	43.4	1843	43.4
GRINA	ENST00000395068	6	0		1	2	1	2	1236	0	0.0	399	32.3	399	32.3
GRIP1	ENST00000359742	25	0		0		2	6,19	3887	0	0.0	0	0.0	311	8.0
GRIPAP1	ENST00000376423	26	1	1	2	1,7	5	1,6,7,23,25	3046	62	2.0	267	8.8	756	24.8
GRK1	ENST00000335678	7	1	7	2	1,7	4	1,5,6,7	1832	316	17.2	1035	56.5	1402	76.5
GRK2	ENST00000308595	21	1	1	1	1	1	1	2490	133	5.3	133	5.3	133	5.3
GRM1	ENST00000282753	8	0		0		1	8	3745	0	0.0	0	0.0	945	25.2
GRM3	ENST00000361669	5	0		1	2	2	2,3	2740	0	0.0	488	17.8	1364	49.8
GRM4	ENST00000538487	10	0		0		1	2	2939	0	0.0	0	0.0	539	18.3
GRM5	ENST00000305447	9	0		2	6,10	4	2,6,8,10	3819	0	0.0	1122	29.4	2763	72.3
GRM6	ENST00000517717	10	1	2	1	2	1	2	2834	524	18.5	524	18.5	524	18.5
GRM7	ENST00000357716	10	0		0		2	4,8	2948	0	0.0	0	0.0	1131	38.4
GRM8	ENST00000339582	10	0		0		5	2,5,8,9,10	2927	0	0.0	0	0.0	2085	71.2
GRN	ENST00000053867	12	0		0		0		2022	0	0.0	0	0.0	0	0.0
GRWD1	ENST00000253237	7	0		1	7	2	6,7	1481	0	0.0	338	22.8	556	37.5
GRXCR1	ENST00000399770	4	0		0		0		953	0	0.0	0	0.0	0	0.0
GRXCR2	ENST00000377976	3	0		0		1	1	807	0	0.0	0	0.0	356	44.1
GSC	ENST00000238558	3	0		1	1	1	1	834	0	0.0	375	45.0	375	45.0
GSDME	ENST00000645220	9	0		0		0		1671	0	0.0	0	0.0	0	0.0
GSK3B	ENST00000264235	11	1	8	4	2,6,8,9	5	2,4,6,8,9	1483	116	7.8	664	44.8	795	53.6
GSN	ENST00000432226	16	0		0		0		2516	0	0.0	0	0.0	0	0.0
GSPT2	ENST00000340438	1	0		0		0		1907	0	0.0	0	0.0	0	0.0
GSR	ENST00000221130	13	1	1	1	1	1	1	1829	326	17.8	326	17.8	326	17.8
GSS	ENST00000651619	12	0		0		0		1665	0	0.0	0	0.0	0	0.0
GSTCD	ENST00000515279	11	0		2	2,3	4	2,3,4,8	2122	0	0.0	934	44.0	1355	63.9
GSTM1	ENST00000309851	8	8	1,2,3,4,5,6,7,8	8	1,2,3,4,5,6,7,8	8	1,2,3,4,5,6,7,8	817	817	100.0	817	100.0	817	100.0
GSTM3	ENST00000361066	8	0		0		0		838	0	0.0	0	0.0	0	0.0
GSTP1	ENST00000398606	7	0		1	5	1	5	773	0	0.0	124	16.0	124	16.0
GSTZ1	ENST00000216465	9	0		1	1	1	1	831	0	0.0	35	4.2	35	4.2
GSX2	ENST00000326902	2	0		1	1	1	1	955	0	0.0	594	62.2	594	62.2
GTF2A2	ENST00000396060	4	1	3	1	3	2	3,4	410	125	30.5	125	30.5	272	66.3
GTF2E2	ENST00000355904	7	0		0		2	4,5	1016	0	0.0	0	0.0	331	32.6
GTF2H5	ENST00000607778	2	0		0		0		256	0	0.0	0	0.0	0	0.0
GTF2I	ENST00000573035	33	2	28,30	2	28,30	6	4,5,13,15,28,30	3657	305	8.3	305	8.3	999	27.3
GTF2IRD1	ENST00000424337	26	0		4	2,4,5,6	5	2,4,5,6,24	3355	0	0.0	854	25.5	1067	31.8
GTF2IRD2	ENST00000451013	15	0		0		1	4	3150	0	0.0	0	0.0	140	4.4
GTF3A	ENST00000381140	9	0		0		1	1	1278	0	0.0	0	0.0	221	17.3
GTF3C3	ENST00000263956	18	2	7,8	2	7,8	10	3,5,6,7,8,11,12,13,14,16	3021	261	8.6	261	8.6	1780	58.9
GTF3C5	ENST00000372097	11	1	5	1	5	1	5	1780	125	7.0	125	7.0	125	7.0
GTPBP1	ENST00000216044	12	1	1	3	1,9,11	3	1,9,11	2250	212	9.4	589	26.2	589	26.2
GTPBP2	ENST00000307126	12	0		1	1	1	1	2049	0	0.0	206	10.1	206	10.1
GTPBP3	ENST00000324894	9	0		0		2	1,9	1659	0	0.0	0	0.0	319	19.2
GUCA1A	ENST00000372958	4	0		0		0		686	0	0.0	0	0.0	0	0.0
GUCA1B	ENST00000230361	4	0		0		0		683	0	0.0	0	0.0	0	0.0
GUCY1A1	ENST00000506455	8	0		0		5	6,7,8,9,10	2233	0	0.0	0	0.0	1797	80.5
GUCY2C	ENST00000261170	27	2	3,16	2	3,16	7	3,7,8,10,15,16,22	3762	192	5.1	192	5.1	956	25.4
GUCY2D	ENST00000254854	18	0		0		1	2	3672	0	0.0	0	0.0	741	20.2
GUF1	ENST00000281543	17	0		1	1	6	1,8,9,10,11,12	2350	0	0.0	185	7.9	1030	43.8
GUK1	ENST00000453943	8	0		0		0		817	0	0.0	0	0.0	0	0.0
GUSB	ENST00000304895	12	0		0		1	1	2196	0	0.0	0	0.0	230	10.5
GYG1	ENST00000345003	8	0		0		0		1213	0	0.0	0	0.0	0	0.0
GYG2	ENST00000398806	10	0		0		5	2,4,5,7,11	1613	0	0.0	0	0.0	830	51.5
GYPA	ENST00000641688	7	0		1	2	1	2	593	0	0.0	119	20.1	119	20.1
GYPB	ENST00000502664	5	0		0		1	4	376	0	0.0	0	0.0	115	30.6
GYPC	ENST00000259254	4	0		0		0		467	0	0.0	0	0.0	0	0.0
GYS1	ENST00000323798	16	0		0		0		2534	0	0.0	0	0.0	0	0.0
GYS2	ENST00000261195	16	0		0		0		2432	0	0.0	0	0.0	0	0.0
GZF1	ENST00000338121	5	0		0		2	2,4	2236	0	0.0	0	0.0	1572	70.3
GZMB	ENST00000216341	5	0		0		1	4	844	0	0.0	0	0.0	281	33.3
H1-4	ENST00000304218	1	0		0		1	1	680	0	0.0	0	0.0	680	100.0
H2AC6	ENST00000377791	1	0		0		0		413	0	0.0	0	0.0	0	0.0
H3-3A	ENST00000366815	3	0		0		1	3	471	0	0.0	0	0.0	174	36.9
H3-3B	ENST00000254810	3	1	4	1	4	2	2,4	471	149	31.6	149	31.6	297	63.1
H3-4	ENST00000366696	1	0		0		0		431	0	0.0	0	0.0	0	0.0
H4C11	ENST00000355057	1	0		0		1	1	332	0	0.0	0	0.0	332	100.0
H4C2	ENST00000377745	1	0		0		1	1	332	0	0.0	0	0.0	332	100.0
H4C3	ENST00000377803	1	0		0		1	1	332	0	0.0	0	0.0	332	100.0
H4C4	ENST00000614247	1	0		1	1	1	1	332	0	0.0	332	100.0	332	100.0
H4C5	ENST00000615164	1	0		1	1	1	1	332	0	0.0	332	100.0	332	100.0
H4C6	ENST00000244537	1	0		0		1	1	332	0	0.0	0	0.0	332	100.0
H4C9	ENST00000615353	1	0		0		1	1	332	0	0.0	0	0.0	332	100.0
H6PD	ENST00000377403	4	0		0		0		2456	0	0.0	0	0.0	0	0.0
HAAO	ENST00000294973	10	2	7,8	3	1,7,8	3	1,7,8	1061	255	24.0	355	33.5	355	33.5
HABP2	ENST00000351270	13	0		0		2	3,7	1943	0	0.0	0	0.0	329	16.9
HACD1	ENST00000361271	7	0		3	1,2,6	3	1,2,6	1007	0	0.0	614	61.0	614	61.0
HACD3	ENST00000261875	11	1	2	1	2	1	2	1309	63	4.8	63	4.8	63	4.8
HACE1	ENST00000262903	24	0		0		0		3210	0	0.0	0	0.0	0	0.0
HADH	ENST00000309522	8	0		0		0		1105	0	0.0	0	0.0	0	0.0
HADHA	ENST00000380649	20	0		0		0		2692	0	0.0	0	0.0	0	0.0
HADHB	ENST00000317799	15	0		0		1	4	1725	0	0.0	0	0.0	120	7.0
HAGH	ENST00000397356	9	1	1	1	1	1	1	1107	96	8.7	96	8.7	96	8.7
HAL	ENST00000261208	20	0		0		0		2374	0	0.0	0	0.0	0	0.0
HAMP	ENST00000222304	3	0		0		0		315	0	0.0	0	0.0	0	0.0
HAND1	ENST00000231121	2	0		0		0		688	0	0.0	0	0.0	0	0.0
HAND2	ENST00000359562	2	0		1	1	1	1	694	0	0.0	575	82.9	575	82.9
HAP1	ENST00000347901	11	0		1	11	1	11	2080	0	0.0	474	22.8	474	22.8
HARS1	ENST00000504156	13	0		1	3	1	3	1790	0	0.0	140	7.8	140	7.8
HARS2	ENST00000230771	13	0		0		0		1781	0	0.0	0	0.0	0	0.0
HAS2	ENST00000303924	3	0		0		2	2,4	1719	0	0.0	0	0.0	1597	92.9
HAVCR2	ENST00000307851	7	0		0		1	3	1046	0	0.0	0	0.0	104	9.9
HAX1	ENST00000328703	7	0		0		0		980	0	0.0	0	0.0	0	0.0
HBA1	ENST00000320868	3	0		0		0		489	0	0.0	0	0.0	0	0.0
HBA2	ENST00000251595	3	0		0		0		489	0	0.0	0	0.0	0	0.0
HBB	ENST00000335295	3	0		0		0		504	0	0.0	0	0.0	0	0.0
HBD	ENST00000650601	3	0		0		0		504	0	0.0	0	0.0	0	0.0
HBEGF	ENST00000230990	5	0		0		0		727	0	0.0	0	0.0	0	0.0
HBG1	ENST00000330597	3	0		0		1	2	504	0	0.0	0	0.0	243	48.2
HBG2	ENST00000336906	3	0		0		0		504	0	0.0	0	0.0	0	0.0
HBM	ENST00000356815	3	0		0		0		486	0	0.0	0	0.0	0	0.0
HBS1L	ENST00000367837	18	0		0		3	7,15,17	2415	0	0.0	0	0.0	480	19.9
HCCS	ENST00000380762	6	0		0		0		927	0	0.0	0	0.0	0	0.0
HCFC1	ENST00000310441	26	1	24	6	3,8,10,19,20,24	10	1,3,8,10,16,17,19,20,23,24	6628	321	4.8	1903	28.7	4060	61.3
HCFC2	ENST00000229330	15	1	4	3	4,14,15	9	2,3,4,5,6,7,13,14,15	2679	229	8.5	770	28.7	1719	64.2
HCK	ENST00000375852	13	0		1	1	3	1,7,11	1841	0	0.0	82	4.5	426	23.1
HCN1	ENST00000303230	8	1	1	1	1	1	1	2833	445	15.7	445	15.7	445	15.7
HCN2	ENST00000251287	8	2	1,8	3	1,3,8	3	1,3,8	2830	1352	47.8	1534	54.2	1534	54.2
HCN4	ENST00000261917	8	1	1	1	1	2	1,8	3772	805	21.3	805	21.3	2294	60.8
HCRT	ENST00000293330	2	0		1	2	1	2	436	0	0.0	395	90.6	395	90.6
HDAC1	ENST00000373548	14	0		0		1	12	1729	0	0.0	0	0.0	173	10.0
HDAC11	ENST00000295757	10	1	1	2	1,4	2	1,4	1244	22	1.8	159	12.8	159	12.8
HDAC2	ENST00000519065	14	0		0		4	2,5,6,9	1747	0	0.0	0	0.0	615	35.2
HDAC3	ENST00000305264	15	0		0		1	1	1587	0	0.0	0	0.0	75	4.7
HDAC4	ENST00000543185	26	0		0		0		3790	0	0.0	0	0.0	0	0.0
HDAC6	ENST00000334136	28	1	23	1	23	4	20,23,24,25	4208	170	4.0	170	4.0	1216	28.9
HDAC8	ENST00000373573	11	0		1	5	7	1,4,5,6,7,8,9	1354	0	0.0	133	9.8	961	71.0
HDAC9	ENST00000686413	25	0		2	16,18	8	4,9,10,12,16,18,20,21	3710	0	0.0	146	3.9	1236	33.3
HDC	ENST00000267845	12	0		0		0		2229	0	0.0	0	0.0	0	0.0
HEATR3	ENST00000299192	15	1	2	1	2	7	2,5,7,8,11,14,15	2343	193	8.2	193	8.2	1229	52.5
HEATR5B	ENST00000233099	35	1	22	3	3,22,27	16	3,6,12,15,16,18,19,21,22,23,27,30,31,32,34,36	6916	165	2.4	597	8.6	3280	47.4
HECTD1	ENST00000399332	42	0		3	14,33,38	15	5,6,7,11,13,14,22,23,25,26,30,33,34,38,41	8673	0	0.0	1140	13.1	4382	50.5
HECTD4	ENST00000682272	76	6	1,2,33,41,53,74	10	1,2,21,33,41,46,53,59,72,74	26	1,2,5,6,7,9,12,16,17,21,24,25,26,33,34,36,37,41,43,46,51,53,59,72,74,75	14777	1479	10.0	2348	15.9	5506	37.3
HECW1	ENST00000395891	28	0		0		3	8,11,13	5381	0	0.0	0	0.0	1734	32.2
HECW2	ENST00000644978	28	0		2	9,22	4	2,6,9,22	5279	0	0.0	1546	29.3	2048	38.8
HELB	ENST00000247815	13	0		2	2,7	7	2,3,4,6,7,10,12	3524	0	0.0	615	17.5	2651	75.2
HELLS	ENST00000348459	22	0		1	11	8	4,8,9,10,11,15,19,20	2957	0	0.0	217	7.3	1365	46.2
HELQ	ENST00000295488	18	0		0		6	1,2,3,12,13,17	3666	0	0.0	0	0.0	1827	49.8
HELZ	ENST00000358691	30	1	30	4	12,13,30,33	12	12,13,14,15,18,22,23,26,29,30,31,33	6429	255	4.0	1216	18.9	3712	57.7
HEPACAM	ENST00000298251	7	0		1	7	1	7	1391	0	0.0	323	23.2	323	23.2
HEPH	ENST00000343002	20	2	8,20	6	2,3,7,8,18,20	19	2,3,4,5,6,7,8,9,10,11,13,14,15,16,17,18,19,20,21	3877	222	5.7	1023	26.4	3644	94.0
HEPHL1	ENST00000315765	20	1	17	3	3,12,17	11	2,3,4,5,6,7,10,11,12,16,17	3880	160	4.1	627	16.2	2363	60.9
HERC1	ENST00000443617	77	0		5	5,7,19,29,56	32	2,4,5,7,8,10,17,19,20,22,23,29,30,32,33,34,36,37,38,39,40,44,56,58,60,61,64,65,66,69,72,76	16126	0	0.0	1168	7.2	8061	50.0
HERC2	ENST00000261609	92	8	12,14,65,66,80,81,90,93	33	3,5,9,10,11,12,14,15,16,17,21,22,23,53,55,56,61,63,65,66,67,69,70,72,76,79,80,81,84,85,88,90,93	61	2,3,4,5,6,7,8,9,10,11,12,13,14,15,16,17,18,19,21,22,23,24,30,46,52,53,54,55,56,57,58,59,61,63,64,65,66,67,68,69,70,71,72,73,74,75,76,77,78,79,80,81,82,83,84,85,88,89,90,92,93	16345	1628	10.0	6595	40.3	11133	68.1
HES1	ENST00000232424	4	1	4	1	4	2	2,4	923	571	61.9	571	61.9	687	74.4
HES4	ENST00000304952	4	1	4	2	1,4	2	1,4	746	394	52.8	522	70.0	522	70.0
HES7	ENST00000541682	4	1	4	1	4	1	4	773	487	63.0	487	63.0	487	63.0
HESX1	ENST00000295934	4	0		0		0		638	0	0.0	0	0.0	0	0.0
HEXA	ENST00000268097	14	0		0		0		1870	0	0.0	0	0.0	0	0.0
HEXB	ENST00000261416	14	0		0		1	1	1951	0	0.0	0	0.0	319	16.4
HEY2	ENST00000368364	5	0		0		0		1114	0	0.0	0	0.0	0	0.0
HFE	ENST00000357618	6	0		0		0		1167	0	0.0	0	0.0	0	0.0
HFM1	ENST00000370425	38	0		3	4,5,16	12	4,5,8,9,11,16,18,26,28,30,32,39	5068	0	0.0	776	15.3	2111	41.7
HGD	ENST00000283871	14	0		0		0		1618	0	0.0	0	0.0	0	0.0
HGF	ENST00000222390	18	0		0		0		2547	0	0.0	0	0.0	0	0.0
HGSNAT	ENST00000379644	18	1	1	1	1	4	1,10,13,18	2268	138	6.1	138	6.1	668	29.5
HHAT	ENST00000261458	11	0		0		1	5	1702	0	0.0	0	0.0	215	12.6
HHIP	ENST00000296575	13	0		2	1,4	7	1,2,3,4,5,8,13	2363	0	0.0	521	22.0	1439	60.9
HHIPL1	ENST00000330710	9	2	1,9	3	1,4,9	4	1,3,4,9	2529	831	32.9	1180	46.7	1344	53.1
HIBADH	ENST00000265395	8	0		0		4	1,2,5,7	1171	0	0.0	0	0.0	623	53.2
HIBCH	ENST00000359678	14	0		0		0		1441	0	0.0	0	0.0	0	0.0
HID1	ENST00000425042	19	0		1	14	2	7,14	2747	0	0.0	248	9.0	491	17.9
HIKESHI	ENST00000278483	5	0		0		1	3	694	0	0.0	0	0.0	172	24.8
HINT1	ENST00000304043	3	0		0		1	3	441	0	0.0	0	0.0	185	42.0
HINT3	ENST00000229633	5	0		0		0		649	0	0.0	0	0.0	0	0.0
HIP1	ENST00000336926	31	0		0		2	13,14	3734	0	0.0	0	0.0	297	8.0
HIPK4	ENST00000291823	4	0		1	1	1	1	1931	0	0.0	485	25.1	485	25.1
HIRA	ENST00000263208	25	1	13	1	13	4	8,13,24,25	3554	106	3.0	106	3.0	540	15.2
HIVEP1	ENST00000379388	8	0		0		3	6,8,9	8317	0	0.0	0	0.0	1906	22.9
HIVEP2	ENST00000367603	6	0		1	9	3	7,9,10	7461	0	0.0	916	12.3	1957	26.2
HJV	ENST00000336751	3	0		1	4	1	4	1341	0	0.0	644	48.0	644	48.0
HK1	ENST00000359426	18	0		0		0		3114	0	0.0	0	0.0	0	0.0
HK1	ENST00000643399	19	0		0		0		3146	0	0.0	0	0.0	0	0.0
HKDC1	ENST00000354624	18	1	14	3	7,10,14	4	7,10,14,15	3114	120	3.9	649	20.8	853	27.4
HLA-A	ENST00000376809	8	8	1,2,3,4,5,6,7,8	8	1,2,3,4,5,6,7,8	8	1,2,3,4,5,6,7,8	1258	1258	100.0	1258	100.0	1258	100.0
HLA-B	ENST00000412585	7	7	1,2,3,4,5,6,7	7	1,2,3,4,5,6,7	7	1,2,3,4,5,6,7	1229	1229	100.0	1229	100.0	1229	100.0
HLA-C	ENST00000376228	8	8	1,2,3,4,5,6,7,8	8	1,2,3,4,5,6,7,8	8	1,2,3,4,5,6,7,8	1261	1261	100.0	1261	100.0	1261	100.0
HLA-DPB1	ENST00000418931	5	5	1,2,3,4,5	5	1,2,3,4,5	5	1,2,3,4,5	877	877	100.0	877	100.0	877	100.0
HLA-DQA1	ENST00000343139	4	4	1,2,3,4	4	1,2,3,4	4	1,2,3,4	848	848	100.0	848	100.0	848	100.0
HLA-DQB1	ENST00000434651	5	5	1,2,3,4,5	5	1,2,3,4,5	5	1,2,3,4,5	886	886	100.0	886	100.0	886	100.0
HLA-DRB1	ENST00000360004	6	6	1,2,3,4,5,6	6	1,2,3,4,5,6	6	1,2,3,4,5,6	921	921	100.0	921	100.0	921	100.0
HLA-G	ENST00000360323	6	6	1,2,3,4,5,6	6	1,2,3,4,5,6	6	1,2,3,4,5,6	1137	1137	100.0	1137	100.0	1137	100.0
HLCS	ENST00000674895	11	1	1	1	1	1	1	2842	215	7.6	215	7.6	215	7.6
HMBS	ENST00000652429	14	0		0		0		1366	0	0.0	0	0.0	0	0.0
HMCN1	ENST00000271588	107	1	82	1	82	3	12,82,97	19048	211	1.1	211	1.1	631	3.3
HMGA1	ENST00000311487	4	0		0		0		404	0	0.0	0	0.0	0	0.0
HMGA2	ENST00000403681	5	0		0		0		430	0	0.0	0	0.0	0	0.0
HMGB1	ENST00000341423	4	0		0		0		728	0	0.0	0	0.0	0	0.0
HMGB3	ENST00000325307	4	0		0		4	2,3,4,5	683	0	0.0	0	0.0	683	100.0
HMGB4	ENST00000681531	1	0		0		1	1	581	0	0.0	0	0.0	581	100.0
HMGCL	ENST00000374490	9	0		0		0		1158	0	0.0	0	0.0	0	0.0
HMGCR	ENST00000287936	19	0		0		7	3,4,9,11,12,16,18	3047	0	0.0	0	0.0	1205	39.5
HMGCS1	ENST00000325110	9	0		0		5	3,4,5,6,7	1743	0	0.0	0	0.0	1176	67.5
HMGCS2	ENST00000369406	9	0		0		0		1707	0	0.0	0	0.0	0	0.0
HMGXB3	ENST00000502717	19	0		1	3	9	2,3,4,6,7,8,12,13,15	4259	0	0.0	195	4.6	2332	54.8
HMMR	ENST00000393915	18	0		0		5	9,11,13,15,16	2538	0	0.0	0	0.0	918	36.2
HMOX1	ENST00000216117	5	0		0		0		967	0	0.0	0	0.0	0	0.0
HMX1	ENST00000400677	2	2	1,2	2	1,2	2	1,2	1087	1087	100.0	1087	100.0	1087	100.0
HNF1A	ENST00000257555	10	0		0		0		2096	0	0.0	0	0.0	0	0.0
HNF1B	ENST00000617811	9	0		0		1	4	1854	0	0.0	0	0.0	256	13.8
HNF4A	ENST00000316673	10	0		0		0		1559	0	0.0	0	0.0	0	0.0
HNMT	ENST00000280097	6	0		2	5,6	3	4,5,6	999	0	0.0	490	49.0	641	64.2
HNRNPA0	ENST00000314940	1	0		0		1	1	938	0	0.0	0	0.0	938	100.0
HNRNPA1	ENST00000340913	10	0		0		1	3	1319	0	0.0	0	0.0	167	12.7
HNRNPA2B1	ENST00000618183	10	0		0		0		1226	0	0.0	0	0.0	0	0.0
HNRNPAB	ENST00000358344	7	1	2	1	2	2	2,3	1139	229	20.1	229	20.1	418	36.7
HNRNPC	ENST00000553300	7	0		0		3	3,6,8	1022	0	0.0	0	0.0	620	60.7
HNRNPD	ENST00000313899	8	1	4	1	4	4	3,4,5,7	1228	182	14.8	182	14.8	690	56.2
HNRNPDL	ENST00000295470	7	1	1	2	1,2	3	1,2,6	1403	463	33.0	652	46.5	843	60.1
HNRNPH1	ENST00000393432	12	0		0		0		1590	0	0.0	0	0.0	0	0.0
HNRNPH2	ENST00000316594	1	0		0		1	2	1370	0	0.0	0	0.0	1370	100.0
HNRNPK	ENST00000376263	15	0		0		2	10,11	1695	0	0.0	0	0.0	477	28.1
HNRNPL	ENST00000221419	13	1	1	2	1,8	2	1,8	2030	287	14.1	588	29.0	588	29.0
HNRNPR	ENST00000302271	10	1	4	1	4	5	2,4,8,9,11	2102	128	6.1	128	6.1	1334	63.5
HNRNPU	ENST00000640218	14	0		1	9	6	1,7,9,10,11,12	2758	0	0.0	149	5.4	1813	65.7
HNRNPUL2	ENST00000301785	14	1	11	2	1,11	2	1,11	2524	221	8.8	779	30.9	779	30.9
HOGA1	ENST00000370646	7	0		0		0		1124	0	0.0	0	0.0	0	0.0
HOMER2	ENST00000450735	9	1	1	1	1	1	1	1212	25	2.1	25	2.1	25	2.1
HOOK3	ENST00000307602	22	2	1,22	4	1,5,15,22	7	1,5,9,11,15,21,22	2597	238	9.2	552	21.3	1050	40.4
HORMAD1	ENST00000361824	14	2	3,9	2	3,9	4	3,8,9,10	1465	337	23.0	337	23.0	702	47.9
HOXA1	ENST00000643460	2	0		0		0		1048	0	0.0	0	0.0	0	0.0
HOXA10	ENST00000283921	2	0		0		1	1	1273	0	0.0	0	0.0	978	76.8
HOXA11	ENST00000006015	2	0		0		1	1	982	0	0.0	0	0.0	729	74.2
HOXA13	ENST00000649031	2	1	1	1	1	1	1	1207	942	78.0	942	78.0	942	78.0
HOXA2	ENST00000222718	2	0		0		1	1	1171	0	0.0	0	0.0	411	35.1
HOXA4	ENST00000360046	2	1	1	1	1	1	1	1003	636	63.4	636	63.4	636	63.4
HOXA6	ENST00000222728	2	0		0		1	2	742	0	0.0	0	0.0	280	37.7
HOXB1	ENST00000239174	2	1	1	2	1,2	2	1,2	946	597	63.1	946	100.0	946	100.0
HOXB13	ENST00000290295	2	0		0		0		895	0	0.0	0	0.0	0	0.0
HOXB6	ENST00000225648	2	0		0		0		715	0	0.0	0	0.0	0	0.0
HOXC13	ENST00000243056	2	1	1	1	1	1	1	1033	756	73.2	756	73.2	756	73.2
HOXD10	ENST00000249501	2	0		0		0		1063	0	0.0	0	0.0	0	0.0
HOXD12	ENST00000406506	2	0		0		0		853	0	0.0	0	0.0	0	0.0
HOXD13	ENST00000392539	2	1	1	1	1	1	1	1072	801	74.7	801	74.7	801	74.7
HP	ENST00000355906	7	0		1	7	1	7	1361	0	0.0	799	58.7	799	58.7
HPCA	ENST00000373467	3	0		0		1	2	642	0	0.0	0	0.0	398	62.0
HPD	ENST00000289004	14	0		0		0		1462	0	0.0	0	0.0	0	0.0
HPDL	ENST00000334815	1	0		1	1	1	1	1136	0	0.0	1136	100.0	1136	100.0
HPGD	ENST00000296522	7	0		0		0		941	0	0.0	0	0.0	0	0.0
HPRT1	ENST00000298556	9	0		0		3	1,4,5	837	0	0.0	0	0.0	171	20.4
HPS1	ENST00000361490	18	0		0		2	12,13	2463	0	0.0	0	0.0	388	15.8
HPS3	ENST00000296051	17	1	2	1	2	1	2	3355	515	15.4	515	15.4	515	15.4
HPS4	ENST00000398145	13	0		0		0		2387	0	0.0	0	0.0	0	0.0
HPS5	ENST00000349215	22	0		0		1	16	3830	0	0.0	0	0.0	598	15.6
HPS6	ENST00000299238	1	0		0		1	1	2348	0	0.0	0	0.0	2348	100.0
HPSE2	ENST00000370552	12	0		1	3	1	3	2019	0	0.0	182	9.0	182	9.0
HR	ENST00000381418	18	0		0		0		3930	0	0.0	0	0.0	0	0.0
HRAS	ENST00000311189	4	0		0		0		650	0	0.0	0	0.0	0	0.0
HRAS	ENST00000417302	4	0		0		1	5	593	0	0.0	0	0.0	83	14.0
HRG	ENST00000232003	7	0		0		0		1718	0	0.0	0	0.0	0	0.0
HROB	ENST00000585683	10	1	9	1	9	1	9	2141	129	6.0	129	6.0	129	6.0
HRURF	ENST00000518377	1	1	1	1	1	1	1	125	125	100.0	125	100.0	125	100.0
HS2ST1	ENST00000370550	7	0		1	4	3	2,4,6	1211	0	0.0	159	13.1	596	49.2
HS3ST6	ENST00000454677	2	2	1,2	2	1,2	2	1,2	1069	1069	100.0	1069	100.0	1069	100.0
HS6ST1	ENST00000259241	2	0		0		0		1276	0	0.0	0	0.0	0	0.0
HS6ST2	ENST00000370833	5	1	4	2	2,4	5	1,2,3,4,5	2038	107	5.3	646	31.7	2038	100.0
HSCB	ENST00000216027	6	0		0		1	6	828	0	0.0	0	0.0	112	13.5
HSD11B1	ENST00000367027	6	0		0		0		999	0	0.0	0	0.0	0	0.0
HSD11B2	ENST00000326152	5	1	1	1	1	1	1	1318	285	21.6	285	21.6	285	21.6
HSD17B10	ENST00000168216	6	0		0		0		906	0	0.0	0	0.0	0	0.0
HSD17B13	ENST00000328546	7	0		1	6	2	5,6	1043	0	0.0	137	13.1	295	28.3
HSD17B3	ENST00000375263	11	0		0		0		1153	0	0.0	0	0.0	0	0.0
HSD17B4	ENST00000510025	24	0		0		0		2691	0	0.0	0	0.0	0	0.0
HSD3B2	ENST00000369416	3	0		0		0		1179	0	0.0	0	0.0	0	0.0
HSD3B7	ENST00000297679	6	0		0		0		1230	0	0.0	0	0.0	0	0.0
HSF2BP	ENST00000291560	8	0		1	9	2	3,9	1165	0	0.0	229	19.7	400	34.3
HSF4	ENST00000521374	13	0		0		0		1739	0	0.0	0	0.0	0	0.0
HSPA12A	ENST00000369209	12	0		1	1	2	1,12	2268	0	0.0	60	2.6	718	31.7
HSPA1L	ENST00000375654	1	1	2	1	2	1	2	1946	1946	100.0	1946	100.0	1946	100.0
HSPA9	ENST00000297185	17	0		0		0		2380	0	0.0	0	0.0	0	0.0
HSPB1	ENST00000248553	3	0		0		0		678	0	0.0	0	0.0	0	0.0
HSPB3	ENST00000302005	1	0		0		0		473	0	0.0	0	0.0	0	0.0
HSPB8	ENST00000281938	3	0		0		1	1	651	0	0.0	0	0.0	387	59.4
HSPD1	ENST00000388968	11	0		0		0		1942	0	0.0	0	0.0	0	0.0
HSPE1	ENST00000233893	4	0		0		0		389	0	0.0	0	0.0	0	0.0
HSPG2	ENST00000374695	97	1	1	1	1	2	1,97	15116	83	0.5	83	0.5	276	1.8
HTR1A	ENST00000323865	1	0		0		0		1289	0	0.0	0	0.0	0	0.0
HTR1F	ENST00000319595	1	0		1	3	1	3	1121	0	0.0	1121	100.0	1121	100.0
HTR2A	ENST00000542664	3	0		0		2	2,4	1476	0	0.0	0	0.0	1255	85.0
HTR2C	ENST00000276198	4	0		2	4,6	4	3,4,5,6	1457	0	0.0	1181	81.1	1457	100.0
HTR6	ENST00000289753	3	1	1	1	1	1	1	1383	734	53.1	734	53.1	734	53.1
HTRA1	ENST00000368984	9	1	1	1	1	1	1	1623	492	30.3	492	30.3	492	30.3
HTRA2	ENST00000258080	8	0		0		1	1	1537	0	0.0	0	0.0	526	34.2
HTT	ENST00000355072	67	2	1,7	2	1,7	12	1,7,12,21,23,25,33,39,44,46,50,58	10769	445	4.1	445	4.1	2383	22.1
HUWE1	ENST00000262854	81	0		2	29,56	5	29,33,42,56,61	14745	0	0.0	461	3.1	1399	9.5
HYAL1	ENST00000395144	3	0		0		0		1368	0	0.0	0	0.0	0	0.0
HYAL2	ENST00000357750	3	0		0		1	4	1482	0	0.0	0	0.0	431	29.1
HYCC1	ENST00000432176	10	0		0		0		1766	0	0.0	0	0.0	0	0.0
HYDIN	ENST00000393567	85	2	23,46	3	23,46,64	13	2,4,23,24,36,38,39,46,47,64,67,72,86	17066	981	5.7	1289	7.6	3508	20.6
HYKK	ENST00000388988	4	0		0		2	2,5	1202	0	0.0	0	0.0	838	69.7
HYLS1	ENST00000425380	1	0		0		0		920	0	0.0	0	0.0	0	0.0
HYOU1	ENST00000617285	25	1	8	2	2,8	2	2,8	3500	136	3.9	247	7.1	247	7.1
IARS1	ENST00000443024	33	0		0		3	7,16,29	4449	0	0.0	0	0.0	580	13.0
IARS2	ENST00000366922	23	0		0		8	1,2,3,9,12,18,20,21	3499	0	0.0	0	0.0	1510	43.2
IBA57	ENST00000366711	3	1	1	1	1	2	1,2	1131	361	31.9	361	31.9	719	63.6
ICAM1	ENST00000264832	7	0		1	3	2	2,3	1739	0	0.0	326	18.7	610	35.1
ICAM3	ENST00000160262	7	0		1	3	2	3,5	1784	0	0.0	326	18.3	601	33.7
ICAM4	ENST00000380770	3	0		0		0		876	0	0.0	0	0.0	0	0.0
ICE1	ENST00000296564	19	0		2	1,12	6	1,5,12,14,15,16	7181	0	0.0	534	7.4	1247	17.4
ICOS	ENST00000316386	5	0		0		0		700	0	0.0	0	0.0	0	0.0
ICOSLG	ENST00000407780	7	2	1,3	5	1,3,4,5,6	5	1,3,4,5,6	1049	405	38.6	957	91.2	957	91.2
ID2	ENST00000396290	2	0		0		0		445	0	0.0	0	0.0	0	0.0
IDH1	ENST00000345146	8	0		0		0		1405	0	0.0	0	0.0	0	0.0
IDH2	ENST00000330062	11	0		1	1	1	1	1579	0	0.0	135	8.5	135	8.5
IDH3A	ENST00000299518	11	0		1	7	2	5,7	1321	0	0.0	123	9.3	331	25.1
IDH3B	ENST00000380843	12	0		0		0		1398	0	0.0	0	0.0	0	0.0
IDH3G	ENST00000217901	13	1	7	1	7	1	7	1442	153	10.6	153	10.6	153	10.6
IDO1	ENST00000518237	10	1	10	1	10	3	3,9,10	1412	376	26.6	376	26.6	685	48.5
IDS	ENST00000340855	9	0		0		1	9	1833	0	0.0	0	0.0	493	26.9
IDUA	ENST00000514224	14	2	1,11	2	1,11	4	1,9,10,11	2242	324	14.5	324	14.5	699	31.2
IER3IP1	ENST00000256433	3	0		0		0		309	0	0.0	0	0.0	0	0.0
IFIH1	ENST00000649979	16	1	6	3	6,10,14	9	1,6,7,10,11,12,13,14,16	3398	231	6.8	741	21.8	2284	67.2
IFITM3	ENST00000399808	2	0		0		1	1	442	0	0.0	0	0.0	269	60.9
IFITM5	ENST00000382614	2	0		0		0		439	0	0.0	0	0.0	0	0.0
IFNA1	ENST00000276927	1	0		0		0		590	0	0.0	0	0.0	0	0.0
IFNA8	ENST00000380205	1	0		0		0		590	0	0.0	0	0.0	0	0.0
IFNAR1	ENST00000270139	11	0		1	5	6	2,3,4,5,9,11	1894	0	0.0	162	8.6	1102	58.2
IFNAR2	ENST00000342136	8	0		0		5	4,5,6,8,9	1708	0	0.0	0	0.0	1382	80.9
IFNG	ENST00000229135	4	0		0		1	3	581	0	0.0	0	0.0	203	34.9
IFNGR1	ENST00000367739	7	0		0		0		1610	0	0.0	0	0.0	0	0.0
IFNGR2	ENST00000290219	7	1	1	2	1,3	2	1,3	1154	93	8.1	319	27.6	319	27.6
IFNL3	ENST00000413851	5	0		0		0		691	0	0.0	0	0.0	0	0.0
IFNLR1	ENST00000327535	7	1	4	2	1,4	3	1,3,4	1703	163	9.6	241	14.2	446	26.2
IFRD1	ENST00000403825	12	0		0		0		1596	0	0.0	0	0.0	0	0.0
IFT122	ENST00000348417	30	0		0		0		4326	0	0.0	0	0.0	0	0.0
IFT140	ENST00000426508	29	0		1	4	3	4,18,29	4969	0	0.0	242	4.9	581	11.7
IFT172	ENST00000260570	48	0		0		1	25	6210	0	0.0	0	0.0	165	2.7
IFT27	ENST00000433985	7	0		0		1	3	701	0	0.0	0	0.0	80	11.4
IFT43	ENST00000314067	9	0		0		0		807	0	0.0	0	0.0	0	0.0
IFT52	ENST00000373030	13	0		0		0		1574	0	0.0	0	0.0	0	0.0
IFT56	ENST00000464848	18	0		0		5	2,6,7,11,18	2025	0	0.0	0	0.0	722	35.7
IFT57	ENST00000264538	11	1	11	1	11	2	8,11	1510	199	13.2	199	13.2	351	23.2
IFT70A	ENST00000355689	1	0		1	1	1	1	2018	0	0.0	2018	100.0	2018	100.0
IFT74	ENST00000380062	19	0		0		4	3,11,16,17	2183	0	0.0	0	0.0	651	29.8
IFT80	ENST00000326448	19	0		0		0		2714	0	0.0	0	0.0	0	0.0
IFT81	ENST00000242591	18	0		0		6	2,9,13,16,17,19	2391	0	0.0	0	0.0	898	37.6
IFT88	ENST00000351808	25	0		1	17	4	12,17,19,20	2975	0	0.0	207	7.0	763	25.6
IGBP1	ENST00000356413	6	0		0		0		1140	0	0.0	0	0.0	0	0.0
IGF1	ENST00000337514	4	0		0		0		542	0	0.0	0	0.0	0	0.0
IGF1R	ENST00000650285	21	0		0		0		4524	0	0.0	0	0.0	0	0.0
IGF2	ENST00000416167	3	0		1	4	1	4	603	0	0.0	257	42.6	257	42.6
IGF2BP2	ENST00000382199	16	0		0		1	1	2120	0	0.0	0	0.0	198	9.3
IGF2R	ENST00000356956	48	1	1	2	1,14	8	1,2,13,14,25,35,38,44	8436	169	2.0	327	3.9	1522	18.0
IGFALS	ENST00000215539	2	0		0		0		1858	0	0.0	0	0.0	0	0.0
IGFBP1	ENST00000275525	4	0		0		0		860	0	0.0	0	0.0	0	0.0
IGFBP2	ENST00000233809	4	1	1	2	1,4	3	1,2,4	1058	462	43.7	647	61.2	897	84.8
IGFBP3	ENST00000613132	4	1	1	1	1	1	1	956	423	44.2	423	44.2	423	44.2
IGFBP4	ENST00000269593	4	0		0		1	1	857	0	0.0	0	0.0	369	43.1
IGFBP5	ENST00000233813	4	1	1	1	1	1	1	899	357	39.7	357	39.7	357	39.7
IGFBP7	ENST00000295666	5	0		1	1	1	1	949	0	0.0	495	52.2	495	52.2
IGHMBP2	ENST00000255078	15	0		0		0		3282	0	0.0	0	0.0	0	0.0
IGLL1	ENST00000330377	3	0		0		0		702	0	0.0	0	0.0	0	0.0
IGSF1	ENST00000361420	19	0		8	4,5,6,7,8,12,14,16	12	4,5,6,7,8,12,13,14,16,17,18,20	4391	0	0.0	2455	55.9	3517	80.1
IGSF10	ENST00000282466	6	0		1	5	3	3,5,7	7992	0	0.0	411	5.1	1546	19.3
IGSF3	ENST00000369486	10	0		0		6	3,4,5,8,9,10	3785	0	0.0	0	0.0	2604	68.8
IGSF6	ENST00000268389	6	0		0		1	2	846	0	0.0	0	0.0	380	44.9
IGSF8	ENST00000314485	6	0		1	4	1	4	1962	0	0.0	428	21.8	428	21.8
IHH	ENST00000295731	3	0		1	1	1	1	1296	0	0.0	335	25.8	335	25.8
IKBKB	ENST00000520810	21	0		0		1	11	2691	0	0.0	0	0.0	215	8.0
IKBKE	ENST00000581977	20	0		0		1	8	2551	0	0.0	0	0.0	131	5.1
IKBKG	ENST00000594239	9	0		0		0		1440	0	0.0	0	0.0	0	0.0
IKZF1	ENST00000331340	7	0		0		0		1700	0	0.0	0	0.0	0	0.0
IKZF2	ENST00000434687	7	0		0		5	4,5,6,8,9	1721	0	0.0	0	0.0	1509	87.7
IKZF3	ENST00000346872	8	0		0		2	4,5	1690	0	0.0	0	0.0	469	27.8
IKZF4	ENST00000547167	8	0		0		2	3,8	1918	0	0.0	0	0.0	906	47.2
IKZF5	ENST00000368886	3	0		0		1	5	1320	0	0.0	0	0.0	964	73.0
IL10	ENST00000423557	5	0		0		0		637	0	0.0	0	0.0	0	0.0
IL10RA	ENST00000227752	7	0		0		0		1877	0	0.0	0	0.0	0	0.0
IL10RB	ENST00000290200	7	0		0		0		1118	0	0.0	0	0.0	0	0.0
IL11RA	ENST00000441545	12	0		0		0		1509	0	0.0	0	0.0	0	0.0
IL12B	ENST00000231228	6	0		0		0		1107	0	0.0	0	0.0	0	0.0
IL12RB1	ENST00000593993	17	0		0		0		2329	0	0.0	0	0.0	0	0.0
IL12RB2	ENST00000674203	15	0		0		0		2889	0	0.0	0	0.0	0	0.0
IL13	ENST00000304506	4	0		0		0		521	0	0.0	0	0.0	0	0.0
IL17F	ENST00000336123	3	0		0		0		552	0	0.0	0	0.0	0	0.0
IL17RA	ENST00000319363	13	0		1	1	2	1,13	2861	0	0.0	158	5.5	1692	59.1
IL17RC	ENST00000403601	19	0		0		3	1,7,18	2543	0	0.0	0	0.0	249	9.8
IL17RD	ENST00000296318	13	1	1	1	1	1	1	2480	146	5.9	146	5.9	146	5.9
IL18BP	ENST00000393703	5	0		0		1	6	685	0	0.0	0	0.0	98	14.3
IL1B	ENST00000263341	6	0		0		0		930	0	0.0	0	0.0	0	0.0
IL1R1	ENST00000410023	10	0		0		6	5,6,9,10,11,12	1910	0	0.0	0	0.0	1350	70.7
IL1RAP	ENST00000447382	10	0		2	5,12	5	4,5,6,11,12	1913	0	0.0	595	31.1	1251	65.4
IL1RAPL1	ENST00000378993	10	0		1	11	2	10,11	2291	0	0.0	739	32.3	930	40.6
IL1RN	ENST00000409930	4	0		0		0		614	0	0.0	0	0.0	0	0.0
IL2	ENST00000226730	4	0		0		2	1,3	542	0	0.0	0	0.0	331	61.1
IL21	ENST00000648588	5	0		0		1	3	589	0	0.0	0	0.0	176	29.9
IL21R	ENST00000337929	8	0		0		0		1777	0	0.0	0	0.0	0	0.0
IL23A	ENST00000228534	4	0		0		1	1	650	0	0.0	0	0.0	182	28.0
IL23R	ENST00000347310	10	0		0		1	11	2090	0	0.0	0	0.0	671	32.1
IL27RA	ENST00000263379	14	0		0		1	8	2191	0	0.0	0	0.0	209	9.5
IL2RA	ENST00000379959	8	0		0		0		979	0	0.0	0	0.0	0	0.0
IL2RB	ENST00000216223	9	0		1	10	1	10	1836	0	0.0	773	42.1	773	42.1
IL2RG	ENST00000374202	8	0		0		1	8	1270	0	0.0	0	0.0	206	16.2
IL31RA	ENST00000652347	15	0		0		0		2595	0	0.0	0	0.0	0	0.0
IL36RN	ENST00000393200	4	0		0		0		548	0	0.0	0	0.0	0	0.0
IL37	ENST00000263326	5	0		0		1	3	757	0	0.0	0	0.0	83	11.0
IL4	ENST00000231449	4	2	1,4	2	1,4	3	1,3,4	542	277	51.1	277	51.1	474	87.5
IL4R	ENST00000395762	9	0		0		1	11	2658	0	0.0	0	0.0	1599	60.2
IL6	ENST00000258743	5	0		0		2	2,4	739	0	0.0	0	0.0	378	51.2
IL6R	ENST00000368485	10	1	6	1	6	1	6	1607	162	10.1	162	10.1	162	10.1
IL6ST	ENST00000381298	15	0		1	4	9	4,6,7,8,11,12,13,14,17	3057	0	0.0	326	10.7	2279	74.6
IL7	ENST00000263851	6	0		0		3	2,3,4	654	0	0.0	0	0.0	410	62.7
IL7R	ENST00000303115	8	0		0		0		1540	0	0.0	0	0.0	0	0.0
ILDR1	ENST00000344209	8	0		0		0		1801	0	0.0	0	0.0	0	0.0
ILF3	ENST00000588657	19	1	10	2	10,19	2	10,19	3077	132	4.3	281	9.1	281	9.1
ILK	ENST00000299421	12	0		0		0		1599	0	0.0	0	0.0	0	0.0
IMMP2L	ENST00000405709	5	0		0		0		628	0	0.0	0	0.0	0	0.0
IMPA1	ENST00000256108	8	0		1	7	2	7,8	994	0	0.0	129	13.0	301	30.3
IMPDH1	ENST00000338791	17	0		0		1	1	2140	0	0.0	0	0.0	166	7.8
IMPDH2	ENST00000326739	14	0		0		1	5	1825	0	0.0	0	0.0	227	12.4
IMPG1	ENST00000369950	17	0		1	13	2	2,13	2734	0	0.0	553	20.2	807	29.5
IMPG2	ENST00000193391	19	0		0		1	13	4106	0	0.0	0	0.0	1279	31.1
INA	ENST00000369849	3	1	3	2	1,3	2	1,3	1560	330	21.2	1415	90.7	1415	90.7
INAVA	ENST00000413687	9	0		1	8	1	8	1917	0	0.0	194	10.1	194	10.1
INCENP	ENST00000394818	18	0		0		0		3117	0	0.0	0	0.0	0	0.0
INF2	ENST00000392634	21	0		1	21	2	8,21	4170	0	0.0	674	16.2	1444	34.6
ING1	ENST00000333219	2	0		0		0		880	0	0.0	0	0.0	0	0.0
ING5	ENST00000313552	8	0		1	1	2	1,4	883	0	0.0	57	6.5	189	21.4
INO80	ENST00000648947	35	0		1	35	8	2,3,10,14,20,24,26,35	5371	0	0.0	236	4.4	1547	28.8
INPP4A	ENST00000409851	23	0		0		1	16	3379	0	0.0	0	0.0	276	8.2
INPP4A	ENST00000715854	24	0		0		1	17	3300	0	0.0	0	0.0	159	4.8
INPP5B	ENST00000373024	23	1	6	2	6,9	5	6,7,9,13,18	3202	131	4.1	319	10.0	871	27.2
INPP5E	ENST00000371712	10	0		1	1	1	1	2135	0	0.0	832	39.0	832	39.0
INPP5K	ENST00000421807	12	1	2	1	2	2	2,8	1587	128	8.1	128	8.1	335	21.1
INPPL1	ENST00000298229	28	1	1	4	1,25,26,28	7	1,9,12,25,26,27,28	4337	202	4.7	1167	26.9	1709	39.4
INS	ENST00000381330	2	0		0		0		373	0	0.0	0	0.0	0	0.0
INSL3	ENST00000317306	2	0		0		1	1	436	0	0.0	0	0.0	210	48.2
INSR	ENST00000302850	22	1	1	1	1	1	1	4589	120	2.6	120	2.6	120	2.6
INTS1	ENST00000404767	47	0		1	3	2	3,23	7513	0	0.0	311	4.1	511	6.8
INTS11	ENST00000435064	17	0		0		2	4,17	2143	0	0.0	0	0.0	335	15.6
INTS13	ENST00000261191	16	0		2	8,13	5	2,8,11,12,13	2441	0	0.0	280	11.5	915	37.5
INTS8	ENST00000523731	27	0		0		5	6,9,10,12,17	3528	0	0.0	0	0.0	887	25.1
INTU	ENST00000335251	16	0		2	4,14	9	2,4,5,8,10,12,14,15,16	3149	0	0.0	434	13.8	2235	71.0
INVS	ENST00000262457	16	0		0		0		3518	0	0.0	0	0.0	0	0.0
IP6K3	ENST00000293756	5	0		0		1	6	1333	0	0.0	0	0.0	488	36.6
IPMK	ENST00000373935	6	0		0		2	4,6	1371	0	0.0	0	0.0	836	61.0
IPO13	ENST00000372343	20	0		1	1	1	1	3292	0	0.0	104	3.2	104	3.2
IPO8	ENST00000256079	25	0		0		8	9,11,13,14,15,16,21,22	3614	0	0.0	0	0.0	1342	37.1
IQCB1	ENST00000310864	13	0		0		0		2057	0	0.0	0	0.0	0	0.0
IQCC	ENST00000291358	5	0		0		1	5	1501	0	0.0	0	0.0	863	57.5
IQCE	ENST00000402050	22	3	1,17,19	3	1,17,19	3	1,17,19	2528	375	14.8	375	14.8	375	14.8
IQCN	ENST00000392413	3	0		0		1	3	4164	0	0.0	0	0.0	3184	76.5
IQGAP2	ENST00000274364	36	0		0		15	1,3,8,11,12,13,14,15,16,17,22,23,24,33,36	5448	0	0.0	0	0.0	2519	46.2
IQGAP3	ENST00000361170	38	0		1	29	2	15,29	5656	0	0.0	253	4.5	437	7.7
IQSEC1	ENST00000613206	14	0		0		2	2,3	3625	0	0.0	0	0.0	1585	43.7
IQSEC2	ENST00000639161	3	0		0		1	1	282	0	0.0	0	0.0	46	16.3
IQSEC2	ENST00000642864	15	0		1	15	3	1,3,15	4767	0	0.0	986	20.7	1995	41.9
IQSEC3	ENST00000538872	14	1	3	5	1,3,4,5,14	10	1,3,4,5,6,7,8,9,12,14	3829	300	7.8	2619	68.4	3368	88.0
IRAG1	ENST00000423302	21	0		0		3	3,7,9	3159	0	0.0	0	0.0	835	26.4
IRAK1	ENST00000369980	14	1	1	4	1,2,3,5	6	1,2,3,4,5,13	2419	156	6.4	705	29.1	999	41.3
IRAK2	ENST00000256458	13	0		0		2	2,12	2138	0	0.0	0	0.0	515	24.1
IRAK3	ENST00000261233	12	0		1	1	2	1,12	2031	0	0.0	153	7.5	650	32.0
IRAK4	ENST00000613694	11	0		0		0		1603	0	0.0	0	0.0	0	0.0
IREB2	ENST00000258886	22	0		1	21	9	3,7,9,12,14,15,16,19,21	3332	0	0.0	206	6.2	1563	46.9
IRF1	ENST00000245414	9	0		0		0		1158	0	0.0	0	0.0	0	0.0
IRF2BP2	ENST00000366609	2	1	1	1	1	2	1,2	1804	1068	59.2	1068	59.2	1804	100.0
IRF2BPL	ENST00000238647	1	1	1	1	1	1	1	2411	2411	100.0	2411	100.0	2411	100.0
IRF3	ENST00000377139	7	0		0		0		1424	0	0.0	0	0.0	0	0.0
IRF4	ENST00000380956	8	1	3	1	3	2	3,7	1516	207	13.7	207	13.7	581	38.3
IRF5	ENST00000357234	8	0		1	2	2	2,6	1705	0	0.0	215	12.6	541	31.7
IRF6	ENST00000367021	7	0		0		1	3	1544	0	0.0	0	0.0	194	12.6
IRF7	ENST00000525445	10	1	4	2	4,9	8	2,3,4,5,6,8,9,11	1712	231	13.5	641	37.4	1466	85.6
IRF8	ENST00000268638	8	0		0		0		1441	0	0.0	0	0.0	0	0.0
IRF9	ENST00000396864	8	0		0		0		1342	0	0.0	0	0.0	0	0.0
IRGM	ENST00000522154	1	0		0		1	2	566	0	0.0	0	0.0	566	100.0
IRS1	ENST00000305123	1	0		0		0		3749	0	0.0	0	0.0	0	0.0
IRS2	ENST00000375856	2	1	1	1	1	1	1	4057	4032	99.4	4032	99.4	4032	99.4
IRS4	ENST00000372129	2	0		0		2	1,2	3811	0	0.0	0	0.0	3811	100.0
IRX4	ENST00000231357	5	0		1	5	2	1,5	1660	0	0.0	844	50.8	909	54.8
IRX5	ENST00000394636	3	0		1	3	1	3	1512	0	0.0	817	54.0	817	54.0
IRX6	ENST00000290552	6	0		0		1	2	1461	0	0.0	0	0.0	278	19.0
ISCA1	ENST00000375991	4	0		0		1	4	470	0	0.0	0	0.0	169	36.0
ISCA2	ENST00000556816	4	0		0		2	3,4	545	0	0.0	0	0.0	331	60.7
ISCU	ENST00000311893	5	0		0		0		604	0	0.0	0	0.0	0	0.0
ISG15	ENST00000649529	2	0		0		0		538	0	0.0	0	0.0	0	0.0
ISL1	ENST00000230658	6	0		0		0		1170	0	0.0	0	0.0	0	0.0
ISLR2	ENST00000453268	1	0		0		1	3	2258	0	0.0	0	0.0	2258	100.0
ITCH	ENST00000374864	23	0		0		1	14	3049	0	0.0	0	0.0	149	4.9
ITFG2	ENST00000228799	12	0		0		0		1584	0	0.0	0	0.0	0	0.0
ITGA2	ENST00000296585	30	0		0		0		4146	0	0.0	0	0.0	0	0.0
ITGA2B	ENST00000262407	30	0		1	13	1	13	3720	0	0.0	203	5.5	203	5.5
ITGA3	ENST00000320031	25	1	21	1	21	2	1,21	3656	143	3.9	143	3.9	369	10.1
ITGA4	ENST00000397033	28	1	3	2	3,13	15	3,4,6,8,12,13,14,15,16,18,19,23,24,27,28	3659	127	3.5	193	5.3	2024	55.3
ITGA5	ENST00000293379	30	0		0		5	2,8,12,17,20	3750	0	0.0	0	0.0	791	21.1
ITGA6	ENST00000442250	26	0		0		1	26	3913	0	0.0	0	0.0	182	4.7
ITGA6	ENST00000684293	25	0		0		0		3722	0	0.0	0	0.0	0	0.0
ITGA7	ENST00000257879	25	0		0		0		3914	0	0.0	0	0.0	0	0.0
ITGA8	ENST00000378076	30	0		0		4	1,13,20,25	3792	0	0.0	0	0.0	788	20.8
ITGAM	ENST00000544665	30	0		1	27	3	3,4,27	4059	0	0.0	134	3.3	349	8.6
ITGAV	ENST00000261023	30	0		1	17	6	1,7,13,17,25,27	3747	0	0.0	175	4.7	1051	28.0
ITGB1	ENST00000302278	15	1	3	2	3,5	5	3,5,6,10,14	2697	106	3.9	297	11.0	970	36.0
ITGB1BP1	ENST00000355346	6	0		0		0		723	0	0.0	0	0.0	0	0.0
ITGB2	ENST00000652462	15	0		0		0		2610	0	0.0	0	0.0	0	0.0
ITGB3	ENST00000559488	15	1	1	1	1	2	1,10	2667	99	3.7	99	3.7	549	20.6
ITGB4	ENST00000200181	39	1	33	1	33	1	33	6249	230	3.7	230	3.7	230	3.7
ITGB5	ENST00000296181	15	1	1	1	1	2	1,10	2700	90	3.3	90	3.3	540	20.0
ITGB6	ENST00000283249	15	1	6	1	6	6	3,6,7,10,14,15	2667	182	6.8	182	6.8	1267	47.5
ITGB7	ENST00000267082	14	0		0		2	6,15	2677	0	0.0	0	0.0	443	16.5
ITIH4	ENST00000266041	24	2	4,21	3	1,4,21	5	1,4,12,19,21	3273	378	11.5	488	14.9	695	21.2
ITK	ENST00000422843	17	0		0		0		2203	0	0.0	0	0.0	0	0.0
ITLN1	ENST00000326245	7	0		0		0		1082	0	0.0	0	0.0	0	0.0
ITM2B	ENST00000647800	6	0		0		0		921	0	0.0	0	0.0	0	0.0
ITPA	ENST00000380113	8	0		0		0		745	0	0.0	0	0.0	0	0.0
ITPK1	ENST00000267615	10	0		1	4	5	2,4,5,8,10	1445	0	0.0	146	10.1	768	53.1
ITPKB	ENST00000429204	7	0		0		1	2	2981	0	0.0	0	0.0	1952	65.5
ITPKC	ENST00000263370	7	1	1	1	1	2	1,4	2192	1175	53.6	1175	53.6	1400	63.9
ITPR1	ENST00000649015	60	0		2	20,56	14	7,17,19,20,32,37,38,39,44,45,47,55,56,61	9477	0	0.0	434	4.6	2659	28.1
ITPR2	ENST00000381340	57	0		4	11,22,48,51	20	8,11,12,13,15,22,23,26,29,32,33,35,36,41,47,48,49,51,54,55	9246	0	0.0	748	8.1	3607	39.0
ITPR3	ENST00000605930	58	0		1	22	3	2,22,41	9176	0	0.0	220	2.4	516	5.6
ITPRID2	ENST00000431877	17	0		1	8	5	7,8,11,16,17	4120	0	0.0	721	17.5	2792	67.8
ITSN1	ENST00000381318	39	0		0		6	8,17,21,25,29,32	5946	0	0.0	0	0.0	1140	19.2
ITSN2	ENST00000355123	39	0		0		8	12,13,18,20,21,25,27,29	5874	0	0.0	0	0.0	1471	25.0
IVD	ENST00000487418	12	0		0		0		1512	0	0.0	0	0.0	0	0.0
IVNS1ABP	ENST00000367498	13	0		2	4,11	4	4,6,11,15	2189	0	0.0	332	15.2	800	36.5
IYD	ENST00000344419	5	0		0		0		970	0	0.0	0	0.0	0	0.0
JAG1	ENST00000254958	26	0		1	1	1	1	4177	0	0.0	101	2.4	101	2.4
JAG2	ENST00000331782	26	2	1,2	2	1,2	2	1,2	4237	457	10.8	457	10.8	457	10.8
JAGN1	ENST00000647897	2	0		0		0		592	0	0.0	0	0.0	0	0.0
JAK1	ENST00000342505	24	3	2,4,9	3	2,4,9	7	2,4,6,7,8,9,20	3945	348	8.8	348	8.8	1314	33.3
JAK2	ENST00000381652	23	1	25	2	20,25	13	4,7,8,9,11,12,15,18,19,20,22,24,25	3859	128	3.3	338	8.8	2300	59.6
JAK3	ENST00000458235	23	0		0		1	6	3835	0	0.0	0	0.0	315	8.2
JAKMIP1	ENST00000409021	20	1	15	1	15	1	15	2896	74	2.6	74	2.6	74	2.6
JAM2	ENST00000480456	10	0		0		0		1097	0	0.0	0	0.0	0	0.0
JAM3	ENST00000299106	9	0		0		0		1113	0	0.0	0	0.0	0	0.0
JARID2	ENST00000341776	18	0		0		3	4,7,8	4101	0	0.0	0	0.0	1772	43.2
JAZF1	ENST00000283928	5	0		0		2	2,5	832	0	0.0	0	0.0	290	34.9
JKAMP	ENST00000616435	7	0		0		2	5,6	1076	0	0.0	0	0.0	299	27.8
JMJD1C	ENST00000399262	26	0		2	15,18	14	3,5,6,7,8,9,12,13,15,18,21,22,24,25	8143	0	0.0	447	5.5	4046	49.7
JPH1	ENST00000342232	5	0		0		1	1	2086	0	0.0	0	0.0	399	19.1
JPH2	ENST00000372980	5	0		2	2,4	2	2,4	2191	0	0.0	1552	70.8	1552	70.8
JPH3	ENST00000284262	5	1	4	1	4	1	4	2347	901	38.4	901	38.4	901	38.4
JRK	ENST00000612905	1	0		0		0		1727	0	0.0	0	0.0	0	0.0
JUP	ENST00000393931	13	0		0		0		2498	0	0.0	0	0.0	0	0.0
KALRN	ENST00000682506	60	3	1,8,14	5	1,5,7,8,14	12	1,5,7,8,11,14,18,22,30,47,56,60	10161	461	4.5	1206	11.9	2945	29.0
KANK1	ENST00000382297	11	0		0		2	3,11	4279	0	0.0	0	0.0	2800	65.4
KANK2	ENST00000586659	11	0		1	7	3	4,6,7	2776	0	0.0	260	9.4	1615	58.2
KANK4	ENST00000371153	9	0		1	3	2	3,10	3168	0	0.0	1904	60.1	2029	64.0
KANSL1	ENST00000432791	14	5	4,5,7,10,14	11	2,4,5,6,7,8,9,10,13,14,15	13	2,3,4,5,6,7,8,9,10,12,13,14,15	3598	895	24.9	3213	89.3	3453	96.0
KARS1	ENST00000302445	14	0		0		0		2074	0	0.0	0	0.0	0	0.0
KASH5	ENST00000447857	19	0		0		0		2069	0	0.0	0	0.0	0	0.0
KAT14	ENST00000688188	10	0		0		4	5,6,7,11	2546	0	0.0	0	0.0	1422	55.9
KAT2B	ENST00000263754	18	2	1,4	4	1,3,4,17	9	1,3,4,6,7,9,12,17,18	2859	436	15.3	707	24.7	1548	54.1
KAT5	ENST00000341318	13	0		1	1	2	1,7	1901	0	0.0	198	10.4	467	24.6
KAT6A	ENST00000265713	16	0		1	7	5	2,7,13,15,16	6335	0	0.0	340	5.4	2168	34.2
KAT6B	ENST00000287239	16	0		0		1	12	6542	0	0.0	0	0.0	182	2.8
KAT8	ENST00000219797	11	1	3	1	3	2	1,3	1597	196	12.3	196	12.3	427	26.7
KATNAL2	ENST00000683218	16	1	4	1	4	4	4,5,7,16	1937	91	4.7	91	4.7	599	30.9
KATNB1	ENST00000379661	19	1	16	1	16	1	16	2348	170	7.2	170	7.2	170	7.2
KATNIP	ENST00000261588	28	3	16,20,21	6	7,16,19,20,21,26	7	7,16,17,19,20,21,26	5417	1107	20.4	1774	32.7	2000	36.9
KBTBD13	ENST00000432196	1	0		0		1	1	1397	0	0.0	0	0.0	1397	100.0
KBTBD2	ENST00000304056	3	0		0		2	2,3	1932	0	0.0	0	0.0	376	19.5
KCNA1	ENST00000382545	1	0		0		0		1508	0	0.0	0	0.0	0	0.0
KCNA2	ENST00000316361	1	0		0		0		1520	0	0.0	0	0.0	0	0.0
KCNA3	ENST00000369769	1	0		1	1	1	1	1748	0	0.0	1748	100.0	1748	100.0
KCNA4	ENST00000328224	1	0		0		0		1982	0	0.0	0	0.0	0	0.0
KCNA5	ENST00000252321	1	0		0		0		1862	0	0.0	0	0.0	0	0.0
KCNA6	ENST00000280684	1	0		0		1	1	1610	0	0.0	0	0.0	1610	100.0
KCNAB1	ENST00000490337	14	1	10	1	10	1	10	1540	141	9.2	141	9.2	141	9.2
KCNAB2	ENST00000378083	15	0		0		1	11	1548	0	0.0	0	0.0	106	6.8
KCNAB3	ENST00000303790	14	0		0		0		1495	0	0.0	0	0.0	0	0.0
KCNB1	ENST00000371741	2	0		0		0		2617	0	0.0	0	0.0	0	0.0
KCNB2	ENST00000523207	2	0		0		1	2	2776	0	0.0	0	0.0	599	21.6
KCNC1	ENST00000265969	4	0		0		1	3	1838	0	0.0	0	0.0	209	11.4
KCNC2	ENST00000549446	4	0		0		2	2,3	1997	0	0.0	0	0.0	1655	82.9
KCNC3	ENST00000477616	4	2	1,4	2	1,4	2	1,4	2354	1014	43.1	1014	43.1	1014	43.1
KCND1	ENST00000218176	6	0		1	3	2	3,6	2064	0	0.0	104	5.0	350	17.0
KCND2	ENST00000331113	6	0		0		1	1	2013	0	0.0	0	0.0	1135	56.4
KCND3	ENST00000302127	7	0		0		0		2108	0	0.0	0	0.0	0	0.0
KCNE1	ENST00000399286	1	0		0		1	4	410	0	0.0	0	0.0	410	100.0
KCNE2	ENST00000290310	1	0		0		0		392	0	0.0	0	0.0	0	0.0
KCNE3	ENST00000310128	1	0		0		0		332	0	0.0	0	0.0	0	0.0
KCNE4	ENST00000281830	1	0		0		0		533	0	0.0	0	0.0	0	0.0
KCNE5	ENST00000372101	1	0		0		1	1	449	0	0.0	0	0.0	449	100.0
KCNG1	ENST00000371571	2	0		1	2	1	2	1582	0	0.0	794	50.2	794	50.2
KCNH1	ENST00000271751	11	0		1	11	3	6,10,11	3190	0	0.0	878	27.5	1589	49.8
KCNH2	ENST00000262186	15	1	4	1	4	2	4,7	3780	464	12.3	464	12.3	872	23.1
KCNH3	ENST00000257981	15	0		2	12,15	3	8,12,15	3552	0	0.0	972	27.4	1271	35.8
KCNH5	ENST00000322893	11	0		1	11	4	2,4,7,11	3187	0	0.0	968	30.4	1708	53.6
KCNH7	ENST00000332142	16	1	8	3	4,7,8	9	4,6,7,8,10,11,13,15,16	3911	420	10.7	1315	33.6	2821	72.1
KCNH8	ENST00000328405	16	0		1	12	6	6,9,10,12,13,14	3644	0	0.0	59	1.6	1230	33.8
KCNIP1	ENST00000328939	8	0		1	3	1	3	811	0	0.0	90	11.1	90	11.1
KCNJ1	ENST00000392666	1	0		0		0		1139	0	0.0	0	0.0	0	0.0
KCNJ10	ENST00000644903	1	1	2	1	2	1	2	1160	1160	100.0	1160	100.0	1160	100.0
KCNJ11	ENST00000339994	1	0		0		0		1193	0	0.0	0	0.0	0	0.0
KCNJ12	ENST00000583088	1	0		0		0		1322	0	0.0	0	0.0	0	0.0
KCNJ13	ENST00000233826	2	0		0		0		1123	0	0.0	0	0.0	0	0.0
KCNJ16	ENST00000392671	1	0		1	4	1	4	1277	0	0.0	1277	100.0	1277	100.0
KCNJ18	ENST00000567955	1	0		0		1	3	1322	0	0.0	0	0.0	1322	100.0
KCNJ2	ENST00000243457	1	0		0		0		1304	0	0.0	0	0.0	0	0.0
KCNJ3	ENST00000295101	3	0		0		2	1,3	1566	0	0.0	0	0.0	1329	84.9
KCNJ5	ENST00000529694	2	0		0		1	2	1300	0	0.0	0	0.0	957	73.6
KCNJ6	ENST00000609713	3	0		0		1	4	1332	0	0.0	0	0.0	346	26.0
KCNJ8	ENST00000240662	2	0		0		1	2	1315	0	0.0	0	0.0	394	30.0
KCNK17	ENST00000373231	5	0		0		1	5	1099	0	0.0	0	0.0	331	30.1
KCNK18	ENST00000334549	3	0		0		0		1215	0	0.0	0	0.0	0	0.0
KCNK3	ENST00000302909	2	0		2	1,2	2	1,2	1225	0	0.0	1225	100.0	1225	100.0
KCNK4	ENST00000422670	6	1	3	1	3	1	3	1302	144	11.1	144	11.1	144	11.1
KCNK5	ENST00000359534	5	1	5	1	5	1	5	1600	886	55.4	886	55.4	886	55.4
KCNK9	ENST00000520439	2	0		0		0		1165	0	0.0	0	0.0	0	0.0
KCNMA1	ENST00000286628	28	0		1	1	2	1,19	4271	0	0.0	398	9.3	592	13.9
KCNMB1	ENST00000274629	3	0		0		0		636	0	0.0	0	0.0	0	0.0
KCNMB3	ENST00000392685	3	0		1	3	1	3	888	0	0.0	401	45.2	401	45.2
KCNN2	ENST00000673685	8	1	1	2	1,3	5	1,3,4,5,8	2536	1142	45.0	1581	62.3	2182	86.0
KCNN3	ENST00000271915	8	0		0		0		2356	0	0.0	0	0.0	0	0.0
KCNN4	ENST00000648319	8	0		2	3,8	2	3,8	1444	0	0.0	633	43.8	633	43.8
KCNQ1	ENST00000155840	16	1	1	1	1	1	1	2351	406	17.3	406	17.3	406	17.3
KCNQ2	ENST00000359125	17	0		0		2	2,4	2959	0	0.0	0	0.0	307	10.4
KCNQ3	ENST00000388996	15	1	1	1	1	1	1	2919	406	13.9	406	13.9	406	13.9
KCNQ4	ENST00000347132	14	1	1	1	1	1	1	2368	334	14.1	334	14.1	334	14.1
KCNQ5	ENST00000370398	14	1	1	1	1	5	1,4,5,12,13	3079	418	13.6	418	13.6	1059	34.4
KCNT1	ENST00000371757	31	0		2	2,19	3	2,19,20	4328	0	0.0	419	9.7	545	12.6
KCNT2	ENST00000294725	28	0		1	16	11	2,3,8,9,11,12,13,16,19,26,27	3968	0	0.0	250	6.3	1775	44.7
KCNU1	ENST00000399881	27	0		2	20,27	9	1,2,5,8,20,21,22,25,27	3990	0	0.0	543	13.6	1891	47.4
KCNV2	ENST00000382082	2	0		0		0		1678	0	0.0	0	0.0	0	0.0
KCTD1	ENST00000580059	5	1	1	1	1	2	1,2	2698	1829	67.8	1829	67.8	2028	75.2
KCTD10	ENST00000228495	7	0		0		0		1082	0	0.0	0	0.0	0	0.0
KCTD13	ENST00000568000	6	0		0		2	1,6	1110	0	0.0	0	0.0	521	46.9
KCTD14	ENST00000353172	2	0		0		0		808	0	0.0	0	0.0	0	0.0
KCTD15	ENST00000683859	5	0		1	4	2	4,7	952	0	0.0	196	20.6	375	39.4
KCTD17	ENST00000403888	9	1	1	1	1	2	1,6	1125	209	18.6	209	18.6	329	29.2
KCTD19	ENST00000304372	16	0		0		2	2,5	3101	0	0.0	0	0.0	469	15.1
KCTD3	ENST00000259154	18	1	1	2	1,18	6	1,9,12,13,14,18	2808	103	3.7	685	24.4	1400	49.9
KCTD7	ENST00000639828	4	0		1	1	1	1	950	0	0.0	164	17.3	164	17.3
KDELR2	ENST00000258739	5	0		0		1	1	739	0	0.0	0	0.0	111	15.0
KDF1	ENST00000320567	3	0		0		0		1257	0	0.0	0	0.0	0	0.0
KDM1A	ENST00000400181	21	1	1	2	1,21	6	1,2,4,7,17,21	3051	371	12.2	577	18.9	1252	41.0
KDM2A	ENST00000529006	20	0		2	12,17	4	6,12,17,18	3889	0	0.0	1148	29.5	1531	39.4
KDM2B	ENST00000377071	23	0		2	11,21	3	11,19,21	4471	0	0.0	675	15.1	1375	30.8
KDM3A	ENST00000312912	25	0		1	9	7	3,9,10,13,17,19,24	4466	0	0.0	184	4.1	1647	36.9
KDM3B	ENST00000314358	24	2	1,19	2	1,19	8	1,2,7,8,11,17,19,22	5766	363	6.3	363	6.3	3002	52.1
KDM4B	ENST00000159111	21	1	12	1	12	2	6,12	3711	490	13.2	490	13.2	704	19.0
KDM5A	ENST00000399788	28	0		0		0		5633	0	0.0	0	0.0	0	0.0
KDM5B	ENST00000367265	27	1	17	2	17,21	11	5,6,10,11,14,15,17,19,21,23,26	5175	171	3.3	371	7.2	2664	51.5
KDM5C	ENST00000375401	26	0		0		0		5203	0	0.0	0	0.0	0	0.0
KDM6A	ENST00000611820	30	0		1	14	3	10,14,18	4962	0	0.0	176	3.5	1122	22.6
KDM6B	ENST00000448097	20	0		0		1	24	5332	0	0.0	0	0.0	44	0.8
KDM7A	ENST00000397560	20	1	1	1	1	5	1,3,4,6,16	3226	214	6.6	214	6.6	909	28.2
KDR	ENST00000263923	30	0		0		0		4671	0	0.0	0	0.0	0	0.0
KDSR	ENST00000645214	10	0		2	1,6	2	1,6	1199	0	0.0	340	28.4	340	28.4
KEAP1	ENST00000171111	5	0		0		0		1975	0	0.0	0	0.0	0	0.0
KEL	ENST00000355265	19	0		1	19	1	19	2579	0	0.0	182	7.1	182	7.1
KERA	ENST00000266719	2	0		1	2	1	2	1099	0	0.0	906	82.4	906	82.4
KGD4	ENST00000256441	4	0		2	2,3	3	2,3,4	392	0	0.0	292	74.5	330	84.2
KHDC3L	ENST00000370367	3	0		0		0		714	0	0.0	0	0.0	0	0.0
KHDRBS1	ENST00000327300	9	1	1	1	1	3	1,2,8	1512	402	26.6	402	26.6	626	41.4
KHK	ENST00000260598	8	0		0		0		1057	0	0.0	0	0.0	0	0.0
KIAA0319L	ENST00000325722	20	0		1	10	8	2,3,4,7,9,10,12,16	3550	0	0.0	249	7.0	1816	51.2
KIAA0586	ENST00000652326	31	1	14	4	5,13,14,16	16	5,7,11,13,14,15,16,17,19,20,21,22,24,26,27,28	5267	195	3.7	846	16.1	3156	59.9
KIAA0753	ENST00000361413	18	0		1	3	3	3,8,18	3264	0	0.0	645	19.8	1140	34.9
KIAA0825	ENST00000682413	19	1	17	3	5,12,17	9	4,5,6,9,11,12,16,17,19	4208	429	10.2	1322	31.4	2618	62.2
KIAA1217	ENST00000376454	21	2	6,15	2	6,15	7	2,3,6,14,15,16,21	6252	1037	16.6	1037	16.6	2470	39.5
KIAA1549	ENST00000422774	20	3	1,7,20	5	1,7,13,18,20	6	1,4,7,13,18,20	6253	562	9.0	966	15.4	1164	18.6
KICS2	ENST00000398055	3	0		0		1	2	1398	0	0.0	0	0.0	306	21.9
KIDINS220	ENST00000256707	29	1	17	3	17,22,24	11	7,12,14,15,16,17,22,23,24,29,30	5896	310	5.3	737	12.5	3351	56.8
KIF11	ENST00000260731	22	0		2	5,18	10	2,5,6,8,12,17,18,19,20,22	3611	0	0.0	506	14.0	1970	54.6
KIF12	ENST00000640217	19	0		1	11	3	4,11,15	2336	0	0.0	125	5.4	384	16.4
KIF13B	ENST00000524189	40	2	4,39	2	4,39	11	4,6,13,19,20,22,23,25,31,36,39	6281	798	12.7	798	12.7	2353	37.5
KIF14	ENST00000367350	29	0		1	30	11	2,3,10,11,14,18,21,24,25,27,30	5527	0	0.0	400	7.2	3257	58.9
KIF15	ENST00000326047	35	0		0		8	7,12,13,14,17,20,21,34	4867	0	0.0	0	0.0	1452	29.8
KIF17	ENST00000400463	15	0		0		0		3387	0	0.0	0	0.0	0	0.0
KIF1A	ENST00000498729	48	0		0		0		6336	0	0.0	0	0.0	0	0.0
KIF1B	ENST00000676179	48	0		0		0		6411	0	0.0	0	0.0	0	0.0
KIF1C	ENST00000320785	21	0		1	7	5	7,9,16,22,23	3732	0	0.0	199	5.3	1735	46.5
KIF20A	ENST00000394894	18	0		0		1	19	3033	0	0.0	0	0.0	338	11.1
KIF21A	ENST00000361418	38	0		0		0		5785	0	0.0	0	0.0	0	0.0
KIF21B	ENST00000461742	35	1	6	2	6,33	4	6,27,33,35	5572	188	3.4	379	6.8	591	10.6
KIF22	ENST00000160827	14	0		1	4	3	2,4,9	2278	0	0.0	175	7.7	580	25.5
KIF23	ENST00000679126	24	1	6	5	1,3,6,15,18	9	1,3,6,7,15,16,18,19,20	3405	130	3.8	689	20.2	1662	48.8
KIF26A	ENST00000423312	15	2	1,2	3	1,2,4	4	1,2,4,13	5949	328	5.5	536	9.0	762	12.8
KIF26B	ENST00000407071	15	2	3,14	6	3,5,8,10,12,14	13	3,4,5,6,7,8,9,10,11,12,13,14,15	6627	725	10.9	4815	72.7	6122	92.4
KIF2A	ENST00000407818	21	0		0		7	5,7,8,9,13,15,20	2655	0	0.0	0	0.0	967	36.4
KIF3B	ENST00000375712	8	0		0		2	6,9	2404	0	0.0	0	0.0	251	10.4
KIF3C	ENST00000264712	8	0		0		0		2542	0	0.0	0	0.0	0	0.0
KIF4A	ENST00000374403	30	1	3	5	3,6,8,9,11	25	2,3,4,5,6,7,8,9,10,11,13,15,16,17,18,19,20,21,22,23,24,25,29,30,31	4299	135	3.1	808	18.8	3726	86.7
KIF5A	ENST00000455537	28	0		0		0		3659	0	0.0	0	0.0	0	0.0
KIF5B	ENST00000302418	25	1	19	2	12,19	8	4,7,8,10,11,12,16,19	3392	130	3.8	344	10.1	1266	37.3
KIF5C	ENST00000435030	25	1	25	10	4,6,7,10,11,12,15,16,18,25	22	4,5,6,7,8,9,10,11,12,13,14,15,16,17,18,19,20,21,22,23,24,25	3374	127	3.8	1443	42.8	3023	89.6
KIF6	ENST00000287152	23	0		0		5	4,7,8,12,20	2905	0	0.0	0	0.0	789	27.2
KIF7	ENST00000394412	18	2	4,5	2	4,5	3	2,4,5	4392	954	21.7	954	21.7	1302	29.6
KIFBP	ENST00000361983	7	0		0		1	7	2006	0	0.0	0	0.0	896	44.7
KIR3DL1	ENST00000391728	9	9	1,2,3,4,5,6,7,8,9	9	1,2,3,4,5,6,7,8,9	9	1,2,3,4,5,6,7,8,9	1515	1515	100.0	1515	100.0	1515	100.0
KIRREL1	ENST00000359209	15	0		1	1	2	1,15	2574	0	0.0	72	2.8	569	22.1
KIRREL3	ENST00000525144	17	1	17	2	12,17	2	12,17	2677	464	17.3	683	25.5	683	25.5
KISS1	ENST00000367194	2	0		0		0		457	0	0.0	0	0.0	0	0.0
KISS1R	ENST00000234371	5	0		1	5	1	5	1297	0	0.0	479	36.9	479	36.9
KIT	ENST00000288135	21	0		0		0		3351	0	0.0	0	0.0	0	0.0
KITLG	ENST00000644744	9	0		0		0		1002	0	0.0	0	0.0	0	0.0
KIZ	ENST00000619189	13	0		0		3	3,5,6	2282	0	0.0	0	0.0	1170	51.3
KL	ENST00000380099	5	1	1	1	1	1	1	3139	839	26.7	839	26.7	839	26.7
KLB	ENST00000257408	5	0		1	5	5	1,2,3,4,5	3235	0	0.0	406	12.6	3235	100.0
KLC1	ENST00000334553	15	1	6	1	6	3	2,5,6	2220	108	4.9	108	4.9	635	28.6
KLC2	ENST00000394067	15	0		1	7	2	5,7	2169	0	0.0	122	5.6	365	16.8
KLC4	ENST00000347162	15	0		0		1	2	2160	0	0.0	0	0.0	278	12.9
KLF1	ENST00000264834	3	0		0		0		1149	0	0.0	0	0.0	0	0.0
KLF10	ENST00000285407	4	0		0		1	3	1523	0	0.0	0	0.0	933	61.3
KLF11	ENST00000305883	4	0		0		1	3	1619	0	0.0	0	0.0	966	59.7
KLF13	ENST00000307145	2	1	1	2	1,2	2	1,2	907	597	65.8	907	100.0	907	100.0
KLF2	ENST00000248071	3	1	2	1	2	1	2	1128	837	74.2	837	74.2	837	74.2
KLF4	ENST00000374672	5	0		1	1	1	1	1540	0	0.0	25	1.6	25	1.6
KLF6	ENST00000497571	4	0		0		0		932	0	0.0	0	0.0	0	0.0
KLF7	ENST00000309446	4	0		1	2	1	2	989	0	0.0	651	65.8	651	65.8
KLHDC4	ENST00000270583	11	0		0		3	2,9,10	1783	0	0.0	0	0.0	764	42.8
KLHDC8B	ENST00000332780	5	0		0		2	2,6	1165	0	0.0	0	0.0	613	52.6
KLHDC9	ENST00000368011	4	0		0		0		1130	0	0.0	0	0.0	0	0.0
KLHL10	ENST00000293303	5	0		0		0		1927	0	0.0	0	0.0	0	0.0
KLHL13	ENST00000540167	7	0		5	3,5,6,7,8	6	2,3,5,6,7,8	2060	0	0.0	1837	89.2	1907	92.6
KLHL15	ENST00000328046	2	0		2	3,4	2	3,4	1855	0	0.0	1855	100.0	1855	100.0
KLHL17	ENST00000338591	12	1	1	1	1	1	1	2169	127	5.9	127	5.9	127	5.9
KLHL20	ENST00000209884	11	1	3	1	3	4	3,4,7,8	2050	594	29.0	594	29.0	1141	55.7
KLHL24	ENST00000242810	6	0		0		3	3,4,6	1923	0	0.0	0	0.0	1354	70.4
KLHL3	ENST00000309755	15	0		0		0		2064	0	0.0	0	0.0	0	0.0
KLHL40	ENST00000287777	6	0		0		0		1986	0	0.0	0	0.0	0	0.0
KLHL41	ENST00000284669	6	1	6	1	6	4	2,3,4,6	1941	132	6.8	132	6.8	644	33.2
KLHL42	ENST00000381271	3	1	3	1	3	2	1,3	1578	472	29.9	472	29.9	1364	86.4
KLHL7	ENST00000339077	11	0		0		0		1981	0	0.0	0	0.0	0	0.0
KLHL9	ENST00000359039	1	0		0		0		1874	0	0.0	0	0.0	0	0.0
KLK1	ENST00000301420	5	0		0		2	1,2	889	0	0.0	0	0.0	246	27.7
KLK11	ENST00000453757	5	1	4	2	2,4	2	2,4	853	286	33.5	346	40.6	346	40.6
KLK4	ENST00000324041	5	0		0		0		865	0	0.0	0	0.0	0	0.0
KLK5	ENST00000336334	5	1	2	1	2	1	2	982	93	9.5	93	9.5	93	9.5
KLK7	ENST00000595820	5	0		0		0		862	0	0.0	0	0.0	0	0.0
KLKB1	ENST00000264690	14	0		0		0		2197	0	0.0	0	0.0	0	0.0
KLLN	ENST00000445946	1	1	1	1	1	1	1	557	557	100.0	557	100.0	557	100.0
KLRG1	ENST00000356986	5	0		0		1	3	670	0	0.0	0	0.0	190	28.4
KLRG2	ENST00000340940	5	0		1	1	1	1	1330	0	0.0	777	58.4	777	58.4
KMO	ENST00000366559	15	0		0		1	15	1761	0	0.0	0	0.0	221	12.5
KMT2A	ENST00000534358	36	2	1,19	2	1,19	7	1,7,15,19,22,25,26	12639	666	5.3	666	5.3	1835	14.5
KMT2B	ENST00000420124	37	1	1	3	1,3,8	7	1,3,6,8,11,30,33	8888	383	4.3	2720	30.6	3482	39.2
KMT2C	ENST00000262189	59	4	6,26,30,52	7	1,6,10,26,30,35,52	21	1,6,9,10,11,12,17,19,20,23,26,30,35,41,42,45,46,47,48,52,55	15916	1474	9.3	2048	12.9	4443	27.9
KMT2D	ENST00000301067	54	0		4	11,32,43,52	6	11,29,32,42,43,52	17694	0	0.0	3877	21.9	4327	24.5
KMT2E	ENST00000311117	25	0		3	8,11,16	11	4,5,8,11,13,16,18,19,20,22,23	6077	0	0.0	529	8.7	2646	43.5
KMT5B	ENST00000304363	10	0		0		3	3,7,11	2858	0	0.0	0	0.0	1859	65.0
KNG1	ENST00000644859	10	0		0		0		2135	0	0.0	0	0.0	0	0.0
KNL1	ENST00000399668	25	1	25	2	7,25	5	7,11,23,24,25	7451	143	1.9	197	2.6	625	8.4
KNSTRN	ENST00000249776	9	0		0		0		1131	0	0.0	0	0.0	0	0.0
KNTC1	ENST00000333479	63	1	58	1	58	13	4,26,30,34,35,36,40,43,48,50,55,58,62	7890	75	1.0	75	1.0	2187	27.7
KPLCE	ENST00000368775	1	1	1	1	1	1	1	773	773	100.0	773	100.0	773	100.0
KPNA3	ENST00000261667	17	0		1	16	4	9,11,15,16	1906	0	0.0	115	6.0	640	33.6
KPNA4	ENST00000334256	17	0		1	9	3	9,11,15	1906	0	0.0	190	10.0	525	27.5
KPNA7	ENST00000327442	10	0		1	7	2	7,9	1751	0	0.0	284	16.2	487	27.8
KPTN	ENST00000338134	12	0		0		1	11	1551	0	0.0	0	0.0	203	13.1
KRAS	ENST00000256078	4	0		0		0		650	0	0.0	0	0.0	0	0.0
KRAS	ENST00000311936	4	0		0		0		647	0	0.0	0	0.0	0	0.0
KREMEN1	ENST00000400335	9	1	1	2	1,6	2	1,6	1557	117	7.5	470	30.2	470	30.2
KRIT1	ENST00000394505	16	0		0		1	18	2531	0	0.0	0	0.0	137	5.4
KRT1	ENST00000252244	9	0		0		0		2115	0	0.0	0	0.0	0	0.0
KRT10	ENST00000269576	8	1	7	1	7	2	1,7	1915	395	20.6	395	20.6	1042	54.4
KRT12	ENST00000251643	8	1	1	2	1,4	2	1,4	1645	587	35.7	769	46.7	769	46.7
KRT13	ENST00000246635	8	0		0		0		1537	0	0.0	0	0.0	0	0.0
KRT14	ENST00000167586	8	0		0		0		1579	0	0.0	0	0.0	0	0.0
KRT16	ENST00000301653	8	0		0		0		1582	0	0.0	0	0.0	0	0.0
KRT17	ENST00000311208	8	0		0		0		1459	0	0.0	0	0.0	0	0.0
KRT18	ENST00000388835	7	0		0		0		1433	0	0.0	0	0.0	0	0.0
KRT2	ENST00000309680	9	0		0		0		2100	0	0.0	0	0.0	0	0.0
KRT25	ENST00000312150	8	0		2	1,4	2	1,4	1513	0	0.0	631	41.7	631	41.7
KRT3	ENST00000417996	9	0		0		1	9	2067	0	0.0	0	0.0	337	16.3
KRT4	ENST00000551956	9	0		0		0		1743	0	0.0	0	0.0	0	0.0
KRT5	ENST00000252242	9	0		0		0		1953	0	0.0	0	0.0	0	0.0
KRT6A	ENST00000330722	9	0		0		0		1875	0	0.0	0	0.0	0	0.0
KRT6B	ENST00000252252	9	0		0		0		1875	0	0.0	0	0.0	0	0.0
KRT6C	ENST00000252250	9	0		0		0		1875	0	0.0	0	0.0	0	0.0
KRT71	ENST00000267119	9	0		0		2	1,5	1752	0	0.0	0	0.0	646	36.9
KRT74	ENST00000305620	9	0		0		0		1770	0	0.0	0	0.0	0	0.0
KRT75	ENST00000252245	9	0		0		0		1836	0	0.0	0	0.0	0	0.0
KRT8	ENST00000692008	8	0		0		1	1	1612	0	0.0	0	0.0	344	21.3
KRT81	ENST00000327741	9	0		0		0		1698	0	0.0	0	0.0	0	0.0
KRT83	ENST00000293670	9	0		0		0		1662	0	0.0	0	0.0	0	0.0
KRT85	ENST00000257901	9	0		0		0		1704	0	0.0	0	0.0	0	0.0
KRT86	ENST00000423955	9	0		0		0		1641	0	0.0	0	0.0	0	0.0
KRT9	ENST00000246662	7	0		0		0		2012	0	0.0	0	0.0	0	0.0
KRTDAP	ENST00000338897	6	0		0		0		420	0	0.0	0	0.0	0	0.0
KSR2	ENST00000339824	20	0		0		4	4,5,14,17	3253	0	0.0	0	0.0	1279	39.3
KY	ENST00000423778	11	0		1	10	3	1,10,11	2206	0	0.0	211	9.6	1283	58.2
KYNU	ENST00000264170	13	0		0		0		1658	0	0.0	0	0.0	0	0.0
L1CAM	ENST00000370060	28	0		0		0		4334	0	0.0	0	0.0	0	0.0
L2HGDH	ENST00000267436	10	0		0		0		1592	0	0.0	0	0.0	0	0.0
LACC1	ENST00000325686	5	0		0		5	2,3,4,5,6	1393	0	0.0	0	0.0	1393	100.0
LACTB	ENST00000261893	6	1	1	2	1,6	5	1,3,4,5,6	1764	377	21.4	923	52.3	1677	95.1
LAGE3	ENST00000357360	3	1	1	1	1	1	1	492	208	42.3	208	42.3	208	42.3
LAMA1	ENST00000389658	63	0		0		1	33	10488	0	0.0	0	0.0	163	1.6
LAMA2	ENST00000421865	65	0		0		0		10669	0	0.0	0	0.0	0	0.0
LAMA3	ENST00000269217	38	0		0		0		5935	0	0.0	0	0.0	0	0.0
LAMA3	ENST00000313654	75	1	1	1	1	1	1	11502	314	2.7	314	2.7	314	2.7
LAMA4	ENST00000230538	38	0		1	20	2	20,24	6232	0	0.0	194	3.1	386	6.2
LAMA5	ENST00000252999	80	2	1,55	7	1,15,26,35,54,55,66	10	1,13,15,26,35,36,54,55,66,76	12688	492	3.9	1326	10.5	1823	14.4
LAMB1	ENST00000222399	33	0		1	10	9	3,6,10,11,21,25,26,30,32	6021	0	0.0	209	3.5	2018	33.5
LAMB2	ENST00000305544	32	0		0		0		6037	0	0.0	0	0.0	0	0.0
LAMB3	ENST00000356082	22	0		0		0		3959	0	0.0	0	0.0	0	0.0
LAMC1	ENST00000258341	28	1	1	2	1,2	9	1,2,4,7,10,13,18,23,26	5390	438	8.1	763	14.2	2014	37.4
LAMC2	ENST00000264144	23	0		0		1	10	4042	0	0.0	0	0.0	203	5.0
LAMC3	ENST00000361069	28	1	1	1	1	1	1	5288	393	7.4	393	7.4	393	7.4
LAMP2	ENST00000200639	9	0		0		0		1413	0	0.0	0	0.0	0	0.0
LAMP3	ENST00000265598	6	0		0		1	2	1371	0	0.0	0	0.0	730	53.2
LAMTOR2	ENST00000368305	4	0		0		0		458	0	0.0	0	0.0	0	0.0
LARGE1	ENST00000397394	14	0		0		0		2551	0	0.0	0	0.0	0	0.0
LARP1	ENST00000518297	19	1	1	2	1,19	4	1,10,11,19	3671	456	12.4	686	18.7	1289	35.1
LARP1B	ENST00000326639	18	0		3	4,7,11	10	4,5,7,8,10,11,16,17,18,19	3105	0	0.0	764	24.6	1907	61.4
LARP4	ENST00000398473	16	1	1	1	1	8	1,2,3,5,6,9,15,16	2495	38	1.5	38	1.5	1444	57.9
LARP7	ENST00000344442	12	0		0		2	5,11	1989	0	0.0	0	0.0	365	18.4
LARS1	ENST00000394434	32	1	18	2	18,26	8	4,10,18,19,23,25,26,32	4171	103	2.5	264	6.3	1361	32.6
LARS2	ENST00000645846	20	0		0		2	7,17	3112	0	0.0	0	0.0	313	10.1
LAS1L	ENST00000374811	14	0		1	12	4	5,11,12,13	2485	0	0.0	499	20.1	1143	46.0
LAT	ENST00000395456	11	0		2	6,7	3	4,6,7	922	0	0.0	128	13.9	230	24.9
LBR	ENST00000272163	13	0		0		0		2108	0	0.0	0	0.0	0	0.0
LBX1	ENST00000370193	2	0		0		1	1	886	0	0.0	0	0.0	345	38.9
LCA5	ENST00000369846	7	0		0		0		2234	0	0.0	0	0.0	0	0.0
LCAT	ENST00000264005	6	0		0		0		1443	0	0.0	0	0.0	0	0.0
LCE3B	ENST00000335633	1	0		0		0		308	0	0.0	0	0.0	0	0.0
LCE3C	ENST00000684028	1	0		1	2	1	2	305	0	0.0	305	100.0	305	100.0
LCK	ENST00000336890	12	0		0		2	3,9	1770	0	0.0	0	0.0	302	17.1
LCORL	ENST00000635767	8	1	7	5	1,4,6,7,8	6	1,4,5,6,7,8	5776	4846	83.9	5318	92.1	5590	96.8
LCP1	ENST00000323076	15	0		0		3	4,7,14	2184	0	0.0	0	0.0	480	22.0
LCP2	ENST00000046794	21	1	8	1	8	3	8,18,20	2022	118	5.8	118	5.8	409	20.2
LCT	ENST00000264162	17	0		0		0		6124	0	0.0	0	0.0	0	0.0
LCTL	ENST00000695545	13	0		1	10	5	2,9,10,11,12	1964	0	0.0	295	15.0	982	50.0
LDB1	ENST00000673968	11	0		0		1	2	1456	0	0.0	0	0.0	123	8.4
LDB3	ENST00000263066	8	0		0		0		1012	0	0.0	0	0.0	0	0.0
LDB3	ENST00000361373	13	0		0		0		2444	0	0.0	0	0.0	0	0.0
LDHA	ENST00000422447	7	0		0		0		1139	0	0.0	0	0.0	0	0.0
LDHB	ENST00000350669	7	0		0		0		1145	0	0.0	0	0.0	0	0.0
LDHD	ENST00000450168	11	0		0		0		1675	0	0.0	0	0.0	0	0.0
LDLR	ENST00000558518	18	0		0		0		2943	0	0.0	0	0.0	0	0.0
LDLRAP1	ENST00000374338	9	1	1	1	1	1	1	1107	108	9.8	108	9.8	108	9.8
LEAP2	ENST00000296877	3	0		0		0		294	0	0.0	0	0.0	0	0.0
LEF1	ENST00000265165	11	0		0		1	3	1420	0	0.0	0	0.0	154	10.8
LEFTY2	ENST00000366820	4	0		0		1	1	1181	0	0.0	0	0.0	270	22.9
LEMD2	ENST00000293760	9	1	1	2	1,6	2	1,6	1692	756	44.7	922	54.5	922	54.5
LEMD3	ENST00000308330	13	0		0		1	1	2996	0	0.0	0	0.0	1542	51.5
LEO1	ENST00000299601	12	0		0		3	2,5,10	2241	0	0.0	0	0.0	1149	51.3
LEP	ENST00000308868	2	0		0		0		544	0	0.0	0	0.0	0	0.0
LEPR	ENST00000349533	18	0		0		1	4	3858	0	0.0	0	0.0	350	9.1
LETM1	ENST00000302787	14	1	1	1	1	2	1,3	2500	102	4.1	102	4.1	573	22.9
LFNG	ENST00000222725	8	1	1	1	1	1	1	1300	452	34.8	452	34.8	452	34.8
LGALS2	ENST00000215886	4	0		0		1	1	479	0	0.0	0	0.0	26	5.4
LGALS3BP	ENST00000262776	5	0		0		1	6	1858	0	0.0	0	0.0	1149	61.8
LGALSL	ENST00000238875	5	0		0		1	1	619	0	0.0	0	0.0	56	9.0
LGI1	ENST00000371418	8	0		0		0		1834	0	0.0	0	0.0	0	0.0
LGI3	ENST00000306317	8	1	1	1	1	3	1,6,8	1807	226	12.5	226	12.5	1254	69.4
LGI4	ENST00000310123	9	2	6,9	2	6,9	4	6,7,8,9	1794	525	29.3	525	29.3	1236	68.9
LGR4	ENST00000379214	18	1	1	1	1	4	1,5,9,18	3216	205	6.4	205	6.4	1830	56.9
LGSN	ENST00000370657	4	0		0		1	3	1610	0	0.0	0	0.0	187	11.6
LHB	ENST00000649238	3	0		0		0		486	0	0.0	0	0.0	0	0.0
LHCGR	ENST00000294954	11	0		0		1	9	2320	0	0.0	0	0.0	206	8.9
LHFPL5	ENST00000360215	3	0		0		0		720	0	0.0	0	0.0	0	0.0
LHX1	ENST00000614239	5	3	2,4,5	3	2,4,5	4	2,3,4,5	1321	833	63.1	833	63.1	1131	85.6
LHX2	ENST00000373615	5	1	3	1	3	1	3	1321	424	32.1	424	32.1	424	32.1
LHX3	ENST00000371748	6	0		0		1	4	1314	0	0.0	0	0.0	172	13.1
LHX4	ENST00000263726	6	0		0		0		1293	0	0.0	0	0.0	0	0.0
LHX8	ENST00000356261	8	0		0		0		1201	0	0.0	0	0.0	0	0.0
LIAS	ENST00000640888	11	0		0		3	2,3,8	1339	0	0.0	0	0.0	473	35.3
LIFR	ENST00000453190	19	0		0		1	20	3674	0	0.0	0	0.0	644	17.5
LIG1	ENST00000263274	27	0		0		0		3300	0	0.0	0	0.0	0	0.0
LIG3	ENST00000378526	19	1	15	3	13,15,18	8	2,4,10,13,14,15,18,20	3410	163	4.8	477	14.0	1812	53.1
LIG4	ENST00000442234	1	0		0		0		2756	0	0.0	0	0.0	0	0.0
LIM2	ENST00000596399	4	0		0		0		602	0	0.0	0	0.0	0	0.0
LIMA1	ENST00000341247	10	0		1	4	2	4,11	2480	0	0.0	485	19.6	1511	60.9
LIMK1	ENST00000336180	16	0		0		2	1,7	2264	0	0.0	0	0.0	262	11.6
LIMS2	ENST00000355119	10	1	1	1	1	1	1	1226	31	2.5	31	2.5	31	2.5
LINGO1	ENST00000355300	2	0		0		1	1	1903	0	0.0	0	0.0	26	1.4
LINGO4	ENST00000368820	1	0		0		0		1802	0	0.0	0	0.0	0	0.0
LINS1	ENST00000314742	6	0		0		2	2,7	2394	0	0.0	0	0.0	1319	55.1
LIPA	ENST00000336233	9	0		0		0		1380	0	0.0	0	0.0	0	0.0
LIPC	ENST00000299022	9	0		0		0		1680	0	0.0	0	0.0	0	0.0
LIPE	ENST00000244289	10	3	1,3,9	4	1,2,3,9	5	1,2,3,6,9	3431	1459	42.5	2015	58.7	2330	67.9
LIPH	ENST00000296252	10	0		0		0		1556	0	0.0	0	0.0	0	0.0
LIPI	ENST00000681601	10	0		0		0		1583	0	0.0	0	0.0	0	0.0
LIPN	ENST00000404459	9	0		3	4,7,10	7	3,4,5,6,7,8,10	1377	0	0.0	640	46.5	1157	84.0
LIPT1	ENST00000651691	1	0		0		1	2	1142	0	0.0	0	0.0	1142	100.0
LIPT2	ENST00000310109	2	0		1	1	1	1	736	0	0.0	486	66.0	486	66.0
LITAF	ENST00000622633	3	0		0		0		546	0	0.0	0	0.0	0	0.0
LMAN1	ENST00000251047	13	0		0		0		1793	0	0.0	0	0.0	0	0.0
LMAN1L	ENST00000309664	14	0		2	3,10	3	3,4,10	1861	0	0.0	220	11.8	299	16.1
LMAN2L	ENST00000264963	8	0		0		0		1207	0	0.0	0	0.0	0	0.0
LMBR1	ENST00000353442	17	0		1	16	4	7,10,14,16	1813	0	0.0	182	10.0	483	26.6
LMBRD1	ENST00000649934	16	0		0		0		1943	0	0.0	0	0.0	0	0.0
LMBRD2	ENST00000296603	17	0		0		6	2,5,9,10,13,16	2428	0	0.0	0	0.0	1032	42.5
LMF1	ENST00000262301	11	0		0		2	1,2	1924	0	0.0	0	0.0	543	28.2
LMNA	ENST00000368300	12	0		0		0		2235	0	0.0	0	0.0	0	0.0
LMNA	ENST00000677389	10	0		0		0		1919	0	0.0	0	0.0	0	0.0
LMNB1	ENST00000261366	11	1	5	2	1,5	2	1,5	1981	146	7.4	525	26.5	525	26.5
LMNB2	ENST00000325327	12	1	1	1	1	1	1	2103	284	13.5	284	13.5	284	13.5
LMNTD2	ENST00000329451	14	6	2,8,9,10,11,13	9	2,5,8,9,10,11,12,13,14	12	1,2,3,5,7,8,9,10,11,12,13,14	2185	1107	50.7	1652	75.6	1988	91.0
LMO1	ENST00000335790	4	0		0		0		551	0	0.0	0	0.0	0	0.0
LMO2	ENST00000257818	4	1	4	2	3,4	2	3,4	764	261	34.2	288	37.7	288	37.7
LMOD1	ENST00000367288	3	0		0		0		1863	0	0.0	0	0.0	0	0.0
LMOD2	ENST00000458573	3	0		0		1	2	1704	0	0.0	0	0.0	1364	80.0
LMOD3	ENST00000420581	3	0		0		1	1	1743	0	0.0	0	0.0	314	18.0
LMTK3	ENST00000600059	15	3	11,12,13	5	9,11,12,13,14	5	9,11,12,13,14	4683	3137	67.0	3437	73.4	3437	73.4
LMX1A	ENST00000342310	8	0		1	8	3	6,8,9	1309	0	0.0	191	14.6	470	35.9
LMX1B	ENST00000373474	8	0		0		0		1369	0	0.0	0	0.0	0	0.0
LNPK	ENST00000272748	12	0		1	4	2	4,12	1527	0	0.0	208	13.6	399	26.1
LNX1	ENST00000263925	10	0		1	8	5	2,3,6,8,10	2387	0	0.0	198	8.3	1431	59.9
LONP1	ENST00000360614	18	0		0		1	1	3240	0	0.0	0	0.0	449	13.9
LORICRIN	ENST00000368742	1	1	2	1	2	1	2	959	959	100.0	959	100.0	959	100.0
LOX	ENST00000231004	7	0		1	1	2	1,3	1394	0	0.0	651	46.7	809	58.0
LOXHD1	ENST00000642948	41	0		1	19	10	5,10,13,17,19,22,25,28,29,40	7642	0	0.0	483	6.3	2077	27.2
LOXL1	ENST00000261921	7	1	1	1	1	2	1,3	1865	1122	60.2	1122	60.2	1280	68.6
LOXL3	ENST00000264094	13	0		0		2	2,8	2522	0	0.0	0	0.0	521	20.7
LOXL4	ENST00000260702	14	0		0		0		2551	0	0.0	0	0.0	0	0.0
LPA	ENST00000316300	39	0		0		0		6903	0	0.0	0	0.0	0	0.0
LPAR2	ENST00000407877	2	0		1	3	1	3	1087	0	0.0	334	30.7	334	30.7
LPAR6	ENST00000620633	1	0		0		0		1055	0	0.0	0	0.0	0	0.0
LPIN1	ENST00000674199	20	0		1	10	1	10	3181	0	0.0	211	6.6	211	6.6
LPIN2	ENST00000677752	19	0		0		1	7	3071	0	0.0	0	0.0	366	11.9
LPL	ENST00000650287	10	0		0		0		1628	0	0.0	0	0.0	0	0.0
LPP	ENST00000617246	9	0		0		3	4,7,10	2019	0	0.0	0	0.0	1116	55.3
LRAT	ENST00000336356	2	0		0		0		733	0	0.0	0	0.0	0	0.0
LRBA	ENST00000651943	56	0		1	14	21	2,6,8,9,12,13,14,22,23,24,25,29,30,31,37,40,41,44,47,52,53	9679	0	0.0	189	2.0	4789	49.5
LRCH1	ENST00000389797	20	2	1,10	3	1,2,10	5	1,2,6,10,12	2692	415	15.4	580	21.5	838	31.1
LRFN2	ENST00000338305	2	0		0		1	2	2410	0	0.0	0	0.0	1420	58.9
LRFN5	ENST00000298119	4	0		0		1	3	2240	0	0.0	0	0.0	1405	62.7
LRIF1	ENST00000369763	4	0		0		2	3,4	2390	0	0.0	0	0.0	754	31.5
LRIG1	ENST00000273261	19	2	1,4	3	1,4,15	6	1,4,12,13,14,15	3662	396	10.8	836	22.8	1663	45.4
LRIG2	ENST00000361127	18	1	7	3	7,13,15	8	4,5,7,8,13,14,15,17	3558	164	4.6	975	27.4	2071	58.2
LRIT3	ENST00000594814	4	1	1	2	1,2	4	1,2,3,4	2120	136	6.4	629	29.7	2120	100.0
LRMDA	ENST00000611255	7	0		1	1	1	1	821	0	0.0	50	6.1	50	6.1
LRP1	ENST00000243077	89	2	53,78	6	1,11,49,53,72,78	10	1,11,27,35,49,50,53,61,72,78	15415	270	1.8	927	6.0	1696	11.0
LRP10	ENST00000359591	7	0		0		1	5	2282	0	0.0	0	0.0	1038	45.5
LRP12	ENST00000276654	7	1	1	1	1	3	1,5,7	2720	99	3.6	99	3.6	2111	77.6
LRP1B	ENST00000389484	91	2	30,48	9	12,14,24,30,41,44,48,59,61	43	8,9,10,12,14,20,21,23,24,26,27,28,29,30,32,36,37,39,41,42,44,48,49,55,56,59,60,61,70,72,73,74,75,76,78,80,81,83,84,85,89,90,91	15620	329	2.1	1974	12.6	8190	52.4
LRP2	ENST00000649046	79	0		0		1	52	15548	0	0.0	0	0.0	191	1.2
LRP4	ENST00000378623	38	0		1	1	1	1	6478	0	0.0	72	1.1	72	1.1
LRP5	ENST00000294304	23	1	1	1	1	1	1	5308	111	2.1	111	2.1	111	2.1
LRP6	ENST00000261349	23	0		0		0		5302	0	0.0	0	0.0	0	0.0
LRP8	ENST00000306052	19	0		2	1,5	4	1,5,17,18	3272	0	0.0	551	16.8	941	28.8
LRPAP1	ENST00000650182	8	0		1	6	1	6	1234	0	0.0	103	8.3	103	8.3
LRPPRC	ENST00000260665	38	1	1	1	1	1	1	4945	169	3.4	169	3.4	169	3.4
LRRC23	ENST00000443597	6	0		0		1	7	1152	0	0.0	0	0.0	294	25.5
LRRC24	ENST00000529415	4	0		2	3,5	3	2,3,5	1622	0	0.0	1254	77.3	1433	88.3
LRRC32	ENST00000260061	2	0		0		0		2029	0	0.0	0	0.0	0	0.0
LRRC37A3	ENST00000584306	12	0		0		2	6,7	5145	0	0.0	0	0.0	184	3.6
LRRC4	ENST00000249363	1	0		0		1	2	1982	0	0.0	0	0.0	1982	100.0
LRRC40	ENST00000370952	15	0		1	14	5	2,4,5,7,14	2109	0	0.0	206	9.8	895	42.4
LRRC45	ENST00000306688	17	1	2	4	2,4,5,17	5	1,2,4,5,17	2353	82	3.5	647	27.5	887	37.7
LRRC4C	ENST00000528697	1	0		0		1	7	1943	0	0.0	0	0.0	1943	100.0
LRRC56	ENST00000270115	11	4	7,10,13,14	7	5,7,8,9,10,13,14	9	4,5,7,8,9,10,12,13,14	1849	802	43.4	1323	71.6	1683	91.0
LRRC7	ENST00000651989	27	0		1	20	7	4,9,10,16,17,20,23	5268	0	0.0	201	3.8	1153	21.9
LRRC74A	ENST00000689127	14	0		1	2	1	2	1696	0	0.0	149	8.8	149	8.8
LRRC8A	ENST00000372600	2	0		0		1	4	2473	0	0.0	0	0.0	296	12.0
LRRC8C	ENST00000370454	2	0		0		1	3	2452	0	0.0	0	0.0	2294	93.6
LRRD1	ENST00000458448	5	0		0		4	2,3,4,6	2683	0	0.0	0	0.0	2545	94.9
LRRIQ4	ENST00000340806	5	0		1	5	2	2,5	1783	0	0.0	217	12.2	1257	70.5
LRRK1	ENST00000388948	33	2	17,33	2	17,33	9	3,4,16,17,24,25,27,33,34	6708	315	4.7	315	4.7	1829	27.3
LRRK2	ENST00000298910	51	0		0		1	38	8604	0	0.0	0	0.0	167	1.9
LRSAM1	ENST00000300417	24	0		0		0		2652	0	0.0	0	0.0	0	0.0
LRTOMT	NM_001145309.4	5	0		0		1	3	976	0	0.0	0	0.0	295	30.2
LSM1	ENST00000311351	4	0		0		0		482	0	0.0	0	0.0	0	0.0
LSM11	ENST00000286307	4	1	1	1	1	2	1,4	1163	468	40.2	468	40.2	899	77.3
LSM7	ENST00000252622	4	0		0		0		392	0	0.0	0	0.0	0	0.0
LSR	ENST00000605618	10	0		1	6	3	2,6,9	2006	0	0.0	194	9.7	1205	60.1
LSS	ENST00000397728	22	0		0		9	3,6,7,8,15,17,18,20,22	2639	0	0.0	0	0.0	1286	48.7
LTA	ENST00000418386	3	3	2,3,4	3	2,3,4	3	2,3,4	678	678	100.0	678	100.0	678	100.0
LTBP1	ENST00000404816	34	1	1	3	1,14,18	15	1,3,4,6,7,12,14,16,18,21,23,24,25,29,30	5846	514	8.8	777	13.3	3107	53.1
LTBP2	ENST00000261978	36	0		0		1	1	6186	0	0.0	0	0.0	514	8.3
LTBP3	ENST00000301873	28	1	1	1	1	3	1,24,25	4472	351	7.8	351	7.8	694	15.5
LTBP4	ENST00000396819	30	2	1,22	2	1,22	6	1,13,22,23,28,30	5274	437	8.3	437	8.3	1563	29.6
LTC4S	ENST00000292596	5	0		1	5	1	5	553	0	0.0	162	29.3	162	29.3
LTV1	ENST00000367576	11	0		0		3	5,7,8	1648	0	0.0	0	0.0	470	28.5
LY96	ENST00000284818	5	0		0		0		583	0	0.0	0	0.0	0	0.0
LYL1	ENST00000264824	3	1	4	2	2,4	2	2,4	903	436	48.3	791	87.6	791	87.6
LYN	ENST00000519728	12	0		0		1	9	1779	0	0.0	0	0.0	203	11.4
LYPLA2	ENST00000374514	9	0		0		0		876	0	0.0	0	0.0	0	0.0
LYRM1	ENST00000567954	3	0		0		0		429	0	0.0	0	0.0	0	0.0
LYRM4	ENST00000330636	3	0		0		0		336	0	0.0	0	0.0	0	0.0
LYRM7	ENST00000379380	5	0		0		1	4	415	0	0.0	0	0.0	102	24.6
LYSET	ENST00000415050	2	1	2	1	2	1	2	532	432	81.2	432	81.2	432	81.2
LYST	ENST00000389793	51	0		1	5	1	5	12426	0	0.0	2100	16.9	2100	16.9
LYZ	ENST00000261267	4	0		0		0		527	0	0.0	0	0.0	0	0.0
LZTFL1	ENST00000296135	10	1	7	2	7,8	3	3,7,8	1100	98	8.9	295	26.8	510	46.4
LZTR1	ENST00000646124	21	1	10	1	10	1	10	2943	176	6.0	176	6.0	176	6.0
LZTS1	ENST00000381569	3	0		1	3	2	2,3	1851	0	0.0	824	44.5	1189	64.2
M1AP	ENST00000421985	10	1	6	1	6	3	3,5,6	1793	183	10.2	183	10.2	583	32.5
MAB21L1	ENST00000379919	1	0		0		1	1	1100	0	0.0	0	0.0	1100	100.0
MAB21L2	ENST00000317605	1	0		0		1	1	1100	0	0.0	0	0.0	1100	100.0
MACF1	ENST00000564288	101	4	23,25,35,60	7	23,25,35,56,60,63,95	26	7,11,15,18,23,25,26,27,34,35,36,38,45,48,49,51,56,57,58,60,63,65,84,86,89,95	24688	679	2.8	1284	5.2	7121	28.8
MACROD2	ENST00000684519	18	1	6	2	2,6	3	2,3,6	1707	142	8.3	279	16.3	407	23.8
MACROH2A1	ENST00000511689	8	2	3,6	2	3,6	2	3,6	1279	247	19.3	247	19.3	247	19.3
MAD1L1	ENST00000265854	17	0		0		2	12,13	2497	0	0.0	0	0.0	326	13.1
MAD2L2	ENST00000376692	8	0		2	2,6	2	2,6	796	0	0.0	175	22.0	175	22.0
MADD	ENST00000706887	36	2	14,34	2	14,34	5	8,13,14,20,34	5673	189	3.3	189	3.3	889	15.7
MAF	ENST00000326043	2	1	1	1	1	1	1	1252	1138	90.9	1138	90.9	1138	90.9
MAFA	ENST00000333480	1	1	1	1	1	1	1	1082	1082	100.0	1082	100.0	1082	100.0
MAFB	ENST00000373313	1	0		0		1	1	992	0	0.0	0	0.0	992	100.0
MAG	ENST00000392213	9	0		1	6	5	4,5,6,7,8	2061	0	0.0	278	13.5	1573	76.3
MAGED1	ENST00000326587	11	1	12	1	12	4	3,4,7,12	2557	398	15.6	398	15.6	1927	75.4
MAGED2	ENST00000375068	11	1	12	2	3,12	4	3,4,11,12	2041	455	22.3	967	47.4	1431	70.1
MAGEE2	ENST00000373359	1	1	1	1	1	1	1	1592	1592	100.0	1592	100.0	1592	100.0
MAGEL2	ENST00000650528	1	0		1	1	1	1	3770	0	0.0	3770	100.0	3770	100.0
MAGI1	ENST00000402939	23	0		1	1	7	1,4,10,11,12,16,23	4849	0	0.0	333	6.9	2505	51.7
MAGI2	ENST00000354212	22	1	22	2	18,22	6	2,3,12,16,18,22	4808	682	14.2	874	18.2	1630	33.9
MAGI3	ENST00000307546	21	1	3	2	3,10	7	3,5,9,10,12,15,21	4866	140	2.9	766	15.7	2694	55.4
MAGT1	ENST00000618282	10	0		0		0		1208	0	0.0	0	0.0	0	0.0
MAK	ENST00000354489	14	0		0		0		2227	0	0.0	0	0.0	0	0.0
MAL	ENST00000309988	4	0		0		0		542	0	0.0	0	0.0	0	0.0
MALT1	ENST00000649217	17	1	1	2	1,11	6	1,4,5,11,14,17	2815	229	8.1	427	15.2	1425	50.6
MAMDC2	ENST00000377182	14	0		4	3,6,10,11	11	1,2,3,4,5,6,7,9,10,11,12	2341	0	0.0	856	36.6	1987	84.9
MAML2	ENST00000524717	5	0		0		4	1,2,4,5	3571	0	0.0	0	0.0	3347	93.7
MAMLD1	ENST00000370401	6	0		1	4	2	2,4	2445	0	0.0	1766	72.2	1882	77.0
MAN1B1	ENST00000371589	13	0		0		0		2360	0	0.0	0	0.0	0	0.0
MAN2A2	ENST00000559717	22	0		0		1	10	3893	0	0.0	0	0.0	223	5.7
MAN2B1	ENST00000456935	24	0		0		0		3516	0	0.0	0	0.0	0	0.0
MAN2B2	ENST00000285599	19	0		0		0		3410	0	0.0	0	0.0	0	0.0
MAN2C1	ENST00000267978	26	0		0		1	5	3643	0	0.0	0	0.0	198	5.4
MANBA	ENST00000647097	17	0		0		0		2980	0	0.0	0	0.0	0	0.0
MANF	ENST00000528157	4	1	1	1	1	1	1	629	114	18.1	114	18.1	114	18.1
MAOA	ENST00000338702	15	0		0		0		1884	0	0.0	0	0.0	0	0.0
MAOB	ENST00000378069	15	1	6	3	3,4,6	11	2,3,4,6,7,8,9,12,13,14,15	1863	162	8.7	445	23.9	1533	82.3
MAP1B	ENST00000296755	7	0		0		1	7	7547	0	0.0	0	0.0	176	2.3
MAP1LC3B2	ENST00000556529	1	0		0		0		398	0	0.0	0	0.0	0	0.0
MAP2	ENST00000682079	12	0		1	8	5	5,8,10,12,13	5724	0	0.0	3746	65.4	4712	82.3
MAP2K1	ENST00000307102	11	0		0		0		1402	0	0.0	0	0.0	0	0.0
MAP2K2	ENST00000262948	11	0		0		0		1423	0	0.0	0	0.0	0	0.0
MAP3K1	ENST00000399503	20	1	1	1	1	1	1	4939	502	10.2	502	10.2	502	10.2
MAP3K14	ENST00000344686	15	0		0		0		3144	0	0.0	0	0.0	0	0.0
MAP3K20	ENST00000375213	19	1	10	1	10	6	2,4,6,10,17,20	2783	127	4.6	127	4.6	1335	48.0
MAP3K3	ENST00000361733	16	0		1	7	2	7,15	2201	0	0.0	154	7.0	352	16.0
MAP3K6	ENST00000357582	29	1	1	1	1	3	1,10,19	4447	360	8.1	360	8.1	721	16.2
MAP3K7	ENST00000369329	17	1	8	2	8,17	5	5,8,10,16,17	2161	151	7.0	352	16.3	798	36.9
MAP3K8	ENST00000263056	7	0		1	5	2	5,7	1544	0	0.0	282	18.3	455	29.5
MAP4K4	ENST00000324219	33	0		2	1,24	10	1,4,10,11,19,24,25,28,31,32	4815	0	0.0	289	6.0	1529	31.8
MAP7D3	ENST00000316077	18	0		3	7,8,11	11	3,4,6,7,8,9,10,11,12,13,15	2991	0	0.0	969	32.4	2166	72.4
MAPK1	ENST00000215832	8	2	1,5	2	1,5	4	1,2,3,5	1243	274	22.0	274	22.0	687	55.3
MAPK10	ENST00000641462	12	1	7	1	7	3	4,7,8	1635	159	9.7	159	9.7	535	32.7
MAPK3	ENST00000263025	8	0		0		1	1	1300	0	0.0	0	0.0	190	14.6
MAPK8	ENST00000374189	11	1	8	1	8	4	4,6,8,12	1504	203	13.5	203	13.5	634	42.2
MAPK8IP1	ENST00000241014	12	1	3	1	3	2	1,3	2376	335	14.1	335	14.1	456	19.2
MAPK8IP3	ENST00000610761	32	0		1	18	2	1,18	4654	0	0.0	116	2.5	454	9.8
MAPKAPK3	ENST00000621469	10	0		0		2	2,6	1349	0	0.0	0	0.0	383	28.4
MAPKAPK5	ENST00000550735	14	1	14	3	1,11,14	4	1,9,11,14	1696	115	6.8	322	19.0	530	31.2
MAPKBP1	ENST00000457542	30	2	3,22	2	3,22	4	3,14,22,28	5127	188	3.7	188	3.7	638	12.4
MAPRE2	ENST00000300249	7	0		0		1	2	1124	0	0.0	0	0.0	148	13.2
MAPT	ENST00000262410	12	1	5	1	5	4	4,5,7,12	2742	1085	39.6	1085	39.6	1522	55.5
MARCHF6	ENST00000274140	26	1	16	1	16	6	2,7,15,16,17,21	3253	140	4.3	140	4.3	945	29.1
MARCHF9	ENST00000266643	4	1	1	1	1	2	1,4	1121	377	33.6	377	33.6	732	65.3
MARK2	ENST00000402010	19	0		0		0		2747	0	0.0	0	0.0	0	0.0
MARK3	ENST00000429436	18	0		0		1	18	2622	0	0.0	0	0.0	366	14.0
MARK4	ENST00000262891	17	0		1	16	3	7,13,16	2599	0	0.0	65	2.5	380	14.6
MARS1	ENST00000262027	21	0		0		0		3123	0	0.0	0	0.0	0	0.0
MARS2	ENST00000282276	1	0		0		0		1802	0	0.0	0	0.0	0	0.0
MARVELD2	ENST00000325631	6	0		0		3	2,3,6	1797	0	0.0	0	0.0	1293	72.0
MASP1	ENST00000296280	11	0		0		0		2407	0	0.0	0	0.0	0	0.0
MASP1	ENST00000337774	16	0		0		0		2420	0	0.0	0	0.0	0	0.0
MASP2	ENST00000400897	11	1	1	1	1	4	1,2,9,11	2281	25	1.1	25	1.1	1213	53.2
MAST1	ENST00000251472	26	0		0		2	1,20	5233	0	0.0	0	0.0	371	7.1
MAST2	ENST00000361297	29	1	1	2	1,23	7	1,2,3,12,17,18,23	5977	197	3.3	501	8.4	1324	22.2
MAST3	ENST00000687212	28	2	1,3	3	1,3,8	3	1,3,8	4604	169	3.7	265	5.8	265	5.8
MAST4	ENST00000403625	29	1	1	1	1	3	1,17,18	8452	383	4.5	383	4.5	722	8.5
MASTL	ENST00000375940	12	0		0		0		2880	0	0.0	0	0.0	0	0.0
MAT1A	ENST00000372213	9	0		0		0		1368	0	0.0	0	0.0	0	0.0
MAT2A	ENST00000306434	9	1	3	2	3,6	2	3,6	1368	143	10.5	382	27.9	382	27.9
MATN2	ENST00000254898	18	0		0		4	3,7,14,18	3231	0	0.0	0	0.0	1286	39.8
MATN3	ENST00000407540	8	1	1	1	1	2	1,2	1621	243	15.0	243	15.0	830	51.2
MATN4	ENST00000372756	9	0		0		1	7	1926	0	0.0	0	0.0	434	22.5
MATR3	ENST00000394805	14	0		0		0		2824	0	0.0	0	0.0	0	0.0
MAU2	ENST00000262815	19	0		0		0		2222	0	0.0	0	0.0	0	0.0
MAX	ENST00000358664	5	0		0		0		583	0	0.0	0	0.0	0	0.0
MB	ENST00000397326	3	0		1	3	1	3	525	0	0.0	167	31.8	167	31.8
MBD2	ENST00000256429	6	1	1	1	1	3	1,4,5	1356	562	41.4	562	41.4	871	64.2
MBD3L1	ENST00000595891	1	0		1	3	1	3	605	0	0.0	605	100.0	605	100.0
MBD4	ENST00000429544	8	0		0		0		1885	0	0.0	0	0.0	0	0.0
MBD5	ENST00000642680	10	0		0		0		5384	0	0.0	0	0.0	0	0.0
MBL2	ENST00000674931	4	0		1	5	2	3,5	827	0	0.0	394	47.6	531	64.2
MBOAT2	ENST00000305997	13	1	1	2	1,9	7	1,2,4,7,8,9,13	1823	95	5.2	219	12.0	1164	63.9
MBOAT7	ENST00000245615	7	7	2,3,4,5,6,7,8	7	2,3,4,5,6,7,8	7	2,3,4,5,6,7,8	1559	1559	100.0	1559	100.0	1559	100.0
MBTPS1	ENST00000343411	22	0		1	14	3	2,14,19	3599	0	0.0	193	5.4	537	14.9
MBTPS2	ENST00000379484	11	0		0		0		1780	0	0.0	0	0.0	0	0.0
MC1R	ENST00000555147	1	0		0		0		974	0	0.0	0	0.0	0	0.0
MC2R	ENST00000327606	1	0		0		0		914	0	0.0	0	0.0	0	0.0
MC3R	ENST00000243911	1	0		0		0		992	0	0.0	0	0.0	0	0.0
MC4R	ENST00000299766	1	0		0		0		1019	0	0.0	0	0.0	0	0.0
MCAT	ENST00000290429	4	1	4	3	1,3,4	3	1,3,4	1253	464	37.0	1145	91.4	1145	91.4
MCC	ENST00000408903	19	1	1	1	1	3	1,3,11	3440	190	5.5	190	5.5	591	17.2
MCCC1	ENST00000265594	19	0		0		0		2558	0	0.0	0	0.0	0	0.0
MCCC2	ENST00000340941	17	0		0		6	1,2,3,4,5,6	2032	0	0.0	0	0.0	744	36.6
MCEE	ENST00000244217	3	0		0		0		591	0	0.0	0	0.0	0	0.0
MCF2	ENST00000519895	28	0		5	10,11,12,13,18	21	2,3,4,5,6,8,9,10,11,12,13,15,16,17,18,20,23,25,26,27,28	3566	0	0.0	892	25.0	2813	78.9
MCF2L	ENST00000535094	30	1	6	2	6,28	3	6,28,30	3978	137	3.4	270	6.8	376	9.5
MCFD2	ENST00000319466	3	0		0		0		501	0	0.0	0	0.0	0	0.0
MCIDAS	ENST00000513312	7	0		1	2	2	2,5	1298	0	0.0	117	9.0	361	27.8
MCM10	ENST00000378714	19	0		0		4	3,6,8,14	3005	0	0.0	0	0.0	991	33.0
MCM2	ENST00000265056	16	0		0		1	13	3035	0	0.0	0	0.0	272	9.0
MCM3AP	ENST00000291688	28	1	7	2	7,24	5	7,9,11,23,24	6503	218	3.4	496	7.6	1352	20.8
MCM4	ENST00000649973	16	0		1	12	2	8,12	2912	0	0.0	386	13.3	545	18.7
MCM5	ENST00000216122	16	0		2	2,8	2	2,8	2525	0	0.0	379	15.0	379	15.0
MCM6	ENST00000264156	17	1	13	2	11,13	4	7,11,13,16	2806	182	6.5	358	12.8	689	24.6
MCM7	ENST00000303887	15	0		0		0		2460	0	0.0	0	0.0	0	0.0
MCM8	ENST00000610722	18	0		1	18	6	2,3,7,10,15,18	2883	0	0.0	210	7.3	1178	40.9
MCM9	ENST00000619706	12	0		2	3,11	5	3,4,9,11,12	3672	0	0.0	548	14.9	1183	32.2
MCMDC2	ENST00000422365	14	0		0		6	5,8,9,13,14,15	2326	0	0.0	0	0.0	1100	47.3
MCOLN1	ENST00000264079	14	0		0		1	1	2023	0	0.0	0	0.0	51	2.5
MCPH1	ENST00000344683	14	0		0		0		2788	0	0.0	0	0.0	0	0.0
MCRS1	ENST00000343810	14	0		0		0		1669	0	0.0	0	0.0	0	0.0
MCTP2	ENST00000357742	22	0		0		7	2,7,9,10,15,17,20	3077	0	0.0	0	0.0	1345	43.7
MCTS1	ENST00000371317	6	0		1	3	5	2,3,4,5,6	666	0	0.0	118	17.7	635	95.3
MDFIC	ENST00000393486	4	0		1	2	4	2,3,4,5	821	0	0.0	114	13.9	821	100.0
MDH1	ENST00000233114	9	0		0		3	4,6,9	1185	0	0.0	0	0.0	539	45.5
MDH2	ENST00000315758	9	0		0		0		1197	0	0.0	0	0.0	0	0.0
MDM2	ENST00000258149	11	1	9	1	9	3	4,8,9	1714	176	10.3	176	10.3	511	29.8
MDM4	ENST00000367182	10	0		0		3	4,9,11	1673	0	0.0	0	0.0	914	54.6
MDN1	ENST00000369393	102	1	87	2	10,87	21	4,5,10,20,23,24,28,39,40,46,51,53,61,63,64,65,70,87,89,94,102	18831	173	0.9	387	2.1	4759	25.3
ME2	ENST00000321341	15	0		0		7	3,4,6,7,10,11,12	2055	0	0.0	0	0.0	1062	51.7
ME3	ENST00000543262	14	0		0		3	2,4,15	2095	0	0.0	0	0.0	555	26.5
MECOM	ENST00000651503	17	1	15	4	2,8,15,16	7	2,6,8,11,13,15,16	4060	257	6.3	2196	54.1	2741	67.5
MECP2	ENST00000303391	3	0		0		0		1521	0	0.0	0	0.0	0	0.0
MECP2	ENST00000453960	3	0		1	1	1	1	1557	0	0.0	82	5.3	82	5.3
MECR	ENST00000263702	10	0		0		2	1,8	1322	0	0.0	0	0.0	277	21.0
MED11	ENST00000293777	3	0		0		0		414	0	0.0	0	0.0	0	0.0
MED12	ENST00000374080	45	0		0		1	28	7434	0	0.0	0	0.0	200	2.7
MED12L	ENST00000687756	44	1	2	3	2,16,27	17	2,4,8,16,19,20,21,27,28,30,34,35,36,37,38,40,42	7423	119	1.6	536	7.2	3270	44.1
MED13	ENST00000397786	30	0		0		18	3,4,6,7,10,12,14,15,16,17,18,19,20,21,25,26,27,28	7125	0	0.0	0	0.0	4625	64.9
MED13L	ENST00000281928	31	0		0		0		7253	0	0.0	0	0.0	0	0.0
MED16	ENST00000325464	15	0		0		1	10	2934	0	0.0	0	0.0	231	7.9
MED17	ENST00000251871	12	0		0		0		2196	0	0.0	0	0.0	0	0.0
MED20	ENST00000265350	4	0		0		0		719	0	0.0	0	0.0	0	0.0
MED22	ENST00000343730	4	0		1	5	1	5	683	0	0.0	210	30.7	210	30.7
MED23	ENST00000368068	29	0		0		0		4687	0	0.0	0	0.0	0	0.0
MED25	ENST00000312865	18	0		0		0		2604	0	0.0	0	0.0	0	0.0
MED27	ENST00000292035	8	0		0		0		1096	0	0.0	0	0.0	0	0.0
MED30	ENST00000297347	4	0		0		1	2	617	0	0.0	0	0.0	179	29.0
MEF2A	ENST00000557942	10	0		1	6	6	4,5,6,8,9,12	1718	0	0.0	240	14.0	1270	73.9
MEF2C	ENST00000504921	10	0		2	5,7	6	3,4,5,7,10,11	1622	0	0.0	400	24.7	1286	79.3
MEFV	ENST00000219596	10	0		0		0		2546	0	0.0	0	0.0	0	0.0
MEGF10	ENST00000503335	24	0		2	6,25	9	2,3,4,6,8,12,14,22,25	3903	0	0.0	478	12.2	1509	38.7
MEGF6	ENST00000356575	37	1	10	3	1,10,30	4	1,10,30,35	5366	140	2.6	440	8.2	589	11.0
MEGF8	ENST00000251268	42	0		3	6,19,29	14	3,6,9,11,12,14,15,19,29,30,35,36,40,42	9378	0	0.0	889	9.5	4209	44.9
MEI1	ENST00000401548	31	2	13,22	2	13,22	5	13,19,20,22,26	4445	237	5.3	237	5.3	897	20.2
MEI4	ENST00000684080	4	4	2,3,4,5	4	2,3,4,5	4	2,3,4,5	1238	1238	100.0	1238	100.0	1238	100.0
MEIOB	ENST00000325962	13	0		1	6	2	6,12	1676	0	0.0	216	12.9	420	25.1
MEIS2	ENST00000561208	12	0		0		2	2,8	1674	0	0.0	0	0.0	419	25.0
MEN1	ENST00000450708	9	0		0		0		2013	0	0.0	0	0.0	0	0.0
MEOX1	ENST00000318579	3	0		0		2	1,3	825	0	0.0	0	0.0	632	76.6
MEPCE	ENST00000310512	4	1	1	1	1	1	1	2150	1691	78.7	1691	78.7	1691	78.7
MEPE	ENST00000361056	3	0		0		1	4	1638	0	0.0	0	0.0	1490	91.0
MERTK	ENST00000295408	19	0		0		0		3380	0	0.0	0	0.0	0	0.0
MESD	ENST00000261758	3	0		0		0		765	0	0.0	0	0.0	0	0.0
MESP1	ENST00000300057	2	1	1	1	1	1	1	847	743	87.7	743	87.7	743	87.7
MESP2	ENST00000341735	2	0		0		1	1	1234	0	0.0	0	0.0	944	76.5
MEST	ENST00000223215	12	0		1	1	1	1	1248	0	0.0	46	3.7	46	3.7
MET	ENST00000397752	20	0		0		1	2	4573	0	0.0	0	0.0	1220	26.7
METAP1	ENST00000296411	11	0		0		2	5,7	1381	0	0.0	0	0.0	271	19.6
METRN	ENST00000568223	4	2	1,2	2	1,2	4	1,2,3,4	962	545	56.7	545	56.7	962	100.0
METTL13	ENST00000361735	8	0		1	2	2	2,8	2260	0	0.0	780	34.5	1075	47.6
METTL21A	ENST00000411432	3	0		0		1	4	717	0	0.0	0	0.0	418	58.3
METTL22	ENST00000381920	10	0		0		3	3,5,10	1415	0	0.0	0	0.0	755	53.4
METTL23	ENST00000341249	4	0		0		0		653	0	0.0	0	0.0	0	0.0
METTL25B	ENST00000368216	8	0		0		1	7	1588	0	0.0	0	0.0	205	12.9
METTL4	ENST00000574538	8	0		1	2	3	2,6,8	1579	0	0.0	416	26.3	723	45.8
METTL5	ENST00000260953	7	1	3	1	3	1	3	770	202	26.2	202	26.2	202	26.2
MFAP5	ENST00000359478	9	0		0		0		702	0	0.0	0	0.0	0	0.0
MFF	ENST00000304593	7	0		0		3	4,8,9	1016	0	0.0	0	0.0	447	44.0
MFGE8	ENST00000268150	8	0		1	1	1	1	1324	0	0.0	93	7.0	93	7.0
MFHAS1	ENST00000276282	3	0		0		0		3219	0	0.0	0	0.0	0	0.0
MFN1	ENST00000471841	17	0		1	14	6	4,6,12,14,15,16	2566	0	0.0	250	9.7	1077	42.0
MFN2	ENST00000235329	17	0		0		0		2614	0	0.0	0	0.0	0	0.0
MFRP	ENST00000619721	13	0		0		0		2000	0	0.0	0	0.0	0	0.0
MFSD2A	ENST00000372811	14	1	1	1	1	2	1,7	1873	113	6.0	113	6.0	224	12.0
MFSD6	ENST00000392328	6	0		1	5	2	5,7	2496	0	0.0	182	7.3	483	19.4
MFSD6L	ENST00000329805	1	0		0		0		1781	0	0.0	0	0.0	0	0.0
MFSD8	ENST00000641686	12	0		0		0		1797	0	0.0	0	0.0	0	0.0
MGA	ENST00000703841	23	0		1	16	13	2,3,7,8,9,10,11,13,14,15,16,18,23	9805	0	0.0	311	3.2	5838	59.5
MGAT2	ENST00000305386	1	0		0		0		1364	0	0.0	0	0.0	0	0.0
MGME1	ENST00000377710	4	0		0		1	2	1115	0	0.0	0	0.0	531	47.6
MGP	ENST00000539261	4	0		0		0		392	0	0.0	0	0.0	0	0.0
MIA3	ENST00000344922	28	0		0		4	6,24,27,28	6284	0	0.0	0	0.0	826	13.1
MIB1	ENST00000261537	21	0		1	17	9	1,2,7,8,9,12,13,17,21	3441	0	0.0	213	6.2	1663	48.3
MICA	ENST00000449934	5	5	1,2,3,4,5	5	1,2,3,4,5	5	1,2,3,4,5	1099	1099	100.0	1099	100.0	1099	100.0
MICAL1	ENST00000358807	24	1	13	2	13,15	7	5,10,11,13,15,16,19	3684	211	5.7	273	7.4	1048	28.4
MICAL3	ENST00000441493	31	1	11	3	11,26,29	7	5,11,13,19,26,29,32	6629	117	1.8	2070	31.2	2722	41.1
MICALL1	ENST00000215957	16	1	1	1	1	3	1,7,8	2912	166	5.7	166	5.7	647	22.2
MICOS13	ENST00000309324	4	0		0		0		437	0	0.0	0	0.0	0	0.0
MICU1	ENST00000361114	11	0		0		3	3,6,8	1651	0	0.0	0	0.0	542	32.8
MICU2	ENST00000382374	12	0		2	6,11	3	6,8,11	1545	0	0.0	281	18.2	399	25.8
MID1	ENST00000317552	9	0		1	2	1	2	2184	0	0.0	680	31.1	680	31.1
MID2	ENST00000262843	10	0		4	2,8,9,10	8	2,3,5,6,7,8,9,10	2408	0	0.0	1569	65.2	2256	93.7
MIEF1	ENST00000325301	4	0		0		2	4,5	1472	0	0.0	0	0.0	481	32.7
MIEF2	ENST00000323019	3	0		0		1	4	1425	0	0.0	0	0.0	1075	75.4
MIF	ENST00000215754	3	0		1	2	2	2,3	408	0	0.0	193	47.3	280	68.6
MILR1	ENST00000619286	9	5	1,2,3,4,5	5	1,2,3,4,5	5	1,2,3,4,5	1212	863	71.2	863	71.2	863	71.2
MINAR2	ENST00000564719	3	0		0		1	3	633	0	0.0	0	0.0	200	31.6
MINDY2	ENST00000559228	9	0		1	4	4	4,6,7,8	2046	0	0.0	179	8.7	751	36.7
MINPP1	ENST00000371996	5	1	5	1	5	1	5	1564	417	26.7	417	26.7	417	26.7
MIP	ENST00000652304	4	0		0		1	1	872	0	0.0	0	0.0	380	43.6
MIPEP	ENST00000382172	19	0		1	1	5	1,2,6,7,11	2522	0	0.0	209	8.3	957	37.9
MITF	ENST00000352241	10	0		0		0		1781	0	0.0	0	0.0	0	0.0
MITF	ENST00000394351	9	0		0		0		1440	0	0.0	0	0.0	0	0.0
MKI67	ENST00000368654	14	0		0		5	7,8,9,11,14	10051	0	0.0	0	0.0	2285	22.7
MKKS	ENST00000347364	4	0		0		0		1793	0	0.0	0	0.0	0	0.0
MKRN2	ENST00000170447	8	1	6	2	4,6	2	4,6	1411	131	9.3	456	32.3	456	32.3
MKRN3	ENST00000314520	1	0		0		0		1544	0	0.0	0	0.0	0	0.0
MKS1	ENST00000393119	18	0		0		0		2040	0	0.0	0	0.0	0	0.0
MLANA	ENST00000381477	4	0		0		0		437	0	0.0	0	0.0	0	0.0
MLC1	ENST00000311597	11	0		0		0		1354	0	0.0	0	0.0	0	0.0
MLF1	ENST00000466246	8	1	2	1	2	3	2,6,7	1012	168	16.6	168	16.6	501	49.5
MLH1	ENST00000231790	19	0		0		0		2651	0	0.0	0	0.0	0	0.0
MLH3	ENST00000355774	12	0		0		0		4602	0	0.0	0	0.0	0	0.0
MLIP	ENST00000502396	14	1	3	1	3	2	3,11	3262	413	12.7	413	12.7	562	17.2
MLLT1	ENST00000252674	12	1	1	1	1	2	1,6	1920	32	1.7	32	1.7	616	32.1
MLLT10	ENST00000307729	22	1	8	4	3,8,11,20	9	3,5,8,10,11,14,15,18,20	3647	116	3.2	1188	32.6	2134	58.5
MLLT3	ENST00000380338	11	0		0		1	5	1927	0	0.0	0	0.0	725	37.6
MLPH	ENST00000264605	15	0		0		0		2103	0	0.0	0	0.0	0	0.0
MLXIPL	ENST00000313375	17	0		0		0		2899	0	0.0	0	0.0	0	0.0
MLYCD	ENST00000262430	5	1	1	1	1	1	1	1582	548	34.6	548	34.6	548	34.6
MMAA	ENST00000649156	6	0		0		0		1377	0	0.0	0	0.0	0	0.0
MMAB	ENST00000545712	9	0		0		0		933	0	0.0	0	0.0	0	0.0
MMACHC	ENST00000401061	4	0		0		0		929	0	0.0	0	0.0	0	0.0
MMADHC	ENST00000303319	7	0		0		0		1031	0	0.0	0	0.0	0	0.0
MME	ENST00000360490	22	0		0		0		2693	0	0.0	0	0.0	0	0.0
MMGT1	ENST00000305963	4	0		0		2	3,4	476	0	0.0	0	0.0	304	63.9
MMP1	ENST00000315274	10	1	1	1	1	4	1,5,6,8	1610	125	7.8	125	7.8	622	38.6
MMP12	ENST00000571244	10	0		0		4	3,5,6,8	1613	0	0.0	0	0.0	675	41.8
MMP13	ENST00000260302	10	0		0		0		1616	0	0.0	0	0.0	0	0.0
MMP14	ENST00000311852	10	0		1	10	2	1,10	1949	0	0.0	352	18.1	480	24.6
MMP15	ENST00000219271	10	1	1	1	1	1	1	2210	182	8.2	182	8.2	182	8.2
MMP19	ENST00000322569	9	0		0		4	4,5,6,9	1707	0	0.0	0	0.0	1010	59.2
MMP2	ENST00000219070	13	0		0		1	1	2243	0	0.0	0	0.0	173	7.7
MMP20	ENST00000260228	10	0		0		0		1652	0	0.0	0	0.0	0	0.0
MMP21	ENST00000368808	7	2	1,2	3	1,2,7	3	1,2,7	1850	737	39.8	1057	57.1	1057	57.1
MMP23B	ENST00000356026	8	1	1	1	1	1	1	1333	176	13.2	176	13.2	176	13.2
MMP27	ENST00000260229	10	0		0		5	2,3,5,8,10	1742	0	0.0	0	0.0	1055	60.6
MMP3	ENST00000299855	10	0		0		3	2,3,4	1634	0	0.0	0	0.0	580	35.5
MMP9	ENST00000372330	13	0		0		1	2	2384	0	0.0	0	0.0	253	10.6
MMRN1	ENST00000264790	8	0		4	5,6,7,8	6	1,2,5,6,7,8	3847	0	0.0	2812	73.1	3595	93.4
MMRN2	ENST00000372027	7	1	6	1	6	1	6	2990	1832	61.3	1832	61.3	1832	61.3
MMS19	ENST00000438925	31	1	7	1	7	1	7	3713	149	4.0	149	4.0	149	4.0
MMUT	ENST00000274813	12	0		0		0		2493	0	0.0	0	0.0	0	0.0
MN1	ENST00000302326	2	0		0		1	1	4003	0	0.0	0	0.0	3801	95.0
MNS1	ENST00000260453	10	0		1	8	1	8	1688	0	0.0	278	16.5	278	16.5
MNX1	ENST00000252971	3	1	1	1	1	2	1,3	1266	711	56.2	711	56.2	1085	85.7
MOCOS	ENST00000261326	15	1	1	1	1	1	1	2967	162	5.5	162	5.5	162	5.5
MOCS1	ENST00000340692	11	0		0		0		2131	0	0.0	0	0.0	0	0.0
MOCS2	ENST00000396954	5	0		0		0		667	0	0.0	0	0.0	0	0.0
MOCS2	ENST00000450852	3	0		0		0		327	0	0.0	0	0.0	0	0.0
MOCS3	ENST00000244051	1	0		0		0		1403	0	0.0	0	0.0	0	0.0
MOG	ENST00000376917	8	5	1,2,3,4,8	8	1,2,3,4,5,6,7,8	8	1,2,3,4,5,6,7,8	904	685	75.8	904	100.0	904	100.0
MOGS	ENST00000448666	4	0		0		1	1	2594	0	0.0	0	0.0	372	14.3
MORC2	ENST00000397641	26	1	1	1	1	1	1	3619	88	2.4	88	2.4	88	2.4
MOS	ENST00000311923	1	0		0		0		1061	0	0.0	0	0.0	0	0.0
MOSPD2	ENST00000380492	15	0		4	3,5,8,10	11	3,4,5,6,8,9,10,11,12,14,15	1857	0	0.0	629	33.9	1529	82.3
MOV10L1	ENST00000262794	27	0		3	9,18,27	8	1,2,7,9,11,18,22,27	4176	0	0.0	484	11.6	1460	35.0
MPC1	ENST00000360961	5	0		1	3	1	3	430	0	0.0	117	27.2	117	27.2
MPC2	ENST00000271373	5	0		0		0		484	0	0.0	0	0.0	0	0.0
MPDU1	ENST00000250124	7	0		0		0		884	0	0.0	0	0.0	0	0.0
MPDZ	ENST00000319217	46	0		5	15,16,20,25,29	23	3,4,5,6,7,8,11,14,15,16,17,18,19,20,25,26,28,29,35,43,44,46,47	7133	0	0.0	1108	15.5	4312	60.5
MPEG1	ENST00000361050	1	0		0		0		2171	0	0.0	0	0.0	0	0.0
MPI	ENST00000352410	8	0		0		0		1432	0	0.0	0	0.0	0	0.0
MPIG6B	ENST00000649779	6	6	1,2,3,4,5,6	6	1,2,3,4,5,6	6	1,2,3,4,5,6	846	846	100.0	846	100.0	846	100.0
MPL	ENST00000372470	12	0		0		0		2148	0	0.0	0	0.0	0	0.0
MPLKIP	ENST00000306984	2	0		0		0		580	0	0.0	0	0.0	0	0.0
MPO	ENST00000225275	12	0		0		0		2478	0	0.0	0	0.0	0	0.0
MPP4	ENST00000409474	21	0		0		3	3,10,22	2334	0	0.0	0	0.0	574	24.6
MPP7	ENST00000683449	16	0		1	10	3	10,12,17	2051	0	0.0	217	10.6	608	29.6
MPV17	ENST00000380044	7	0		0		0		671	0	0.0	0	0.0	0	0.0
MPZ	ENST00000533357	6	0		0		0		867	0	0.0	0	0.0	0	0.0
MPZL2	ENST00000278937	5	0		0		1	4	748	0	0.0	0	0.0	168	22.5
MR1	ENST00000367580	6	0		0		1	4	1146	0	0.0	0	0.0	296	25.8
MRAP	ENST00000303645	3	0		0		0		579	0	0.0	0	0.0	0	0.0
MRAP2	ENST00000257776	3	0		0		1	4	678	0	0.0	0	0.0	411	60.6
MRAS	ENST00000423968	5	0		0		0		727	0	0.0	0	0.0	0	0.0
MRC2	ENST00000303375	30	1	1	2	1,23	4	1,12,20,23	5040	138	2.7	267	5.3	668	13.3
MRE11	ENST00000323929	19	0		0		0		2507	0	0.0	0	0.0	0	0.0
MRI1	ENST00000040663	6	0		2	1,2	3	1,2,3	1230	0	0.0	411	33.4	607	49.3
MRM2	ENST00000242257	3	0		0		1	3	801	0	0.0	0	0.0	463	57.8
MRPL12	ENST00000333676	5	0		1	2	2	1,2	697	0	0.0	207	29.7	301	43.2
MRPL3	ENST00000264995	10	0		0		3	2,9,10	1247	0	0.0	0	0.0	476	38.2
MRPL35	ENST00000337109	4	0		0		2	2,4	647	0	0.0	0	0.0	419	64.8
MRPL38	ENST00000309352	9	0		0		0		1323	0	0.0	0	0.0	0	0.0
MRPL39	ENST00000352957	10	0		1	8	1	8	1217	0	0.0	174	14.3	174	14.3
MRPL40	ENST00000333130	4	0		0		1	4	701	0	0.0	0	0.0	345	49.2
MRPL42	ENST00000549982	5	0		0		2	2,5	529	0	0.0	0	0.0	274	51.8
MRPL44	ENST00000258383	4	0		1	2	2	2,3	1079	0	0.0	489	45.3	688	63.8
MRPL49	ENST00000279242	4	0		0		0		581	0	0.0	0	0.0	0	0.0
MRPL50	ENST00000374865	2	0		1	2	1	2	517	0	0.0	405	78.3	405	78.3
MRPL54	ENST00000330133	3	0		0		0		477	0	0.0	0	0.0	0	0.0
MRPS14	ENST00000476371	3	0		0		0		447	0	0.0	0	0.0	0	0.0
MRPS16	ENST00000372945	3	0		0		0		474	0	0.0	0	0.0	0	0.0
MRPS2	ENST00000241600	4	1	4	1	4	2	1,4	971	612	63.0	612	63.0	675	69.5
MRPS22	ENST00000680020	8	0		0		0		1243	0	0.0	0	0.0	0	0.0
MRPS23	ENST00000313608	5	1	1	1	1	1	1	673	64	9.5	64	9.5	64	9.5
MRPS25	ENST00000253686	4	0		0		1	4	602	0	0.0	0	0.0	213	35.4
MRPS27	ENST00000261413	11	0		0		4	5,8,9,10	1465	0	0.0	0	0.0	609	41.6
MRPS28	ENST00000276585	3	0		1	3	2	2,3	624	0	0.0	189	30.3	391	62.7
MRPS34	ENST00000397375	3	0		0		1	1	717	0	0.0	0	0.0	341	47.6
MRPS6	ENST00000399312	3	0		1	3	2	2,3	438	0	0.0	213	48.6	373	85.2
MRPS7	ENST00000245539	5	0		0		0		829	0	0.0	0	0.0	0	0.0
MRTFA	ENST00000355630	13	1	3	3	3,10,15	5	3,7,10,12,15	3356	261	7.8	1073	32.0	2286	68.1
MRTFB	ENST00000571589	15	1	7	2	7,17	6	7,8,9,10,11,17	3600	182	5.1	738	20.5	1516	42.1
MRTO4	ENST00000330263	8	0		0		0		880	0	0.0	0	0.0	0	0.0
MS4A1	ENST00000345732	6	0		0		0		1014	0	0.0	0	0.0	0	0.0
MS4A10	ENST00000308287	7	0		0		1	6	944	0	0.0	0	0.0	131	13.9
MS4A2	ENST00000278888	7	0		0		0		875	0	0.0	0	0.0	0	0.0
MSC	ENST00000325509	2	0		0		1	1	661	0	0.0	0	0.0	554	83.8
MSGN1	ENST00000281047	1	0		0		0		602	0	0.0	0	0.0	0	0.0
MSH2	ENST00000233146	16	0		0		0		3125	0	0.0	0	0.0	0	0.0
MSH3	ENST00000265081	24	0		1	1	1	1	3894	0	0.0	257	6.6	257	6.6
MSH4	ENST00000263187	20	0		2	2,18	9	2,5,6,7,11,12,13,17,18	3211	0	0.0	398	12.4	1541	48.0
MSH5	ENST00000375750	24	16	2,3,4,6,7,9,13,15,16,17,18,19,20,21,22,25	24	2,3,4,5,6,7,8,9,10,11,12,13,14,15,16,17,18,19,20,21,22,23,24,25	24	2,3,4,5,6,7,8,9,10,11,12,13,14,15,16,17,18,19,20,21,22,23,24,25	2985	2193	73.5	2985	100.0	2985	100.0
MSH6	ENST00000234420	10	0		2	1,4	2	1,4	4283	0	0.0	2845	66.4	2845	66.4
MSI1	ENST00000257552	14	2	1,13	3	1,2,13	4	1,2,9,13	1369	287	21.0	348	25.4	486	35.5
MSL2	ENST00000309993	2	0		0		0		1774	0	0.0	0	0.0	0	0.0
MSL3	ENST00000312196	13	0		0		8	1,2,4,5,7,8,10,11	1826	0	0.0	0	0.0	1059	58.0
MSMB	ENST00000582163	4	0		0		0		425	0	0.0	0	0.0	0	0.0
MSMO1	ENST00000261507	5	0		0		0		982	0	0.0	0	0.0	0	0.0
MSN	ENST00000360270	13	0		0		5	4,6,7,10,13	1994	0	0.0	0	0.0	945	47.4
MSR1	ENST00000262101	9	0		0		0		1536	0	0.0	0	0.0	0	0.0
MSRB3	ENST00000308259	6	0		0		0		678	0	0.0	0	0.0	0	0.0
MST1	ENST00000449682	18	0		0		1	18	2538	0	0.0	0	0.0	182	7.2
MST1R	ENST00000296474	20	0		1	8	5	1,8,10,11,20	4603	0	0.0	182	4.0	2105	45.7
MSTN	ENST00000260950	3	0		0		0		1188	0	0.0	0	0.0	0	0.0
MSTO1	ENST00000245564	14	0		0		2	7,11	1993	0	0.0	0	0.0	343	17.2
MSX1	ENST00000382723	2	0		1	1	2	1,2	952	0	0.0	489	51.4	952	100.0
MSX2	ENST00000239243	2	0		0		0		844	0	0.0	0	0.0	0	0.0
MT-ATP6	chrM	1	0		0		1	1	681	0	0.0	0	0.0	681	100.0
MT-ATP8	chrM	1	0		0		1	1	207	0	0.0	0	0.0	207	100.0
MT-CO1	chrM	1	0		1	1	1	1	1542	0	0.0	1542	100.0	1542	100.0
MT-CO2	chrM	1	0		0		1	1	684	0	0.0	0	0.0	684	100.0
MT-CO3	chrM	1	0		0		1	1	784	0	0.0	0	0.0	784	100.0
MT-CYB	chrM	1	0		1	1	1	1	1141	0	0.0	1141	100.0	1141	100.0
MT-ND1	chrM	1	0		0		1	1	956	0	0.0	0	0.0	956	100.0
MT-ND2	chrM	1	0		1	1	1	1	1042	0	0.0	1042	100.0	1042	100.0
MT-ND3	chrM	1	0		0		1	1	346	0	0.0	0	0.0	346	100.0
MT-ND4	chrM	1	0		0		1	1	1378	0	0.0	0	0.0	1378	100.0
MT-ND4L	chrM	1	0		1	1	1	1	297	0	0.0	297	100.0	297	100.0
MT-ND5	chrM	1	0		0		1	1	1812	0	0.0	0	0.0	1812	100.0
MT-ND6	chrM	1	0		0		0		525	0	0.0	0	0.0	0	0.0
MT1A	ENST00000290705	3	0		0		1	3	246	0	0.0	0	0.0	112	45.5
MTAP	ENST00000644715	8	0		1	6	1	6	1012	0	0.0	260	25.7	260	25.7
MTCH1	ENST00000373627	12	1	4	2	1,4	2	1,4	1410	98	7.0	439	31.1	439	31.1
MTCL1	ENST00000695636	15	1	1	1	1	3	1,8,12	6336	1073	16.9	1073	16.9	1641	25.9
MTERF1	ENST00000351870	2	0		0		1	3	1240	0	0.0	0	0.0	1191	96.0
MTF1	ENST00000373036	10	1	11	1	11	4	2,4,9,11	2462	451	18.3	451	18.3	1647	66.9
MTFMT	ENST00000220058	9	1	1	3	1,2,9	5	1,2,3,4,9	1350	229	17.0	674	49.9	940	69.6
MTHFD1	ENST00000652337	27	0		0		0		3348	0	0.0	0	0.0	0	0.0
MTHFD1L	ENST00000367321	27	1	1	1	1	5	1,5,16,24,25	3477	247	7.1	247	7.1	841	24.2
MTHFR	ENST00000376590	11	0		0		0		2191	0	0.0	0	0.0	0	0.0
MTHFS	ENST00000258874	3	0		0		0		672	0	0.0	0	0.0	0	0.0
MTM1	ENST00000370396	14	0		0		2	4,10	2092	0	0.0	0	0.0	321	15.3
MTMR14	ENST00000296003	19	0		0		0		2333	0	0.0	0	0.0	0	0.0
MTMR2	ENST00000346299	15	0		0		0		2232	0	0.0	0	0.0	0	0.0
MTMR9	ENST00000221086	10	0		0		3	3,4,6	1850	0	0.0	0	0.0	522	28.2
MTNR1B	ENST00000257068	2	0		1	1	1	1	1129	0	0.0	243	21.5	243	21.5
MTO1	ENST00000498286	12	0		0		4	4,9,11,12	2319	0	0.0	0	0.0	865	37.3
MTOR	ENST00000361445	57	3	27,32,35	4	11,27,32,35	6	11,14,21,27,32,35	8790	465	5.3	730	8.3	1061	12.1
MTPAP	ENST00000263063	9	0		0		0		1929	0	0.0	0	0.0	0	0.0
MTR	ENST00000366577	33	0		0		0		4458	0	0.0	0	0.0	0	0.0
MTRFR	ENST00000253233	2	0		0		0		541	0	0.0	0	0.0	0	0.0
MTRR	ENST00000440940	14	0		0		0		2377	0	0.0	0	0.0	0	0.0
MTSS1	ENST00000518547	14	0		0		4	7,8,13,14	2548	0	0.0	0	0.0	1210	47.5
MTSS2	ENST00000338779	15	0		1	1	2	1,15	2544	0	0.0	89	3.5	882	34.7
MTTP	ENST00000265517	18	0		0		0		3045	0	0.0	0	0.0	0	0.0
MTX2	ENST00000249442	10	0		0		4	5,8,9,10	992	0	0.0	0	0.0	532	53.6
MUC1	NM_001371720.2	12	6	6,7,8,9,10,11	6	6,7,8,9,10,11	7	1,6,7,8,9,10,11	3933	3215	81.7	3215	81.7	3310	84.2
MUC4	ENST00000463781	25	21	2,3,4,5,6,7,8,9,10,11,12,13,14,15,16,17,18,19,21,22,23	25	1,2,3,4,5,6,7,8,9,10,11,12,13,14,15,16,17,18,19,20,21,22,23,24,25	25	1,2,3,4,5,6,7,8,9,10,11,12,13,14,15,16,17,18,19,20,21,22,23,24,25	16739	16029	95.8	16739	100.0	16739	100.0
MUC5B	ENST00000529681	49	0		1	2	4	2,21,25,27	18269	0	0.0	77	0.4	658	3.6
MUC7	ENST00000304887	2	0		0		0		1174	0	0.0	0	0.0	0	0.0
MUSK	ENST00000374448	15	1	15	2	9,15	9	3,4,5,7,9,10,12,13,15	2910	703	24.2	987	33.9	2279	78.3
MUTYH	ENST00000456914	15	0		0		0		1866	0	0.0	0	0.0	0	0.0
MUTYH	ENST00000710952	16	0		0		0		1970	0	0.0	0	0.0	0	0.0
MVD	ENST00000301012	10	0		1	4	2	4,8	1403	0	0.0	167	11.9	303	21.6
MVK	ENST00000228510	10	0		0		0		1391	0	0.0	0	0.0	0	0.0
MXI1	ENST00000332674	6	1	1	1	1	3	1,5,6	1008	294	29.2	294	29.2	670	66.5
MYADML2	ENST00000409745	1	0		1	3	1	3	944	0	0.0	944	100.0	944	100.0
MYB	ENST00000341911	16	2	1,10	3	1,6,10	4	1,6,10,11	2606	426	16.3	681	26.1	844	32.4
MYBBP1A	ENST00000254718	26	0		0		1	20	4507	0	0.0	0	0.0	273	6.1
MYBPC1	ENST00000361466	31	0		0		1	25	4136	0	0.0	0	0.0	216	5.2
MYBPC3	ENST00000545968	34	1	19	1	19	5	2,19,25,27,29	4505	127	2.8	127	2.8	1027	22.8
MYBPHL	ENST00000357155	8	0		0		2	3,4	1225	0	0.0	0	0.0	376	30.7
MYC	ENST00000621592	3	0		0		1	3	1425	0	0.0	0	0.0	583	40.9
MYCBP2	ENST00000544440	83	2	4,54	5	1,4,29,54,59	35	1,4,5,6,7,10,13,14,16,23,24,29,31,32,33,34,36,37,38,45,46,47,49,52,54,57,58,59,60,62,63,64,71,74,78	15697	327	2.1	941	6.0	6732	42.9
MYCBPAP	ENST00000323776	19	0		0		1	14	3206	0	0.0	0	0.0	407	12.7
MYCN	ENST00000281043	2	1	2	1	2	1	2	1435	810	56.4	810	56.4	810	56.4
MYD88	ENST00000650905	5	0		0		1	1	991	0	0.0	0	0.0	348	35.1
MYF5	ENST00000228644	3	0		0		0		828	0	0.0	0	0.0	0	0.0
MYF6	ENST00000228641	3	0		0		0		789	0	0.0	0	0.0	0	0.0
MYH1	ENST00000226207	38	1	38	3	16,31,38	10	4,5,16,25,27,31,32,33,38,40	6580	125	1.9	659	10.0	2080	31.6
MYH10	ENST00000360416	42	2	3,20	2	3,20	6	3,14,16,20,21,26	6864	267	3.9	267	3.9	921	13.4
MYH11	ENST00000300036	40	0		0		0		6719	0	0.0	0	0.0	0	0.0
MYH11	ENST00000452625	41	0		0		2	7,17	6658	0	0.0	0	0.0	327	4.9
MYH14	ENST00000642316	42	0		0		2	18,33	6951	0	0.0	0	0.0	477	6.9
MYH2	ENST00000245503	38	0		0		0		6586	0	0.0	0	0.0	0	0.0
MYH3	ENST00000583535	39	0		0		0		6603	0	0.0	0	0.0	0	0.0
MYH6	ENST00000405093	37	0		0		1	29	6560	0	0.0	0	0.0	217	3.3
MYH7	ENST00000355349	38	0		0		1	30	6568	0	0.0	0	0.0	217	3.3
MYH7B	ENST00000262873	41	1	33	2	33,45	9	6,17,19,24,27,32,33,36,45	6646	147	2.2	179	2.7	1830	27.5
MYH8	ENST00000403437	38	0		0		1	16	6574	0	0.0	0	0.0	330	5.0
MYH9	ENST00000216181	40	0		0		0		6683	0	0.0	0	0.0	0	0.0
MYL1	ENST00000352451	6	0		0		1	4	705	0	0.0	0	0.0	194	27.5
MYL11	ENST00000322861	7	1	6	2	6,7	2	6,7	650	69	10.6	194	29.8	194	29.8
MYL2	ENST00000228841	7	0		0		0		641	0	0.0	0	0.0	0	0.0
MYL3	ENST00000292327	6	0		0		0		708	0	0.0	0	0.0	0	0.0
MYL4	ENST00000393450	6	0		0		0		714	0	0.0	0	0.0	0	0.0
MYL9	ENST00000279022	3	1	4	2	3,4	2	3,4	579	193	33.3	375	64.8	375	64.8
MYLK	ENST00000360304	31	0		0		0		6365	0	0.0	0	0.0	0	0.0
MYLK2	ENST00000375985	12	0		0		1	4	2031	0	0.0	0	0.0	319	15.7
MYLK3	ENST00000394809	13	0		2	3,4	3	3,4,10	2720	0	0.0	934	34.3	1083	39.8
MYMK	ENST00000339996	5	0		0		1	5	766	0	0.0	0	0.0	170	22.2
MYMX	ENST00000573382	1	1	2	1	2	1	2	275	275	100.0	275	100.0	275	100.0
MYO10	ENST00000513610	41	0		1	4	6	3,4,26,32,39,40	6997	0	0.0	208	3.0	1431	20.5
MYO15A	ENST00000647165	65	0		1	2	1	2	11893	0	0.0	3629	30.5	3629	30.5
MYO16	ENST00000457511	35	0		1	32	10	2,4,5,7,9,16,25,31,32,35	6343	0	0.0	1133	17.9	2931	46.2
MYO18A	ENST00000527372	41	1	16	1	16	1	16	6985	162	2.3	162	2.3	162	2.3
MYO18B	ENST00000335473	42	0		3	4,38,43	3	4,38,43	8544	0	0.0	2746	32.1	2746	32.1
MYO1A	ENST00000300119	27	0		0		0		3672	0	0.0	0	0.0	0	0.0
MYO1B	ENST00000392318	30	0		0		5	3,6,19,28,31	4011	0	0.0	0	0.0	614	15.3
MYO1C	ENST00000648651	32	0		0		0		3832	0	0.0	0	0.0	0	0.0
MYO1E	ENST00000288235	28	0		0		0		3887	0	0.0	0	0.0	0	0.0
MYO1F	ENST00000644032	28	0		0		0		3857	0	0.0	0	0.0	0	0.0
MYO1H	ENST00000310903	32	1	1	2	1,4	3	1,4,12	3757	32	0.9	251	6.7	377	10.0
MYO3A	ENST00000642920	33	0		0		0		5511	0	0.0	0	0.0	0	0.0
MYO3B	ENST00000408978	35	0		0		2	2,20	4726	0	0.0	0	0.0	378	8.0
MYO5A	ENST00000399233	42	0		0		1	1	6483	0	0.0	0	0.0	47	0.7
MYO5B	ENST00000285039	40	0		1	1	1	1	6347	0	0.0	47	0.7	47	0.7
MYO5C	ENST00000261839	41	0		0		1	37	6049	0	0.0	0	0.0	171	2.8
MYO6	ENST00000369977	34	0		0		0		4538	0	0.0	0	0.0	0	0.0
MYO7A	ENST00000409709	48	0		0		5	3,4,5,30,35	7608	0	0.0	0	0.0	1010	13.3
MYO9A	ENST00000356056	41	3	13,17,21	5	13,17,21,35,42	18	2,8,10,11,12,13,14,15,16,17,19,21,23,24,25,31,35,42	8467	457	5.4	1154	13.6	5504	65.0
MYO9B	ENST00000682292	39	1	21	2	21,40	2	21,40	7254	337	4.6	773	10.7	773	10.7
MYOC	ENST00000037502	3	0		0		2	1,3	1575	0	0.0	0	0.0	1429	90.7
MYOCD	ENST00000425538	14	0		0		5	6,7,10,11,14	3241	0	0.0	0	0.0	2051	63.3
MYOD1	ENST00000250003	3	0		1	1	3	1,2,3	1023	0	0.0	650	63.5	1023	100.0
MYOF	ENST00000359263	54	1	45	2	45,51	4	23,36,45,51	7266	169	2.3	380	5.2	775	10.7
MYOG	ENST00000241651	3	0		0		1	1	735	0	0.0	0	0.0	491	66.8
MYOM1	ENST00000356443	37	1	4	6	4,18,21,22,30,34	18	2,3,4,5,6,11,12,14,15,16,17,18,19,21,22,30,34,38	5798	360	6.2	1326	22.9	3687	63.6
MYOM2	ENST00000262113	36	1	15	12	4,5,10,14,15,18,22,23,26,27,29,33	29	2,4,5,6,7,9,10,11,14,15,16,17,18,19,20,21,22,23,24,25,26,27,29,30,31,32,33,34,35	5118	204	4.0	1946	38.0	4075	79.6
MYORG	ENST00000297625	1	0		0		0		2165	0	0.0	0	0.0	0	0.0
MYOT	ENST00000239926	9	0		0		0		1677	0	0.0	0	0.0	0	0.0
MYOZ1	ENST00000359322	5	0		1	6	2	3,6	1000	0	0.0	252	25.2	451	45.1
MYOZ2	ENST00000307128	5	0		0		0		895	0	0.0	0	0.0	0	0.0
MYPN	ENST00000358913	19	0		0		1	2	4343	0	0.0	0	0.0	922	21.2
MYRF	ENST00000278836	27	0		3	3,5,22	3	3,5,22	3996	0	0.0	856	21.4	856	21.4
MYSM1	ENST00000472487	20	0		3	8,16,20	4	8,16,17,20	2887	0	0.0	1169	40.5	1322	45.8
MYT1	ENST00000328439	21	1	10	4	5,7,10,13	14	5,6,7,8,10,11,13,14,17,18,19,21,22,23	3786	134	3.5	1421	37.5	3120	82.4
MYT1L	ENST00000647738	20	0		1	9	1	9	3961	0	0.0	373	9.4	373	9.4
MYZAP	ENST00000267853	13	0		1	1	2	1,12	1661	0	0.0	95	5.7	216	13.0
MZT2B	ENST00000281871	3	1	1	1	1	1	1	537	190	35.4	190	35.4	190	35.4
N4BP1	ENST00000262384	7	1	1	2	1,3	4	1,3,5,7	2831	218	7.7	369	13.0	875	30.9
NAA10	ENST00000464845	8	0		1	1	1	1	868	0	0.0	41	4.7	41	4.7
NAA15	ENST00000296543	20	0		1	4	9	3,4,5,11,13,14,15,18,19	3001	0	0.0	178	5.9	1530	51.0
NAA20	ENST00000334982	6	0		1	5	1	5	657	0	0.0	166	25.3	166	25.3
NAA25	ENST00000261745	24	0		0		4	10,11,22,23	3399	0	0.0	0	0.0	621	18.3
NAA30	ENST00000556492	4	1	2	1	2	2	2,5	1169	791	67.7	791	67.7	949	81.2
NAA60	ENST00000407558	5	0		0		0		829	0	0.0	0	0.0	0	0.0
NAA80	ENST00000443094	1	0		0		0		881	0	0.0	0	0.0	0	0.0
NACC1	ENST00000292431	5	0		0		1	5	1684	0	0.0	0	0.0	118	7.0
NADK2	ENST00000381937	12	1	1	1	1	4	1,2,7,12	1569	320	20.4	320	20.4	687	43.8
NADSYN1	ENST00000319023	21	0		0		1	21	2541	0	0.0	0	0.0	71	2.8
NAE1	ENST00000290810	20	1	5	2	5,9	3	5,7,9	2005	92	4.6	175	8.7	305	15.2
NAF1	ENST00000274054	8	0		1	8	3	2,5,8	1645	0	0.0	472	28.7	848	51.6
NAGA	ENST00000396398	9	0		0		0		1416	0	0.0	0	0.0	0	0.0
NAGLU	ENST00000225927	6	1	1	1	1	1	1	2352	403	17.1	403	17.1	403	17.1
NAGS	ENST00000293404	7	0		1	1	1	1	1745	0	0.0	446	25.6	446	25.6
NALCN	ENST00000251127	43	0		0		11	3,6,8,12,13,17,21,25,37,38,44	6077	0	0.0	0	0.0	1822	30.0
NANOS1	ENST00000425699	1	1	1	1	1	1	1	899	899	100.0	899	100.0	899	100.0
NANOS3	ENST00000339133	2	0		0		0		619	0	0.0	0	0.0	0	0.0
NANS	ENST00000210444	6	0		1	5	1	5	1200	0	0.0	287	23.9	287	23.9
NAPB	ENST00000377026	11	1	3	1	3	1	3	1117	137	12.3	137	12.3	137	12.3
NARS1	ENST00000256854	14	0		0		2	8,13	1927	0	0.0	0	0.0	394	20.4
NARS2	ENST00000281038	14	0		0		1	4	1714	0	0.0	0	0.0	161	9.4
NAT2	ENST00000286479	1	0		0		1	2	893	0	0.0	0	0.0	893	100.0
NAT8	ENST00000272425	1	0		1	2	1	2	704	0	0.0	704	100.0	704	100.0
NAV2	ENST00000349880	38	0		1	28	11	1,5,10,13,14,15,19,28,31,32,35	8050	0	0.0	183	2.3	3553	44.1
NAV3	ENST00000397909	40	1	13	5	13,16,33,35,38	16	1,5,7,9,11,13,14,15,16,19,32,33,34,35,37,38	7958	153	1.9	1165	14.6	4150	52.1
NAXD	ENST00000680254	10	0		0		1	1	1190	0	0.0	0	0.0	66	5.5
NAXE	ENST00000368235	6	0		0		0		987	0	0.0	0	0.0	0	0.0
NBAS	ENST00000281513	52	0		0		0		8156	0	0.0	0	0.0	0	0.0
NBEA	ENST00000379939	59	1	1	6	1,8,9,21,31,48	25	1,4,5,7,8,9,10,13,21,22,23,24,26,27,29,31,32,34,37,38,45,48,49,55,57	10084	314	3.1	1544	15.3	5643	56.0
NBEAL1	ENST00000683969	55	4	11,17,29,53	9	11,17,20,28,29,32,36,53,54	28	4,9,10,11,14,17,20,22,26,27,28,29,30,31,32,33,34,36,37,40,41,44,45,48,49,50,53,54	9272	809	8.7	2236	24.1	5744	61.9
NBEAL2	ENST00000450053	54	1	1	2	1,27	4	1,27,31,33	9345	71	0.8	607	6.5	1174	12.6
NBN	ENST00000265433	16	0		0		1	4	2585	0	0.0	0	0.0	180	7.0
NCAPD2	ENST00000315579	31	1	32	1	32	2	14,32	4826	106	2.2	106	2.2	251	5.2
NCAPD3	ENST00000534548	35	1	12	1	12	6	2,3,4,12,17,22	5197	77	1.5	77	1.5	980	18.9
NCAPG2	ENST00000356309	27	1	7	1	7	6	4,6,7,10,12,16	3972	115	2.9	115	2.9	915	23.0
NCAPH	ENST00000240423	18	0		0		3	7,9,13	2586	0	0.0	0	0.0	567	21.9
NCBP1	ENST00000375147	23	2	3,9	2	3,9	3	3,9,22	2833	239	8.4	239	8.4	373	13.2
NCBP3	ENST00000389005	13	1	11	2	1,11	3	1,10,11	2123	175	8.2	378	17.8	708	33.3
NCDN	ENST00000373243	7	0		0		0		2330	0	0.0	0	0.0	0	0.0
NCEH1	ENST00000475381	5	0		0		1	4	1327	0	0.0	0	0.0	192	14.5
NCF1	ENST00000289473	11	0		0		0		1393	0	0.0	0	0.0	0	0.0
NCF2	ENST00000367535	15	0		0		0		1881	0	0.0	0	0.0	0	0.0
NCF4	ENST00000248899	10	2	6,9	3	6,7,9	3	6,7,9	1220	164	13.4	283	23.2	283	23.2
NCKAP1	ENST00000361354	31	1	11	3	7,11,21	14	2,5,7,9,10,11,13,14,17,18,20,21,28,31	4007	117	2.9	514	12.8	2036	50.8
NCKAP1L	ENST00000293373	31	1	22	1	22	3	9,19,22	4004	151	3.8	151	3.8	494	12.3
NCKAP5	ENST00000409261	18	0		0		1	17	6090	0	0.0	0	0.0	335	5.5
NCOA3	ENST00000371998	21	1	7	2	7,15	13	6,7,9,11,12,13,14,15,17,18,20,21,22	4695	209	4.5	475	10.1	3684	78.5
NCOA6	ENST00000359003	13	0		0		1	3	6452	0	0.0	0	0.0	255	4.0
NCOR1	ENST00000268712	45	1	27	3	27,31,41	16	2,10,12,20,23,27,28,30,31,32,35,37,38,39,41,45	8223	189	2.3	734	8.9	3830	46.6
NCOR2	ENST00000405201	47	3	21,24,49	7	21,24,25,34,40,43,49	13	16,21,23,24,25,26,29,34,37,40,41,43,49	8485	465	5.5	1663	19.6	2606	30.7
NCR3	ENST00000340027	4	4	1,2,3,4	4	1,2,3,4	4	1,2,3,4	686	686	100.0	686	100.0	686	100.0
NCSTN	ENST00000294785	17	0		0		0		2470	0	0.0	0	0.0	0	0.0
NDC1	ENST00000371429	18	0		0		5	2,3,4,8,17	2385	0	0.0	0	0.0	795	33.3
NDC80	ENST00000261597	16	2	4,16	2	4,16	8	4,5,6,10,12,13,16,17	2249	267	11.9	267	11.9	1189	52.9
NDE1	ENST00000396354	8	0		0		0		1168	0	0.0	0	0.0	0	0.0
NDEL1	ENST00000334527	8	0		0		0		1198	0	0.0	0	0.0	0	0.0
NDFIP2	ENST00000218652	7	0		0		2	3,5	1151	0	0.0	0	0.0	299	26.0
NDN	ENST00000649030	1	0		1	1	1	1	986	0	0.0	986	100.0	986	100.0
NDNF	ENST00000379692	3	0		1	4	2	2,4	1767	0	0.0	1414	80.0	1622	91.8
NDP	ENST00000642620	2	0		0		0		442	0	0.0	0	0.0	0	0.0
NDRG1	ENST00000323851	15	0		0		0		1485	0	0.0	0	0.0	0	0.0
NDRG4	ENST00000570248	15	0		0		2	10,15	1359	0	0.0	0	0.0	247	18.2
NDST1	ENST00000261797	14	0		0		1	8	2929	0	0.0	0	0.0	203	6.9
NDUFA1	ENST00000371437	3	0		0		0		273	0	0.0	0	0.0	0	0.0
NDUFA10	ENST00000252711	10	0		0		1	1	1268	0	0.0	0	0.0	95	7.5
NDUFA11	ENST00000308961	4	0		0		0		506	0	0.0	0	0.0	0	0.0
NDUFA12	ENST00000327772	4	0		0		0		518	0	0.0	0	0.0	0	0.0
NDUFA13	ENST00000507754	5	0		0		0		535	0	0.0	0	0.0	0	0.0
NDUFA2	ENST00000252102	3	0		0		0		360	0	0.0	0	0.0	0	0.0
NDUFA3	ENST00000485876	4	3	2,3,4	3	2,3,4	3	2,3,4	335	305	91.0	305	91.0	305	91.0
NDUFA5	ENST00000355749	5	0		0		0		451	0	0.0	0	0.0	0	0.0
NDUFA6	ENST00000498737	3	0		0		3	1,2,3	447	0	0.0	0	0.0	447	100.0
NDUFA7	ENST00000301457	4	0		0		0		422	0	0.0	0	0.0	0	0.0
NDUFA8	ENST00000373768	4	0		0		0		599	0	0.0	0	0.0	0	0.0
NDUFA9	ENST00000266544	11	0		0		2	2,8	1354	0	0.0	0	0.0	288	21.3
NDUFAB1	ENST00000007516	4	0		0		0		551	0	0.0	0	0.0	0	0.0
NDUFAF1	ENST00000260361	4	0		0		0		1064	0	0.0	0	0.0	0	0.0
NDUFAF2	ENST00000296597	4	0		0		0		590	0	0.0	0	0.0	0	0.0
NDUFAF3	ENST00000326925	5	0		0		0		655	0	0.0	0	0.0	0	0.0
NDUFAF4	ENST00000316149	3	0		0		0		588	0	0.0	0	0.0	0	0.0
NDUFAF5	ENST00000378106	11	0		0		0		1258	0	0.0	0	0.0	0	0.0
NDUFAF6	ENST00000396124	9	1	1	1	1	1	1	1182	217	18.4	217	18.4	217	18.4
NDUFAF7	ENST00000002125	10	0		0		0		1526	0	0.0	0	0.0	0	0.0
NDUFAF8	ENST00000431388	3	1	1	1	1	1	1	285	104	36.5	104	36.5	104	36.5
NDUFB1	ENST00000605997	2	0		0		0		217	0	0.0	0	0.0	0	0.0
NDUFB10	ENST00000268668	4	0		0		0		599	0	0.0	0	0.0	0	0.0
NDUFB11	ENST00000377811	3	0		1	1	1	1	522	0	0.0	227	43.5	227	43.5
NDUFB2	ENST00000247866	3	0		0		0		378	0	0.0	0	0.0	0	0.0
NDUFB3	ENST00000237889	2	0		0		0		337	0	0.0	0	0.0	0	0.0
NDUFB4	ENST00000184266	3	0		0		0		450	0	0.0	0	0.0	0	0.0
NDUFB5	ENST00000259037	6	0		0		1	6	690	0	0.0	0	0.0	141	20.4
NDUFB6	ENST00000379847	4	0		1	1	1	1	467	0	0.0	200	42.8	200	42.8
NDUFB7	ENST00000215565	3	0		0		0		474	0	0.0	0	0.0	0	0.0
NDUFB8	ENST00000299166	5	0		0		1	4	661	0	0.0	0	0.0	176	26.6
NDUFB9	ENST00000276689	4	0		0		0		620	0	0.0	0	0.0	0	0.0
NDUFC1	ENST00000394223	3	0		0		0		291	0	0.0	0	0.0	0	0.0
NDUFC2	ENST00000281031	3	0		0		0		420	0	0.0	0	0.0	0	0.0
NDUFS1	ENST00000233190	18	0		0		0		2544	0	0.0	0	0.0	0	0.0
NDUFS2	ENST00000676972	14	0		0		0		1672	0	0.0	0	0.0	0	0.0
NDUFS3	ENST00000263774	7	0		0		0		935	0	0.0	0	0.0	0	0.0
NDUFS4	ENST00000296684	5	0		0		0		628	0	0.0	0	0.0	0	0.0
NDUFS5	ENST00000372969	2	0		0		0		361	0	0.0	0	0.0	0	0.0
NDUFS6	ENST00000274137	4	0		0		0		455	0	0.0	0	0.0	0	0.0
NDUFS7	ENST00000233627	8	0		0		0		802	0	0.0	0	0.0	0	0.0
NDUFS8	ENST00000313468	6	0		0		0		753	0	0.0	0	0.0	0	0.0
NDUFV1	ENST00000322776	10	0		0		0		1595	0	0.0	0	0.0	0	0.0
NDUFV2	ENST00000318388	8	0		0		0		910	0	0.0	0	0.0	0	0.0
NDUFV3	ENST00000354250	4	0		0		0		1502	0	0.0	0	0.0	0	0.0
NEB	ENST00000397345	180	0		0		0		29178	0	0.0	0	0.0	0	0.0
NEB	ENST00000427231	180	1	84	21	28,33,37,41,45,46,49,53,57,61,65,69,73,77,81,84,87,109,114,117,120	64	25,28,30,33,34,37,38,41,42,43,44,45,46,49,50,51,52,53,55,57,58,60,61,62,63,65,66,67,69,70,71,73,77,81,84,87,94,102,106,109,114,115,117,118,120,121,124,126,139,140,145,156,162,168,170,171,172,175,176,177,178,179,181,182	29178	128	0.4	6021	20.6	12671	43.4
NEBL	ENST00000377122	28	0		0		1	20	3605	0	0.0	0	0.0	113	3.1
NECAB1	ENST00000417640	13	0		0		3	3,6,11	1316	0	0.0	0	0.0	384	29.2
NECAP1	ENST00000339754	8	0		0		1	6	988	0	0.0	0	0.0	204	20.6
NECTIN1	ENST00000264025	6	0		0		0		1674	0	0.0	0	0.0	0	0.0
NECTIN2	ENST00000252483	9	0		0		2	6,9	1797	0	0.0	0	0.0	464	25.8
NECTIN3	ENST00000485303	6	0		1	2	5	1,2,3,5,6	1770	0	0.0	362	20.5	1632	92.2
NECTIN4	ENST00000368012	9	0		0		0		1713	0	0.0	0	0.0	0	0.0
NEDD4	ENST00000435532	29	0		0		4	7,8,9,26	3283	0	0.0	0	0.0	520	15.8
NEDD4L	ENST00000400345	31	1	8	6	1,4,7,8,13,21	13	1,3,4,6,7,8,9,11,12,13,16,18,21	3548	123	3.5	662	18.7	1607	45.3
NEFH	ENST00000310624	4	0		1	1	1	1	3143	0	0.0	903	28.7	903	28.7
NEFL	ENST00000610854	4	0		0		1	3	1712	0	0.0	0	0.0	340	19.9
NEIL1	ENST00000355059	9	0		0		0		1353	0	0.0	0	0.0	0	0.0
NEIL2	ENST00000284503	4	0		0		0		1079	0	0.0	0	0.0	0	0.0
NEK1	ENST00000507142	34	1	34	3	27,28,34	11	4,5,10,26,27,28,29,31,33,34,35	4541	151	3.3	521	11.5	2017	44.4
NEK10	ENST00000691995	35	2	17,23	2	17,23	6	6,8,17,18,21,23	4048	219	5.4	219	5.4	714	17.6
NEK2	ENST00000366999	8	0		0		1	2	1498	0	0.0	0	0.0	238	15.9
NEK8	ENST00000268766	15	0		0		1	13	2379	0	0.0	0	0.0	179	7.5
NEK9	ENST00000238616	22	0		3	2,17,21	7	1,2,6,10,12,17,21	3380	0	0.0	622	18.4	1447	42.8
NELL1	ENST00000357134	20	4	1,3,11,17	4	1,3,11,17	9	1,3,4,6,11,13,17,18,19	2833	580	20.5	580	20.5	1452	51.3
NELL2	ENST00000429094	20	1	5	2	5,17	8	3,5,9,13,14,16,17,18	2851	117	4.1	331	11.6	1272	44.6
NEMF	ENST00000298310	33	0		3	16,17,31	5	14,16,17,23,31	3891	0	0.0	297	7.6	806	20.7
NEU1	ENST00000375631	6	2	1,3	6	1,2,3,4,5,6	6	1,2,3,4,5,6	1368	462	33.8	1368	100.0	1368	100.0
NEUROD1	ENST00000295108	1	0		0		0		1091	0	0.0	0	0.0	0	0.0
NEUROD2	ENST00000302584	1	0		1	2	1	2	1169	0	0.0	1169	100.0	1169	100.0
NEUROG1	ENST00000314744	1	0		0		1	1	734	0	0.0	0	0.0	734	100.0
NEUROG3	ENST00000242462	1	0		1	2	1	2	665	0	0.0	665	100.0	665	100.0
NEXMIF	ENST00000055682	3	0		0		2	2,3	4611	0	0.0	0	0.0	4497	97.5
NEXN	ENST00000334785	12	0		0		0		2268	0	0.0	0	0.0	0	0.0
NF1	ENST00000356175	57	0		0		0		9597	0	0.0	0	0.0	0	0.0
NF1	ENST00000358273	58	0		0		0		9680	0	0.0	0	0.0	0	0.0
NF2	ENST00000338641	16	0		0		0		2108	0	0.0	0	0.0	0	0.0
NFASC	ENST00000339876	28	0		1	27	1	27	4283	0	0.0	173	4.0	173	4.0
NFASC	ENST00000539706	27	0		0		1	17	4110	0	0.0	0	0.0	122	3.0
NFAT5	ENST00000349945	14	0		1	6	7	4,5,6,7,8,10,12	4930	0	0.0	211	4.3	1673	33.9
NFATC1	ENST00000427363	10	0		1	2	1	2	3032	0	0.0	1119	36.9	1119	36.9
NFATC2	ENST00000371564	10	0		1	1	2	1,9	2966	0	0.0	150	5.1	860	29.0
NFE2	ENST00000435572	2	0		0		1	3	1162	0	0.0	0	0.0	1028	88.5
NFE2L1	ENST00000362042	5	0		0		1	6	2419	0	0.0	0	0.0	1367	56.5
NFE2L2	ENST00000397062	5	0		0		3	2,4,5	1918	0	0.0	0	0.0	1743	90.9
NFIA	ENST00000403491	11	0		0		2	2,8	1750	0	0.0	0	0.0	751	42.9
NFIB	ENST00000380953	11	1	11	1	11	4	2,8,9,11	1705	38	2.2	38	2.2	954	56.0
NFIC	ENST00000443272	11	0		0		0		1747	0	0.0	0	0.0	0	0.0
NFIX	ENST00000592199	11	2	1,6	2	1,6	2	1,6	1729	204	11.8	204	11.8	204	11.8
NFKB1	ENST00000226574	23	0		0		4	7,13,14,22	3370	0	0.0	0	0.0	702	20.8
NFKB2	ENST00000661543	22	0		0		1	13	3143	0	0.0	0	0.0	230	7.3
NFKBIA	ENST00000216797	6	0		0		1	1	1074	0	0.0	0	0.0	247	23.0
NFKBIL1	ENST00000376148	4	4	1,2,3,4	4	1,2,3,4	4	1,2,3,4	1226	1226	100.0	1226	100.0	1226	100.0
NFKBIZ	ENST00000326172	12	0		1	1	1	1	2397	0	0.0	309	12.9	309	12.9
NFS1	ENST00000374092	13	0		1	1	1	1	1634	0	0.0	117	7.2	117	7.2
NFU1	ENST00000410022	8	0		0		0		925	0	0.0	0	0.0	0	0.0
NFX1	ENST00000379540	24	1	4	2	4,20	6	2,3,4,10,11,20	3843	98	2.6	217	5.6	1593	41.5
NGF	ENST00000369512	1	0		0		0		746	0	0.0	0	0.0	0	0.0
NGLY1	ENST00000280700	12	0		1	10	8	3,4,6,7,9,10,11,12	2205	0	0.0	206	9.3	1545	70.1
NHEJ1	ENST00000356853	7	0		0		0		1040	0	0.0	0	0.0	0	0.0
NHERF1	ENST00000262613	6	0		0		0		1197	0	0.0	0	0.0	0	0.0
NHLH2	ENST00000320238	1	0		0		0		428	0	0.0	0	0.0	0	0.0
NHLRC1	ENST00000340650	1	0		0		0		1208	0	0.0	0	0.0	0	0.0
NHLRC2	ENST00000369301	11	0		2	3,4	4	2,3,4,5	2401	0	0.0	618	25.7	941	39.2
NHP2	ENST00000274606	4	0		0		0		542	0	0.0	0	0.0	0	0.0
NHS	ENST00000676302	9	0		1	1	2	1,4	5136	0	0.0	585	11.4	668	13.0
NID1	ENST00000264187	20	0		1	4	1	4	4144	0	0.0	403	9.7	403	9.7
NID2	ENST00000216286	22	0		1	14	5	4,5,7,14,15	4568	0	0.0	254	5.6	1464	32.0
NIN	ENST00000530997	29	0		0		1	9	6982	0	0.0	0	0.0	188	2.7
NINJ2	ENST00000305108	3	0		0		0		489	0	0.0	0	0.0	0	0.0
NINL	ENST00000278886	23	0		0		3	6,16,24	4609	0	0.0	0	0.0	727	15.8
NIPA1	ENST00000337435	5	1	1	1	1	1	1	1090	198	18.2	198	18.2	198	18.2
NIPA2	ENST00000337451	5	0		0		2	7,8	1183	0	0.0	0	0.0	836	70.7
NIPAL4	ENST00000311946	6	1	6	1	6	2	2,6	1335	649	48.6	649	48.6	909	68.1
NIPBL	ENST00000282516	46	0		0		0		9335	0	0.0	0	0.0	0	0.0
NIT1	ENST00000368009	7	0		0		0		1124	0	0.0	0	0.0	0	0.0
NKAIN3	ENST00000623646	7	2	6,7	3	2,6,7	4	2,4,6,7	797	165	20.7	323	40.5	541	67.9
NKAP	ENST00000371410	9	0		2	1,6	5	1,2,6,8,9	1428	0	0.0	536	37.5	1002	70.2
NKX2-1	ENST00000354822	3	0		1	3	1	3	1266	0	0.0	763	60.3	763	60.3
NKX2-2	ENST00000377142	2	0		0		2	1,2	862	0	0.0	0	0.0	862	100.0
NKX2-3	ENST00000344586	2	1	2	1	2	2	1,2	1135	757	66.7	757	66.7	1135	100.0
NKX2-5	ENST00000329198	2	0		0		1	1	1015	0	0.0	0	0.0	354	34.9
NKX2-6	ENST00000325017	2	0		0		2	1,2	946	0	0.0	0	0.0	946	100.0
NKX3-2	ENST00000382438	2	0		0		2	1,2	1042	0	0.0	0	0.0	1042	100.0
NKX6-2	ENST00000368592	3	1	1	1	1	1	1	894	426	47.7	426	47.7	426	47.7
NLGN1	ENST00000695368	6	0		0		5	2,4,5,6,7	2652	0	0.0	0	0.0	2572	97.0
NLGN3	ENST00000358741	7	0		0		0		2687	0	0.0	0	0.0	0	0.0
NLGN4X	ENST00000381095	5	0		0		0		2551	0	0.0	0	0.0	0	0.0
NLGN4Y	ENST00000684976	6	6	2,3,4,5,6,7	6	2,3,4,5,6,7	6	2,3,4,5,6,7	2631	2631	100.0	2631	100.0	2631	100.0
NLRC4	ENST00000402280	8	0		1	9	1	9	3235	0	0.0	313	9.7	313	9.7
NLRP1	ENST00000572272	17	2	2,11	2	2,11	4	2,4,11,13	4762	380	8.0	380	8.0	2388	50.1
NLRP12	ENST00000324134	10	0		0		0		3386	0	0.0	0	0.0	0	0.0
NLRP2	ENST00000448584	12	10	2,3,5,6,7,8,9,10,11,13	12	2,3,4,5,6,7,8,9,10,11,12,13	12	2,3,4,5,6,7,8,9,10,11,12,13	3429	3146	91.7	3429	100.0	3429	100.0
NLRP3	ENST00000336119	9	0		0		0		3285	0	0.0	0	0.0	0	0.0
NLRP5	ENST00000850973	14	0		0		3	2,10,14	3730	0	0.0	0	0.0	691	18.5
NLRP7	ENST00000592784	10	10	2,3,4,5,6,7,8,9,10,11	10	2,3,4,5,6,7,8,9,10,11	10	2,3,4,5,6,7,8,9,10,11	3314	3314	100.0	3314	100.0	3314	100.0
NLRP8	ENST00000850972	10	2	3,10	2	3,10	6	1,3,5,6,8,10	3347	1740	52.0	1740	52.0	2679	80.0
NMD3	ENST00000351193	15	0		1	12	5	3,6,7,11,12	1812	0	0.0	133	7.3	714	39.4
NME3	ENST00000219302	5	0		1	1	1	1	610	0	0.0	66	10.8	66	10.8
NME5	ENST00000265191	5	0		0		0		739	0	0.0	0	0.0	0	0.0
NME7	ENST00000367811	12	0		0		3	3,4,7	1371	0	0.0	0	0.0	444	32.4
NME8	ENST00000199447	15	0		0		0		2067	0	0.0	0	0.0	0	0.0
NMNAT1	ENST00000377205	4	0		0		2	3,5	920	0	0.0	0	0.0	625	67.9
NMNAT2	ENST00000287713	11	0		0		1	7	1144	0	0.0	0	0.0	65	5.7
NMT1	ENST00000258960	12	0		0		1	10	1731	0	0.0	0	0.0	188	10.9
NNMT	ENST00000299964	3	1	3	1	3	1	3	855	453	53.0	453	53.0	453	53.0
NNT	ENST00000344920	21	1	20	3	7,9,20	11	2,4,7,9,11,13,14,16,17,18,20	3681	139	3.8	559	15.2	2093	56.9
NOBOX	ENST00000645489	8	1	2	2	2,6	3	2,6,8	1885	572	30.3	821	43.6	1143	60.6
NOD2	ENST00000647318	11	0		0		0		3262	0	0.0	0	0.0	0	0.0
NODAL	ENST00000287139	3	0		0		0		1104	0	0.0	0	0.0	0	0.0
NOG	ENST00000332822	1	0		0		0		719	0	0.0	0	0.0	0	0.0
NOL3	ENST00000564992	3	0		1	3	1	3	687	0	0.0	344	50.1	344	50.1
NOLC1	ENST00000605788	13	0		0		1	8	2360	0	0.0	0	0.0	149	6.3
NOMO2	ENST00000622306	31	0		0		0		4289	0	0.0	0	0.0	0	0.0
NONO	ENST00000276079	10	0		2	4,5	4	4,5,6,7	1616	0	0.0	536	33.2	869	53.8
NOP10	ENST00000328848	2	0		0		0		235	0	0.0	0	0.0	0	0.0
NOP56	ENST00000329276	12	0		0		1	1	2025	0	0.0	0	0.0	23	1.1
NOS1	ENST00000317775	28	0		1	12	5	5,12,18,26,29	4865	0	0.0	215	4.4	781	16.1
NOS1AP	ENST00000361897	10	0		0		0		1721	0	0.0	0	0.0	0	0.0
NOS2	ENST00000313735	26	0		0		5	12,17,20,25,26	3982	0	0.0	0	0.0	996	25.0
NOS3	ENST00000297494	26	0		2	3,9	4	3,8,9,20	4132	0	0.0	327	7.9	695	16.8
NOTCH1	ENST00000651671	34	1	1	1	1	3	1,4,28	8348	81	1.0	81	1.0	677	8.1
NOTCH2	ENST00000256646	34	0		0		0		8096	0	0.0	0	0.0	0	0.0
NOTCH2NLA	ENST00000362074	4	0		0		0		791	0	0.0	0	0.0	0	0.0
NOTCH2NLC	ENST00000650865	5	0		1	1	1	1	982	0	0.0	155	15.8	155	15.8
NOTCH3	ENST00000263388	33	2	1,24	2	1,24	3	1,24,25	7626	724	9.5	724	9.5	1077	14.1
NOTUM	ENST00000409678	11	1	1	1	1	3	1,9,10	1711	343	20.0	343	20.0	579	33.8
NOVA2	ENST00000263257	4	1	4	2	1,4	2	1,4	1559	1103	70.8	1208	77.5	1208	77.5
NOX1	ENST00000372966	13	0		0		6	6,7,8,9,10,11	1955	0	0.0	0	0.0	1074	54.9
NPAS2	ENST00000335681	20	0		1	20	1	20	2875	0	0.0	201	7.0	201	7.0
NPAS4	ENST00000311034	8	0		0		0		2569	0	0.0	0	0.0	0	0.0
NPAT	ENST00000278612	18	0		0		0		4644	0	0.0	0	0.0	0	0.0
NPC1	ENST00000269228	25	0		0		0		4337	0	0.0	0	0.0	0	0.0
NPC1L1	ENST00000381160	19	0		0		0		4379	0	0.0	0	0.0	0	0.0
NPC2	ENST00000555619	5	0		0		0		556	0	0.0	0	0.0	0	0.0
NPHP1	ENST00000445609	20	0		0		0		2434	0	0.0	0	0.0	0	0.0
NPHP3	ENST00000337331	27	0		0		1	1	4533	0	0.0	0	0.0	413	9.1
NPHP4	ENST00000378156	29	0		1	10	7	4,6,8,10,15,17,27	4861	0	0.0	203	4.2	1359	28.0
NPHS1	ENST00000378910	29	0		0		0		4306	0	0.0	0	0.0	0	0.0
NPHS2	ENST00000367615	8	0		0		1	1	1312	0	0.0	0	0.0	294	22.4
NPL	ENST00000367553	11	0		0		0		1183	0	0.0	0	0.0	0	0.0
NPM1	ENST00000296930	11	0		1	3	1	3	1105	0	0.0	140	12.7	140	12.7
NPNT	ENST00000379987	12	0		1	7	2	7,8	1938	0	0.0	143	7.4	559	28.8
NPPA	ENST00000376480	3	0		0		0		516	0	0.0	0	0.0	0	0.0
NPPB	ENST00000376468	3	0		0		1	2	465	0	0.0	0	0.0	276	59.4
NPPC	ENST00000409852	2	0		0		1	2	421	0	0.0	0	0.0	311	73.9
NPR1	ENST00000368680	22	0		0		1	1	3626	0	0.0	0	0.0	741	20.4
NPR2	ENST00000342694	22	0		0		0		3584	0	0.0	0	0.0	0	0.0
NPR3	ENST00000265074	8	0		1	1	3	1,3,6	1786	0	0.0	789	44.2	1132	63.4
NPRL2	ENST00000232501	11	0		0		0		1363	0	0.0	0	0.0	0	0.0
NPRL3	ENST00000611875	13	0		1	8	1	8	1970	0	0.0	158	8.0	158	8.0
NPSR1	ENST00000360581	9	0		0		0		1296	0	0.0	0	0.0	0	0.0
NPTX1	ENST00000306773	5	1	1	1	1	1	1	1399	464	33.2	464	33.2	464	33.2
NQO1	ENST00000320623	6	0		2	2,6	3	1,2,6	945	0	0.0	511	54.1	538	56.9
NQO2	ENST00000380455	6	0		0		0		816	0	0.0	0	0.0	0	0.0
NR0B1	ENST00000378970	2	0		0		0		1453	0	0.0	0	0.0	0	0.0
NR0B2	ENST00000254227	2	0		0		0		814	0	0.0	0	0.0	0	0.0
NR1H4	ENST00000392986	9	0		0		0		1611	0	0.0	0	0.0	0	0.0
NR1I2	ENST00000393716	8	0		0		0		1465	0	0.0	0	0.0	0	0.0
NR1I3	ENST00000367983	8	0		0		0		1207	0	0.0	0	0.0	0	0.0
NR2E1	ENST00000368986	9	0		0		0		1338	0	0.0	0	0.0	0	0.0
NR2E3	ENST00000617575	8	0		0		1	5	1393	0	0.0	0	0.0	196	14.1
NR2F1	ENST00000327111	3	1	1	1	1	2	1,2	1332	483	36.3	483	36.3	1031	77.4
NR2F2	ENST00000394166	3	1	1	2	1,3	2	1,3	1305	462	35.4	757	58.0	757	58.0
NR3C1	ENST00000394464	8	0		1	2	1	2	2494	0	0.0	1204	48.3	1204	48.3
NR3C2	ENST00000358102	8	0		0		0		3115	0	0.0	0	0.0	0	0.0
NR4A2	ENST00000339562	6	0		0		0		1917	0	0.0	0	0.0	0	0.0
NR4A3	ENST00000395097	6	1	3	1	3	2	3,7	2001	971	48.5	971	48.5	1170	58.5
NR5A1	ENST00000373588	6	0		0		0		1506	0	0.0	0	0.0	0	0.0
NR6A1	ENST00000487099	10	1	1	1	1	1	1	1643	120	7.3	120	7.3	120	7.3
NRAP	ENST00000359988	42	2	10,18	2	10,18	3	10,18,40	6033	247	4.1	247	4.1	579	9.6
NRAS	ENST00000369535	4	0		0		0		650	0	0.0	0	0.0	0	0.0
NRCAM	ENST00000379028	30	0		2	16,17	9	7,9,13,14,16,17,27,29,33	4515	0	0.0	355	7.9	1680	37.2
NRDC	ENST00000352171	31	3	2,11,29	3	2,11,29	6	2,11,16,18,20,29	4076	544	13.3	544	13.3	999	24.5
NRG1	ENST00000405005	12	0		0		3	2,10,12	2163	0	0.0	0	0.0	1024	47.3
NRG2	ENST00000361474	10	1	10	2	1,10	2	1,10	2753	801	29.1	1521	55.2	1521	55.2
NRG3	ENST00000372141	9	1	1	1	1	2	1,9	2271	843	37.1	843	37.1	1371	60.4
NRIP1	ENST00000318948	1	0		0		1	4	3497	0	0.0	0	0.0	3497	100.0
NRL	ENST00000561028	2	0		1	3	1	3	754	0	0.0	353	46.8	353	46.8
NRP1	ENST00000374867	17	1	13	2	13,17	9	2,3,4,6,7,9,11,13,17	3112	158	5.1	468	15.0	1953	62.8
NRROS	ENST00000328557	2	0		0		0		2119	0	0.0	0	0.0	0	0.0
NRXN1	ENST00000401669	22	2	10,14	6	2,8,10,14,15,16	9	2,5,6,8,9,10,14,15,16	4964	806	16.2	2185	44.0	2998	60.4
NRXN2	ENST00000265459	22	1	2	1	2	2	2,23	5579	750	13.4	750	13.4	1657	29.7
NRXN3	ENST00000335750	20	2	8,17	2	8,17	10	2,5,7,8,12,13,14,15,17,19	5116	596	11.6	596	11.6	3381	66.1
NSD1	ENST00000439151	22	0		0		0		8531	0	0.0	0	0.0	0	0.0
NSD2	ENST00000508803	21	1	6	1	6	7	2,4,5,6,7,15,22	4518	165	3.7	165	3.7	2129	47.1
NSDHL	ENST00000370274	7	0		0		0		1262	0	0.0	0	0.0	0	0.0
NSF	ENST00000398238	21	5	1,10,12,14,18	13	1,3,5,8,10,12,14,15,16,17,18,19,20	21	1,2,3,4,5,6,7,8,9,10,11,12,13,14,15,16,17,18,19,20,21	2655	758	28.5	1792	67.5	2655	100.0
NSMCE2	ENST00000287437	6	1	3	1	3	2	3,4	864	177	20.5	177	20.5	304	35.2
NSMCE3	ENST00000332303	1	0		1	1	1	1	935	0	0.0	935	100.0	935	100.0
NSMF	ENST00000371475	16	1	1	1	1	1	1	1913	91	4.8	91	4.8	91	4.8
NSRP1	ENST00000247026	7	0		0		2	4,7	1817	0	0.0	0	0.0	1229	67.6
NSUN2	ENST00000264670	19	0		3	12,14,19	6	7,12,13,14,17,19	2684	0	0.0	557	20.8	1134	42.3
NSUN3	ENST00000314622	6	0		1	3	3	3,4,6	1143	0	0.0	364	31.8	839	73.4
NSUN6	ENST00000377304	11	0		0		5	2,4,8,9,10	1630	0	0.0	0	0.0	786	48.2
NT5C	ENST00000245552	5	1	1	1	1	1	1	706	194	27.5	194	27.5	194	27.5
NT5C2	ENST00000404739	17	1	16	1	16	3	5,15,16	2026	72	3.6	72	3.6	401	19.8
NT5C3A	ENST00000610140	9	0		0		0		1176	0	0.0	0	0.0	0	0.0
NT5E	ENST00000257770	9	0		0		0		1905	0	0.0	0	0.0	0	0.0
NTAN1	ENST00000287706	10	2	1,10	4	1,7,9,10	8	1,2,4,5,7,8,9,10	1133	301	26.6	509	44.9	973	85.9
NTF3	ENST00000423158	2	0		0		0		853	0	0.0	0	0.0	0	0.0
NTF4	ENST00000593537	1	0		0		0		653	0	0.0	0	0.0	0	0.0
NTHL1	ENST00000651570	6	0		0		0		1035	0	0.0	0	0.0	0	0.0
NTN1	ENST00000173229	6	1	2	1	2	1	2	1935	1038	53.6	1038	53.6	1038	53.6
NTN3	ENST00000293973	6	1	6	3	1,5,6	3	1,5,6	1863	370	19.9	1413	75.8	1413	75.8
NTNG1	ENST00000370068	7	0		0		4	2,3,4,8	1760	0	0.0	0	0.0	1370	77.8
NTNG2	ENST00000393229	7	1	8	1	8	1	8	1733	256	14.8	256	14.8	256	14.8
NTRK1	ENST00000524377	17	0		1	1	1	1	2731	0	0.0	232	8.5	232	8.5
NTRK2	ENST00000277120	18	0		1	9	1	9	2877	0	0.0	326	11.3	326	11.3
NUAK1	ENST00000261402	7	0		2	2,3	3	2,3,7	2126	0	0.0	313	14.7	1487	69.9
NUAK2	ENST00000367157	7	1	7	1	7	1	7	2027	1084	53.5	1084	53.5	1084	53.5
NUBP2	ENST00000262302	7	0		1	3	2	1,3	956	0	0.0	219	22.9	255	26.7
NUBPL	ENST00000281081	11	0		0		0		1180	0	0.0	0	0.0	0	0.0
NUDCD2	ENST00000302764	4	0		0		1	1	554	0	0.0	0	0.0	209	37.7
NUDCD3	ENST00000355451	6	1	3	1	3	2	2,3	1206	153	12.7	153	12.7	490	40.6
NUDT15	ENST00000258662	3	0		0		2	2,3	555	0	0.0	0	0.0	377	67.9
NUDT19	ENST00000397061	3	1	1	1	1	1	1	1188	734	61.8	734	61.8	734	61.8
NUDT2	ENST00000379158	2	0		1	5	1	5	484	0	0.0	337	69.6	337	69.6
NUF2	ENST00000271452	13	0		1	14	3	10,12,14	1655	0	0.0	155	9.4	509	30.8
NUMA1	ENST00000393695	25	0		0		1	15	6848	0	0.0	0	0.0	3386	49.4
NUP107	ENST00000229179	28	0		1	27	8	5,7,12,21,24,25,27,28	3338	0	0.0	188	5.6	1261	37.8
NUP133	ENST00000261396	26	1	22	1	22	10	1,6,7,9,10,13,18,19,20,22	3991	139	3.5	139	3.5	1833	45.9
NUP155	ENST00000231498	35	0		0		1	28	4876	0	0.0	0	0.0	175	3.6
NUP160	ENST00000378460	36	2	7,33	3	3,7,33	9	3,7,13,15,18,20,28,29,33	4929	341	6.9	572	11.6	1545	31.3
NUP188	ENST00000372577	44	1	2	2	2,6	5	2,6,16,17,28	6130	75	1.2	140	2.3	550	9.0
NUP205	ENST00000285968	43	1	42	1	42	15	2,3,5,7,9,13,18,19,21,23,29,36,37,39,42	6899	94	1.4	94	1.4	2546	36.9
NUP210L	ENST00000368559	40	0		1	17	16	5,6,7,9,12,16,17,21,25,28,30,31,34,35,36,37	6467	0	0.0	213	3.3	2945	45.5
NUP214	ENST00000359428	36	0		1	7	6	2,7,11,12,17,31	6993	0	0.0	124	1.8	1373	19.6
NUP37	ENST00000552283	9	0		1	3	4	2,3,8,10	1161	0	0.0	145	12.5	526	45.3
NUP50	ENST00000347635	7	0		0		2	4,5	1547	0	0.0	0	0.0	890	57.5
NUP54	ENST00000264883	12	0		1	3	2	3,6	1764	0	0.0	164	9.3	381	21.6
NUP62	ENST00000352066	1	0		0		0		1589	0	0.0	0	0.0	0	0.0
NUP85	ENST00000245544	19	0		0		2	3,8	2351	0	0.0	0	0.0	338	14.4
NUP88	ENST00000573584	17	1	15	2	1,15	7	1,5,6,8,11,15,17	2566	147	5.7	464	18.1	1250	48.7
NUP93	ENST00000308159	21	0		0		2	2,9	2880	0	0.0	0	0.0	352	12.2
NUS1	ENST00000368494	5	1	4	1	4	1	4	982	120	12.2	120	12.2	120	12.2
NUTM2F	ENST00000253262	7	0		0		1	2	2411	0	0.0	0	0.0	717	29.7
NUTM2G	ENST00000372322	7	0		0		0		2366	0	0.0	0	0.0	0	0.0
NXN	ENST00000336868	8	1	1	1	1	2	1,2	1468	380	25.9	380	25.9	518	35.3
NXNL1	ENST00000301944	2	0		0		0		679	0	0.0	0	0.0	0	0.0
NXPE4	ENST00000375478	5	0		1	6	2	3,6	1735	0	0.0	556	32.0	1310	75.5
NYNRIN	ENST00000382554	8	0		0		2	3,4	5857	0	0.0	0	0.0	2256	38.5
NYX	ENST00000378220	2	0		1	3	1	3	1471	0	0.0	1429	97.1	1429	97.1
OAS1	ENST00000202917	6	0		1	2	3	2,3,6	1323	0	0.0	309	23.4	699	52.8
OAS2	ENST00000392583	10	0		0		4	2,3,8,10	2264	0	0.0	0	0.0	887	39.2
OAT	ENST00000368845	9	0		0		0		1500	0	0.0	0	0.0	0	0.0
OBSCN	ENST00000680850	115	5	2,9,62,65,105	16	2,9,10,11,13,26,32,37,40,42,46,62,65,67,90,105	45	2,3,5,6,7,8,9,10,11,12,13,14,15,16,18,20,22,26,31,32,33,35,36,37,39,40,42,46,48,50,51,52,53,54,56,61,62,65,67,70,73,90,105,112,114	29078	4070	14.0	7108	24.4	15252	52.5
OBSL1	ENST00000404537	21	1	1	3	1,5,15	13	1,4,5,6,7,8,9,12,13,14,15,17,20	6111	1032	16.9	1636	26.8	4477	73.3
OCA2	ENST00000354638	23	1	12	1	12	2	3,12	2977	77	2.6	77	2.6	196	6.6
OCEL1	ENST00000215061	6	0		0		0		915	0	0.0	0	0.0	0	0.0
OCLN	ENST00000396442	8	0		0		0		1729	0	0.0	0	0.0	0	0.0
OCRL	ENST00000371113	24	0		0		0		3186	0	0.0	0	0.0	0	0.0
OCSTAMP	ENST00000279028	3	0		0		0		1761	0	0.0	0	0.0	0	0.0
ODAD1	ENST00000674294	14	2	12,15	2	12,15	3	12,15,16	2404	288	12.0	288	12.0	851	35.4
ODAD2	ENST00000305242	19	0		1	19	8	3,4,8,11,15,18,19,20	3515	0	0.0	242	6.9	1544	43.9
ODAD3	ENST00000356392	13	0		0		0		2048	0	0.0	0	0.0	0	0.0
ODAD4	ENST00000377540	12	1	9	1	9	2	9,12	2259	217	9.6	217	9.6	728	32.2
ODAPH	ENST00000311623	2	0		0		0		433	0	0.0	0	0.0	0	0.0
ODC1	ENST00000234111	10	0		0		1	5	1586	0	0.0	0	0.0	193	12.2
ODF4	ENST00000328248	3	0		1	1	1	1	834	0	0.0	474	56.8	474	56.8
OFD1	ENST00000340096	23	0		1	16	3	13,16,20	3499	0	0.0	626	17.9	1014	29.0
OGDH	ENST00000222673	22	0		1	2	2	2,9	3512	0	0.0	242	6.9	442	12.6
OGDHL	ENST00000374103	22	1	11	1	11	1	11	3473	200	5.8	200	5.8	200	5.8
OGG1	ENST00000344629	7	0		0		0		1178	0	0.0	0	0.0	0	0.0
OGT	ENST00000373719	22	0		6	2,12,15,16,20,22	16	2,3,7,8,9,10,12,13,15,16,17,18,19,20,21,22	3581	0	0.0	1206	33.7	2966	82.8
OLAH	ENST00000378228	7	0		0		2	4,6	938	0	0.0	0	0.0	349	37.2
OLFM1	ENST00000371793	6	0		0		0		1578	0	0.0	0	0.0	0	0.0
OLFML2A	ENST00000373580	8	0		1	1	1	1	2119	0	0.0	110	5.2	110	5.2
OLFML3	ENST00000320334	3	0		0		1	2	1281	0	0.0	0	0.0	306	23.9
OLR1	ENST00000309539	6	0		0		2	3,6	942	0	0.0	0	0.0	428	45.4
OMG	ENST00000247271	1	0		0		0		1343	0	0.0	0	0.0	0	0.0
ONECUT1	ENST00000305901	2	0		1	1	2	1,2	1438	0	0.0	1125	78.2	1438	100.0
OOEP	ENST00000370359	3	0		0		1	2	510	0	0.0	0	0.0	200	39.2
OPA1	ENST00000361510	30	0		0		0		3648	0	0.0	0	0.0	0	0.0
OPA3	ENST00000263275	2	0		0		0		580	0	0.0	0	0.0	0	0.0
OPCML	ENST00000524381	8	0		0		0		1177	0	0.0	0	0.0	0	0.0
OPHN1	ENST00000355520	23	0		1	22	3	7,19,22	2869	0	0.0	186	6.5	497	17.3
OPLAH	ENST00000618853	26	2	16,17	4	15,16,17,19	6	15,16,17,18,19,27	4387	353	8.0	681	15.5	970	22.1
OPN1LW	ENST00000369951	6	0		0		0		1215	0	0.0	0	0.0	0	0.0
OPN1MW	ENST00000595290	6	0		0		0		1215	0	0.0	0	0.0	0	0.0
OPN1SW	ENST00000249389	5	0		0		0		1138	0	0.0	0	0.0	0	0.0
OPRM1	ENST00000330432	4	0		0		3	1,2,3	1283	0	0.0	0	0.0	1224	95.4
OPTN	ENST00000378747	13	0		0		0		1994	0	0.0	0	0.0	0	0.0
OR10G9	ENST00000375024	1	0		1	1	1	1	956	0	0.0	956	100.0	956	100.0
OR10H2	ENST00000305899	1	0		0		0		968	0	0.0	0	0.0	0	0.0
OR10Q1	ENST00000316770	1	0		0		0		980	0	0.0	0	0.0	0	0.0
OR10Z1	ENST00000641002	1	0		0		1	2	962	0	0.0	0	0.0	962	100.0
OR11A1	ENST00000377149	1	1	5	1	5	1	5	968	968	100.0	968	100.0	968	100.0
OR2J3	ENST00000641151	1	1	4	1	4	1	4	956	956	100.0	956	100.0	956	100.0
OR2W3	ENST00000360358	1	0		0		1	1	965	0	0.0	0	0.0	965	100.0
OR4N4	ENST00000328795	1	1	1	1	1	1	1	971	971	100.0	971	100.0	971	100.0
OR51A7	ENST00000641490	1	0		0		0		959	0	0.0	0	0.0	0	0.0
OR51D1	ENST00000641817	1	0		0		1	2	995	0	0.0	0	0.0	995	100.0
OR5A1	ENST00000641045	1	0		0		1	2	968	0	0.0	0	0.0	968	100.0
OR5L2	ENST00000378397	1	0		1	1	1	1	956	0	0.0	956	100.0	956	100.0
ORC1	ENST00000371568	16	0		0		0		2906	0	0.0	0	0.0	0	0.0
ORC4	ENST00000392857	13	0		0		0		1571	0	0.0	0	0.0	0	0.0
ORC6	ENST00000219097	7	0		0		0		899	0	0.0	0	0.0	0	0.0
ORMDL1	ENST00000392349	3	0		0		2	4,5	522	0	0.0	0	0.0	328	62.8
OSBP2	ENST00000332585	14	0		1	1	1	1	3031	0	0.0	664	21.9	664	21.9
OSBPL2	ENST00000313733	13	0		0		0		1703	0	0.0	0	0.0	0	0.0
OSBPL5	ENST00000263650	21	0		0		0		3060	0	0.0	0	0.0	0	0.0
OSBPL9	ENST00000428468	24	1	3	1	3	4	3,12,18,20	2691	99	3.7	99	3.7	571	21.2
OSGEP	ENST00000206542	11	0		0		1	3	1228	0	0.0	0	0.0	196	16.0
OSMR	ENST00000274276	17	0		0		0		3280	0	0.0	0	0.0	0	0.0
OSTC	ENST00000361564	4	0		0		1	3	530	0	0.0	0	0.0	218	41.1
OSTM1	ENST00000193322	6	0		0		0		1125	0	0.0	0	0.0	0	0.0
OTC	ENST00000039007	10	0		0		0		1265	0	0.0	0	0.0	0	0.0
OTOA	ENST00000646100	28	0		0		0		3980	0	0.0	0	0.0	0	0.0
OTOF	ENST00000272371	46	0		0		0		6914	0	0.0	0	0.0	0	0.0
OTOF	ENST00000339598	28	0		0		1	22	4253	0	0.0	0	0.0	181	4.3
OTOG	ENST00000399397	56	1	2	2	2,3	5	2,3,6,36,44	9862	81	0.8	162	1.6	2359	23.9
OTOGL	ENST00000547103	58	1	19	8	19,28,33,39,46,47,54,56	34	2,7,11,16,18,19,21,22,24,25,26,27,28,29,32,33,34,39,40,43,44,45,46,47,48,49,51,52,53,54,55,56,58,59	8222	145	1.8	1479	18.0	5375	65.4
OTOP1	ENST00000296358	6	1	1	1	1	2	1,5	1959	423	21.6	423	21.6	1381	70.5
OTUD5	ENST00000376488	9	1	1	1	1	2	1,5	1881	614	32.6	614	32.6	783	41.6
OTUD6B	ENST00000404789	7	1	4	1	4	2	4,6	1022	333	32.6	333	32.6	460	45.0
OTUD7A	ENST00000307050	11	1	13	3	4,7,13	9	3,4,5,6,7,8,9,10,13	3022	1451	48.0	1799	59.5	2782	92.1
OTULIN	ENST00000284274	7	1	1	1	1	3	1,6,7	1199	172	14.3	172	14.3	677	56.5
OTX2	ENST00000672264	3	0		0		0		954	0	0.0	0	0.0	0	0.0
OVCH2	ENST00000533663	15	0		0		2	7,14	1998	0	0.0	0	0.0	362	18.1
OVOL2	ENST00000278780	4	0		0		1	2	908	0	0.0	0	0.0	241	26.5
OXA1L	ENST00000612549	10	0		0		1	3	1508	0	0.0	0	0.0	234	15.5
OXCT1	ENST00000196371	17	0		0		0		1903	0	0.0	0	0.0	0	0.0
OXGR1	ENST00000541038	1	0		0		1	4	1034	0	0.0	0	0.0	1034	100.0
OXR1	ENST00000517566	16	0		1	7	10	3,5,6,7,8,10,11,14,16,17	2942	0	0.0	170	5.8	1649	56.1
P2RX2	ENST00000643471	11	0		1	1	2	1,10	1636	0	0.0	193	11.8	279	17.1
P2RX6	ENST00000413302	12	0		0		0		1566	0	0.0	0	0.0	0	0.0
P2RX7	ENST00000328963	13	0		1	13	2	12,13	2048	0	0.0	518	25.3	640	31.2
P2RY12	ENST00000302632	1	0		0		0		1049	0	0.0	0	0.0	0	0.0
P2RY2	ENST00000393597	1	0		0		0		1154	0	0.0	0	0.0	0	0.0
P2RY8	ENST00000381297	1	0		0		0		1100	0	0.0	0	0.0	0	0.0
P3H1	ENST00000296388	15	0		0		1	14	2511	0	0.0	0	0.0	161	6.4
P3H2	ENST00000319332	15	0		1	1	1	1	2427	0	0.0	500	20.6	500	20.6
P4HA1	ENST00000394890	14	0		0		3	4,6,8	1885	0	0.0	0	0.0	629	33.4
P4HA2	ENST00000360568	14	0		0		0		1882	0	0.0	0	0.0	0	0.0
P4HA2	ENST00000379104	14	2	8,13	2	8,13	2	8,13	1888	286	15.1	286	15.1	286	15.1
P4HB	ENST00000331483	11	0		1	1	1	1	1747	0	0.0	165	9.4	165	9.4
P4HTM	ENST00000383729	9	1	1	2	1,7	2	1,7	1689	374	22.1	485	28.7	485	28.7
PABPC1	ENST00000318607	14	0		1	1	1	1	2191	0	0.0	213	9.7	213	9.7
PABPC1L	ENST00000217073	14	0		1	4	2	2,4	2140	0	0.0	160	7.5	374	17.5
PABPC5	ENST00000312600	1	0		0		1	2	1169	0	0.0	0	0.0	1169	100.0
PABPN1	ENST00000216727	7	1	1	1	1	1	1	1061	371	35.0	371	35.0	371	35.0
PACS1	ENST00000320580	24	1	1	1	1	1	1	3372	376	11.2	376	11.2	376	11.2
PACS2	ENST00000447393	25	1	1	1	1	1	1	3215	139	4.3	139	4.3	139	4.3
PACSIN1	ENST00000244458	9	0		0		2	7,9	1515	0	0.0	0	0.0	349	23.0
PACSIN3	ENST00000298838	9	0		0		0		1455	0	0.0	0	0.0	0	0.0
PADI3	ENST00000375460	16	0		0		1	2	2315	0	0.0	0	0.0	201	8.7
PADI4	ENST00000375448	16	0		2	10,13	3	10,11,13	2312	0	0.0	251	10.9	426	18.4
PADI6	ENST00000619609	16	0		1	15	1	15	2405	0	0.0	182	7.6	182	7.6
PAF1	ENST00000221265	14	0		0		0		1876	0	0.0	0	0.0	0	0.0
PAFAH1B1	ENST00000397195	10	0		0		0		1433	0	0.0	0	0.0	0	0.0
PAH	ENST00000553106	13	0		0		0		1619	0	0.0	0	0.0	0	0.0
PAICS	ENST00000512576	9	0		0		6	2,3,4,6,7,9	1458	0	0.0	0	0.0	1109	76.1
PAK1	ENST00000356341	14	1	8	1	8	4	2,7,8,13	1918	84	4.4	84	4.4	706	36.8
PAK2	ENST00000327134	14	1	10	1	10	5	4,7,10,13,14	1855	133	7.2	133	7.2	829	44.7
PAK3	ENST00000372007	14	0		0		0		1915	0	0.0	0	0.0	0	0.0
PAK6	ENST00000560346	8	0		0		2	5,6	2206	0	0.0	0	0.0	1192	54.0
PALB2	ENST00000261584	13	0		0		0		3821	0	0.0	0	0.0	0	0.0
PALLD	ENST00000505667	20	0		0		0		3772	0	0.0	0	0.0	0	0.0
PALS1	ENST00000261681	13	1	10	2	3,10	6	3,6,9,10,12,15	2288	92	4.0	479	20.9	1235	54.0
PAM16	ENST00000318059	5	0		0		3	1,3,5	478	0	0.0	0	0.0	287	60.0
PAN2	ENST00000440411	25	0		0		0		4097	0	0.0	0	0.0	0	0.0
PANK2	ENST00000610179	7	1	1	1	1	1	1	1523	318	20.9	318	20.9	318	20.9
PANK4	ENST00000378466	19	2	10,14	6	1,4,7,10,14,19	11	1,3,4,6,7,9,10,14,16,17,19	2702	252	9.3	1036	38.3	1812	67.1
PANX1	ENST00000227638	5	0		1	1	1	1	1381	0	0.0	201	14.6	201	14.6
PAPPA	ENST00000328252	22	1	1	3	1,5,10	6	1,3,4,5,10,17	5324	435	8.2	862	16.2	1534	28.8
PAPPA2	ENST00000367662	22	0		1	5	11	2,4,5,6,8,11,12,14,15,18,19	5816	0	0.0	314	5.4	3297	56.7
PAPSS1	ENST00000265174	12	0		1	10	2	3,10	2115	0	0.0	289	13.7	545	25.8
PAPSS2	ENST00000456849	13	0		0		1	3	2120	0	0.0	0	0.0	256	12.1
PAQR7	ENST00000675840	1	0		0		0		1061	0	0.0	0	0.0	0	0.0
PARK7	ENST00000338639	6	0		0		1	3	690	0	0.0	0	0.0	122	17.7
PARN	ENST00000437198	24	0		8	1,7,8,10,13,19,22,23	22	1,2,3,5,6,7,8,9,10,11,12,13,14,15,16,17,18,19,20,21,22,23	2400	0	0.0	972	40.5	2236	93.2
PARP1	ENST00000366794	23	0		0		0		3505	0	0.0	0	0.0	0	0.0
PARP10	ENST00000313028	11	0		0		1	7	3298	0	0.0	0	0.0	117	3.5
PARP6	ENST00000569795	22	0		0		1	14	2333	0	0.0	0	0.0	146	6.3
PARS2	ENST00000371279	1	0		0		0		1448	0	0.0	0	0.0	0	0.0
PATL2	ENST00000682850	15	0		2	5,14	2	5,14	1932	0	0.0	406	21.0	406	21.0
PAX1	ENST00000613128	5	1	1	1	1	1	1	1474	306	20.8	306	20.8	306	20.8
PAX2	ENST00000355243	10	0		0		0		1385	0	0.0	0	0.0	0	0.0
PAX3	ENST00000392070	9	0		0		1	5	1635	0	0.0	0	0.0	226	13.8
PAX4	ENST00000639438	10	0		0		0		1256	0	0.0	0	0.0	0	0.0
PAX5	ENST00000358127	10	1	8	2	7,8	3	3,7,8	1376	122	8.9	272	19.8	490	35.6
PAX6	ENST00000640368	11	0		0		0		1531	0	0.0	0	0.0	0	0.0
PAX7	ENST00000420770	9	0		0		2	1,6	1698	0	0.0	0	0.0	291	17.1
PAX8	ENST00000429538	11	0		0		0		1573	0	0.0	0	0.0	0	0.0
PAX9	ENST00000361487	4	0		0		0		1106	0	0.0	0	0.0	0	0.0
PBRM1	ENST00000707071	31	0		1	28	7	2,4,16,18,22,28,29	5735	0	0.0	185	3.2	1931	33.7
PBX1	ENST00000420696	9	0		0		3	1,5,6	1473	0	0.0	0	0.0	547	37.1
PC	ENST00000393960	20	0		0		0		3937	0	0.0	0	0.0	0	0.0
PCARE	ENST00000331664	2	0		0		0		3907	0	0.0	0	0.0	0	0.0
PCBD1	ENST00000299299	4	0		1	1	1	1	395	0	0.0	23	5.8	23	5.8
PCBP2	ENST00000546463	14	0		0		1	11	1369	0	0.0	0	0.0	93	6.8
PCCA	ENST00000376285	24	0		0		0		2667	0	0.0	0	0.0	0	0.0
PCCB	ENST00000251654	15	0		0		0		1920	0	0.0	0	0.0	0	0.0
PCDH10	ENST00000264360	5	0		0		2	1,4	3223	0	0.0	0	0.0	2977	92.4
PCDH11X	ENST00000682573	7	0		0		2	7,10	4184	0	0.0	0	0.0	145	3.5
PCDH12	ENST00000231484	4	0		0		1	4	3635	0	0.0	0	0.0	445	12.2
PCDH15	ENST00000320301	32	0		0		0		6508	0	0.0	0	0.0	0	0.0
PCDH15	ENST00000644397	37	3	33,34,35	4	33,34,35,38	6	18,30,33,34,35,38	5963	184	3.1	756	12.7	1144	19.2
PCDH19	ENST00000373034	6	0		0		0		3567	0	0.0	0	0.0	0	0.0
PCDH7	ENST00000695919	3	0		1	3	2	1,3	3828	0	0.0	397	10.4	3591	93.8
PCDH9	ENST00000377865	4	0		1	5	2	2,5	3794	0	0.0	394	10.4	3450	90.9
PCDHA9	ENST00000532602	4	0		0		0		2933	0	0.0	0	0.0	0	0.0
PCDHB4	ENST00000194152	1	0		0		0		2408	0	0.0	0	0.0	0	0.0
PCDHGA4	ENST00000571252	4	0		0		0		2969	0	0.0	0	0.0	0	0.0
PCDHGA5	ENST00000518069	4	0		0		1	1	2876	0	0.0	0	0.0	2441	84.9
PCDHGA8	ENST00000398604	4	0		0		0		2879	0	0.0	0	0.0	0	0.0
PCDHGC4	ENST00000306593	4	0		0		0		2897	0	0.0	0	0.0	0	0.0
PCED1A	ENST00000360652	7	0		0		2	7,8	1505	0	0.0	0	0.0	564	37.5
PCGF1	ENST00000233630	9	0		0		0		960	0	0.0	0	0.0	0	0.0
PCGF2	ENST00000620225	9	1	11	3	3,8,11	3	3,8,11	1215	398	32.8	605	49.8	605	49.8
PCIF1	ENST00000372409	15	0		0		0		2415	0	0.0	0	0.0	0	0.0
PCK1	ENST00000319441	9	0		1	3	5	3,6,7,8,10	2049	0	0.0	202	9.9	1257	61.3
PCK2	ENST00000216780	10	0		1	10	4	3,6,7,10	2123	0	0.0	475	22.4	1102	51.9
PCLO	ENST00000333891	25	1	21	3	4,19,21	9	1,3,4,7,11,15,19,21,24	15929	162	1.0	1100	6.9	5443	34.2
PCNA	ENST00000379143	6	0		1	4	1	4	906	0	0.0	215	23.7	215	23.7
PCNT	ENST00000359568	47	0		0		1	30	10951	0	0.0	0	0.0	791	7.2
PCNX2	ENST00000258229	34	0		2	5,33	9	2,5,6,8,11,13,31,32,33	7094	0	0.0	1806	25.5	3183	44.9
PCNX4	ENST00000406854	10	0		4	4,7,9,10	9	2,3,4,6,7,8,9,10,11	3719	0	0.0	2153	57.9	3598	96.7
PCSK1	ENST00000311106	14	0		0		0		2542	0	0.0	0	0.0	0	0.0
PCSK7	ENST00000320934	15	0		1	17	2	12,17	2658	0	0.0	380	14.3	503	18.9
PCSK9	ENST00000302118	12	0		0		1	6	2319	0	0.0	0	0.0	217	9.4
PCYT1A	ENST00000431016	8	1	9	1	9	2	7,9	1264	227	18.0	227	18.0	390	30.9
PCYT2	ENST00000538936	13	1	1	1	1	1	1	1430	109	7.6	109	7.6	109	7.6
PDCD1	ENST00000334409	5	0		2	2,5	2	2,5	967	0	0.0	640	66.2	640	66.2
PDCD10	ENST00000392750	7	0		0		0		779	0	0.0	0	0.0	0	0.0
PDCD6IP	ENST00000307296	18	1	7	3	7,13,18	9	1,5,7,8,10,12,13,17,18	2967	137	4.6	601	20.3	1843	62.1
PDCL3	ENST00000264254	6	0		0		1	4	840	0	0.0	0	0.0	164	19.5
PDE10A	ENST00000539869	22	1	1	1	1	6	1,4,7,13,14,18	3608	885	24.5	885	24.5	1765	48.9
PDE11A	ENST00000286063	20	0		0		0		3202	0	0.0	0	0.0	0	0.0
PDE12	ENST00000311180	3	0		1	3	1	3	1890	0	0.0	463	24.5	463	24.5
PDE1C	ENST00000396191	18	0		0		1	14	2490	0	0.0	0	0.0	196	7.9
PDE2A	ENST00000334456	31	0		0		1	8	3446	0	0.0	0	0.0	174	5.0
PDE3A	ENST00000359062	16	1	7	2	1,7	9	1,3,4,6,7,9,10,12,15	3746	106	2.8	1086	29.0	2568	68.6
PDE4A	ENST00000380702	15	1	7	2	1,7	2	1,7	2961	114	3.9	454	15.3	454	15.3
PDE4D	ENST00000340635	15	2	1,14	5	1,8,10,14,15	6	1,2,8,10,14,15	2730	678	24.8	1493	54.7	1705	62.5
PDE6A	ENST00000255266	22	0		0		0		3023	0	0.0	0	0.0	0	0.0
PDE6B	ENST00000496514	22	0		0		0		3005	0	0.0	0	0.0	0	0.0
PDE6C	ENST00000371447	22	0		0		0		3017	0	0.0	0	0.0	0	0.0
PDE6D	ENST00000287600	5	0		0		0		553	0	0.0	0	0.0	0	0.0
PDE6G	ENST00000331056	3	0		0		0		324	0	0.0	0	0.0	0	0.0
PDE6H	ENST00000266395	3	0		0		0		312	0	0.0	0	0.0	0	0.0
PDE8B	ENST00000264917	22	0		0		1	1	3098	0	0.0	0	0.0	359	11.6
PDGFB	ENST00000331163	6	0		0		0		846	0	0.0	0	0.0	0	0.0
PDGFD	ENST00000393158	7	0		1	3	1	3	1253	0	0.0	201	16.0	201	16.0
PDGFRA	ENST00000257290	22	0		0		0		3710	0	0.0	0	0.0	0	0.0
PDGFRB	ENST00000261799	22	0		0		0		3761	0	0.0	0	0.0	0	0.0
PDGFRL	ENST00000251630	6	0		1	2	3	2,5,6	1248	0	0.0	318	25.5	687	55.0
PDHA1	ENST00000422285	11	0		0		0		1393	0	0.0	0	0.0	0	0.0
PDHA2	ENST00000295266	1	0		0		0		1187	0	0.0	0	0.0	0	0.0
PDHB	ENST00000302746	10	0		0		0		1280	0	0.0	0	0.0	0	0.0
PDHX	ENST00000227868	11	0		0		0		1726	0	0.0	0	0.0	0	0.0
PDIA2	ENST00000219406	11	0		0		1	3	1798	0	0.0	0	0.0	154	8.6
PDIA5	ENST00000316218	17	1	1	2	1,14	2	1,14	1900	62	3.3	213	11.2	213	11.2
PDIA6	ENST00000272227	13	0		0		1	1	1583	0	0.0	0	0.0	39	2.5
PDK1	ENST00000282077	11	0		1	1	4	1,4,10,11	1531	0	0.0	216	14.1	716	46.8
PDK2	ENST00000503176	11	0		0		2	1,9	1444	0	0.0	0	0.0	266	18.4
PDK3	ENST00000379162	11	1	7	2	4,7	8	4,5,6,7,8,9,10,11	1441	97	6.7	302	21.0	1061	73.6
PDK4	ENST00000005178	11	1	4	1	4	4	3,4,7,10	1456	205	14.1	205	14.1	528	36.3
PDLIM3	ENST00000284767	8	0		0		0		1255	0	0.0	0	0.0	0	0.0
PDLIM4	ENST00000253754	7	0		1	1	1	1	1133	0	0.0	113	10.0	113	10.0
PDLIM7	ENST00000355841	12	1	5	2	5,7	2	5,7	1614	139	8.6	196	12.1	196	12.1
PDP1	ENST00000297598	1	0		0		1	2	1634	0	0.0	0	0.0	1634	100.0
PDP2	ENST00000311765	1	0		0		0		1610	0	0.0	0	0.0	0	0.0
PDPR	ENST00000288050	17	0		0		0		2980	0	0.0	0	0.0	0	0.0
PDSS1	ENST00000376215	12	1	1	1	1	2	1,2	1488	149	10.0	149	10.0	202	13.6
PDSS2	ENST00000369037	8	0		0		0		1360	0	0.0	0	0.0	0	0.0
PDX1	ENST00000381033	2	0		0		1	2	892	0	0.0	0	0.0	466	52.2
PDXK	ENST00000291565	11	1	5	1	5	2	1,5	1159	67	5.8	67	5.8	174	15.0
PDYN	ENST00000217305	2	0		0		0		805	0	0.0	0	0.0	0	0.0
PDZD7	ENST00000619208	16	0		1	17	1	17	3422	0	0.0	404	11.8	404	11.8
PDZD8	ENST00000334464	5	0		0		2	4,5	3565	0	0.0	0	0.0	2407	67.5
PDZK1IP1	ENST00000294338	4	0		0		0		425	0	0.0	0	0.0	0	0.0
PECR	ENST00000265322	8	0		0		0		1072	0	0.0	0	0.0	0	0.0
PEG3	ENST00000326441	7	0		0		1	4	4907	0	0.0	0	0.0	414	8.4
PEMT	ENST00000255389	7	0		0		0		851	0	0.0	0	0.0	0	0.0
PEPD	ENST00000244137	15	0		0		0		1782	0	0.0	0	0.0	0	0.0
PER1	ENST00000317276	22	0		1	19	5	2,12,18,19,22	4313	0	0.0	631	14.6	1489	34.5
PER2	ENST00000254657	22	0		0		0		4208	0	0.0	0	0.0	0	0.0
PER3	ENST00000377532	21	2	6,7	2	6,7	10	2,3,6,7,10,12,13,16,19,20	4053	241	5.9	241	5.9	1798	44.4
PERCC1	ENST00000640283	1	1	2	1	2	1	2	824	824	100.0	824	100.0	824	100.0
PERP	ENST00000421351	3	0		0		2	2,3	642	0	0.0	0	0.0	408	63.6
PET100	ENST00000594797	4	0		0		0		302	0	0.0	0	0.0	0	0.0
PET117	ENST00000432901	2	0		0		0		286	0	0.0	0	0.0	0	0.0
PEX1	ENST00000248633	24	1	5	1	5	2	5,21	4332	787	18.2	787	18.2	1038	24.0
PEX10	ENST00000447513	6	0		1	1	1	1	1101	0	0.0	132	12.0	132	12.0
PEX11A	ENST00000300056	3	0		0		1	3	804	0	0.0	0	0.0	592	73.6
PEX11B	ENST00000369306	4	0		1	4	2	3,4	860	0	0.0	426	49.5	648	75.3
PEX12	ENST00000225873	3	0		0		0		1140	0	0.0	0	0.0	0	0.0
PEX13	ENST00000295030	4	0		0		0		1292	0	0.0	0	0.0	0	0.0
PEX14	ENST00000356607	9	0		0		0		1314	0	0.0	0	0.0	0	0.0
PEX16	ENST00000378750	11	0		0		0		1231	0	0.0	0	0.0	0	0.0
PEX19	ENST00000368072	8	0		0		0		1060	0	0.0	0	0.0	0	0.0
PEX2	ENST00000357039	1	0		0		0		938	0	0.0	0	0.0	0	0.0
PEX26	ENST00000399744	5	0		0		0		1018	0	0.0	0	0.0	0	0.0
PEX3	ENST00000367591	12	0		0		0		1362	0	0.0	0	0.0	0	0.0
PEX5	ENST00000675855	15	0		0		0		2220	0	0.0	0	0.0	0	0.0
PEX6	ENST00000304611	17	0		1	1	1	1	3283	0	0.0	902	27.5	902	27.5
PEX7	ENST00000318471	10	1	1	1	1	1	1	1172	150	12.8	150	12.8	150	12.8
PFAS	ENST00000314666	27	1	12	3	2,12,21	8	2,4,9,12,16,18,21,27	4557	94	2.1	432	9.5	1448	31.8
PFKFB1	ENST00000375006	14	1	1	1	1	7	1,2,3,6,9,10,11	1696	117	6.9	117	6.9	896	52.8
PFKFB2	ENST00000367080	14	0		0		1	10	1798	0	0.0	0	0.0	167	9.3
PFKL	ENST00000349048	22	2	1,7	3	1,7,13	3	1,7,13	2783	234	8.4	401	14.4	401	14.4
PFKM	ENST00000359794	22	0		0		0		2783	0	0.0	0	0.0	0	0.0
PFKP	ENST00000381125	22	0		1	22	3	4,17,22	2795	0	0.0	150	5.4	545	19.5
PFN1	ENST00000225655	3	0		0		1	2	483	0	0.0	0	0.0	213	44.1
PGAM2	ENST00000297283	3	0		0		0		822	0	0.0	0	0.0	0	0.0
PGAP1	ENST00000354764	27	0		0		8	2,3,4,5,10,11,18,25	3309	0	0.0	0	0.0	1248	37.7
PGAP2	ENST00000278243	6	0		0		0		1068	0	0.0	0	0.0	0	0.0
PGAP3	ENST00000300658	8	0		0		1	1	1123	0	0.0	0	0.0	201	17.9
PGAP6	ENST00000431232	13	1	1	2	1,6	5	1,5,6,10,11	2576	141	5.5	481	18.7	1136	44.1
PGBD2	ENST00000329291	2	0		0		0		1819	0	0.0	0	0.0	0	0.0
PGK1	ENST00000373316	11	0		0		1	9	1474	0	0.0	0	0.0	198	13.4
PGK2	ENST00000304801	1	0		0		0		1274	0	0.0	0	0.0	0	0.0
PGM1	ENST00000371084	11	0		0		0		1909	0	0.0	0	0.0	0	0.0
PGM2L1	ENST00000298198	14	0		2	7,12	4	7,11,12,13	2149	0	0.0	420	19.5	724	33.7
PGM3	ENST00000513973	12	0		0		7	4,5,6,7,8,11,12	1869	0	0.0	0	0.0	1077	57.6
PGR	ENST00000325455	8	0		1	1	1	1	2962	0	0.0	1657	55.9	1657	55.9
PGRMC1	ENST00000217971	3	0		0		0		648	0	0.0	0	0.0	0	0.0
PHACTR1	ENST00000332995	13	0		1	8	5	4,5,8,9,10	2003	0	0.0	342	17.1	1139	56.9
PHACTR2	ENST00000440869	13	0		0		1	4	2198	0	0.0	0	0.0	179	8.1
PHB1	ENST00000300408	6	0		0		1	3	939	0	0.0	0	0.0	182	19.4
PHC1	ENST00000544916	14	1	13	2	7,13	4	5,7,9,13	3295	171	5.2	684	20.8	1022	31.0
PHEX	ENST00000379374	22	0		0		0		2690	0	0.0	0	0.0	0	0.0
PHF10	ENST00000339209	12	2	1,5	5	1,3,5,11,12	7	1,3,5,8,9,11,12	1737	261	15.0	727	41.9	1077	62.0
PHF12	ENST00000332830	15	1	6	3	6,9,12	5	3,6,9,12,14	3315	153	4.6	1088	32.8	1340	40.4
PHF21A	ENST00000676320	16	1	13	3	10,13,19	5	10,13,15,16,19	2366	100	4.2	692	29.2	1052	44.5
PHF5A	ENST00000216252	4	0		0		0		413	0	0.0	0	0.0	0	0.0
PHF6	ENST00000370803	9	0		0		0		1278	0	0.0	0	0.0	0	0.0
PHF8	ENST00000338154	21	0		0		1	7	3495	0	0.0	0	0.0	207	5.9
PHGDH	ENST00000641023	12	0		0		0		1842	0	0.0	0	0.0	0	0.0
PHIP	ENST00000275034	40	1	3	3	3,14,30	16	2,3,5,7,14,17,19,21,23,24,27,30,36,37,38,40	6266	50	0.8	400	6.4	3232	51.6
PHKA1	ENST00000373542	32	0		1	19	2	19,25	4312	0	0.0	197	4.6	347	8.0
PHKA2	ENST00000379942	33	0		0		1	17	4368	0	0.0	0	0.0	99	2.3
PHKB	ENST00000323584	31	0		0		0		3902	0	0.0	0	0.0	0	0.0
PHKG1	ENST00000297373	9	0		1	7	1	7	1344	0	0.0	111	8.3	111	8.3
PHKG2	ENST00000563588	9	0		0		0		1401	0	0.0	0	0.0	0	0.0
PHLDB1	ENST00000600882	22	0		2	7,18	3	7,16,18	4574	0	0.0	460	10.1	775	16.9
PHOX2A	ENST00000298231	3	1	3	2	1,3	2	1,3	915	470	51.4	707	77.3	707	77.3
PHOX2B	ENST00000226382	3	1	3	1	3	1	3	1005	536	53.3	536	53.3	536	53.3
PHYH	ENST00000263038	9	0		0		0		1197	0	0.0	0	0.0	0	0.0
PHYKPL	ENST00000308158	12	1	1	3	1,6,12	3	1,6,12	1593	79	5.0	286	18.0	286	18.0
PI15	ENST00000260113	5	0		0		2	2,6	877	0	0.0	0	0.0	449	51.2
PI4K2A	ENST00000370631	9	1	1	1	1	2	1,2	1620	455	28.1	455	28.1	676	41.7
PI4KA	ENST00000255882	55	1	9	3	6,9,16	8	1,6,7,8,9,11,16,22	7409	86	1.2	570	7.7	1368	18.5
PI4KB	ENST00000368873	11	0		0		0		2671	0	0.0	0	0.0	0	0.0
PIBF1	ENST00000326291	17	0		0		6	2,3,5,8,9,17	2614	0	0.0	0	0.0	1075	41.1
PICALM	ENST00000393346	20	1	11	1	11	4	2,4,6,11	2359	157	6.7	157	6.7	575	24.4
PICK1	ENST00000356976	12	0		0		0		1488	0	0.0	0	0.0	0	0.0
PIDD1	ENST00000347755	15	0		0		2	10,15	3033	0	0.0	0	0.0	376	12.4
PIEZO1	ENST00000301015	51	0		3	1,17,29	8	1,12,17,23,29,30,36,49	8586	0	0.0	377	4.4	1175	13.7
PIEZO2	ENST00000674853	56	3	29,35,40	4	16,29,35,40	14	5,8,9,13,16,21,29,30,33,35,38,40,41,56	9718	421	4.3	590	6.1	2691	27.7
PIGA	ENST00000333590	5	0		3	2,3,6	5	2,3,4,5,6	1555	0	0.0	1175	75.6	1555	100.0
PIGB	ENST00000164305	12	1	3	1	3	5	3,5,8,11,12	1905	138	7.2	138	7.2	889	46.7
PIGC	ENST00000344529	1	0		0		0		914	0	0.0	0	0.0	0	0.0
PIGF	ENST00000281382	5	0		0		2	2,4	760	0	0.0	0	0.0	385	50.7
PIGG	ENST00000453061	13	0		1	4	4	4,9,10,11	3212	0	0.0	209	6.5	1226	38.2
PIGH	ENST00000216452	4	0		0		1	1	647	0	0.0	0	0.0	200	30.9
PIGK	ENST00000370812	11	1	3	1	3	2	3,4	1408	112	8.0	112	8.0	268	19.0
PIGL	ENST00000225609	7	0		0		0		899	0	0.0	0	0.0	0	0.0
PIGM	ENST00000368090	1	0		0		0		1292	0	0.0	0	0.0	0	0.0
PIGN	ENST00000640252	28	0		1	10	8	4,9,10,12,13,17,20,22	3356	0	0.0	137	4.1	1123	33.5
PIGO	ENST00000378617	10	0		1	6	2	2,6	3470	0	0.0	200	5.8	731	21.1
PIGP	ENST00000360525	4	0		0		0		485	0	0.0	0	0.0	0	0.0
PIGQ	ENST00000321878	10	0		1	11	1	11	1946	0	0.0	173	8.9	173	8.9
PIGS	ENST00000308360	12	0		0		1	1	1908	0	0.0	0	0.0	54	2.8
PIGT	ENST00000279036	12	0		0		0		1977	0	0.0	0	0.0	0	0.0
PIGU	ENST00000217446	12	0		0		2	1,8	1548	0	0.0	0	0.0	325	21.0
PIGV	ENST00000674202	3	0		0		0		1542	0	0.0	0	0.0	0	0.0
PIGW	ENST00000614443	1	0		1	2	1	2	1535	0	0.0	1535	100.0	1535	100.0
PIGY	ENST00000527353	1	0		0		0		236	0	0.0	0	0.0	0	0.0
PIK3AP1	ENST00000339364	17	0		2	1,16	4	1,2,10,16	2758	0	0.0	172	6.2	827	30.0
PIK3C2A	ENST00000691414	32	1	6	4	6,12,16,21	11	3,4,6,9,12,13,15,16,21,24,33	5701	132	2.3	597	10.5	1810	31.7
PIK3C2B	ENST00000684373	32	2	13,16	4	2,13,15,16	4	2,13,15,16	5545	397	7.2	1513	27.3	1513	27.3
PIK3CA	ENST00000263967	20	0		2	2,20	10	2,5,10,12,14,16,18,19,20,21	3607	0	0.0	544	15.1	2094	58.1
PIK3CD	ENST00000377346	22	0		0		0		3575	0	0.0	0	0.0	0	0.0
PIK3CG	ENST00000496166	10	0		0		1	11	3509	0	0.0	0	0.0	299	8.5
PIK3R1	ENST00000521381	15	0		1	2	3	2,8,10	2475	0	0.0	354	14.3	678	27.4
PIK3R2	ENST00000222254	15	1	6	1	6	2	2,6	2487	237	9.5	237	9.5	579	23.3
PIK3R4	ENST00000356763	19	1	7	3	7,11,20	10	2,3,4,5,7,11,13,14,19,20	4457	194	4.4	593	13.3	2758	61.9
PIK3R5	ENST00000447110	18	1	3	1	3	2	3,10	3003	121	4.0	121	4.0	862	28.7
PIKFYVE	ENST00000264380	41	0		0		1	20	7117	0	0.0	0	0.0	1180	16.6
PINK1	ENST00000321556	8	1	1	1	1	1	1	1906	407	21.4	407	21.4	407	21.4
PIP5K1C	ENST00000335312	18	1	1	1	1	1	1	2367	114	4.8	114	4.8	114	4.8
PIR	ENST00000380420	9	0		0		5	3,4,5,9,10	1053	0	0.0	0	0.0	664	63.1
PISD	ENST00000439502	8	0		0		0		1390	0	0.0	0	0.0	0	0.0
PITHD1	ENST00000246151	6	0		0		1	1	756	0	0.0	0	0.0	218	28.8
PITPNM3	ENST00000262483	20	1	1	1	1	2	1,12	3325	42	1.3	42	1.3	257	7.7
PITRM1	ENST00000224949	27	0		0		1	7	3654	0	0.0	0	0.0	181	5.0
PITX1	ENST00000265340	3	0		1	1	2	1,3	1005	0	0.0	189	18.8	752	74.8
PITX2	ENST00000644743	3	0		0		0		1035	0	0.0	0	0.0	0	0.0
PITX3	ENST00000370002	3	0		0		1	4	969	0	0.0	0	0.0	608	62.7
PIWIL2	ENST00000356766	22	0		0		3	11,16,21	3362	0	0.0	0	0.0	692	20.6
PJA1	ENST00000374571	1	0		0		0		1787	0	0.0	0	0.0	0	0.0
PJVK	ENST00000644580	6	0		0		1	3	1179	0	0.0	0	0.0	216	18.3
PKD1	ENST00000262304	46	2	1,42	2	1,42	5	1,16,42,43,46	13832	430	3.1	430	3.1	1399	10.1
PKD1L1	ENST00000289672	57	2	4,31	7	4,15,18,31,32,39,56	16	4,7,9,12,14,15,18,20,31,32,39,44,46,49,51,56	9690	254	2.6	1342	13.8	3209	33.1
PKD2	ENST00000237596	15	1	1	1	1	1	1	3207	615	19.2	615	19.2	615	19.2
PKDCC	ENST00000294964	7	1	1	1	1	1	1	1622	659	40.6	659	40.6	659	40.6
PKDREJ	ENST00000253255	1	1	1	1	1	1	1	6782	6782	100.0	6782	100.0	6782	100.0
PKHD1	ENST00000371117	66	1	59	1	59	3	32,45,59	13545	189	1.4	189	1.4	1943	14.3
PKHD1L1	ENST00000378402	78	0		9	7,15,32,35,43,47,54,73,74	45	6,7,13,15,17,18,21,22,23,24,28,31,32,33,34,35,36,37,38,39,40,41,43,47,48,49,50,51,52,54,55,56,58,59,60,62,63,64,68,70,71,72,73,74,76	14292	0	0.0	1761	12.3	9707	67.9
PKLR	ENST00000342741	11	0		0		0		1945	0	0.0	0	0.0	0	0.0
PKNOX1	ENST00000291547	10	1	5	1	5	2	4,5	1511	191	12.6	191	12.6	383	25.3
PKP1	ENST00000367324	13	0		0		0		2441	0	0.0	0	0.0	0	0.0
PKP2	ENST00000340811	13	0		0		0		2774	0	0.0	0	0.0	0	0.0
PKP4	ENST00000389759	21	1	22	2	14,22	8	2,7,12,14,15,16,17,22	3999	269	6.7	481	12.0	1988	49.7
PLA2G2A	ENST00000482011	4	0		0		0		515	0	0.0	0	0.0	0	0.0
PLA2G4A	ENST00000367466	17	0		0		0		2590	0	0.0	0	0.0	0	0.0
PLA2G4D	ENST00000290472	20	0		0		2	4,19	2857	0	0.0	0	0.0	359	12.6
PLA2G5	ENST00000375108	4	0		0		0		497	0	0.0	0	0.0	0	0.0
PLA2G6	ENST00000332509	16	0		0		0		2741	0	0.0	0	0.0	0	0.0
PLA2G7	ENST00000274793	11	0		0		0		1546	0	0.0	0	0.0	0	0.0
PLAA	ENST00000397292	14	1	8	2	8,14	6	5,7,8,9,13,14	2668	178	6.7	764	28.6	1567	58.7
PLAAT3	ENST00000415826	4	0		0		1	4	569	0	0.0	0	0.0	289	50.8
PLAC8L1	ENST00000311450	4	0		0		1	2	614	0	0.0	0	0.0	157	25.6
PLAG1	ENST00000316981	2	0		1	5	2	4,5	1543	0	0.0	1281	83.0	1543	100.0
PLAGL1	ENST00000674357	2	1	8	1	8	1	8	1432	1260	88.0	1260	88.0	1260	88.0
PLAT	ENST00000220809	13	0		0		2	10,12	1949	0	0.0	0	0.0	377	19.3
PLAU	ENST00000372764	10	0		0		0		1496	0	0.0	0	0.0	0	0.0
PLB1	ENST00000327757	58	1	4	3	4,50,53	4	4,50,53,58	5537	79	1.4	263	4.7	487	8.8
PLCB1	ENST00000338037	32	1	21	2	21,27	7	4,9,14,21,24,26,27	4291	120	2.8	321	7.5	1257	29.3
PLCB2	ENST00000260402	32	0		2	1,23	3	1,23,32	4198	0	0.0	219	5.2	443	10.6
PLCB3	ENST00000279230	31	0		0		1	13	4325	0	0.0	0	0.0	207	4.8
PLCB4	ENST00000378473	37	0		1	13	5	13,22,27,30,35	4361	0	0.0	129	3.0	843	19.3
PLCD1	ENST00000334661	15	0		0		0		2571	0	0.0	0	0.0	0	0.0
PLCE1	ENST00000371380	31	0		0		1	2	7529	0	0.0	0	0.0	1226	16.3
PLCG1	ENST00000685551	32	0		1	1	4	1,8,16,28	4516	0	0.0	237	5.2	673	14.9
PLCG2	ENST00000564138	32	1	24	1	24	1	24	4438	87	2.0	87	2.0	87	2.0
PLCH1	ENST00000460012	22	2	2,20	2	2,20	7	2,9,10,12,20,22,23	5498	266	4.8	266	4.8	3260	59.3
PLCL1	ENST00000428675	6	1	1	1	1	3	1,5,6	3408	260	7.6	260	7.6	593	17.4
PLCZ1	ENST00000266505	14	0		0		1	5	2107	0	0.0	0	0.0	222	10.5
PLD1	ENST00000351298	26	0		0		4	3,10,16,19	3745	0	0.0	0	0.0	586	15.6
PLD3	ENST00000409735	11	0		1	6	4	4,5,6,8	1693	0	0.0	204	12.0	610	36.0
PLD4	ENST00000392593	10	0		0		1	11	1721	0	0.0	0	0.0	220	12.8
PLD5	ENST00000536534	10	0		0		3	2,7,8	1811	0	0.0	0	0.0	503	27.8
PLEC	ENST00000345136	32	0		0		0		14284	0	0.0	0	0.0	0	0.0
PLEC	ENST00000356346	32	0		0		0		14242	0	0.0	0	0.0	0	0.0
PLEK	ENST00000234313	9	0		2	3,5	3	2,3,5	1233	0	0.0	407	33.0	583	47.3
PLEKHA5	ENST00000429027	31	0		3	1,2,12	9	1,2,5,8,9,11,12,20,24	4469	0	0.0	695	15.6	1960	43.9
PLEKHA7	ENST00000531066	27	0		1	1	2	1,7	4356	0	0.0	106	2.4	199	4.6
PLEKHG1	ENST00000696526	15	0		1	16	2	16,17	4458	0	0.0	1644	36.9	2728	61.2
PLEKHG2	ENST00000425673	18	0		3	3,9,18	4	3,9,17,18	4521	0	0.0	1452	32.1	1646	36.4
PLEKHG5	ENST00000377728	20	0		0		0		3421	0	0.0	0	0.0	0	0.0
PLEKHG6	ENST00000684764	15	0		1	15	1	15	2673	0	0.0	713	26.7	713	26.7
PLEKHH1	ENST00000329153	28	0		0		2	15,25	4655	0	0.0	0	0.0	264	5.7
PLEKHM1	ENST00000430334	11	0		2	4,9	4	4,6,7,9	3391	0	0.0	861	25.4	2090	61.6
PLEKHM2	ENST00000375799	20	1	1	1	1	2	1,15	3460	80	2.3	80	2.3	291	8.4
PLEKHN1	ENST00000379410	16	0		0		2	10,12	2156	0	0.0	0	0.0	318	14.7
PLG	ENST00000308192	19	0		0		0		2813	0	0.0	0	0.0	0	0.0
PLIN1	ENST00000300055	8	1	9	1	9	1	9	1729	380	22.0	380	22.0	380	22.0
PLIN3	ENST00000221957	7	0		1	8	1	8	1445	0	0.0	365	25.3	365	25.3
PLIN4	ENST00000301286	7	1	2	1	2	2	2,5	4256	71	1.7	71	1.7	3347	78.6
PLIN5	ENST00000381848	7	2	2,3	3	2,3,8	4	2,3,7,8	1532	296	19.3	874	57.0	1008	65.8
PLK1	ENST00000300093	10	0		0		0		2012	0	0.0	0	0.0	0	0.0
PLK4	ENST00000270861	16	0		2	5,7	4	5,7,13,14	3233	0	0.0	1432	44.3	1761	54.5
PLN	ENST00000357525	1	0		0		0		179	0	0.0	0	0.0	0	0.0
PLOD1	ENST00000196061	19	0		0		0		2564	0	0.0	0	0.0	0	0.0
PLOD2	ENST00000282903	20	0		0		0		2677	0	0.0	0	0.0	0	0.0
PLOD3	ENST00000223127	19	0		0		1	1	2597	0	0.0	0	0.0	129	5.0
PLP1	ENST00000621218	7	0		0		0		974	0	0.0	0	0.0	0	0.0
PLPBP	ENST00000328195	8	1	5	1	5	1	5	988	155	15.7	155	15.7	155	15.7
PLPP6	ENST00000381883	1	0		0		0		908	0	0.0	0	0.0	0	0.0
PLS1	ENST00000457734	15	0		2	2,10	5	2,3,5,7,10	2190	0	0.0	306	14.0	829	37.9
PLS3	ENST00000355899	15	0		3	5,7,10	11	2,3,4,5,7,9,10,11,12,14,16	2193	0	0.0	555	25.3	1629	74.3
PLTP	ENST00000372431	15	0		0		1	11	1782	0	0.0	0	0.0	185	10.4
PLVAP	ENST00000252590	6	0		0		0		1449	0	0.0	0	0.0	0	0.0
PLXDC2	ENST00000377252	14	0		0		4	3,5,11,13	1870	0	0.0	0	0.0	662	35.4
PLXNA1	ENST00000393409	31	0		1	2	4	2,3,4,27	6311	0	0.0	1214	19.2	1695	26.9
PLXNA2	ENST00000367033	31	0		0		3	14,28,30	6305	0	0.0	0	0.0	582	9.2
PLXNA3	ENST00000369682	32	1	2	3	2,4,10	8	2,3,4,10,17,29,30,32	6256	614	9.8	952	15.2	2275	36.4
PLXNB1	ENST00000296440	36	0		1	19	5	3,11,12,16,19	7128	0	0.0	197	2.8	2340	32.8
PLXNB2	ENST00000359337	35	0		1	8	3	8,18,37	6217	0	0.0	174	2.8	490	7.9
PLXNC1	ENST00000258526	31	2	2,4	2	2,4	8	1,2,4,10,11,14,28,29	5327	282	5.3	282	5.3	2259	42.4
PLXND1	ENST00000324093	36	2	1,21	2	1,21	2	1,21	6498	1459	22.5	1459	22.5	1459	22.5
PMAIP1	ENST00000316660	2	0		0		0		205	0	0.0	0	0.0	0	0.0
PMEL	ENST00000548747	11	1	10	1	10	2	6,10	2206	108	4.9	108	4.9	851	38.6
PMEPA1	ENST00000341744	4	1	1	1	1	2	1,4	944	129	13.7	129	13.7	695	73.6
PMF1	ENST00000368277	5	0		0		0		718	0	0.0	0	0.0	0	0.0
PMFBP1	ENST00000237353	20	0		0		2	6,16	3424	0	0.0	0	0.0	379	11.1
PML	ENST00000268058	9	0		0		0		2829	0	0.0	0	0.0	0	0.0
PMM1	ENST00000216259	8	0		0		1	4	949	0	0.0	0	0.0	112	11.8
PMM2	ENST00000268261	8	0		0		0		901	0	0.0	0	0.0	0	0.0
PMP2	ENST00000256103	4	0		0		0		479	0	0.0	0	0.0	0	0.0
PMP22	ENST00000312280	4	0		0		0		563	0	0.0	0	0.0	0	0.0
PMPCA	ENST00000371717	13	0		0		1	7	1838	0	0.0	0	0.0	284	15.5
PMPCB	ENST00000249269	13	1	8	2	8,9	4	4,5,8,9	1730	164	9.5	345	19.9	714	41.3
PMS1	ENST00000441310	12	0		0		0		3039	0	0.0	0	0.0	0	0.0
PMS2	ENST00000265849	15	0		0		0		2889	0	0.0	0	0.0	0	0.0
PMVK	ENST00000368467	5	0		0		0		679	0	0.0	0	0.0	0	0.0
PNKD	ENST00000273077	10	0		0		1	1	1358	0	0.0	0	0.0	87	6.4
PNKP	ENST00000322344	16	0		0		0		1886	0	0.0	0	0.0	0	0.0
PNLDC1	ENST00000392167	19	2	3,5	3	1,3,5	3	1,3,5	1976	238	12.0	334	16.9	334	16.9
PNLIP	ENST00000369221	12	0		0		3	10,11,12	1638	0	0.0	0	0.0	464	28.3
PNN	ENST00000216832	9	0		0		1	9	2334	0	0.0	0	0.0	1381	59.2
PNP	ENST00000361505	6	0		0		1	2	990	0	0.0	0	0.0	190	19.2
PNPLA1	ENST00000636260	9	1	9	1	9	2	6,9	1899	144	7.6	144	7.6	773	40.7
PNPLA2	ENST00000336615	9	0		1	2	1	2	1695	0	0.0	207	12.2	207	12.2
PNPLA3	ENST00000216180	9	0		0		2	6,9	1626	0	0.0	0	0.0	491	30.2
PNPLA4	ENST00000381042	6	0		2	6,7	4	2,4,6,7	882	0	0.0	325	36.8	681	77.2
PNPLA6	ENST00000600737	32	0		0		0		4738	0	0.0	0	0.0	0	0.0
PNPLA8	ENST00000257694	9	0		1	9	5	3,4,9,10,11	2529	0	0.0	215	8.5	1972	78.0
PNPO	ENST00000642017	7	0		0		0		926	0	0.0	0	0.0	0	0.0
PNPT1	ENST00000447944	28	0		1	9	1	9	2912	0	0.0	207	7.1	207	7.1
POC1A	ENST00000296484	11	0		0		1	10	1444	0	0.0	0	0.0	164	11.4
POC1B	ENST00000313546	12	1	5	3	1,4,5	6	1,3,4,5,7,9	1677	128	7.6	363	21.6	882	52.6
POC5	ENST00000428202	11	2	8,9	2	8,9	4	4,8,9,11	1948	374	19.2	374	19.2	675	34.7
PODXL	ENST00000378555	9	1	6	2	3,6	3	1,3,6	1857	168	9.0	284	15.3	404	21.8
POF1B	ENST00000262753	16	0		5	6,7,10,12,15	15	2,4,5,6,7,8,9,10,11,12,13,14,15,16,17	2090	0	0.0	743	35.6	1995	95.5
POFUT1	ENST00000375749	7	0		0		0		1307	0	0.0	0	0.0	0	0.0
POGLUT1	ENST00000295588	11	1	10	1	10	4	5,9,10,11	1399	77	5.5	77	5.5	584	41.7
POGLUT2	ENST00000376004	10	1	8	1	8	1	8	1709	110	6.4	110	6.4	110	6.4
POGZ	ENST00000271715	18	1	11	1	11	3	2,9,11	4593	121	2.6	121	2.6	623	13.6
POLA1	ENST00000379068	37	2	15,27	8	10,13,15,27,31,32,33,34	30	2,4,5,6,7,8,9,10,12,13,14,15,16,17,20,21,22,23,24,25,27,28,29,30,31,32,33,34,36,37	5147	228	4.4	1220	23.7	4307	83.7
POLA2	ENST00000265465	18	0		1	11	2	6,11	2157	0	0.0	145	6.7	359	16.6
POLB	ENST00000265421	14	0		0		1	13	1288	0	0.0	0	0.0	160	12.4
POLD1	ENST00000440232	26	2	18,20	2	18,20	3	9,18,20	3844	312	8.1	312	8.1	499	13.0
POLD2	ENST00000610533	10	0		0		0		1610	0	0.0	0	0.0	0	0.0
POLD3	ENST00000263681	12	0		0		1	6	1641	0	0.0	0	0.0	288	17.6
POLE	ENST00000320574	49	3	18,19,28	3	18,19,28	3	18,19,28	7841	391	5.0	391	5.0	391	5.0
POLE2	ENST00000216367	19	0		1	17	4	5,12,16,17	1964	0	0.0	197	10.0	550	28.0
POLG	ENST00000268124	22	0		0		0		4160	0	0.0	0	0.0	0	0.0
POLG2	ENST00000539111	8	0		0		0		1618	0	0.0	0	0.0	0	0.0
POLH	ENST00000372236	10	0		1	11	1	11	2342	0	0.0	918	39.2	918	39.2
POLI	ENST00000579534	10	0		1	10	6	3,4,6,8,9,10	2423	0	0.0	839	34.6	1773	73.2
POLK	ENST00000241436	14	0		0		10	2,4,6,7,8,9,11,12,13,15	2893	0	0.0	0	0.0	2485	85.9
POLL	ENST00000370162	8	1	5	2	4,5	3	3,4,5	1888	338	17.9	521	27.6	836	44.3
POLN	ENST00000511885	24	1	4	1	4	4	3,4,5,6	3183	100	3.1	100	3.1	988	31.0
POLQ	ENST00000264233	30	1	24	3	18,22,24	11	1,2,4,8,17,18,20,21,22,24,25	8373	142	1.7	554	6.6	2022	24.1
POLR1A	ENST00000263857	34	0		1	30	2	14,30	5843	0	0.0	326	5.6	538	9.2
POLR1B	ENST00000263331	15	0		1	13	6	5,7,8,9,13,15	3708	0	0.0	217	5.9	1963	52.9
POLR1C	ENST00000642195	9	0		0		0		1221	0	0.0	0	0.0	0	0.0
POLR1D	ENST00000302979	2	0		0		0		442	0	0.0	0	0.0	0	0.0
POLR2A	NM_000937.5	30	1	30	2	29,30	4	17,28,29,30	6513	421	6.5	1197	18.4	1559	23.9
POLR2C	ENST00000219252	9	0		0		0		1008	0	0.0	0	0.0	0	0.0
POLR2M	ENST00000299638	4	0		1	2	1	2	1187	0	0.0	665	56.0	665	56.0
POLR3A	ENST00000372371	31	0		0		0		4793	0	0.0	0	0.0	0	0.0
POLR3B	ENST00000228347	28	0		0		0		3962	0	0.0	0	0.0	0	0.0
POLR3C	ENST00000334163	14	0		0		1	4	1885	0	0.0	0	0.0	206	10.9
POLR3F	ENST00000377603	9	0		1	8	1	8	1131	0	0.0	212	18.7	212	18.7
POLR3GL	ENST00000369314	7	0		0		0		797	0	0.0	0	0.0	0	0.0
POLR3H	ENST00000355209	6	0		0		1	2	735	0	0.0	0	0.0	117	15.9
POLR3K	ENST00000293860	3	0		0		0		387	0	0.0	0	0.0	0	0.0
POLRMT	ENST00000588649	21	0		1	10	3	3,5,10	4113	0	0.0	809	19.7	1665	40.5
POMC	ENST00000395826	2	0		0		0		844	0	0.0	0	0.0	0	0.0
POMGNT1	ENST00000371984	21	0		0		0		2403	0	0.0	0	0.0	0	0.0
POMGNT2	ENST00000344697	1	0		0		0		1763	0	0.0	0	0.0	0	0.0
POMK	ENST00000331373	2	0		0		2	4,5	1093	0	0.0	0	0.0	1093	100.0
POMP	ENST00000380842	6	0		0		0		546	0	0.0	0	0.0	0	0.0
POMT1	ENST00000402686	19	0		0		0		2558	0	0.0	0	0.0	0	0.0
POMT2	ENST00000261534	21	0		0		1	10	2673	0	0.0	0	0.0	87	3.3
PON1	ENST00000222381	9	0		0		0		1248	0	0.0	0	0.0	0	0.0
PON2	ENST00000222572	9	0		0		0		1245	0	0.0	0	0.0	0	0.0
PON3	ENST00000265627	9	0		0		0		1245	0	0.0	0	0.0	0	0.0
POP1	ENST00000401707	15	0		0		1	16	3375	0	0.0	0	0.0	675	20.0
POPDC1	ENST00000314641	7	0		0		5	2,3,4,5,6	1223	0	0.0	0	0.0	916	74.9
POPDC2	ENST00000493094	3	0		0		2	1,3	1167	0	0.0	0	0.0	1038	88.9
POPDC3	ENST00000254765	3	1	3	1	3	3	2,3,4	936	129	13.8	129	13.8	936	100.0
POR	ENST00000461988	15	0		0		1	13	2334	0	0.0	0	0.0	291	12.5
PORCN	ENST00000326194	14	0		0		0		1666	0	0.0	0	0.0	0	0.0
POT1	ENST00000357628	15	0		3	6,8,10	8	6,7,8,9,10,14,16,17	2205	0	0.0	633	28.7	1407	63.8
POU1F1	ENST00000350375	6	0		0		0		996	0	0.0	0	0.0	0	0.0
POU2AF1	ENST00000393067	5	0		1	5	2	2,5	871	0	0.0	335	38.5	486	55.8
POU3F2	ENST00000328345	1	1	1	1	1	1	1	1352	1352	100.0	1352	100.0	1352	100.0
POU3F3	ENST00000361360	1	1	1	1	1	1	1	1523	1523	100.0	1523	100.0	1523	100.0
POU3F4	ENST00000644024	1	0		0		0		1106	0	0.0	0	0.0	0	0.0
POU4F1	ENST00000377208	2	1	2	1	2	2	1,2	1300	1157	89.0	1157	89.0	1300	100.0
POU4F3	ENST00000646991	2	0		0		0		1057	0	0.0	0	0.0	0	0.0
POU5F1	ENST00000259915	5	2	1,5	4	1,2,3,5	5	1,2,3,4,5	1183	712	60.2	1004	84.9	1183	100.0
POU6F2	ENST00000518318	10	1	1	1	1	5	1,4,5,9,10	2363	125	5.3	125	5.3	1482	62.7
PPA2	ENST00000341695	12	0		0		3	5,8,9	1245	0	0.0	0	0.0	394	31.6
PPARA	ENST00000407236	6	0		0		0		1527	0	0.0	0	0.0	0	0.0
PPARG	ENST00000651735	6	0		0		0		1548	0	0.0	0	0.0	0	0.0
PPARGC1B	ENST00000309241	12	0		0		2	5,8	3312	0	0.0	0	0.0	1974	59.6
PPCDC	ENST00000342932	5	0		0		0		715	0	0.0	0	0.0	0	0.0
PPCS	ENST00000372561	3	0		1	1	2	1,3	996	0	0.0	528	53.0	872	87.6
PPFIA2	ENST00000549396	30	0		1	27	6	9,10,13,16,20,27	4374	0	0.0	214	4.9	1082	24.7
PPFIA3	ENST00000334186	28	0		4	13,15,16,17	5	4,13,15,16,17	4145	0	0.0	735	17.7	920	22.2
PPFIBP1	ENST00000228425	28	1	8	1	8	7	4,6,8,13,14,18,28	3578	113	3.2	113	3.2	1176	32.9
PPIA	ENST00000468812	5	0		0		0		598	0	0.0	0	0.0	0	0.0
PPIB	ENST00000300026	5	0		0		0		751	0	0.0	0	0.0	0	0.0
PPID	ENST00000307720	10	0		0		2	2,4	1313	0	0.0	0	0.0	370	28.2
PPIL1	ENST00000373699	4	0		0		0		581	0	0.0	0	0.0	0	0.0
PPIP5K2	ENST00000358359	30	1	17	2	17,25	14	3,5,6,7,9,10,16,17,18,20,25,29,30,31	4332	203	4.7	397	9.2	2172	50.1
PPM1B	ENST00000282412	5	0		1	6	4	2,3,4,6	1540	0	0.0	326	21.2	1462	94.9
PPM1D	ENST00000305921	6	0		1	6	1	6	1938	0	0.0	578	29.8	578	29.8
PPM1F	ENST00000263212	7	0		0		2	5,8	1505	0	0.0	0	0.0	609	40.5
PPM1K	ENST00000608933	6	0		1	4	2	4,7	1239	0	0.0	186	15.0	338	27.3
PPOX	ENST00000367999	12	0		0		0		1674	0	0.0	0	0.0	0	0.0
PPP1CB	ENST00000395366	8	0		0		1	3	1144	0	0.0	0	0.0	251	21.9
PPP1R12A	ENST00000450142	25	0		0		8	3,4,5,8,9,14,17,20	3593	0	0.0	0	0.0	1230	34.2
PPP1R12B	ENST00000608999	24	0		0		4	4,8,10,16	3429	0	0.0	0	0.0	774	22.6
PPP1R12C	ENST00000263433	22	1	1	1	1	3	1,4,17	2789	341	12.2	341	12.2	582	20.9
PPP1R13L	ENST00000360957	12	1	4	3	4,7,8	4	4,7,8,12	2727	534	19.6	1486	54.5	1706	62.6
PPP1R15B	ENST00000367188	2	0		0		0		2182	0	0.0	0	0.0	0	0.0
PPP1R17	ENST00000342032	4	0		0		1	4	548	0	0.0	0	0.0	173	31.6
PPP1R21	ENST00000294952	22	0		0		2	9,14	2783	0	0.0	0	0.0	318	11.4
PPP1R36	ENST00000298705	12	0		0		3	7,10,11	1509	0	0.0	0	0.0	530	35.1
PPP1R3A	ENST00000284601	4	0		0		0		3449	0	0.0	0	0.0	0	0.0
PPP1R3C	ENST00000238994	2	0		0		0		994	0	0.0	0	0.0	0	0.0
PPP1R3F	ENST00000055335	4	1	1	2	1,4	2	1,4	2480	1024	41.3	2301	92.8	2301	92.8
PPP2CA	ENST00000481195	7	0		0		3	2,3,5	1070	0	0.0	0	0.0	606	56.6
PPP2R1A	ENST00000322088	15	0		0		2	5,12	2070	0	0.0	0	0.0	343	16.6
PPP2R1B	ENST00000527614	15	0		1	13	2	12,13	2106	0	0.0	163	7.7	338	16.0
PPP2R2A	ENST00000380737	10	0		0		5	4,5,6,8,10	1544	0	0.0	0	0.0	1007	65.2
PPP2R2B	ENST00000394411	9	0		1	2	6	2,4,6,7,8,10	1512	0	0.0	90	6.0	1149	76.0
PPP2R3A	ENST00000264977	13	0		0		5	3,8,11,12,14	3713	0	0.0	0	0.0	943	25.4
PPP2R3C	ENST00000261475	13	0		1	13	2	2,13	1622	0	0.0	209	12.9	357	22.0
PPP2R5C	ENST00000694906	16	1	1	1	1	2	1,3	2060	47	2.3	47	2.3	233	11.3
PPP2R5D	ENST00000485511	16	0		1	3	2	3,15	2129	0	0.0	237	11.1	374	17.6
PPP3CA	ENST00000394854	14	0		0		4	6,7,9,14	1846	0	0.0	0	0.0	621	33.6
PPP3R1	ENST00000234310	6	0		0		2	3,5	633	0	0.0	0	0.0	402	63.5
PPP5C	ENST00000012443	13	0		0		1	9	1760	0	0.0	0	0.0	108	6.1
PPP6R2	ENST00000612753	22	0		0		0		3320	0	0.0	0	0.0	0	0.0
PPT1	ENST00000642050	9	0		0		0		1101	0	0.0	0	0.0	0	0.0
PQBP1	ENST00000447146	6	0		0		0		918	0	0.0	0	0.0	0	0.0
PRAG1	ENST00000615670	5	1	5	2	5,6	4	2,3,5,6	4321	772	17.9	1941	44.9	4143	95.9
PRAMEF1	ENST00000332296	3	0		0		0		1485	0	0.0	0	0.0	0	0.0
PRCC	ENST00000271526	7	0		1	3	2	3,4	1616	0	0.0	587	36.3	703	43.5
PRCD	ENST00000592014	3	0		0		0		225	0	0.0	0	0.0	0	0.0
PRCP	ENST00000313010	9	0		0		5	4,5,6,7,8	1671	0	0.0	0	0.0	963	57.6
PRDM10	ENST00000360871	20	1	13	2	13,19	7	3,11,12,13,16,17,19	3871	176	4.5	377	9.7	1749	45.2
PRDM12	ENST00000253008	5	1	5	1	5	1	5	1204	442	36.7	442	36.7	442	36.7
PRDM13	ENST00000369215	4	0		2	2,4	2	2,4	2204	0	0.0	1899	86.2	1899	86.2
PRDM15	ENST00000398548	23	0		0		3	4,6,24	3886	0	0.0	0	0.0	799	20.6
PRDM16	ENST00000270722	17	0		1	2	4	1,2,9,15	4171	0	0.0	370	8.9	2121	50.9
PRDM5	ENST00000264808	16	0		0		0		2213	0	0.0	0	0.0	0	0.0
PRDM6	ENST00000407847	7	0		2	2,3	3	2,3,6	1928	0	0.0	940	48.8	1303	67.6
PRDM8	ENST00000415738	3	1	4	1	4	1	4	2130	1639	76.9	1639	76.9	1639	76.9
PRDM9	ENST00000296682	10	0		0		0		2885	0	0.0	0	0.0	0	0.0
PRDX1	ENST00000319248	5	1	4	1	4	1	4	700	143	20.4	143	20.4	143	20.4
PRDX3	ENST00000298510	7	0		0		0		911	0	0.0	0	0.0	0	0.0
PRDX6	ENST00000340385	5	0		0		1	2	775	0	0.0	0	0.0	177	22.8
PREB	ENST00000260643	9	0		1	1	1	1	1434	0	0.0	155	10.8	155	10.8
PREPL	ENST00000409411	13	0		1	11	5	5,7,9,11,13	2177	0	0.0	170	7.8	822	37.8
PREX2	ENST00000288368	40	1	14	2	13,14	12	4,6,7,12,13,14,18,24,26,33,35,37	5621	96	1.7	166	3.0	1832	32.6
PRF1	ENST00000441259	2	0		0		1	3	1708	0	0.0	0	0.0	1149	67.3
PRG4	ENST00000445192	12	0		0		0		4455	0	0.0	0	0.0	0	0.0
PRICKLE1	ENST00000345127	7	0		1	7	1	7	2636	0	0.0	884	33.5	884	33.5
PRICKLE2	ENST00000638394	7	0		0		0		2675	0	0.0	0	0.0	0	0.0
PRICKLE3	ENST00000599218	9	0		3	2,4,7	6	2,3,4,7,8,9	2028	0	0.0	447	22.0	1584	78.1
PRIM1	ENST00000338193	13	0		0		2	2,9	1523	0	0.0	0	0.0	340	22.3
PRIMA1	ENST00000393140	4	0		1	3	2	3,5	542	0	0.0	156	28.8	279	51.5
PRIMPOL	ENST00000314970	12	0		1	6	7	3,4,5,6,7,8,11	1923	0	0.0	168	8.7	1256	65.3
PRKACA	ENST00000308677	10	1	1	1	1	1	1	1256	66	5.3	66	5.3	66	5.3
PRKACB	ENST00000370685	10	0		1	9	6	3,4,5,6,8,9	1397	0	0.0	185	13.2	846	60.6
PRKACG	ENST00000377276	1	0		0		0		1076	0	0.0	0	0.0	0	0.0
PRKAG2	ENST00000287878	16	0		0		2	5,13	2030	0	0.0	0	0.0	148	7.3
PRKAG3	ENST00000439262	13	0		0		0		1730	0	0.0	0	0.0	0	0.0
PRKAR1A	ENST00000589228	10	0		0		0		1346	0	0.0	0	0.0	0	0.0
PRKAR1B	ENST00000537384	10	0		0		2	7,11	1346	0	0.0	0	0.0	372	27.6
PRKCA	ENST00000413366	17	1	7	2	1,7	3	1,7,16	2359	155	6.6	348	14.8	509	21.6
PRKCD	ENST00000330452	17	0		0		1	17	2371	0	0.0	0	0.0	209	8.8
PRKCG	ENST00000263431	18	0		0		0		2454	0	0.0	0	0.0	0	0.0
PRKCH	ENST00000332981	14	0		0		2	11,12	2332	0	0.0	0	0.0	368	15.8
PRKCSH	ENST00000677123	16	0		0		0		1928	0	0.0	0	0.0	0	0.0
PRKD1	ENST00000331968	18	4	1,2,6,9	5	1,2,3,6,9	10	1,2,3,4,5,6,9,10,14,16	3099	639	20.6	791	25.5	1973	63.7
PRKDC	ENST00000314191	86	0		7	33,41,58,62,69,72,84	27	10,11,12,13,24,25,27,33,35,36,37,41,43,46,55,58,59,62,64,66,69,70,72,73,74,75,84	14107	0	0.0	1487	10.5	5312	37.7
PRKG1	ENST00000373980	18	0		1	2	5	1,2,4,14,15	2421	0	0.0	187	7.7	971	40.1
PRKG2	ENST00000264399	18	0		2	3,4	5	2,3,4,12,14	2649	0	0.0	321	12.1	1121	42.3
PRKN	ENST00000366898	12	0		0		0		1638	0	0.0	0	0.0	0	0.0
PRKRA	ENST00000325748	8	0		0		1	5	1102	0	0.0	0	0.0	138	12.5
PRL	ENST00000306482	5	0		0		2	2,5	784	0	0.0	0	0.0	408	52.0
PRLR	ENST00000618457	8	0		0		3	5,6,10	2029	0	0.0	0	0.0	1414	69.7
PRMT5	ENST00000324366	17	0		0		0		2254	0	0.0	0	0.0	0	0.0
PRMT7	ENST00000441236	17	2	10,11	2	10,11	3	10,11,15	2419	304	12.6	304	12.6	486	20.1
PRMT9	ENST00000322396	12	0		0		0		2778	0	0.0	0	0.0	0	0.0
PRNP	ENST00000379440	1	0		0		0		782	0	0.0	0	0.0	0	0.0
PROC	ENST00000234071	8	0		0		0		1546	0	0.0	0	0.0	0	0.0
PROCA1	ENST00000682792	5	1	3	2	3,5	2	3,5	1195	156	13.1	831	69.5	831	69.5
PRODH	ENST00000357068	14	4	1,12,13,14	5	1,2,12,13,14	6	1,2,11,12,13,14	2083	729	35.0	958	46.0	1154	55.4
PRODH2	ENST00000653904	10	0		1	10	1	10	1583	0	0.0	205	13.0	205	13.0
PROK2	ENST00000295619	4	0		0		1	1	470	0	0.0	0	0.0	116	24.7
PROKR2	ENST00000678254	2	0		0		0		1195	0	0.0	0	0.0	0	0.0
PROM1	ENST00000447510	26	0		1	2	4	2,5,7,23	3118	0	0.0	240	7.7	663	21.3
PROP1	ENST00000308304	3	0		1	1	3	1,2,3	741	0	0.0	129	17.4	741	100.0
PRORP	ENST00000534898	7	0		0		4	2,4,7,8	1892	0	0.0	0	0.0	1527	80.7
PROS1	ENST00000394236	15	0		0		1	8	2331	0	0.0	0	0.0	142	6.1
PROSER1	ENST00000352251	13	2	9,11	2	9,11	5	4,5,9,11,12	3095	1913	61.8	1913	61.8	2313	74.7
PROX1	ENST00000366958	4	0		1	4	3	2,4,5	2294	0	0.0	215	9.4	2166	94.4
PROZ	ENST00000375547	8	0		0		0		1363	0	0.0	0	0.0	0	0.0
PRPF19	ENST00000227524	16	0		1	3	2	3,16	1835	0	0.0	97	5.3	215	11.7
PRPF3	ENST00000324862	15	0		0		0		2352	0	0.0	0	0.0	0	0.0
PRPF31	ENST00000321030	13	6	2,3,4,5,8,13	12	2,3,4,5,6,7,8,9,10,11,13,14	13	2,3,4,5,6,7,8,9,10,11,12,13,14	1760	797	45.3	1611	91.5	1760	100.0
PRPF39	ENST00000355765	13	0		2	2,13	10	2,3,4,5,6,7,10,11,13,14	2270	0	0.0	485	21.4	1843	81.2
PRPF4	ENST00000374198	14	0		0		2	3,14	1846	0	0.0	0	0.0	421	22.8
PRPF6	ENST00000266079	21	0		0		0		3246	0	0.0	0	0.0	0	0.0
PRPF8	ENST00000304992	42	0		0		1	9	7848	0	0.0	0	0.0	211	2.7
PRPH	ENST00000257860	9	0		0		0		1593	0	0.0	0	0.0	0	0.0
PRPH2	ENST00000230381	3	0		0		0		1101	0	0.0	0	0.0	0	0.0
PRPS1	ENST00000372435	7	0		0		0		1097	0	0.0	0	0.0	0	0.0
PRR12	ENST00000418929	14	0		1	1	3	1,4,5	6391	0	0.0	106	1.7	4130	64.6
PRR22	ENST00000419421	3	0		1	3	2	2,3	1329	0	0.0	1096	82.5	1179	88.7
PRRC2C	ENST00000647382	34	1	18	2	12,18	13	3,7,10,12,17,18,19,21,22,23,28,30,35	9377	175	1.9	814	8.7	3593	38.3
PRRT2	ENST00000358758	3	0		1	2	1	2	1083	0	0.0	899	83.0	899	83.0
PRRX1	ENST00000239461	4	0		0		0		818	0	0.0	0	0.0	0	0.0
PRSS1	ENST00000311737	5	0		1	2	1	2	844	0	0.0	180	21.3	180	21.3
PRSS12	ENST00000296498	13	0		1	1	1	1	2888	0	0.0	522	18.1	522	18.1
PRSS2	ENST00000539842	5	1	1	5	1,2,3,4,5	5	1,2,3,4,5	844	60	7.1	844	100.0	844	100.0
PRSS56	ENST00000617714	13	0		0		4	4,7,8,13	2072	0	0.0	0	0.0	867	41.8
PRSS8	ENST00000317508	6	0		1	6	1	6	1152	0	0.0	347	30.1	347	30.1
PRTG	ENST00000389286	20	2	7,15	6	2,7,8,9,10,15	12	2,5,6,7,8,9,10,11,15,16,18,20	3853	371	9.6	1473	38.2	2683	69.6
PRUNE1	ENST00000271620	8	0		0		0		1522	0	0.0	0	0.0	0	0.0
PRX	ENST00000324001	4	0		0		0		4466	0	0.0	0	0.0	0	0.0
PSAP	ENST00000394936	14	0		0		0		1855	0	0.0	0	0.0	0	0.0
PSAT1	ENST00000376588	9	0		0		0		1293	0	0.0	0	0.0	0	0.0
PSD3	ENST00000327040	16	0		2	1,4	6	1,4,5,7,11,13	3464	0	0.0	457	13.2	1197	34.6
PSEN1	ENST00000324501	10	0		0		0		1604	0	0.0	0	0.0	0	0.0
PSEN2	ENST00000366783	10	0		0		0		1547	0	0.0	0	0.0	0	0.0
PSENEN	ENST00000587708	3	0		0		0		366	0	0.0	0	0.0	0	0.0
PSKH1	ENST00000291041	2	0		0		0		1315	0	0.0	0	0.0	0	0.0
PSMA3	ENST00000216455	11	1	5	1	5	2	3,5	988	94	9.5	94	9.5	238	24.1
PSMA6	ENST00000261479	7	0		0		1	2	881	0	0.0	0	0.0	115	13.1
PSMB1	ENST00000262193	6	0		0		2	4,6	846	0	0.0	0	0.0	356	42.1
PSMB10	ENST00000358514	8	0		1	1	1	1	982	0	0.0	76	7.7	76	7.7
PSMB4	ENST00000290541	7	0		0		0		935	0	0.0	0	0.0	0	0.0
PSMB8	ENST00000374882	6	2	1,6	6	1,2,3,4,5,6	6	1,2,3,4,5,6	951	276	29.0	951	100.0	951	100.0
PSMB9	ENST00000374859	6	6	1,2,3,4,5,6	6	1,2,3,4,5,6	6	1,2,3,4,5,6	780	780	100.0	780	100.0	780	100.0
PSMC1	ENST00000261303	11	0		0		4	5,6,8,9	1543	0	0.0	0	0.0	737	47.8
PSMC3	ENST00000298852	12	0		1	7	1	7	1560	0	0.0	164	10.5	164	10.5
PSMC3IP	ENST00000393795	8	0		0		0		814	0	0.0	0	0.0	0	0.0
PSMC5	ENST00000310144	12	0		0		0		1461	0	0.0	0	0.0	0	0.0
PSMD11	ENST00000261712	13	0		0		0		1529	0	0.0	0	0.0	0	0.0
PSMD12	ENST00000356126	11	1	6	1	6	3	6,7,9	1591	170	10.7	170	10.7	520	32.7
PSMD7	ENST00000219313	7	0		0		1	7	1115	0	0.0	0	0.0	465	41.7
PSMF1	ENST00000335877	7	0		0		2	2,4	956	0	0.0	0	0.0	379	39.6
PSMG2	ENST00000317615	7	0		0		1	5	935	0	0.0	0	0.0	194	20.7
PSPH	ENST00000275605	5	0		0		0		778	0	0.0	0	0.0	0	0.0
PSTPIP1	ENST00000558012	15	0		0		0		1551	0	0.0	0	0.0	0	0.0
PTCD1	ENST00000292478	7	0		0		0		2243	0	0.0	0	0.0	0	0.0
PTCD3	ENST00000254630	24	1	17	1	17	6	6,8,12,13,15,17	2550	127	5.0	127	5.0	769	30.2
PTCH1	ENST00000331920	23	1	1	1	1	1	1	4804	221	4.6	221	4.6	221	4.6
PTCH1	ENST00000437951	23	0		0		0		4801	0	0.0	0	0.0	0	0.0
PTCH2	ENST00000372192	22	0		0		0		4052	0	0.0	0	0.0	0	0.0
PTCHD1	ENST00000379361	3	0		0		2	1,3	2727	0	0.0	0	0.0	2046	75.0
PTCRA	ENST00000304672	4	0		1	4	1	4	926	0	0.0	442	47.7	442	47.7
PTDSS1	ENST00000517309	13	0		0		1	5	1682	0	0.0	0	0.0	179	10.6
PTEN	ENST00000371953	9	0		0		0		1392	0	0.0	0	0.0	0	0.0
PTER	ENST00000535784	4	0		1	2	2	2,4	1130	0	0.0	452	40.0	613	54.2
PTF1A	ENST00000376504	2	1	1	1	1	1	1	1027	804	78.3	804	78.3	804	78.3
PTGDR	ENST00000306051	2	0		1	1	1	1	1120	0	0.0	866	77.3	866	77.3
PTGER2	ENST00000245457	2	1	1	1	1	1	1	1117	863	77.3	863	77.3	863	77.3
PTGIS	ENST00000244043	10	1	1	1	1	1	1	1703	94	5.5	94	5.5	94	5.5
PTGR3	ENST00000322342	2	0		0		1	1	1174	0	0.0	0	0.0	229	19.5
PTGS1	ENST00000362012	11	0		2	3,11	2	3,11	2020	0	0.0	513	25.4	513	25.4
PTGS2	ENST00000367468	10	0		1	10	3	4,8,10	2015	0	0.0	430	21.3	901	44.7
PTH	ENST00000282091	2	0		0		0		388	0	0.0	0	0.0	0	0.0
PTH1R	ENST00000449590	14	0		0		0		2062	0	0.0	0	0.0	0	0.0
PTHLH	ENST00000545234	3	0		0		0		594	0	0.0	0	0.0	0	0.0
PTK2	ENST00000696786	34	1	3	1	3	2	3,4	3971	215	5.4	215	5.4	402	10.1
PTPA	ENST00000393370	10	0		0		2	1,9	1172	0	0.0	0	0.0	179	15.3
PTPMT1	ENST00000326674	4	1	1	1	1	3	1,2,3	686	194	28.3	194	28.3	507	73.9
PTPN1	ENST00000371621	10	0		0		2	8,9	1508	0	0.0	0	0.0	460	30.5
PTPN11	ENST00000351677	15	0		0		0		2082	0	0.0	0	0.0	0	0.0
PTPN12	ENST00000248594	18	0		0		5	4,8,9,12,13	2703	0	0.0	0	0.0	1463	54.1
PTPN13	ENST00000411767	47	0		3	7,24,32	16	3,5,7,12,13,14,16,18,19,24,25,28,31,32,34,45	8398	0	0.0	1266	15.1	4225	50.3
PTPN14	ENST00000366956	18	2	3,12	2	3,12	2	3,12	3924	289	7.4	289	7.4	289	7.4
PTPN2	ENST00000309660	9	0		0		4	5,6,7,8	1428	0	0.0	0	0.0	760	53.2
PTPN22	ENST00000359785	21	0		1	19	5	8,14,15,18,19	2844	0	0.0	51	1.8	605	21.3
PTPN23	ENST00000265562	25	0		0		3	5,20,25	5411	0	0.0	0	0.0	2349	43.4
PTPN4	ENST00000263708	26	0		0		13	2,9,10,12,14,15,17,18,19,20,23,24,25	3301	0	0.0	0	0.0	1923	58.3
PTPRC	ENST00000442510	32	0		2	3,15	10	2,3,5,8,9,10,11,12,15,23	4561	0	0.0	128	2.8	1261	27.6
PTPRD	ENST00000381196	35	2	16,40	4	16,21,24,40	11	16,20,21,24,28,32,37,39,40,41,43	6439	335	5.2	1263	19.6	3107	48.3
PTPRE	ENST00000254667	19	1	20	1	20	2	4,20	2483	156	6.3	156	6.3	276	11.1
PTPRF	ENST00000359947	32	0		1	20	3	9,12,20	6364	0	0.0	239	3.8	1167	18.3
PTPRH	ENST00000376350	20	1	2	3	2,5,15	7	2,3,5,6,8,9,15	3748	54	1.4	438	11.7	1622	43.3
PTPRJ	ENST00000418331	25	1	1	1	1	7	1,5,8,10,21,24,25	4514	116	2.6	116	2.6	1461	32.4
PTPRM	ENST00000580170	33	1	25	4	3,7,25,28	8	3,7,8,12,19,24,25,28	5058	175	3.5	975	19.3	1943	38.4
PTPRO	ENST00000281171	26	0		0		0		4171	0	0.0	0	0.0	0	0.0
PTPRQ	ENST00000644991	45	3	4,5,6	8	4,5,6,10,15,21,25,26	19	3,4,5,6,10,11,12,15,16,20,21,25,26,28,29,31,32,33,42	7800	580	7.4	1929	24.7	4026	51.6
PTPRZ1	ENST00000393386	30	1	4	2	4,27	16	2,3,4,7,9,14,19,20,21,22,23,26,27,28,29,30	7548	172	2.3	339	4.5	2566	34.0
PTRH2	ENST00000393038	1	0		0		1	2	560	0	0.0	0	0.0	560	100.0
PTRHD1	ENST00000328379	2	0		0		0		463	0	0.0	0	0.0	0	0.0
PTS	ENST00000280362	6	0		0		0		558	0	0.0	0	0.0	0	0.0
PUF60	ENST00000526683	12	0		2	6,11	6	6,8,9,10,11,12	1920	0	0.0	438	22.8	1359	70.8
PUM1	ENST00000426105	21	0		0		8	2,5,6,8,9,13,19,21	3987	0	0.0	0	0.0	1681	42.2
PURA	ENST00000331327	1	1	1	1	1	1	1	989	989	100.0	989	100.0	989	100.0
PUS1	ENST00000376649	6	0		0		1	2	1404	0	0.0	0	0.0	249	17.7
PUS3	ENST00000227474	3	0		0		3	2,3,4	1506	0	0.0	0	0.0	1506	100.0
PUS7	ENST00000469408	15	0		0		6	2,6,8,9,12,13	2286	0	0.0	0	0.0	1114	48.7
PXDN	ENST00000252804	23	0		1	10	4	1,8,9,10	4900	0	0.0	293	6.0	841	17.2
PXDNL	ENST00000356297	23	0		0		3	9,10,17	4852	0	0.0	0	0.0	1992	41.1
PXK	ENST00000356151	18	1	3	2	1,3	4	1,3,4,10	2097	68	3.2	190	9.1	579	27.6
PYCR1	ENST00000329875	7	0		0		0		1100	0	0.0	0	0.0	0	0.0
PYCR2	ENST00000343818	7	0		1	7	1	7	1103	0	0.0	186	16.9	186	16.9
PYGL	ENST00000216392	20	0		0		0		2944	0	0.0	0	0.0	0	0.0
PYGM	ENST00000164139	20	0		0		0		2929	0	0.0	0	0.0	0	0.0
PYROXD1	ENST00000240651	12	0		0		8	3,4,5,6,8,10,11,12	1743	0	0.0	0	0.0	1284	73.7
PYROXD2	ENST00000370575	16	0		0		4	6,9,14,15	2066	0	0.0	0	0.0	604	29.2
QARS1	ENST00000306125	24	0		0		0		2808	0	0.0	0	0.0	0	0.0
QDPR	ENST00000281243	7	0		0		0		875	0	0.0	0	0.0	0	0.0
QRICH1	ENST00000395443	9	0		1	7	4	4,5,7,10	2511	0	0.0	129	5.1	715	28.5
QRICH2	ENST00000680821	19	1	1	1	1	3	1,15,16	6044	554	9.2	554	9.2	943	15.6
QRSL1	ENST00000369046	11	0		0		4	4,5,6,8	1807	0	0.0	0	0.0	723	40.0
QTMAN	ENST00000682281	9	0		1	7	5	4,5,6,7,9	1557	0	0.0	374	24.0	1120	71.9
R3HCC1L	ENST00000298999	6	0		0		0		2457	0	0.0	0	0.0	0	0.0
RAB11A	ENST00000261890	5	0		1	3	2	2,3	751	0	0.0	214	28.5	430	57.3
RAB11B	ENST00000328024	5	0		0		0		757	0	0.0	0	0.0	0	0.0
RAB14	ENST00000373840	7	0		1	4	2	4,8	788	0	0.0	198	25.1	396	50.3
RAB18	ENST00000356940	7	0		0		0		761	0	0.0	0	0.0	0	0.0
RAB1A	ENST00000409784	6	0		0		2	3,6	738	0	0.0	0	0.0	334	45.3
RAB23	ENST00000468148	6	0		0		0		834	0	0.0	0	0.0	0	0.0
RAB27A	ENST00000336787	5	0		0		0		766	0	0.0	0	0.0	0	0.0
RAB28	ENST00000288723	7	0		0		0		803	0	0.0	0	0.0	0	0.0
RAB28	ENST00000330852	7	0		0		1	2	806	0	0.0	0	0.0	117	14.5
RAB2B	ENST00000397762	8	0		0		1	6	811	0	0.0	0	0.0	132	16.3
RAB32	ENST00000367495	3	0		1	1	3	1,2,3	738	0	0.0	270	36.6	738	100.0
RAB33B	ENST00000305626	2	0		1	2	1	2	730	0	0.0	461	63.2	461	63.2
RAB34	ENST00000395245	10	0		0		0		980	0	0.0	0	0.0	0	0.0
RAB35	ENST00000229340	6	1	1	1	1	1	1	726	72	9.9	72	9.9	72	9.9
RAB39B	ENST00000369454	2	0		0		0		682	0	0.0	0	0.0	0	0.0
RAB3D	ENST00000222120	4	0		0		0		740	0	0.0	0	0.0	0	0.0
RAB3GAP1	ENST00000264158	24	0		0		1	15	3426	0	0.0	0	0.0	193	5.6
RAB3GAP2	ENST00000358951	35	0		0		2	17,20	4882	0	0.0	0	0.0	319	6.5
RAB3IP	ENST00000247833	10	0		1	9	5	2,3,7,9,10	1583	0	0.0	120	7.6	909	57.4
RAB40AL	ENST00000218249	1	0		0		0		857	0	0.0	0	0.0	0	0.0
RAB40C	ENST00000248139	6	0		0		1	6	966	0	0.0	0	0.0	301	31.2
RAB5C	ENST00000346213	5	0		1	3	1	3	751	0	0.0	172	22.9	172	22.9
RAB5IF	ENST00000344795	4	0		0		0		470	0	0.0	0	0.0	0	0.0
RAB7A	ENST00000265062	5	0		0		0		724	0	0.0	0	0.0	0	0.0
RABGAP1	ENST00000373647	25	0		0		7	2,7,10,11,12,14,19	3710	0	0.0	0	0.0	1083	29.2
RABL2A	ENST00000683472	8	0		0		0		850	0	0.0	0	0.0	0	0.0
RABL3	ENST00000273375	8	0		0		2	3,5	871	0	0.0	0	0.0	321	36.9
RABL6	ENST00000311502	15	0		0		1	13	2490	0	0.0	0	0.0	192	7.7
RAC1	ENST00000348035	6	1	1	1	1	1	1	699	55	7.9	55	7.9	55	7.9
RAC2	ENST00000249071	6	0		0		0		699	0	0.0	0	0.0	0	0.0
RAC3	ENST00000306897	6	1	1	1	1	2	1,2	699	55	7.9	55	7.9	147	21.0
RACGAP1	ENST00000312377	16	0		0		1	16	2219	0	0.0	0	0.0	129	5.8
RACK1	ENST00000512805	8	0		0		2	2,5	1114	0	0.0	0	0.0	323	29.0
RAD21	ENST00000297338	13	0		2	9,10	8	2,3,5,7,9,10,12,14	2156	0	0.0	424	19.7	1393	64.6
RAD23A	ENST00000586534	9	0		0		0		1272	0	0.0	0	0.0	0	0.0
RAD50	ENST00000378823	25	0		0		0		4439	0	0.0	0	0.0	0	0.0
RAD51	ENST00000267868	9	0		0		0		1200	0	0.0	0	0.0	0	0.0
RAD51B	ENST00000471583	10	0		0		4	4,5,6,7	1253	0	0.0	0	0.0	638	50.9
RAD51C	ENST00000337432	9	0		0		0		1311	0	0.0	0	0.0	0	0.0
RAD51D	ENST00000345365	10	0		0		0		1187	0	0.0	0	0.0	0	0.0
RAD52	ENST00000358495	11	0		0		1	8	1477	0	0.0	0	0.0	202	13.7
RAD54B	ENST00000336148	14	0		3	4,5,6	10	3,4,5,6,7,8,10,11,12,13	3013	0	0.0	700	23.2	2239	74.3
RAD54L	ENST00000371975	18	0		0		0		2604	0	0.0	0	0.0	0	0.0
RAF1	ENST00000251849	16	0		0		0		2267	0	0.0	0	0.0	0	0.0
RAG1	ENST00000299440	1	0		0		0		3152	0	0.0	0	0.0	0	0.0
RAG2	ENST00000311485	1	0		0		0		1604	0	0.0	0	0.0	0	0.0
RAI1	ENST00000353383	4	0		0		0		5801	0	0.0	0	0.0	0	0.0
RALA	ENST00000005257	4	0		0		2	3,4	701	0	0.0	0	0.0	424	60.5
RALGAPA1	ENST00000680220	41	2	18,40	6	7,13,18,34,38,40	21	2,6,7,8,9,12,13,14,15,16,17,18,21,23,25,32,33,34,38,39,40	8449	1710	20.2	3076	36.4	5796	68.6
RALGAPB	ENST00000262879	29	0		1	23	11	2,5,7,8,11,17,18,23,24,25,29	5065	0	0.0	179	3.5	2018	39.8
RALGDS	ENST00000372050	18	0		1	1	1	1	3105	0	0.0	203	6.5	203	6.5
RAMP2	ENST00000253796	4	1	1	1	1	2	1,4	608	117	19.2	117	19.2	393	64.6
RANBP2	ENST00000283195	29	0		0		0		10255	0	0.0	0	0.0	0	0.0
RANBP3L	ENST00000296604	14	2	4,11	2	4,11	5	4,7,10,11,13	1678	239	14.2	239	14.2	721	43.0
RANGAP1	ENST00000356244	15	0		0		0		2064	0	0.0	0	0.0	0	0.0
RANGRF	ENST00000226105	5	0		0		0		661	0	0.0	0	0.0	0	0.0
RAP1A	ENST00000369709	6	0		0		2	5,6	675	0	0.0	0	0.0	325	48.1
RAP1B	ENST00000250559	6	0		0		2	5,6	675	0	0.0	0	0.0	325	48.1
RAP1GAP2	ENST00000254695	24	0		0		0		2673	0	0.0	0	0.0	0	0.0
RAP1GDS1	ENST00000408927	15	0		0		8	6,7,8,9,10,12,13,14	2124	0	0.0	0	0.0	1222	57.5
RAPGEF2	ENST00000691494	30	1	4	4	4,6,20,28	15	2,4,6,9,11,12,14,16,18,19,20,26,27,28,29	5583	104	1.9	1276	22.9	3358	60.1
RAPGEF4	ENST00000397081	31	1	8	1	8	4	8,10,13,25	3656	127	3.5	127	3.5	627	17.1
RAPGEFL1	ENST00000620260	15	1	5	2	1,5	2	1,5	2289	133	5.8	673	29.4	673	29.4
RAPSN	ENST00000298854	8	0		0		0		1399	0	0.0	0	0.0	0	0.0
RARA	ENST00000254066	8	0		0		2	2,3	1549	0	0.0	0	0.0	367	23.7
RARB	ENST00000330688	8	0		2	2,8	4	2,3,7,8	1507	0	0.0	386	25.6	727	48.2
RARS1	ENST00000231572	15	1	14	1	14	5	3,6,9,13,14	2283	268	11.7	268	11.7	937	41.0
RARS2	ENST00000369536	20	0		0		0		2137	0	0.0	0	0.0	0	0.0
RASA1	ENST00000274376	25	0		0		1	5	3644	0	0.0	0	0.0	138	3.8
RASA2	ENST00000286364	24	0		3	1,14,23	7	1,5,10,14,21,22,23	3030	0	0.0	507	16.7	1134	37.4
RASAL1	ENST00000548055	21	1	13	2	13,18	4	4,13,18,19	2838	213	7.5	369	13.0	592	20.9
RASD1	ENST00000225688	2	0		0		1	2	886	0	0.0	0	0.0	580	65.5
RASEF	ENST00000376447	17	0		1	2	2	2,10	2563	0	0.0	167	6.5	422	16.5
RASGRP1	ENST00000310803	17	0		2	1,15	4	1,2,15,16	2734	0	0.0	228	8.3	839	30.7
RASGRP2	ENST00000394432	15	0		0		0		2130	0	0.0	0	0.0	0	0.0
RAX	ENST00000334889	3	2	1,3	2	1,3	2	1,3	1101	827	75.1	827	75.1	827	75.1
RAX2	ENST00000555633	2	0		0		0		595	0	0.0	0	0.0	0	0.0
RB1	ENST00000267163	27	0		0		0		3327	0	0.0	0	0.0	0	0.0
RB1CC1	ENST00000025008	22	0		1	18	10	5,7,8,9,13,14,15,17,18,22	5225	0	0.0	261	5.0	3776	72.3
RBBP5	ENST00000264515	14	0		1	12	4	3,10,12,13	1897	0	0.0	250	13.2	793	41.8
RBBP7	ENST00000380087	12	0		1	1	8	1,2,3,4,6,8,9,11	1518	0	0.0	36	2.4	1068	70.4
RBBP8	ENST00000327155	18	0		0		0		3054	0	0.0	0	0.0	0	0.0
RBCK1	ENST00000356286	12	0		2	2,7	3	2,7,11	1773	0	0.0	346	19.5	510	28.8
RBFOX1	ENST00000355637	14	0		0		1	10	1468	0	0.0	0	0.0	63	4.3
RBFOX1	ENST00000550418	13	0		0		2	10,16	1454	0	0.0	0	0.0	217	14.9
RBFOX2	ENST00000695854	14	1	1	8	1,3,4,6,9,10,13,14	13	1,2,3,4,5,6,7,8,9,10,12,13,14	1624	206	12.7	1155	71.1	1564	96.3
RBFOX3	ENST00000693108	11	0		1	5	4	5,6,12,14	1300	0	0.0	242	18.6	700	53.8
RBL2	ENST00000262133	22	0		1	13	11	1,2,4,5,8,13,15,17,19,21,22	3860	0	0.0	185	4.8	2026	52.5
RBM10	ENST00000377604	23	0		0		1	13	3253	0	0.0	0	0.0	207	6.4
RBM12	ENST00000374114	1	0		0		1	3	2819	0	0.0	0	0.0	2819	100.0
RBM15	ENST00000369784	2	0		1	1	1	1	2974	0	0.0	2883	96.9	2883	96.9
RBM20	ENST00000369519	14	2	9,10	4	2,5,9,10	9	1,2,5,6,7,9,10,11,14	3964	815	20.6	2037	51.4	3373	85.1
RBM28	ENST00000223073	19	0		0		0		2660	0	0.0	0	0.0	0	0.0
RBM34	ENST00000408888	11	0		0		1	11	1513	0	0.0	0	0.0	305	20.2
RBM7	ENST00000375490	5	0		0		1	5	904	0	0.0	0	0.0	383	42.4
RBM8A	ENST00000583313	6	0		0		0		645	0	0.0	0	0.0	0	0.0
RBMX	ENST00000320676	8	0		2	5,9	4	4,5,6,9	1336	0	0.0	504	37.7	831	62.2
RBP3	ENST00000584701	4	0		0		0		3824	0	0.0	0	0.0	0	0.0
RBP4	ENST00000371464	5	0		0		0		706	0	0.0	0	0.0	0	0.0
RBPJ	ENST00000355476	11	0		0		4	4,5,6,11	1684	0	0.0	0	0.0	875	52.0
RBSN	ENST00000253699	11	0		0		3	5,8,9	2575	0	0.0	0	0.0	605	23.5
RC3H1	ENST00000367696	19	0		1	10	6	3,5,10,12,13,20	3782	0	0.0	302	8.0	1389	36.7
RCAN1	ENST00000313806	4	1	1	1	1	3	1,3,4	839	272	32.4	272	32.4	645	76.9
RCBTB1	ENST00000378302	11	0		0		4	4,5,9,11	1816	0	0.0	0	0.0	741	40.8
RCC1	ENST00000683442	9	0		0		0		1446	0	0.0	0	0.0	0	0.0
RCL1	ENST00000381750	9	0		1	3	1	3	1302	0	0.0	196	15.1	196	15.1
RD3	ENST00000680073	2	0		0		0		628	0	0.0	0	0.0	0	0.0
RDH11	ENST00000381346	7	0		1	5	2	5,6	1097	0	0.0	230	21.0	440	40.1
RDH12	ENST00000551171	7	0		0		0		1091	0	0.0	0	0.0	0	0.0
RDH14	ENST00000381249	2	0		1	1	2	1,2	1051	0	0.0	413	39.3	1051	100.0
RDH5	ENST00000257895	4	0		0		0		1037	0	0.0	0	0.0	0	0.0
RDH8	ENST00000591589	6	0		0		1	2	1056	0	0.0	0	0.0	179	17.0
RDX	ENST00000645495	13	0		0		0		2012	0	0.0	0	0.0	0	0.0
REC114	ENST00000331090	6	0		0		0		921	0	0.0	0	0.0	0	0.0
REC8	ENST00000611366	19	0		0		0		2024	0	0.0	0	0.0	0	0.0
RECQL	ENST00000444129	14	0		2	4,14	7	3,4,7,8,11,14,15	2230	0	0.0	350	15.7	1189	53.3
RECQL4	ENST00000617875	21	2	1,5	2	1,5	4	1,2,5,15	4047	901	22.3	901	22.3	1267	31.3
RECQL5	ENST00000317905	19	0		1	15	3	4,15,16	3356	0	0.0	155	4.6	1256	37.4
REEP1	ENST00000538924	9	2	7,8	3	1,7,8	3	1,7,8	1035	228	22.0	280	27.1	280	27.1
REEP2	ENST00000378339	8	0		1	1	1	1	925	0	0.0	52	5.6	52	5.6
REEP6	ENST00000233596	5	0		0		0		655	0	0.0	0	0.0	0	0.0
REEP6	ENST00000395479	6	1	6	1	6	1	6	756	58	7.7	58	7.7	58	7.7
REL	ENST00000394479	10	1	3	2	3,5	6	1,2,3,5,6,10	1964	169	8.6	330	16.8	1441	73.4
RELA	ENST00000406246	11	1	1	1	1	3	1,4,11	1876	27	1.4	27	1.4	839	44.7
RELB	ENST00000221452	12	0		1	4	3	1,4,12	1980	0	0.0	361	18.2	893	45.1
RELN	ENST00000428762	65	0		0		2	1,29	11683	0	0.0	0	0.0	424	3.6
RELT	ENST00000064780	10	0		0		0		1493	0	0.0	0	0.0	0	0.0
REN	ENST00000272190	10	0		0		0		1421	0	0.0	0	0.0	0	0.0
REPS1	ENST00000450536	20	0		1	3	4	3,6,8,9	2791	0	0.0	217	7.8	717	25.7
REPS2	ENST00000357277	18	1	1	2	1,2	10	1,2,3,4,5,7,11,13,14,16	2343	293	12.5	437	18.7	1434	61.2
RERE	ENST00000400908	22	1	18	2	18,20	4	11,18,19,20	5141	1399	27.2	2140	41.6	2502	48.7
REST	ENST00000309042	3	0		1	4	2	3,4	3354	0	0.0	2332	69.5	2436	72.6
RET	ENST00000355710	20	0		0		0		3745	0	0.0	0	0.0	0	0.0
RETN	ENST00000221515	3	0		0		0		387	0	0.0	0	0.0	0	0.0
RETREG1	ENST00000306320	9	0		1	1	3	1,4,6	1674	0	0.0	340	20.3	645	38.5
REV3L	ENST00000368802	32	1	7	6	1,7,13,17,24,30	14	1,2,4,7,11,13,14,17,20,24,28,29,30,32	10033	125	1.2	5075	50.6	7327	73.0
REXO2	ENST00000265881	7	0		0		0		854	0	0.0	0	0.0	0	0.0
RFC1	ENST00000349703	25	1	3	1	3	7	1,3,5,9,11,13,17	3944	96	2.4	96	2.4	1454	36.9
RFC2	ENST00000055077	11	0		0		0		1285	0	0.0	0	0.0	0	0.0
RFC4	ENST00000296273	10	0		0		1	10	1292	0	0.0	0	0.0	134	10.4
RFFL	ENST00000394597	6	1	6	1	6	1	6	1212	44	3.6	44	3.6	44	3.6
RFT1	ENST00000296292	13	0		0		0		1886	0	0.0	0	0.0	0	0.0
RFWD3	ENST00000361070	12	0		0		4	2,5,10,12	2565	0	0.0	0	0.0	1182	46.1
RFX2	ENST00000303657	17	1	17	3	5,10,17	5	3,5,10,17,18	2512	63	2.5	484	19.3	730	29.1
RFX3	ENST00000617270	16	0		2	6,17	7	4,6,9,11,13,15,17	2570	0	0.0	461	17.9	1392	54.2
RFX4	ENST00000392842	18	0		1	18	1	18	2568	0	0.0	293	11.4	293	11.4
RFX5	ENST00000452671	9	0		0		0		2031	0	0.0	0	0.0	0	0.0
RFX6	ENST00000332958	19	0		0		0		3167	0	0.0	0	0.0	0	0.0
RFX7	ENST00000559447	9	0		0		2	2,10	4563	0	0.0	0	0.0	3477	76.2
RFXANK	ENST00000303088	8	0		0		0		943	0	0.0	0	0.0	0	0.0
RFXAP	ENST00000255476	3	1	1	1	1	1	1	879	620	70.5	620	70.5	620	70.5
RGL3	ENST00000380456	19	1	17	2	13,17	4	5,13,16,17	2513	173	6.9	315	12.5	664	26.4
RGR	ENST00000652092	7	0		0		0		1016	0	0.0	0	0.0	0	0.0
RGS10	ENST00000369103	5	0		0		0		646	0	0.0	0	0.0	0	0.0
RGS18	ENST00000367460	5	0		0		2	4,5	808	0	0.0	0	0.0	465	57.5
RGS5	ENST00000313961	5	0		0		2	4,5	646	0	0.0	0	0.0	369	57.1
RGS6	ENST00000553525	17	0		0		1	3	1813	0	0.0	0	0.0	120	6.6
RGS7	ENST00000440928	17	0		0		0		1828	0	0.0	0	0.0	0	0.0
RGS9	ENST00000262406	19	0		0		0		2405	0	0.0	0	0.0	0	0.0
RGS9BP	ENST00000334176	1	1	1	1	1	1	1	728	728	100.0	728	100.0	728	100.0
RHAG	ENST00000371175	10	0		0		0		1430	0	0.0	0	0.0	0	0.0
RHBDF1	ENST00000262316	17	0		1	2	2	2,4	2908	0	0.0	137	4.7	371	12.8
RHBDF2	ENST00000675367	17	0		1	8	2	8,11	2824	0	0.0	139	4.9	234	8.3
RHCE	ENST00000294413	10	0		0		0		1454	0	0.0	0	0.0	0	0.0
RHD	ENST00000328664	10	1	8	1	8	1	8	1454	100	6.9	100	6.9	100	6.9
RHEB	ENST00000262187	8	0		0		2	1,2	715	0	0.0	0	0.0	164	22.9
RHO	ENST00000296271	5	0		0		0		1147	0	0.0	0	0.0	0	0.0
RHOA	ENST00000418115	4	0		0		0		662	0	0.0	0	0.0	0	0.0
RHOB	ENST00000272233	1	0		0		0		611	0	0.0	0	0.0	0	0.0
RHOBTB2	ENST00000251822	9	0		0		2	9,10	2364	0	0.0	0	0.0	364	15.4
RHOG	ENST00000351018	1	0		0		1	2	596	0	0.0	0	0.0	596	100.0
RHOH	ENST00000381799	1	0		0		1	3	596	0	0.0	0	0.0	596	100.0
RHOXF1	ENST00000217999	3	1	1	1	1	2	1,3	615	418	68.0	418	68.0	549	89.3
RIC1	ENST00000414202	26	0		3	19,24,25	13	5,6,9,11,15,16,19,20,22,23,24,25,26	4792	0	0.0	1156	24.1	3112	64.9
RIC3	ENST00000309737	6	0		1	2	2	2,6	1230	0	0.0	247	20.1	707	57.5
RICTOR	ENST00000357387	38	1	17	1	17	19	5,7,9,12,16,17,18,20,22,23,27,28,29,30,31,32,34,36,37	5887	186	3.2	186	3.2	3794	64.4
RIGI	ENST00000379883	18	0		0		8	2,3,7,8,11,13,16,18	3138	0	0.0	0	0.0	1646	52.5
RILPL1	ENST00000376874	7	0		0		0		1352	0	0.0	0	0.0	0	0.0
RIMBP2	ENST00000690449	19	3	6,16,23	3	6,16,23	8	6,7,8,13,15,16,19,23	4469	1017	22.8	1017	22.8	2246	50.3
RIMS1	ENST00000521978	34	1	5	6	5,6,14,32,33,34	16	5,6,8,9,12,14,15,17,18,21,26,28,29,32,33,34	5759	361	6.3	1960	34.0	3551	61.7
RIMS2	ENST00000696799	30	1	5	1	5	10	5,6,7,9,12,15,16,18,19,24	5424	32	0.6	32	0.6	2389	44.0
RIN1	ENST00000311320	10	0		4	1,2,7,10	5	1,2,6,7,10	2552	0	0.0	1130	44.3	1888	74.0
RIN2	ENST00000255006	11	0		3	5,10,13	5	5,6,10,11,13	2908	0	0.0	883	30.4	1167	40.1
RING1	ENST00000374656	6	5	2,3,5,6,7	6	2,3,4,5,6,7	6	2,3,4,5,6,7	1341	1105	82.4	1341	100.0	1341	100.0
RINT1	ENST00000257700	15	0		1	4	6	3,4,5,6,13,15	2679	0	0.0	262	9.8	1245	46.5
RIOK2	ENST00000283109	10	0		0		3	6,8,9	1859	0	0.0	0	0.0	874	47.0
RIPK1	ENST00000259808	10	0		0		3	9,10,11	2216	0	0.0	0	0.0	1070	48.3
RIPK3	ENST00000216274	10	0		0		1	10	1757	0	0.0	0	0.0	241	13.7
RIPK4	ENST00000332512	8	1	3	1	3	1	3	2515	169	6.7	169	6.7	169	6.7
RIPOR1	ENST00000042381	21	0		1	13	1	13	4080	0	0.0	1418	34.8	1418	34.8
RIPOR2	ENST00000643898	22	0		1	13	2	13,14	3584	0	0.0	713	19.9	915	25.5
RIPPLY1	ENST00000276173	4	0		0		1	4	536	0	0.0	0	0.0	180	33.6
RIPPLY2	ENST00000369689	4	0		0		0		467	0	0.0	0	0.0	0	0.0
RIT1	ENST00000368323	5	0		0		1	5	760	0	0.0	0	0.0	212	27.9
RLBP1	ENST00000268125	7	0		0		0		1094	0	0.0	0	0.0	0	0.0
RLIM	ENST00000332687	3	0		1	2	3	2,3,4	1935	0	0.0	189	9.8	1935	100.0
RMI2	ENST00000312499	2	1	1	1	1	2	1,2	484	315	65.1	315	65.1	484	100.0
RMND1	ENST00000444024	11	0		0		2	2,10	1570	0	0.0	0	0.0	665	42.4
RMP64	ENST00000314400	9	0		1	6	2	6,9	1884	0	0.0	382	20.3	871	46.2
RNASEH1	ENST00000315212	8	0		0		0		1021	0	0.0	0	0.0	0	0.0
RNASEH2A	ENST00000221486	8	0		0		0		1060	0	0.0	0	0.0	0	0.0
RNASEH2B	ENST00000336617	11	0		0		1	1	1159	0	0.0	0	0.0	84	7.2
RNASEH2C	ENST00000308418	4	0		0		0		575	0	0.0	0	0.0	0	0.0
RNASEL	ENST00000367559	6	0		0		0		2346	0	0.0	0	0.0	0	0.0
RNASET2	ENST00000508775	9	0		0		0		951	0	0.0	0	0.0	0	0.0
RNF113A	ENST00000371442	1	0		0		1	1	1052	0	0.0	0	0.0	1052	100.0
RNF114	ENST00000244061	6	0		0		1	1	807	0	0.0	0	0.0	160	19.8
RNF125	ENST00000217740	6	0		0		0		819	0	0.0	0	0.0	0	0.0
RNF13	ENST00000392894	9	1	2	1	2	3	2,8,10	1326	134	10.1	134	10.1	633	47.7
RNF135	ENST00000328381	5	0		0		0		1399	0	0.0	0	0.0	0	0.0
RNF139	ENST00000303545	2	0		1	1	2	1,2	2035	0	0.0	201	9.9	2035	100.0
RNF149	ENST00000295317	7	0		0		1	2	1343	0	0.0	0	0.0	271	20.2
RNF168	ENST00000318037	6	0		0		0		1836	0	0.0	0	0.0	0	0.0
RNF170	ENST00000527424	6	0		0		1	7	897	0	0.0	0	0.0	290	32.3
RNF2	ENST00000367510	6	0		0		2	3,5	1131	0	0.0	0	0.0	474	41.9
RNF207	ENST00000377939	17	0		2	3,10	4	3,7,10,13	2245	0	0.0	242	10.8	595	26.5
RNF212	ENST00000433731	10	0		0		1	10	1094	0	0.0	0	0.0	340	31.1
RNF212B	ENST00000430154	14	0		1	11	2	5,11	1183	0	0.0	69	5.8	205	17.3
RNF213	ENST00000582970	67	0		2	21,26	7	4,18,19,20,21,22,26	16964	0	0.0	1822	10.7	3130	18.5
RNF216	ENST00000389902	16	0		1	17	2	4,17	3092	0	0.0	340	11.0	1203	38.9
RNF220	ENST00000361799	14	0		0		0		1981	0	0.0	0	0.0	0	0.0
RNF31	ENST00000324103	21	1	10	2	8,10	4	1,7,8,10	3639	206	5.7	517	14.2	1137	31.2
RNF34	ENST00000361234	6	0		2	2,3	2	2,3	1239	0	0.0	667	53.8	667	53.8
RNF40	ENST00000324685	19	0		1	6	2	6,13	3386	0	0.0	142	4.2	590	17.4
RNF43	ENST00000407977	9	0		1	3	2	2,3	2532	0	0.0	143	5.6	415	16.4
RNF6	ENST00000381588	3	0		0		2	3,5	2118	0	0.0	0	0.0	2002	94.5
RNH1	ENST00000354420	9	0		1	5	4	5,7,8,9	1566	0	0.0	191	12.2	764	48.8
RNLS	ENST00000331772	7	0		0		5	3,4,5,6,7	1169	0	0.0	0	0.0	905	77.4
RNPC3	ENST00000423855	14	0		1	9	4	7,9,10,11	1834	0	0.0	172	9.4	632	34.5
ROBO1	ENST00000464233	30	1	4	3	4,19,29	15	4,5,7,10,11,16,18,19,22,23,24,25,26,27,29	5556	347	6.2	894	16.1	3613	65.0
ROBO2	ENST00000696593	28	1	2	1	2	2	2,26	4982	347	7.0	347	7.0	640	12.8
ROBO3	ENST00000397801	28	0		2	2,17	5	2,8,16,17,26	4721	0	0.0	553	11.7	1119	23.7
ROBO4	ENST00000306534	18	1	12	3	2,12,16	4	2,12,15,16	3384	284	8.4	1013	29.9	1270	37.5
ROCK2	ENST00000315872	33	1	27	2	5,27	12	1,4,5,6,10,18,19,23,26,27,31,32	4827	189	3.9	470	9.7	2319	48.0
ROGDI	ENST00000322048	11	1	1	2	1,2	3	1,2,4	1084	65	6.0	157	14.5	232	21.4
ROM1	ENST00000278833	3	0		0		0		1116	0	0.0	0	0.0	0	0.0
ROR1	ENST00000371079	9	1	1	1	1	4	1,3,6,7	2994	111	3.7	111	3.7	1023	34.2
ROR2	ENST00000375708	9	0		0		1	1	3012	0	0.0	0	0.0	117	3.9
RORA	ENST00000335670	11	0		0		3	5,9,11	1792	0	0.0	0	0.0	732	40.8
RORB	ENST00000376896	10	1	8	1	8	3	4,8,10	1580	131	8.3	131	8.3	729	46.1
RORC	ENST00000318247	11	0		0		1	2	1777	0	0.0	0	0.0	50	2.8
ROS1	ENST00000368507	44	0		2	29,32	18	10,13,14,16,17,20,21,22,26,27,29,31,32,33,34,39,43,44	7906	0	0.0	354	4.5	4002	50.6
RP1	ENST00000220676	3	0		0		0		6531	0	0.0	0	0.0	0	0.0
RP1L1	ENST00000382483	3	0		1	2	1	2	7263	0	0.0	629	8.7	629	8.7
RP2	ENST00000218340	5	0		0		0		1153	0	0.0	0	0.0	0	0.0
RP9	ENST00000297157	6	1	1	1	1	1	1	786	172	21.9	172	21.9	172	21.9
RPA1	ENST00000254719	17	2	1,7	2	1,7	3	1,7,14	2191	206	9.4	206	9.4	403	18.4
RPAP1	ENST00000304330	24	0		2	9,22	9	9,12,16,17,19,20,22,23,25	4662	0	0.0	896	19.2	2256	48.4
RPE65	ENST00000262340	14	0		0		1	14	1882	0	0.0	0	0.0	172	9.1
RPGR	ENST00000645032	15	1	15	1	15	3	13,14,15	3759	1726	45.9	1726	45.9	2013	53.6
RPGRIP1	ENST00000400017	24	1	17	3	17,18,25	6	15,16,17,18,19,25	4341	363	8.4	701	16.1	1570	36.2
RPGRIP1L	ENST00000647211	26	0		1	17	3	4,17,23	4468	0	0.0	399	8.9	876	19.6
RPH3A	ENST00000389385	20	0		4	8,9,10,13	6	4,8,9,10,11,13	2485	0	0.0	657	26.4	796	32.0
RPIA	ENST00000283646	9	0		0		0		1116	0	0.0	0	0.0	0	0.0
RPL10	ENST00000369817	6	0		0		0		765	0	0.0	0	0.0	0	0.0
RPL10L	ENST00000298283	1	0		0		0		665	0	0.0	0	0.0	0	0.0
RPL11	ENST00000643754	6	0		0		0		657	0	0.0	0	0.0	0	0.0
RPL13	ENST00000311528	5	0		0		0		736	0	0.0	0	0.0	0	0.0
RPL15	ENST00000307839	3	0		0		1	4	675	0	0.0	0	0.0	326	48.3
RPL17	ENST00000580261	6	0		0		0		675	0	0.0	0	0.0	0	0.0
RPL18	ENST00000549920	7	0		0		0		707	0	0.0	0	0.0	0	0.0
RPL21	ENST00000311549	5	0		0		0		583	0	0.0	0	0.0	0	0.0
RPL26	ENST00000648839	3	0		0		1	3	498	0	0.0	0	0.0	161	32.3
RPL27	ENST00000253788	4	0		0		0		491	0	0.0	0	0.0	0	0.0
RPL31	ENST00000264258	4	1	5	1	5	1	5	458	52	11.4	52	11.4	52	11.4
RPL35	ENST00000348462	4	0		0		0		452	0	0.0	0	0.0	0	0.0
RPL35A	ENST00000647248	4	0		0		0		413	0	0.0	0	0.0	0	0.0
RPL3L	ENST00000268661	10	0		1	2	1	2	1424	0	0.0	213	15.0	213	15.0
RPL4	ENST00000307961	10	0		0		1	8	1484	0	0.0	0	0.0	104	7.0
RPL5	ENST00000370321	8	0		0		0		1054	0	0.0	0	0.0	0	0.0
RPL8	ENST00000528957	5	0		0		0		874	0	0.0	0	0.0	0	0.0
RPL9	ENST00000295955	6	0		1	2	1	2	699	0	0.0	66	9.4	66	9.4
RPS10	ENST00000648437	5	0		0		0		598	0	0.0	0	0.0	0	0.0
RPS14	ENST00000407193	4	0		1	5	1	5	536	0	0.0	88	16.4	88	16.4
RPS15	ENST00000592588	4	0		0		0		518	0	0.0	0	0.0	0	0.0
RPS15A	ENST00000322989	4	0		0		0		473	0	0.0	0	0.0	0	0.0
RPS17	ENST00000647841	5	0		0		0		508	0	0.0	0	0.0	0	0.0
RPS19	ENST00000598742	5	0		0		0		538	0	0.0	0	0.0	0	0.0
RPS20	ENST00000009589	4	0		0		1	4	440	0	0.0	0	0.0	203	46.1
RPS23	ENST00000296674	4	0		0		0		512	0	0.0	0	0.0	0	0.0
RPS24	ENST00000372360	5	0		0		0		493	0	0.0	0	0.0	0	0.0
RPS26	ENST00000646449	4	0		0		0		428	0	0.0	0	0.0	0	0.0
RPS27	ENST00000651669	4	1	2	1	2	1	2	335	129	38.5	129	38.5	129	38.5
RPS28	ENST00000600659	3	0		0		0		270	0	0.0	0	0.0	0	0.0
RPS29	ENST00000245458	3	1	2	1	2	1	2	231	120	51.9	120	51.9	120	51.9
RPS6KA3	ENST00000379565	22	0		0		3	8,20,21	2663	0	0.0	0	0.0	357	13.4
RPS6KB1	ENST00000225577	15	0		0		1	5	1878	0	0.0	0	0.0	168	8.9
RPS6KB2	ENST00000312629	15	0		0		0		1749	0	0.0	0	0.0	0	0.0
RPS6KC1	ENST00000366960	15	0		0		3	3,4,6	3501	0	0.0	0	0.0	660	18.9
RPS7	ENST00000645674	6	0		0		0		705	0	0.0	0	0.0	0	0.0
RPSA	ENST00000301821	6	0		0		0		1008	0	0.0	0	0.0	0	0.0
RRAD	ENST00000299759	4	1	2	1	2	1	2	1007	390	38.7	390	38.7	390	38.7
RRAGA	ENST00000380527	1	0		0		1	1	962	0	0.0	0	0.0	962	100.0
RRAGC	ENST00000373001	7	0		0		0		1340	0	0.0	0	0.0	0	0.0
RRAGD	ENST00000369415	7	0		2	1,5	5	1,2,5,6,7	1343	0	0.0	331	24.6	988	73.6
RRAS	ENST00000246792	6	1	1	1	1	2	1,6	777	173	22.3	173	22.3	278	35.8
RRAS2	ENST00000256196	6	0		0		3	1,2,4	735	0	0.0	0	0.0	365	49.7
RREB1	ENST00000379938	10	0		1	13	2	10,13	5429	0	0.0	478	8.8	3409	62.8
RRM1	ENST00000300738	19	0		0		3	7,10,19	2759	0	0.0	0	0.0	574	20.8
RRM2B	ENST00000251810	9	0		0		0		1236	0	0.0	0	0.0	0	0.0
RRP1B	ENST00000340648	16	1	13	1	13	1	13	2597	745	28.7	745	28.7	745	28.7
RRP7A	ENST00000323013	7	0		1	4	2	1,4	983	0	0.0	138	14.0	231	23.5
RRP9	ENST00000232888	15	0		0		3	3,12,13	1728	0	0.0	0	0.0	396	22.9
RS1	ENST00000379984	6	0		0		0		795	0	0.0	0	0.0	0	0.0
RSPH1	ENST00000291536	9	0		0		0		1110	0	0.0	0	0.0	0	0.0
RSPH3	ENST00000367069	8	1	8	2	1,8	2	1,8	1417	331	23.4	467	33.0	467	33.0
RSPH4A	ENST00000229554	6	0		0		0		2271	0	0.0	0	0.0	0	0.0
RSPH9	ENST00000372163	5	0		0		0		931	0	0.0	0	0.0	0	0.0
RSPO1	ENST00000356545	5	0		0		0		892	0	0.0	0	0.0	0	0.0
RSPO2	ENST00000276659	5	0		0		3	4,5,6	832	0	0.0	0	0.0	509	61.2
RSPO4	ENST00000217260	5	0		0		0		805	0	0.0	0	0.0	0	0.0
RSPRY1	ENST00000394420	14	1	8	1	8	3	2,8,15	2011	152	7.6	152	7.6	639	31.8
RSRC1	ENST00000611884	9	0		1	2	2	2,9	1185	0	0.0	214	18.1	387	32.7
RSRC2	ENST00000331738	10	0		0		2	2,10	1505	0	0.0	0	0.0	377	25.0
RTEL1	ENST00000360203	34	0		2	31,34	2	31,34	4583	0	0.0	480	10.5	480	10.5
RTN2	ENST00000245923	11	0		1	3	1	3	1858	0	0.0	500	26.9	500	26.9
RTN4IP1	ENST00000369063	9	1	6	1	6	3	1,6,7	1371	157	11.5	157	11.5	655	47.8
RTN4R	ENST00000043402	2	1	1	1	1	1	1	1462	42	2.9	42	2.9	42	2.9
RTP1	ENST00000312295	2	0		0		0		832	0	0.0	0	0.0	0	0.0
RTTN	ENST00000640769	49	0		2	3,43	17	2,3,9,12,15,18,24,25,27,30,31,33,36,39,40,43,46	7661	0	0.0	296	3.9	3338	43.6
RUBCN	ENST00000296343	20	0		0		0		3319	0	0.0	0	0.0	0	0.0
RUFY1	ENST00000319449	18	2	1,13	2	1,13	2	1,13	2487	470	18.9	470	18.9	470	18.9
RUNDC3A	ENST00000426726	11	1	3	2	3,9	2	3,9	1561	169	10.8	327	20.9	327	20.9
RUNX1	ENST00000675419	8	0		0		1	9	1603	0	0.0	0	0.0	496	30.9
RUNX1T1	ENST00000523629	11	0		0		3	3,4,7	2035	0	0.0	0	0.0	691	34.0
RUNX2	ENST00000647337	8	0		1	3	1	3	1726	0	0.0	385	22.3	385	22.3
RUNX3	ENST00000308873	5	2	1,5	2	1,5	3	1,4,5	1348	867	64.3	867	64.3	1046	77.6
RUSC2	ENST00000361226	11	0		1	10	2	2,10	4771	0	0.0	843	17.7	2877	60.3
RXFP1	ENST00000307765	18	1	5	4	1,5,16,18	7	1,3,5,15,16,17,18	2634	92	3.5	911	34.6	1519	57.7
RXFP2	ENST00000298386	18	0		0		0		2625	0	0.0	0	0.0	0	0.0
RXFP4	ENST00000368318	1	0		0		0		1145	0	0.0	0	0.0	0	0.0
RXYLT1	ENST00000261234	6	0		1	4	3	2,4,5	1452	0	0.0	335	23.1	702	48.3
RYBP	NM_012234.7	4	0		0		1	3	737	0	0.0	0	0.0	197	26.7
RYR1	ENST00000359596	106	1	91	1	91	1	91	17237	833	4.8	833	4.8	833	4.8
RYR2	ENST00000366574	105	3	16,31,37	15	13,15,16,21,27,31,34,37,47,56,65,68,69,76,90	53	1,6,7,8,13,15,16,20,21,22,24,26,27,28,29,30,31,33,34,36,37,38,39,40,41,43,44,46,47,49,50,55,56,58,59,60,65,68,69,70,72,73,74,76,78,81,85,88,90,92,94,101,103	17004	1354	8.0	4900	28.8	11094	65.2
RYR3	ENST00000634891	104	2	4,85	5	4,18,44,66,85	12	4,11,18,19,24,35,44,47,66,78,85,89	16693	204	1.2	1008	6.0	4026	24.1
S1PR2	ENST00000646641	1	0		1	2	1	2	1082	0	0.0	1082	100.0	1082	100.0
S1PR4	ENST00000246115	1	0		0		0		1175	0	0.0	0	0.0	0	0.0
SAA1	ENST00000356524	3	0		0		1	3	429	0	0.0	0	0.0	159	37.1
SACS	ENST00000382292	9	0		0		0		13920	0	0.0	0	0.0	0	0.0
SAG	ENST00000409110	15	0		0		0		1518	0	0.0	0	0.0	0	0.0
SALL1	ENST00000251020	3	0		0		0		4035	0	0.0	0	0.0	0	0.0
SALL2	ENST00000537235	2	0		0		0		3058	0	0.0	0	0.0	0	0.0
SALL4	ENST00000217086	4	0		0		0		3242	0	0.0	0	0.0	0	0.0
SAMD11	ENST00000616016	14	3	1,11,12	6	1,9,11,12,13,14	6	1,9,11,12,13,14	2815	1202	42.7	1735	61.6	1735	61.6
SAMD12	ENST00000314727	4	0		1	2	2	2,4	686	0	0.0	199	29.0	503	73.3
SAMD4B	ENST00000610417	12	1	4	1	4	3	4,8,11	2325	491	21.1	491	21.1	1070	46.0
SAMD7	ENST00000335556	7	0		2	6,9	3	6,7,9	1481	0	0.0	858	57.9	1000	67.5
SAMD9	ENST00000379958	1	0		0		0		4790	0	0.0	0	0.0	0	0.0
SAMD9L	ENST00000318238	1	0		0		0		4775	0	0.0	0	0.0	0	0.0
SAMHD1	ENST00000646673	16	0		0		0		2201	0	0.0	0	0.0	0	0.0
SAPCD1	ENST00000415669	5	3	1,3,5	5	1,2,3,4,5	5	1,2,3,4,5	637	366	57.5	637	100.0	637	100.0
SAR1B	ENST00000402673	6	0		0		0		717	0	0.0	0	0.0	0	0.0
SARDH	ENST00000439388	20	1	2	1	2	1	2	3157	351	11.1	351	11.1	351	11.1
SARS1	ENST00000234677	11	1	2	2	2,5	3	1,2,5	1765	91	5.2	255	14.4	411	23.3
SARS2	ENST00000221431	16	0		0		1	1	1877	0	0.0	0	0.0	287	15.3
SART3	ENST00000546815	19	0		0		1	13	3272	0	0.0	0	0.0	133	4.1
SASH1	ENST00000367467	20	0		4	1,6,10,18	5	1,6,10,13,18	4144	0	0.0	1809	43.7	1965	47.4
SASH3	ENST00000356892	8	0		2	4,6	3	4,5,6	1303	0	0.0	392	30.1	561	43.1
SASS6	ENST00000287482	17	0		1	8	4	5,8,9,14	2314	0	0.0	212	9.2	768	33.2
SAT1	ENST00000379270	6	0		1	2	2	2,6	636	0	0.0	72	11.3	263	41.4
SATB1	ENST00000338745	10	0		0		2	7,11	2492	0	0.0	0	0.0	1008	40.4
SATB2	ENST00000417098	10	0		0		1	7	2402	0	0.0	0	0.0	493	20.5
SATL1	ENST00000644105	6	0		1	8	3	3,6,8	2208	0	0.0	191	8.7	1974	89.4
SAXO5	ENST00000361664	8	0		1	2	1	2	1678	0	0.0	597	35.6	597	35.6
SBDS	ENST00000246868	5	0		0		0		853	0	0.0	0	0.0	0	0.0
SBF1	ENST00000380817	41	2	3,5	6	1,3,5,18,25,30	8	1,3,5,6,18,22,25,30	6502	289	4.4	902	13.9	1244	19.1
SBF2	ENST00000256190	40	0		1	1	1	1	6350	0	0.0	75	1.2	75	1.2
SBSPON	ENST00000297354	5	0		1	1	2	1,2	895	0	0.0	234	26.1	449	50.2
SC5D	ENST00000264027	4	0		0		0		980	0	0.0	0	0.0	0	0.0
SCAF4	ENST00000286835	20	0		2	7,17	6	4,7,12,15,16,17	3844	0	0.0	383	10.0	1131	29.4
SCAMP5	ENST00000425597	6	0		1	7	1	7	828	0	0.0	215	26.0	215	26.0
SCAPER	ENST00000563290	31	1	6	2	6,8	12	3,5,6,8,9,11,16,17,19,25,27,28	4823	121	2.5	302	6.3	2222	46.1
SCARB1	ENST00000261693	12	0		0		0		1770	0	0.0	0	0.0	0	0.0
SCARB2	ENST00000264896	12	0		0		0		1677	0	0.0	0	0.0	0	0.0
SCARF2	ENST00000622235	11	2	1,11	2	1,11	3	1,4,11	2821	1121	39.7	1121	39.7	1661	58.9
SCD	ENST00000370355	6	0		0		0		1200	0	0.0	0	0.0	0	0.0
SCD5	ENST00000319540	5	0		0		0		1093	0	0.0	0	0.0	0	0.0
SCFD2	ENST00000401642	9	0		1	5	4	2,4,5,6	2235	0	0.0	270	12.1	821	36.7
SCGB3A2	ENST00000296694	3	0		1	1	1	1	342	0	0.0	75	21.9	75	21.9
SCGN	ENST00000377961	11	0		0		0		1051	0	0.0	0	0.0	0	0.0
SCHIP1	ENST00000638749	8	0		1	2	1	2	1624	0	0.0	716	44.1	716	44.1
SCIMP	ENST00000574081	5	0		0		1	5	538	0	0.0	0	0.0	175	32.5
SCLT1	ENST00000281142	21	0		1	6	6	2,6,7,16,17,18	2487	0	0.0	156	6.3	983	39.5
SCN10A	ENST00000449082	27	1	18	2	12,18	7	7,12,15,16,18,25,27	6411	161	2.5	475	7.4	1710	26.7
SCN11A	ENST00000302328	26	0		2	18,29	10	5,10,12,16,18,19,23,25,27,29	5896	0	0.0	692	11.7	2688	45.6
SCN1A	ENST00000674923	26	0		0		3	14,18,19	6550	0	0.0	0	0.0	1281	19.6
SCN1B	ENST00000262631	5	1	1	1	1	1	1	757	60	7.9	60	7.9	60	7.9
SCN2A	ENST00000375437	26	0		0		0		6538	0	0.0	0	0.0	0	0.0
SCN2A	ENST00000631182	26	0		0		0		6538	0	0.0	0	0.0	0	0.0
SCN2B	ENST00000278947	4	0		0		0		728	0	0.0	0	0.0	0	0.0
SCN3A	ENST00000283254	26	0		1	23	1	23	6523	0	0.0	293	4.5	293	4.5
SCN3B	ENST00000299333	5	0		0		0		748	0	0.0	0	0.0	0	0.0
SCN4A	ENST00000435607	24	0		2	13,24	8	1,6,12,13,14,19,23,24	5991	0	0.0	1620	27.0	3547	59.2
SCN4B	ENST00000324727	5	0		0		0		787	0	0.0	0	0.0	0	0.0
SCN5A	ENST00000413689	27	0		0		0		6591	0	0.0	0	0.0	0	0.0
SCN5A	ENST00000423572	27	1	12	1	12	5	10,12,14,23,27	6588	392	6.0	392	6.0	1462	22.2
SCN7A	ENST00000643258	24	0		5	3,15,16,23,25	15	3,4,5,6,11,13,15,16,18,19,21,23,24,25,26	5529	0	0.0	1535	27.8	4299	77.8
SCN8A	ENST00000354534	26	0		0		0		6463	0	0.0	0	0.0	0	0.0
SCN8A	ENST00000627620	26	0		4	11,16,17,27	8	9,11,14,16,17,20,26,27	6463	0	0.0	2350	36.4	3256	50.4
SCN9A	ENST00000642356	26	1	17	7	2,11,14,16,17,19,22	15	2,3,9,10,11,12,13,14,16,17,19,20,22,24,26	6487	497	7.7	2196	33.9	3909	60.3
SCNM1	ENST00000368905	7	0		0		0		833	0	0.0	0	0.0	0	0.0
SCNN1A	ENST00000228916	12	0		0		1	3	2250	0	0.0	0	0.0	288	12.8
SCNN1B	ENST00000343070	12	0		0		0		2163	0	0.0	0	0.0	0	0.0
SCNN1D	ENST00000379116	18	0		3	5,7,10	4	5,7,10,12	2769	0	0.0	615	22.2	734	26.5
SCNN1G	ENST00000300061	12	0		0		0		2190	0	0.0	0	0.0	0	0.0
SCO1	ENST00000255390	6	0		0		0		1026	0	0.0	0	0.0	0	0.0
SCO2	ENST00000395693	1	0		0		0		821	0	0.0	0	0.0	0	0.0
SCP2	ENST00000371514	16	0		0		0		1964	0	0.0	0	0.0	0	0.0
SCRIB	ENST00000356994	37	5	15,19,33,34,37	14	1,7,12,14,15,19,21,23,30,31,32,33,34,37	19	1,7,8,12,14,15,17,19,21,22,23,24,27,30,31,32,33,34,37	5708	1168	20.5	2930	51.3	3640	63.8
SCUBE3	ENST00000274938	22	0		1	7	3	1,7,10	3422	0	0.0	137	4.0	388	11.3
SCYL1	ENST00000270176	18	0		0		3	1,4,11	2787	0	0.0	0	0.0	587	21.1
SCYL2	ENST00000360820	17	1	7	2	5,7	7	2,4,5,7,9,10,18	3130	137	4.4	307	9.8	1674	53.5
SDC3	ENST00000339394	5	1	1	1	1	1	1	1429	158	11.1	158	11.1	158	11.1
SDCCAG8	ENST00000366541	18	0		0		5	4,7,11,13,15	2502	0	0.0	0	0.0	666	26.6
SDF2	ENST00000247020	3	0		0		0		696	0	0.0	0	0.0	0	0.0
SDHA	ENST00000264932	15	0		0		1	1	2295	0	0.0	0	0.0	83	3.6
SDHAF1	ENST00000378887	1	0		0		0		368	0	0.0	0	0.0	0	0.0
SDHAF2	ENST00000301761	4	0		0		0		581	0	0.0	0	0.0	0	0.0
SDHB	ENST00000375499	8	0		0		0		1003	0	0.0	0	0.0	0	0.0
SDHC	ENST00000367975	6	0		0		0		630	0	0.0	0	0.0	0	0.0
SDHD	ENST00000375549	4	0		0		0		560	0	0.0	0	0.0	0	0.0
SDK1	ENST00000404826	45	2	1,26	4	1,16,26,45	5	1,16,17,26,45	7542	454	6.0	896	11.9	1098	14.6
SDK2	ENST00000392650	45	2	10,43	3	10,12,43	8	4,10,12,28,29,35,43,45	7419	296	4.0	419	5.6	1417	19.1
SDR9C7	ENST00000293502	4	0		1	1	1	1	1022	0	0.0	321	31.4	321	31.4
SEC16B	ENST00000308284	25	1	3	4	2,3,10,24	7	2,3,7,10,19,23,24	3683	133	3.6	803	21.8	1421	38.6
SEC23A	ENST00000307712	19	0		0		0		2678	0	0.0	0	0.0	0	0.0
SEC23B	ENST00000650089	19	0		0		0		2684	0	0.0	0	0.0	0	0.0
SEC24B	ENST00000265175	24	2	1,8	3	1,7,8	10	1,2,3,7,8,9,16,18,19,20	4287	276	6.4	481	11.2	2259	52.7
SEC24C	ENST00000345254	22	1	5	2	4,5	4	4,5,6,21	3725	389	10.4	582	15.6	951	25.5
SEC24D	ENST00000280551	22	1	23	4	3,12,15,23	9	3,4,10,11,12,15,20,22,23	3539	161	4.5	714	20.2	1474	41.7
SEC31A	ENST00000395310	26	0		0		7	2,9,17,22,24,26,27	4183	0	0.0	0	0.0	1366	32.7
SEC61A1	ENST00000243253	12	0		0		2	8,10	1671	0	0.0	0	0.0	393	23.5
SEC61B	ENST00000223641	4	0		1	2	1	2	371	0	0.0	118	31.8	118	31.8
SEC63	ENST00000369002	21	0		0		0		2703	0	0.0	0	0.0	0	0.0
SECISBP2	ENST00000375807	17	0		0		1	1	2905	0	0.0	0	0.0	56	1.9
SEL1L	ENST00000336735	21	0		1	6	4	4,6,17,19	2805	0	0.0	183	6.5	750	26.7
SELENBP1	ENST00000368868	12	0		0		1	8	1659	0	0.0	0	0.0	99	6.0
SELENOI	ENST00000260585	10	0		0		2	8,9	1394	0	0.0	0	0.0	404	29.0
SELENON	ENST00000374315	12	1	1	1	1	1	1	1911	203	10.6	203	10.6	203	10.6
SEMA3A	ENST00000265362	17	0		0		5	7,10,11,14,16	2656	0	0.0	0	0.0	909	34.2
SEMA3D	ENST00000284136	17	0		1	19	6	4,9,12,13,18,19	2674	0	0.0	446	16.7	1358	50.8
SEMA3E	ENST00000643230	17	0		0		1	17	2668	0	0.0	0	0.0	473	17.7
SEMA3F	ENST00000002829	18	0		0		2	16,19	2718	0	0.0	0	0.0	609	22.4
SEMA4A	ENST00000368285	14	0		0		0		2566	0	0.0	0	0.0	0	0.0
SEMA5A	ENST00000382496	21	0		1	7	7	3,7,9,15,16,19,20	3645	0	0.0	119	3.3	1268	34.8
SEMA6B	ENST00000586582	16	1	17	2	2,17	6	2,4,10,14,15,17	2987	949	31.8	1090	36.5	1674	56.0
SEMA6D	ENST00000536845	18	0		0		2	4,18	3582	0	0.0	0	0.0	269	7.5
SEMA7A	ENST00000261918	14	1	1	1	1	1	1	2281	198	8.7	198	8.7	198	8.7
SENP7	ENST00000394095	24	0		5	8,9,11,13,14	14	4,6,7,8,9,10,11,13,14,15,17,18,23,24	3633	0	0.0	1218	33.5	2607	71.8
SEPHS1	ENST00000327347	8	1	4	1	4	1	4	1339	128	9.6	128	9.6	128	9.6
SEPSECS	ENST00000382103	11	0		0		0		1726	0	0.0	0	0.0	0	0.0
SEPTIN12	ENST00000268231	9	0		0		0		1257	0	0.0	0	0.0	0	0.0
SEPTIN4	ENST00000672673	14	0		0		1	3	3271	0	0.0	0	0.0	28	0.9
SEPTIN8	ENST00000378719	10	1	1	2	1,6	2	1,6	1652	50	3.0	167	10.1	167	10.1
SEPTIN9	ENST00000329047	11	0		0		0		1927	0	0.0	0	0.0	0	0.0
SEPTIN9	ENST00000427177	12	0		0		2	1,3	2001	0	0.0	0	0.0	704	35.2
SERAC1	ENST00000647468	16	0		0		4	4,7,15,16	2285	0	0.0	0	0.0	666	29.1
SERHL2	ENST00000327678	12	0		0		0		1185	0	0.0	0	0.0	0	0.0
SERPINA1	ENST00000393087	4	0		1	2	2	2,5	1337	0	0.0	666	49.8	878	65.7
SERPINA11	ENST00000334708	4	1	2	1	2	4	2,3,4,5	1349	663	49.1	663	49.1	1349	100.0
SERPINA12	ENST00000677451	4	0		0		2	2,4	1325	0	0.0	0	0.0	822	62.0
SERPINA3	ENST00000393078	4	0		0		0		1352	0	0.0	0	0.0	0	0.0
SERPINA6	ENST00000341584	4	0		0		0		1298	0	0.0	0	0.0	0	0.0
SERPINA7	ENST00000372563	4	0		0		1	2	1328	0	0.0	0	0.0	642	48.3
SERPINB6	ENST00000380539	6	0		0		0		1251	0	0.0	0	0.0	0	0.0
SERPINB7	ENST00000398019	7	0		1	8	3	6,7,8	1283	0	0.0	419	32.7	749	58.4
SERPINB8	ENST00000397985	6	0		0		3	5,6,7	1245	0	0.0	0	0.0	761	61.1
SERPINC1	ENST00000367698	7	0		0		0		1535	0	0.0	0	0.0	0	0.0
SERPIND1	ENST00000215727	4	0		0		0		1580	0	0.0	0	0.0	0	0.0
SERPINE1	ENST00000223095	8	0		0		0		1369	0	0.0	0	0.0	0	0.0
SERPINF1	ENST00000254722	7	0		0		1	2	1397	0	0.0	0	0.0	104	7.4
SERPINF2	ENST00000453066	9	0		0		1	10	1656	0	0.0	0	0.0	433	26.1
SERPING1	ENST00000278407	7	0		0		0		1643	0	0.0	0	0.0	0	0.0
SERPINH1	ENST00000358171	4	0		0		0		1337	0	0.0	0	0.0	0	0.0
SERPINI1	ENST00000446050	8	0		0		0		1393	0	0.0	0	0.0	0	0.0
SET	ENST00000322030	8	0		1	1	1	1	994	0	0.0	93	9.4	93	9.4
SETBP1	ENST00000649279	5	0		1	6	1	6	4891	0	0.0	640	13.1	640	13.1
SETD1A	ENST00000262519	18	0		1	13	1	13	5484	0	0.0	362	6.6	362	6.6
SETD1B	ENST00000604567	16	0		1	7	5	4,6,7,8,12	6221	0	0.0	845	13.6	3951	63.5
SETD2	ENST00000409792	21	0		0		9	1,3,4,5,10,12,14,15,16	8115	0	0.0	0	0.0	6666	82.1
SETD5	ENST00000402198	21	1	3	3	3,6,7	11	3,6,7,11,12,15,16,17,19,20,23	4749	91	1.9	369	7.8	2968	62.5
SETD6	ENST00000219315	8	0		1	2	2	2,8	1582	0	0.0	327	20.7	653	41.3
SETDB1	ENST00000692827	21	0		0		4	2,13,14,20	4299	0	0.0	0	0.0	1302	30.3
SETDB2	ENST00000611815	13	0		2	6,8	8	4,5,6,8,9,10,11,12	2384	0	0.0	774	32.5	1818	76.3
SETX	ENST00000224140	24	0		0		1	17	8514	0	0.0	0	0.0	136	1.6
SEZ6	ENST00000317338	17	0		0		4	2,8,11,13	3325	0	0.0	0	0.0	1337	40.2
SF3B1	ENST00000335508	25	0		2	19,25	7	3,5,14,18,19,23,25	4415	0	0.0	382	8.7	1433	32.5
SF3B2	ENST00000322535	22	0		0		1	18	3128	0	0.0	0	0.0	163	5.2
SF3B3	ENST00000302516	25	0		0		5	3,12,15,18,21	4154	0	0.0	0	0.0	1024	24.7
SF3B4	ENST00000271628	6	1	4	2	4,6	3	3,4,6	1395	227	16.3	435	31.2	998	71.5
SFR1	ENST00000369727	4	0		1	2	3	2,3,4	818	0	0.0	142	17.4	785	96.0
SFRP4	ENST00000436072	6	0		1	6	1	6	1161	0	0.0	206	17.7	206	17.7
SFTPA1	ENST00000398636	4	0		0		0		827	0	0.0	0	0.0	0	0.0
SFTPA2	ENST00000372325	4	0		0		0		827	0	0.0	0	0.0	0	0.0
SFTPB	ENST00000519937	10	0		0		0		1346	0	0.0	0	0.0	0	0.0
SFTPC	ENST00000679463	5	0		0		0		676	0	0.0	0	0.0	0	0.0
SFXN4	ENST00000355697	14	0		0		0		1294	0	0.0	0	0.0	0	0.0
SGCA	ENST00000262018	9	0		0		0		1344	0	0.0	0	0.0	0	0.0
SGCB	ENST00000381431	6	1	1	1	1	1	1	1077	53	4.9	53	4.9	53	4.9
SGCD	ENST00000337851	8	0		0		2	4,9	1033	0	0.0	0	0.0	316	30.6
SGCE	ENST00000648936	11	0		0		0		1534	0	0.0	0	0.0	0	0.0
SGCG	ENST00000218867	7	0		0		0		1016	0	0.0	0	0.0	0	0.0
SGK3	ENST00000521198	16	0		0		1	17	1811	0	0.0	0	0.0	191	10.5
SGMS1	ENST00000361781	5	0		0		3	7,9,11	1342	0	0.0	0	0.0	1017	75.8
SGMS2	ENST00000690982	5	0		1	6	3	3,4,6	1198	0	0.0	187	15.6	800	66.8
SGO1	ENST00000412997	7	0		3	3,6,7	3	3,6,7	1724	0	0.0	1254	72.7	1254	72.7
SGO2	ENST00000357799	8	0		0		4	3,6,7,8	3958	0	0.0	0	0.0	3565	90.1
SGPL1	ENST00000373202	14	0		0		4	3,6,7,11	1987	0	0.0	0	0.0	602	30.3
SGSH	ENST00000326317	8	0		0		0		1669	0	0.0	0	0.0	0	0.0
SGSM3	ENST00000248929	21	1	10	1	10	4	5,9,10,15	2670	245	9.2	245	9.2	710	26.6
SH2B1	ENST00000684370	8	0		1	1	2	1,8	2431	0	0.0	959	39.4	1353	55.7
SH2B3	ENST00000341259	7	0		2	2,8	2	2,8	1868	0	0.0	1092	58.5	1092	58.5
SH2D1A	ENST00000371139	4	0		0		0		467	0	0.0	0	0.0	0	0.0
SH3BGR	ENST00000333634	6	0		0		1	2	651	0	0.0	0	0.0	206	31.6
SH3BP2	ENST00000503393	12	0		0		0		1926	0	0.0	0	0.0	0	0.0
SH3D19	ENST00000604030	20	8	1,2,3,4,5,6,7,20	8	1,2,3,4,5,6,7,20	11	1,2,3,4,5,6,7,11,14,18,20	3544	1811	51.1	1811	51.1	2454	69.2
SH3GL1	ENST00000269886	10	0		0		0		1307	0	0.0	0	0.0	0	0.0
SH3GLB1	ENST00000370558	9	0		0		3	3,4,7	1278	0	0.0	0	0.0	424	33.2
SH3KBP1	ENST00000397821	18	0		2	1,16	9	1,2,5,7,8,12,15,16,18	2358	0	0.0	313	13.3	1243	52.7
SH3PXD2A	ENST00000369774	15	0		0		1	12	3702	0	0.0	0	0.0	358	9.7
SH3PXD2B	ENST00000311601	13	0		0		1	1	2996	0	0.0	0	0.0	95	3.2
SH3RF1	ENST00000284637	11	0		4	5,6,10,11	8	2,3,5,6,8,10,11,12	2887	0	0.0	1215	42.1	2304	79.8
SH3TC2	ENST00000515425	17	0		0		0		4207	0	0.0	0	0.0	0	0.0
SHANK1	ENST00000293441	23	1	23	2	11,23	7	2,7,11,17,19,21,23	6946	3114	44.8	3465	49.9	4313	62.1
SHANK2	ENST00000601538	24	2	9,10	2	9,10	3	9,10,12	6030	235	3.9	235	3.9	574	9.5
SHANK3	NM_001372044.2	24	5	1,2,12,13,23	5	1,2,12,13,23	6	1,2,12,13,23,24	5862	2799	47.7	2799	47.7	3411	58.2
SHARPIN	ENST00000398712	8	1	1	1	1	2	1,3	1324	221	16.7	221	16.7	382	28.9
SHH	ENST00000297261	3	0		1	3	1	3	1449	0	0.0	847	58.5	847	58.5
SHMT2	ENST00000328923	12	0		0		1	8	1755	0	0.0	0	0.0	186	10.6
SHOC1	ENST00000682961	27	0		3	13,17,20	15	3,5,6,8,12,13,14,17,20,21,22,23,25,26,27	5067	0	0.0	835	16.5	3650	72.0
SHOC2	ENST00000369452	8	0		0		0		1909	0	0.0	0	0.0	0	0.0
SHOX	ENST00000686671	5	0		1	5	1	5	979	0	0.0	266	27.2	266	27.2
SHOX2	ENST00000483851	5	0		0		1	1	1060	0	0.0	0	0.0	366	34.5
SHPK	ENST00000225519	7	0		0		2	5,7	1577	0	0.0	0	0.0	629	39.9
SHQ1	ENST00000325599	11	1	11	1	11	1	11	1954	573	29.3	573	29.3	573	29.3
SHROOM3	ENST00000296043	11	0		0		2	5,7	6211	0	0.0	0	0.0	4088	65.8
SHROOM4	ENST00000376020	9	0		0		0		4662	0	0.0	0	0.0	0	0.0
SI	ENST00000264382	47	0		1	9	3	7,9,39	6424	0	0.0	133	2.1	380	5.9
SIAE	ENST00000263593	10	0		0		0		1772	0	0.0	0	0.0	0	0.0
SIAH1	ENST00000394725	1	0		0		0		869	0	0.0	0	0.0	0	0.0
SIDT1	ENST00000264852	25	0		1	1	1	1	2984	0	0.0	242	8.1	242	8.1
SIGMAR1	ENST00000277010	4	0		0		0		752	0	0.0	0	0.0	0	0.0
SIK1	ENST00000270162	13	1	13	6	3,6,8,9,13,14	7	2,3,6,8,9,13,14	2612	252	9.6	1341	51.3	1517	58.1
SIK3	ENST00000445177	24	1	1	3	1,2,13	5	1,2,13,20,22	4590	293	6.4	606	13.2	1150	25.1
SIL1	ENST00000394817	9	0		0		0		1566	0	0.0	0	0.0	0	0.0
SIM1	ENST00000369208	11	1	11	2	11,12	4	2,10,11,12	2521	423	16.8	1174	46.6	1558	61.8
SIN3A	ENST00000394947	20	0		1	2	5	2,3,14,15,17	4222	0	0.0	209	5.0	1398	33.1
SIN3B	ENST00000248054	19	1	1	1	1	3	1,9,10	3773	140	3.7	140	3.7	505	13.4
SIPA1L3	ENST00000222345	20	0		3	5,15,19	7	5,6,9,11,15,19,20	5746	0	0.0	821	14.3	2041	35.5
SIRPG	ENST00000303415	5	0		1	2	2	2,4	1264	0	0.0	377	29.8	730	57.8
SIRT1	ENST00000212015	9	1	1	2	1,8	4	1,7,8,9	2424	450	18.6	1028	42.4	1584	65.3
SIRT3	ENST00000382743	7	0		0		1	1	1340	0	0.0	0	0.0	301	22.5
SIX1	ENST00000645694	2	0		0		1	2	895	0	0.0	0	0.0	315	35.2
SIX2	ENST00000303077	2	0		0		1	1	916	0	0.0	0	0.0	580	63.3
SIX3	ENST00000260653	2	0		1	1	1	1	1039	0	0.0	826	79.5	826	79.5
SIX5	ENST00000317578	3	1	1	1	1	2	1,2	2280	823	36.1	823	36.1	1649	72.3
SIX6	ENST00000327720	2	0		0		0		781	0	0.0	0	0.0	0	0.0
SKI	ENST00000378536	7	0		1	1	1	1	2327	0	0.0	989	42.5	989	42.5
SKIC2	ENST00000375394	28	15	1,2,6,8,9,11,13,14,15,18,19,22,24,27,28	28	1,2,3,4,5,6,7,8,9,10,11,12,13,14,15,16,17,18,19,20,21,22,23,24,25,26,27,28	28	1,2,3,4,5,6,7,8,9,10,11,12,13,14,15,16,17,18,19,20,21,22,23,24,25,26,27,28	4301	2389	55.5	4301	100.0	4301	100.0
SKIC3	ENST00000358746	40	0		0		0		5495	0	0.0	0	0.0	0	0.0
SKOR2	ENST00000425639	7	2	2,8	2	2,8	2	2,8	3188	2716	85.2	2716	85.2	2716	85.2
SLA	ENST00000338087	7	0		0		1	3	971	0	0.0	0	0.0	81	8.3
SLC10A1	ENST00000216540	5	1	1	1	1	2	1,4	1150	376	32.7	376	32.7	593	51.6
SLC10A2	ENST00000245312	6	0		0		1	1	1167	0	0.0	0	0.0	397	34.0
SLC10A7	ENST00000335472	12	0		0		2	3,8	1263	0	0.0	0	0.0	343	27.2
SLC11A1	ENST00000233202	15	0		0		0		1953	0	0.0	0	0.0	0	0.0
SLC11A2	ENST00000262052	15	0		0		0		1986	0	0.0	0	0.0	0	0.0
SLC12A1	ENST00000380993	26	0		1	2	11	2,3,11,13,15,16,21,22,23,26,27	3820	0	0.0	440	11.5	1896	49.6
SLC12A2	ENST00000262461	27	1	1	3	1,17,25	7	1,6,12,17,20,22,25	4179	776	18.6	1093	26.2	1657	39.7
SLC12A3	ENST00000563236	26	0		0		0		3586	0	0.0	0	0.0	0	0.0
SLC12A5	ENST00000243964	26	0		0		1	1	3871	0	0.0	0	0.0	72	1.9
SLC12A6	ENST00000354181	25	0		0		0		3953	0	0.0	0	0.0	0	0.0
SLC12A7	ENST00000264930	24	4	1,9,11,20	10	1,9,11,12,17,18,19,20,21,22	21	1,2,3,4,6,7,9,10,11,12,13,15,16,17,18,19,20,21,22,23,24	3732	562	15.1	1679	45.0	3306	88.6
SLC12A9	ENST00000354161	13	0		0		3	2,5,14	3005	0	0.0	0	0.0	1437	47.8
SLC13A1	ENST00000194130	15	1	4	2	4,13	5	4,7,13,14,15	2088	208	10.0	390	18.7	878	42.0
SLC13A3	ENST00000279027	13	0		0		2	2,5	2069	0	0.0	0	0.0	492	23.8
SLC13A5	ENST00000433363	12	0		0		0		1947	0	0.0	0	0.0	0	0.0
SLC14A1	ENST00000321925	8	0		0		1	3	1330	0	0.0	0	0.0	171	12.9
SLC15A3	ENST00000227880	8	1	1	2	1,2	2	1,2	1906	578	30.3	888	46.6	888	46.6
SLC16A1	ENST00000369626	4	0		0		1	4	1583	0	0.0	0	0.0	887	56.0
SLC16A12	ENST00000371790	6	0		0		0		1671	0	0.0	0	0.0	0	0.0
SLC16A2	ENST00000587091	6	0		0		0		1740	0	0.0	0	0.0	0	0.0
SLC16A4	ENST00000369779	8	0		1	2	3	2,6,9	1624	0	0.0	107	6.6	779	48.0
SLC16A7	ENST00000547379	4	0		2	3,4	4	3,4,5,6	1517	0	0.0	401	26.4	1517	100.0
SLC17A2	ENST00000377850	11	0		0		2	4,8	1657	0	0.0	0	0.0	436	26.3
SLC17A3	ENST00000397060	11	0		0		1	4	1717	0	0.0	0	0.0	254	14.8
SLC17A5	ENST00000355773	11	0		0		0		1708	0	0.0	0	0.0	0	0.0
SLC17A8	ENST00000323346	12	0		0		0		2010	0	0.0	0	0.0	0	0.0
SLC17A9	ENST00000370351	13	1	10	1	10	1	10	1571	136	8.7	136	8.7	136	8.7
SLC18A2	ENST00000644641	15	1	16	1	16	1	16	1845	125	6.8	125	6.8	125	6.8
SLC18A3	ENST00000374115	1	1	1	1	1	1	1	1619	1619	100.0	1619	100.0	1619	100.0
SLC19A1	ENST00000311124	5	1	5	1	5	1	5	1876	162	8.6	162	8.6	162	8.6
SLC19A2	ENST00000236137	6	0		0		0		1614	0	0.0	0	0.0	0	0.0
SLC19A3	ENST00000644224	5	0		0		1	6	1591	0	0.0	0	0.0	197	12.4
SLC1A1	ENST00000262352	12	0		0		0		1815	0	0.0	0	0.0	0	0.0
SLC1A2	ENST00000278379	11	2	6,8	3	6,8,10	6	3,4,6,7,8,10	1945	362	18.6	614	31.6	1312	67.5
SLC1A3	ENST00000265113	9	0		0		0		1809	0	0.0	0	0.0	0	0.0
SLC1A4	ENST00000234256	8	1	1	1	1	2	1,6	1759	547	31.1	547	31.1	762	43.3
SLC1A5	ENST00000542575	8	0		0		2	3,8	1786	0	0.0	0	0.0	326	18.3
SLC1A7	ENST00000371494	11	0		1	5	4	3,5,8,11	1903	0	0.0	243	12.8	933	49.0
SLC20A1	ENST00000272542	10	0		0		4	2,7,8,9	2240	0	0.0	0	0.0	1429	63.8
SLC20A2	ENST00000520262	10	0		0		2	2,8	2159	0	0.0	0	0.0	918	42.5
SLC22A1	ENST00000366963	11	2	6,8	2	6,8	5	1,6,7,8,9	1885	256	13.6	256	13.6	1055	56.0
SLC22A12	ENST00000377574	10	0		0		0		1862	0	0.0	0	0.0	0	0.0
SLC22A4	ENST00000200652	10	0		0		0		1856	0	0.0	0	0.0	0	0.0
SLC22A5	ENST00000245407	10	0		0		0		1874	0	0.0	0	0.0	0	0.0
SLC22A7	ENST00000372585	11	1	1	1	1	3	1,2,8	1867	413	22.1	413	22.1	674	36.1
SLC23A1	ENST00000348729	14	1	13	1	13	3	1,4,13	2077	116	5.6	116	5.6	281	13.5
SLC23A2	ENST00000338244	15	0		0		4	9,10,11,12	2253	0	0.0	0	0.0	688	30.5
SLC23A3	ENST00000409878	12	1	11	1	11	4	5,7,11,12	2073	116	5.6	116	5.6	769	37.1
SLC24A1	ENST00000261892	9	0		0		4	2,7,9,10	3480	0	0.0	0	0.0	2948	84.7
SLC24A4	ENST00000532405	17	0		0		0		2209	0	0.0	0	0.0	0	0.0
SLC24A5	ENST00000341459	9	0		1	9	4	5,6,7,9	1683	0	0.0	343	20.4	992	58.9
SLC25A1	ENST00000215882	9	1	1	2	1,2	2	1,2	1116	114	10.2	242	21.7	242	21.7
SLC25A10	ENST00000350690	11	1	1	1	1	1	1	1084	113	10.4	113	10.4	113	10.4
SLC25A11	ENST00000225665	8	0		0		1	2	1105	0	0.0	0	0.0	173	15.7
SLC25A12	ENST00000422440	18	0		0		1	7	2397	0	0.0	0	0.0	159	6.6
SLC25A13	ENST00000265631	18	0		0		1	7	2388	0	0.0	0	0.0	159	6.7
SLC25A15	ENST00000338625	6	0		0		0		1026	0	0.0	0	0.0	0	0.0
SLC25A19	ENST00000416858	6	0		0		0		1083	0	0.0	0	0.0	0	0.0
SLC25A2	ENST00000239451	1	0		0		0		926	0	0.0	0	0.0	0	0.0
SLC25A20	ENST00000319017	9	0		0		0		1086	0	0.0	0	0.0	0	0.0
SLC25A21	ENST00000331299	10	0		0		3	6,7,8	1100	0	0.0	0	0.0	515	46.8
SLC25A22	ENST00000628067	9	0		0		0		1152	0	0.0	0	0.0	0	0.0
SLC25A24	ENST00000565488	10	0		0		3	8,9,10	1634	0	0.0	0	0.0	564	34.5
SLC25A26	ENST00000354883	10	1	7	1	7	2	2,7	1025	90	8.8	90	8.8	267	26.0
SLC25A3	ENST00000228318	7	0		0		0		1229	0	0.0	0	0.0	0	0.0
SLC25A3	ENST00000552981	7	0		0		0		1226	0	0.0	0	0.0	0	0.0
SLC25A32	ENST00000297578	7	0		0		3	2,4,6	1088	0	0.0	0	0.0	518	47.6
SLC25A36	ENST00000324194	7	0		1	6	4	3,4,6,7	1076	0	0.0	310	28.8	743	69.1
SLC25A38	ENST00000650617	7	0		0		0		1055	0	0.0	0	0.0	0	0.0
SLC25A39	ENST00000377095	11	0		0		0		1300	0	0.0	0	0.0	0	0.0
SLC25A4	ENST00000281456	4	0		0		0		977	0	0.0	0	0.0	0	0.0
SLC25A40	ENST00000341119	10	0		0		3	6,8,12	1217	0	0.0	0	0.0	415	34.1
SLC25A42	ENST00000318596	7	0		1	6	3	5,6,8	1097	0	0.0	137	12.5	652	59.4
SLC25A46	ENST00000355943	8	0		1	8	2	5,8	1417	0	0.0	599	42.3	720	50.8
SLC25A5	ENST00000317881	4	0		1	2	2	2,4	977	0	0.0	507	51.9	685	70.1
SLC26A1	ENST00000398516	2	0		1	2	1	2	2146	0	0.0	596	27.8	596	27.8
SLC26A2	ENST00000286298	2	0		1	2	1	2	2260	0	0.0	719	31.8	719	31.8
SLC26A3	ENST00000340010	20	0		0		0		2695	0	0.0	0	0.0	0	0.0
SLC26A4	ENST00000644269	20	0		0		0		2743	0	0.0	0	0.0	0	0.0
SLC26A5	ENST00000306312	18	0		0		0		2595	0	0.0	0	0.0	0	0.0
SLC26A6	ENST00000395550	21	0		0		0		2700	0	0.0	0	0.0	0	0.0
SLC26A7	ENST00000276609	18	0		1	2	5	2,4,5,7,12	2331	0	0.0	213	9.1	821	35.2
SLC26A8	ENST00000490799	19	1	19	1	19	6	2,5,6,7,19,20	3293	205	6.2	205	6.2	1431	43.5
SLC26A9	ENST00000367135	20	0		2	4,17	3	4,17,19	2776	0	0.0	433	15.6	599	21.6
SLC27A4	ENST00000300456	12	0		0		0		2172	0	0.0	0	0.0	0	0.0
SLC27A5	ENST00000263093	10	0		0		2	1,10	2273	0	0.0	0	0.0	905	39.8
SLC28A1	ENST00000394573	17	0		0		0		2290	0	0.0	0	0.0	0	0.0
SLC29A1	ENST00000371755	12	0		0		0		1611	0	0.0	0	0.0	0	0.0
SLC29A3	ENST00000373189	6	0		0		3	1,2,5	1548	0	0.0	0	0.0	523	33.8
SLC2A1	ENST00000426263	10	0		0		0		1679	0	0.0	0	0.0	0	0.0
SLC2A10	ENST00000359271	5	0		0		0		1726	0	0.0	0	0.0	0	0.0
SLC2A12	ENST00000275230	5	0		0		1	5	1954	0	0.0	0	0.0	174	8.9
SLC2A2	ENST00000314251	11	0		0		0		1795	0	0.0	0	0.0	0	0.0
SLC2A3	ENST00000075120	10	0		0		2	5,7	1691	0	0.0	0	0.0	308	18.2
SLC2A6	ENST00000371899	10	0		0		0		1724	0	0.0	0	0.0	0	0.0
SLC2A9	ENST00000264784	12	0		0		0		1863	0	0.0	0	0.0	0	0.0
SLC30A10	ENST00000366926	4	1	1	1	1	2	1,4	1538	660	42.9	660	42.9	1180	76.7
SLC30A2	ENST00000374276	8	0		0		1	4	1279	0	0.0	0	0.0	174	13.6
SLC30A3	ENST00000233535	8	0		0		0		1327	0	0.0	0	0.0	0	0.0
SLC30A5	ENST00000396591	16	1	1	3	1,9,14	6	1,2,9,10,12,14	2618	103	3.9	659	25.2	1181	45.1
SLC30A7	ENST00000357650	11	0		0		1	5	1351	0	0.0	0	0.0	147	10.9
SLC30A8	ENST00000456015	8	0		1	1	1	1	1270	0	0.0	91	7.2	91	7.2
SLC30A9	ENST00000264451	18	0		0		7	2,3,4,5,9,14,15	2067	0	0.0	0	0.0	935	45.2
SLC31A1	ENST00000374212	4	0		0		0		653	0	0.0	0	0.0	0	0.0
SLC32A1	ENST00000217420	2	0		0		1	1	1618	0	0.0	0	0.0	410	25.3
SLC33A1	ENST00000643144	6	0		1	1	1	1	1770	0	0.0	795	44.9	795	44.9
SLC34A1	ENST00000324417	12	0		0		0		2160	0	0.0	0	0.0	0	0.0
SLC34A2	ENST00000382051	12	0		0		0		2313	0	0.0	0	0.0	0	0.0
SLC34A3	ENST00000673835	12	0		0		0		2040	0	0.0	0	0.0	0	0.0
SLC35A1	ENST00000369552	8	1	1	1	1	1	1	1174	36	3.1	36	3.1	36	3.1
SLC35A2	ENST00000247138	5	0		1	4	1	4	1291	0	0.0	757	58.6	757	58.6
SLC35A3	ENST00000533028	7	1	5	1	5	4	3,4,5,6	1118	189	16.9	189	16.9	646	57.8
SLC35B2	ENST00000393812	4	1	1	1	1	1	1	1379	31	2.2	31	2.2	31	2.2
SLC35C1	ENST00000314134	2	0		0		1	2	1135	0	0.0	0	0.0	580	51.1
SLC35D1	ENST00000235345	12	0		0		0		1308	0	0.0	0	0.0	0	0.0
SLC35E4	ENST00000343605	2	0		1	1	1	1	1093	0	0.0	639	58.5	639	58.5
SLC35F1	ENST00000360388	8	0		1	1	3	1,2,5	1387	0	0.0	193	13.9	566	40.8
SLC35F5	ENST00000245680	15	0		0		5	4,9,12,13,14	1872	0	0.0	0	0.0	738	39.4
SLC35G2	ENST00000446465	1	0		0		0		1259	0	0.0	0	0.0	0	0.0
SLC36A2	ENST00000335244	10	0		0		0		1652	0	0.0	0	0.0	0	0.0
SLC37A2	ENST00000403796	18	0		0		1	9	1866	0	0.0	0	0.0	173	9.3
SLC37A3	ENST00000326232	14	1	6	1	6	1	6	1765	166	9.4	166	9.4	166	9.4
SLC37A4	NM_001164277.2	9	0		0		1	9	1470	0	0.0	0	0.0	168	11.4
SLC38A1	ENST00000398637	15	0		0		0		1764	0	0.0	0	0.0	0	0.0
SLC38A10	ENST00000374759	16	1	2	3	2,11,14	5	2,9,11,13,14	3680	138	3.8	455	12.4	1096	29.8
SLC38A12	ENST00000335464	9	0		0		1	10	1671	0	0.0	0	0.0	781	46.7
SLC38A3	ENST00000614032	15	0		0		0		1815	0	0.0	0	0.0	0	0.0
SLC38A8	ENST00000299709	10	0		0		1	4	1508	0	0.0	0	0.0	162	10.7
SLC39A12	ENST00000377369	12	0		1	12	4	3,5,7,12	2316	0	0.0	208	9.0	896	38.7
SLC39A13	ENST00000362021	9	0		0		0		1296	0	0.0	0	0.0	0	0.0
SLC39A14	ENST00000359741	8	0		0		0		1639	0	0.0	0	0.0	0	0.0
SLC39A14	ENST00000381237	8	1	4	1	4	1	4	1639	190	11.6	190	11.6	190	11.6
SLC39A4	ENST00000301305	12	0		0		0		2184	0	0.0	0	0.0	0	0.0
SLC39A5	ENST00000454355	10	0		0		4	4,7,12,13	1823	0	0.0	0	0.0	872	47.8
SLC39A7	ENST00000374677	7	6	1,2,4,5,6,7	7	1,2,3,4,5,6,7	7	1,2,3,4,5,6,7	1550	1476	95.2	1550	100.0	1550	100.0
SLC39A8	ENST00000356736	8	0		2	3,8	5	2,3,6,8,9	1543	0	0.0	388	25.1	982	63.6
SLC3A1	ENST00000260649	10	0		0		0		2258	0	0.0	0	0.0	0	0.0
SLC3A2	ENST00000338663	9	0		0		1	9	1770	0	0.0	0	0.0	383	21.6
SLC40A1	ENST00000261024	8	0		0		1	7	1876	0	0.0	0	0.0	662	35.3
SLC41A1	ENST00000367137	10	0		0		0		1742	0	0.0	0	0.0	0	0.0
SLC44A1	ENST00000374720	16	1	1	1	1	4	1,3,10,11	2294	56	2.4	56	2.4	582	25.4
SLC44A2	ENST00000335757	22	1	1	2	1,9	2	1,9	2561	57	2.2	161	6.3	161	6.3
SLC44A4	ENST00000229729	21	11	1,2,4,6,8,10,11,12,13,14,19	21	1,2,3,4,5,6,7,8,9,10,11,12,13,14,15,16,17,18,19,20,21	21	1,2,3,4,5,6,7,8,9,10,11,12,13,14,15,16,17,18,19,20,21	2553	1483	58.1	2553	100.0	2553	100.0
SLC45A1	ENST00000471889	8	0		0		1	7	2407	0	0.0	0	0.0	197	8.2
SLC45A2	ENST00000296589	7	0		2	3,6	2	3,6	1733	0	0.0	578	33.4	578	33.4
SLC46A1	ENST00000612814	5	0		1	1	1	1	1480	0	0.0	248	16.8	248	16.8
SLC49A4	ENST00000261038	9	2	1,7	4	1,3,7,8	5	1,3,5,7,8	1617	511	31.6	1000	61.8	1129	69.8
SLC4A1	ENST00000262418	19	0		0		0		3116	0	0.0	0	0.0	0	0.0
SLC4A10	ENST00000446997	26	0		1	11	11	3,6,9,10,11,12,15,17,20,22,25	3877	0	0.0	167	4.3	2001	51.6
SLC4A11	ENST00000642402	20	0		0		0		3028	0	0.0	0	0.0	0	0.0
SLC4A2	ENST00000413384	22	1	23	2	4,23	5	4,6,8,17,23	4166	101	2.4	363	8.7	1104	26.5
SLC4A3	ENST00000358055	22	1	17	2	10,17	4	4,6,10,17	4139	251	6.1	455	11.0	973	23.5
SLC4A4	ENST00000264485	24	0		0		0		3720	0	0.0	0	0.0	0	0.0
SLC4A4	ENST00000340595	22	0		0		0		3548	0	0.0	0	0.0	0	0.0
SLC4A5	ENST00000394019	25	1	25	1	25	3	19,23,25	3866	93	2.4	93	2.4	567	14.7
SLC4A7	ENST00000454389	26	0		4	1,7,16,19	14	1,3,4,5,6,7,8,9,13,15,16,17,19,20	4300	0	0.0	780	18.1	2725	63.4
SLC4A8	ENST00000453097	25	0		0		9	3,6,10,12,15,16,18,21,22	3782	0	0.0	0	0.0	1580	41.8
SLC51A	ENST00000296327	9	2	4,8	2	4,8	3	4,5,8	1203	220	18.3	220	18.3	399	33.2
SLC51B	ENST00000334287	3	1	3	1	3	1	3	447	111	24.8	111	24.8	111	24.8
SLC52A1	ENST00000254853	4	0		0		0		1427	0	0.0	0	0.0	0	0.0
SLC52A2	ENST00000643944	4	0		0		0		1418	0	0.0	0	0.0	0	0.0
SLC52A3	ENST00000645534	4	0		0		0		1490	0	0.0	0	0.0	0	0.0
SLC5A1	ENST00000266088	15	0		0		0		2295	0	0.0	0	0.0	0	0.0
SLC5A12	ENST00000396005	15	0		1	5	5	1,5,12,14,15	2157	0	0.0	175	8.1	1039	48.2
SLC5A2	ENST00000330498	14	0		0		0		2299	0	0.0	0	0.0	0	0.0
SLC5A3	ENST00000381151	1	0		0		0		2177	0	0.0	0	0.0	0	0.0
SLC5A5	ENST00000222248	15	0		0		0		2232	0	0.0	0	0.0	0	0.0
SLC5A6	ENST00000310574	15	0		0		1	17	2208	0	0.0	0	0.0	164	7.4
SLC5A7	ENST00000264047	8	0		0		2	5,9	1903	0	0.0	0	0.0	819	43.0
SLC5A8	ENST00000536262	15	1	11	13	1,2,3,5,6,7,8,9,11,12,13,14,15	15	1,2,3,4,5,6,7,8,9,10,11,12,13,14,15	2133	107	5.0	1957	91.7	2133	100.0
SLC66A1	ENST00000375153	7	2	4,5	2	4,5	2	4,5	1016	271	26.7	271	26.7	271	26.7
SLC67A1	ENST00000649076	10	1	4	5	2,3,4,7,11	6	2,3,4,7,10,11	1475	181	12.3	799	54.2	940	63.7
SLC6A1	ENST00000287766	14	0		0		1	15	2080	0	0.0	0	0.0	188	9.0
SLC6A11	ENST00000254488	14	1	1	1	1	2	1,8	2179	276	12.7	276	12.7	421	19.3
SLC6A12	ENST00000684302	14	1	16	1	16	3	5,10,16	2125	164	7.7	164	7.7	470	22.1
SLC6A14	ENST00000598581	14	0		6	4,5,7,11,13,14	12	2,3,4,5,7,8,9,10,11,12,13,14	2209	0	0.0	986	44.6	1988	90.0
SLC6A17	ENST00000331565	11	1	12	1	12	3	4,8,12	2404	389	16.2	389	16.2	749	31.2
SLC6A19	ENST00000304460	12	0		0		0		2145	0	0.0	0	0.0	0	0.0
SLC6A2	ENST00000568943	14	0		0		1	13	2134	0	0.0	0	0.0	188	8.8
SLC6A20	ENST00000358525	11	0		0		0		1999	0	0.0	0	0.0	0	0.0
SLC6A3	ENST00000270349	14	1	11	1	11	2	5,11	2143	120	5.6	120	5.6	279	13.0
SLC6A4	ENST00000650711	13	1	11	1	11	2	11,14	2153	152	7.1	152	7.1	340	15.8
SLC6A5	ENST00000525748	16	0		0		0		2714	0	0.0	0	0.0	0	0.0
SLC6A6	ENST00000622186	13	0		0		2	3,8	2123	0	0.0	0	0.0	373	17.6
SLC6A8	ENST00000253122	13	0		1	1	1	1	2168	0	0.0	282	13.0	282	13.0
SLC6A9	ENST00000372310	13	1	4	1	4	3	4,11,14	2162	152	7.0	152	7.0	487	22.5
SLC7A11	ENST00000280612	12	0		0		3	1,2,11	1746	0	0.0	0	0.0	642	36.8
SLC7A13	ENST00000297524	4	1	1	2	1,3	4	1,2,3,4	1493	705	47.2	1087	72.8	1493	100.0
SLC7A14	ENST00000231706	7	0		0		2	7,8	2456	0	0.0	0	0.0	1241	50.5
SLC7A3	ENST00000374299	11	0		3	2,9,10	5	2,4,9,10,11	2080	0	0.0	764	36.7	1091	52.5
SLC7A4	ENST00000382932	4	0		0		0		1988	0	0.0	0	0.0	0	0.0
SLC7A5	ENST00000261622	10	0		0		1	1	1724	0	0.0	0	0.0	558	32.4
SLC7A6OS	ENST00000263997	5	0		1	2	1	2	1030	0	0.0	299	29.0	299	29.0
SLC7A7	ENST00000674313	9	0		0		0		1716	0	0.0	0	0.0	0	0.0
SLC7A8	ENST00000316902	11	1	9	1	9	1	9	1828	170	9.3	170	9.3	170	9.3
SLC7A9	ENST00000023064	12	0		0		0		1704	0	0.0	0	0.0	0	0.0
SLC8A1	ENST00000332839	10	0		0		3	2,10,11	3122	0	0.0	0	0.0	2521	80.7
SLC9A1	ENST00000263980	12	1	1	2	1,12	2	1,12	2688	372	13.8	730	27.2	730	27.2
SLC9A3	ENST00000264938	17	1	1	3	1,2,17	4	1,2,16,17	2845	231	8.1	578	20.3	848	29.8
SLC9A4	ENST00000295269	12	1	1	2	1,12	3	1,5,12	2637	276	10.5	655	24.8	878	33.3
SLC9A6	ENST00000630721	17	1	14	1	14	2	13,14	2380	110	4.6	110	4.6	284	11.9
SLC9A7	ENST00000616978	17	1	1	1	1	11	1,3,4,5,6,7,11,12,15,16,17	2521	345	13.7	345	13.7	1768	70.1
SLC9A9	ENST00000316549	16	0		0		0		2258	0	0.0	0	0.0	0	0.0
SLC9D1	ENST00000434316	12	0		1	2	1	2	2274	0	0.0	464	20.4	464	20.4
SLCO1B1	ENST00000256958	14	0		1	13	1	13	2356	0	0.0	85	3.6	85	3.6
SLCO1B3	ENST00000381545	14	0		3	12,13,15	9	5,6,7,8,10,12,13,15,16	2389	0	0.0	529	22.1	1559	65.3
SLCO1C1	ENST00000266509	14	0		0		5	4,8,10,14,15	2419	0	0.0	0	0.0	1016	42.0
SLCO2A1	ENST00000310926	14	0		1	1	2	1,9	2212	0	0.0	116	5.2	326	14.7
SLCO4C1	ENST00000310954	13	0		4	1,3,6,12	11	1,2,3,4,6,7,8,9,10,12,13	2435	0	0.0	863	35.4	2208	90.7
SLF2	ENST00000238961	20	0		1	6	8	3,5,6,8,11,13,16,19	3922	0	0.0	91	2.3	2648	67.5
SLFN14	ENST00000674182	4	0		0		3	3,5,6	2819	0	0.0	0	0.0	2670	94.7
SLIRP	ENST00000557342	4	0		0		1	3	410	0	0.0	0	0.0	128	31.2
SLIT2	ENST00000504154	37	1	12	1	12	12	9,12,16,18,19,20,21,26,29,32,34,35	5330	92	1.7	92	1.7	2179	40.9
SLIT3	ENST00000519560	36	1	8	3	1,8,34	6	1,8,12,20,34,36	5292	184	3.5	707	13.4	1208	22.8
SLITRK1	ENST00000674365	1	0		0		0		2111	0	0.0	0	0.0	0	0.0
SLITRK2	ENST00000335565	1	0		0		1	5	2558	0	0.0	0	0.0	2558	100.0
SLITRK3	ENST00000475390	1	0		0		0		2954	0	0.0	0	0.0	0	0.0
SLITRK6	ENST00000647374	1	0		0		0		2546	0	0.0	0	0.0	0	0.0
SLK	ENST00000369755	19	0		2	6,9	7	2,6,9,10,15,16,19	4088	0	0.0	1591	38.9	2448	59.9
SLMAP	ENST00000671191	23	0		1	20	2	3,20	2989	0	0.0	341	11.4	509	17.0
SLPI	ENST00000338380	4	0		0		0		479	0	0.0	0	0.0	0	0.0
SLTM	ENST00000380516	21	0		2	4,17	9	4,7,9,10,13,14,15,17,18	3525	0	0.0	409	11.6	2033	57.7
SLURP1	ENST00000246515	3	0		0		0		372	0	0.0	0	0.0	0	0.0
SLX4	ENST00000294008	14	0		0		1	7	5785	0	0.0	0	0.0	337	5.8
SMAD1	ENST00000302085	6	0		0		4	2,4,6,7	1518	0	0.0	0	0.0	998	65.7
SMAD2	ENST00000262160	10	0		0		0		1604	0	0.0	0	0.0	0	0.0
SMAD3	ENST00000327367	9	0		0		0		1458	0	0.0	0	0.0	0	0.0
SMAD4	ENST00000342988	11	0		0		0		1879	0	0.0	0	0.0	0	0.0
SMAD5	ENST00000545279	6	0		1	7	6	3,4,5,6,7,8	1518	0	0.0	277	18.2	1518	100.0
SMAD6	ENST00000288840	4	1	1	2	1,4	2	1,4	1571	837	53.3	1396	88.9	1396	88.9
SMAD7	ENST00000262158	4	0		1	1	3	1,3,4	1361	0	0.0	633	46.5	1287	94.6
SMAD9	ENST00000379826	6	0		0		1	4	1524	0	0.0	0	0.0	131	8.6
SMARCA1	ENST00000371121	25	0		7	6,10,15,16,17,21,23	19	1,3,4,6,7,8,10,11,12,13,14,15,16,17,19,20,21,22,23	3713	0	0.0	1178	31.7	3042	81.9
SMARCA2	ENST00000349721	33	2	5,8	3	5,8,24	5	5,8,14,15,24	5433	470	8.7	654	12.0	1006	18.5
SMARCA4	ENST00000344626	34	0		0		0		5624	0	0.0	0	0.0	0	0.0
SMARCA4	ENST00000646693	35	0		0		0		5740	0	0.0	0	0.0	0	0.0
SMARCA5	ENST00000283131	24	0		0		8	3,6,12,14,16,20,21,22	3639	0	0.0	0	0.0	1347	37.0
SMARCAD1	ENST00000354268	23	0		0		1	9	3541	0	0.0	0	0.0	412	11.6
SMARCAL1	ENST00000357276	16	0		0		0		3185	0	0.0	0	0.0	0	0.0
SMARCB1	ENST00000644036	9	0		0		0		1338	0	0.0	0	0.0	0	0.0
SMARCC1	ENST00000254480	28	0		0		2	20,27	3878	0	0.0	0	0.0	476	12.3
SMARCC2	ENST00000550164	29	1	27	1	27	2	21,27	4318	402	9.3	402	9.3	681	15.8
SMARCD1	ENST00000394963	13	1	1	2	1,2	2	1,2	1808	197	10.9	405	22.4	405	22.4
SMARCD2	ENST00000448276	13	1	1	1	1	1	1	1856	236	12.7	236	12.7	236	12.7
SMARCE1	ENST00000348513	10	0		0		1	8	1436	0	0.0	0	0.0	193	13.4
SMC1A	ENST00000322213	25	0		0		0		4202	0	0.0	0	0.0	0	0.0
SMC1B	ENST00000357450	25	0		1	22	8	2,6,8,9,11,13,19,22	4208	0	0.0	172	4.1	1468	34.9
SMC3	ENST00000361804	29	0		0		0		4234	0	0.0	0	0.0	0	0.0
SMC5	ENST00000361138	25	0		0		14	2,4,7,8,9,10,13,14,15,17,18,21,23,25	3806	0	0.0	0	0.0	2382	62.6
SMCHD1	ENST00000320876	48	1	3	3	3,13,37	24	1,3,10,12,13,14,15,16,19,20,24,25,28,29,30,32,35,37,39,41,43,44,45,46	6978	182	2.6	570	8.2	3917	56.1
SMCO2	ENST00000535986	8	0		1	6	4	5,6,8,9	1192	0	0.0	108	9.1	693	58.1
SMDT1	ENST00000331479	2	0		2	1,2	2	1,2	364	0	0.0	364	100.0	364	100.0
SMG6	ENST00000263073	19	1	16	1	16	4	2,3,10,16	4640	174	3.8	174	3.8	2332	50.3
SMG8	ENST00000300917	4	0		0		1	3	3056	0	0.0	0	0.0	893	29.2
SMG9	ENST00000270066	13	0		0		0		1823	0	0.0	0	0.0	0	0.0
SMIM1	ENST00000642557	2	0		0		0		277	0	0.0	0	0.0	0	0.0
SMN1	ENST00000380707	8	1	4	2	4,8	5	2,4,5,7,8	1045	221	21.1	292	27.9	688	65.8
SMN2	ENST00000380743	8	1	4	1	4	6	2,3,4,5,7,8	1045	221	21.1	221	21.1	828	79.2
SMO	ENST00000249373	12	1	1	1	1	1	1	2604	351	13.5	351	13.5	351	13.5
SMOC1	ENST00000361956	12	0		0		0		1548	0	0.0	0	0.0	0	0.0
SMOC2	ENST00000356284	13	0		0		1	2	1601	0	0.0	0	0.0	192	12.0
SMOX	ENST00000305958	6	0		0		0		1788	0	0.0	0	0.0	0	0.0
SMPD1	ENST00000342245	6	0		0		0		2016	0	0.0	0	0.0	0	0.0
SMPD4	ENST00000680298	19	0		0		2	8,20	2864	0	0.0	0	0.0	522	18.2
SMPDL3A	ENST00000368440	8	0		1	8	5	2,3,5,6,8	1522	0	0.0	338	22.2	1128	74.1
SMPX	ENST00000379494	3	0		0		0		327	0	0.0	0	0.0	0	0.0
SMS	ENST00000404933	11	0		0		1	1	1321	0	0.0	0	0.0	69	5.2
SMURF2	ENST00000262435	19	2	1,15	2	1,15	5	1,3,11,14,15	2627	230	8.8	230	8.8	774	29.5
SMYD1	ENST00000419482	10	0		0		3	3,4,6	1673	0	0.0	0	0.0	595	35.6
SNAI1	ENST00000244050	3	0		0		1	2	855	0	0.0	0	0.0	548	64.1
SNAI2	ENST00000020945	3	0		0		0		867	0	0.0	0	0.0	0	0.0
SNAP23	ENST00000249647	7	0		0		2	6,8	776	0	0.0	0	0.0	265	34.1
SNAP25	ENST00000254976	7	0		0		0		761	0	0.0	0	0.0	0	0.0
SNAP29	ENST00000215730	5	0		0		0		877	0	0.0	0	0.0	0	0.0
SNAP47	ENST00000617596	4	0		1	3	1	3	1340	0	0.0	511	38.1	511	38.1
SNAP91	ENST00000369694	28	1	20	2	17,20	7	4,5,17,18,20,23,24	3284	92	2.8	220	6.7	1048	31.9
SNAPC4	ENST00000684778	22	0		1	22	2	16,22	4850	0	0.0	1777	36.6	2280	47.0
SNAPIN	ENST00000368685	4	0		0		1	1	491	0	0.0	0	0.0	163	33.2
SNCA	ENST00000394991	5	0		0		0		523	0	0.0	0	0.0	0	0.0
SNCAIP	ENST00000261368	10	0		0		0		2960	0	0.0	0	0.0	0	0.0
SNCB	ENST00000393693	5	0		0		0		505	0	0.0	0	0.0	0	0.0
SNF8	ENST00000502492	8	0		0		0		937	0	0.0	0	0.0	0	0.0
SNIP1	ENST00000296215	4	0		1	1	3	1,3,4	1271	0	0.0	244	19.2	1148	90.3
SNRNP200	ENST00000323853	45	0		0		0		7311	0	0.0	0	0.0	0	0.0
SNRNP40	ENST00000263694	10	1	3	2	3,10	3	3,4,10	1274	114	8.9	184	14.4	370	29.0
SNRPA	ENST00000243563	6	0		0		1	4	969	0	0.0	0	0.0	194	20.0
SNRPB	ENST00000381342	7	1	6	3	4,5,6	3	4,5,6	836	146	17.5	478	57.2	478	57.2
SNRPE	ENST00000414487	5	0		0		0		379	0	0.0	0	0.0	0	0.0
SNRPN	ENST00000390687	7	0		1	8	1	8	863	0	0.0	159	18.4	159	18.4
SNTA1	ENST00000217381	8	1	1	1	1	1	1	1678	330	19.7	330	19.7	330	19.7
SNUPN	ENST00000308588	8	1	9	1	9	1	9	1243	344	27.7	344	27.7	344	27.7
SNX10	ENST00000338523	6	0		0		2	3,6	726	0	0.0	0	0.0	340	46.8
SNX14	ENST00000314673	29	0		0		5	2,14,17,24,25	3421	0	0.0	0	0.0	768	22.4
SNX19	ENST00000265909	11	1	8	1	8	2	8,9	3199	150	4.7	150	4.7	355	11.1
SNX27	ENST00000458013	12	0		1	1	2	1,3	1866	0	0.0	331	17.7	544	29.2
SNX3	ENST00000230085	4	1	1	1	1	1	1	569	182	32.0	182	32.0	182	32.0
SOAT1	ENST00000367619	15	0		0		2	6,7	1953	0	0.0	0	0.0	431	22.1
SOBP	ENST00000317357	6	1	6	1	6	1	6	2742	1973	72.0	1973	72.0	1973	72.0
SOCS1	ENST00000332029	1	1	2	1	2	1	2	656	656	100.0	656	100.0	656	100.0
SOCS2	ENST00000551556	2	0		0		1	2	637	0	0.0	0	0.0	478	75.0
SOCS4	ENST00000555846	1	0		0		1	3	1343	0	0.0	0	0.0	1343	100.0
SOD1	ENST00000270142	5	0		0		0		565	0	0.0	0	0.0	0	0.0
SOD2	ENST00000538183	5	0		0		1	5	769	0	0.0	0	0.0	166	21.6
SOD3	ENST00000382120	1	0		1	2	1	2	743	0	0.0	743	100.0	743	100.0
SOHLH1	ENST00000425225	8	0		0		0		1324	0	0.0	0	0.0	0	0.0
SOHLH2	ENST00000379881	11	1	6	1	6	4	4,6,7,10	1498	131	8.7	131	8.7	701	46.8
SON	ENST00000356577	12	0		0		3	5,6,7	7521	0	0.0	0	0.0	507	6.7
SORBS2	ENST00000695409	24	0		1	12	4	12,14,17,19	4383	0	0.0	210	4.8	2060	47.0
SORCS3	ENST00000369701	27	1	24	2	1,24	4	1,9,24,25	4209	120	2.9	767	18.2	1093	26.0
SORD	ENST00000267814	9	1	8	1	8	2	1,8	1254	142	11.3	142	11.3	228	18.2
SORL1	ENST00000260197	48	0		1	25	12	1,6,8,9,13,21,22,25,41,43,44,46	7605	0	0.0	140	1.8	2399	31.5
SORT1	ENST00000256637	20	2	1,3	2	1,3	6	1,3,5,13,14,15	2896	420	14.5	420	14.5	1215	42.0
SOS1	ENST00000402219	23	0		0		0		4462	0	0.0	0	0.0	0	0.0
SOS2	ENST00000216373	23	1	23	3	16,18,23	11	2,4,7,9,10,14,15,16,18,20,23	4459	530	11.9	906	20.3	2857	64.1
SOST	ENST00000301691	2	0		0		0		682	0	0.0	0	0.0	0	0.0
SOWAHB	ENST00000334306	1	0		0		1	1	2402	0	0.0	0	0.0	2402	100.0
SOWAHC	ENST00000356454	1	1	1	1	1	1	1	1598	1598	100.0	1598	100.0	1598	100.0
SOX10	ENST00000396884	3	0		1	2	1	2	1461	0	0.0	448	30.7	448	30.7
SOX11	ENST00000322002	1	0		1	1	1	1	1346	0	0.0	1346	100.0	1346	100.0
SOX12	ENST00000342665	1	1	1	1	1	1	1	968	968	100.0	968	100.0	968	100.0
SOX17	ENST00000297316	2	0		0		0		1285	0	0.0	0	0.0	0	0.0
SOX18	ENST00000340356	2	2	1,2	2	1,2	2	1,2	1195	1195	100.0	1195	100.0	1195	100.0
SOX2	ENST00000325404	1	0		0		0		974	0	0.0	0	0.0	0	0.0
SOX3	ENST00000370536	1	1	1	1	1	1	1	1361	1361	100.0	1361	100.0	1361	100.0
SOX4	ENST00000244745	1	1	1	1	1	1	1	1445	1445	100.0	1445	100.0	1445	100.0
SOX5	ENST00000451604	15	0		0		4	4,10,13,15	2592	0	0.0	0	0.0	823	31.8
SOX6	ENST00000683767	15	0		1	14	1	14	2787	0	0.0	254	9.1	254	9.1
SOX7	ENST00000304501	2	0		0		1	1	1207	0	0.0	0	0.0	258	21.4
SOX8	ENST00000293894	3	1	1	1	1	1	1	1401	442	31.5	442	31.5	442	31.5
SOX9	ENST00000245479	3	1	3	1	3	1	3	1590	865	54.4	865	54.4	865	54.4
SP110	ENST00000258381	18	0		0		0		2502	0	0.0	0	0.0	0	0.0
SP4	ENST00000222584	6	0		1	5	1	5	2475	0	0.0	220	8.9	220	8.9
SP6	ENST00000536300	1	0		0		1	2	1151	0	0.0	0	0.0	1151	100.0
SP7	ENST00000536324	2	0		0		0		1336	0	0.0	0	0.0	0	0.0
SP9	ENST00000394967	2	1	2	1	2	1	2	1495	1454	97.3	1454	97.3	1454	97.3
SPACA1	ENST00000237201	7	0		1	5	3	4,5,7	1025	0	0.0	156	15.2	457	44.6
SPAG1	ENST00000388798	18	1	11	2	10,11	8	6,8,10,11,13,15,18,19	3141	359	11.4	536	17.1	1681	53.5
SPAG17	ENST00000336338	48	0		5	11,21,25,27,32	20	2,3,5,7,10,11,18,21,25,27,28,30,32,33,34,35,36,44,45,48	7632	0	0.0	1022	13.4	3539	46.4
SPAG4	ENST00000374273	12	0		0		0		1554	0	0.0	0	0.0	0	0.0
SPAG7	ENST00000206020	7	0		1	4	1	4	824	0	0.0	105	12.7	105	12.7
SPAG9	ENST00000262013	30	0		1	7	7	1,5,7,10,15,23,25	4566	0	0.0	228	5.0	1264	27.7
SPANXA2	ENST00000370518	2	0		0		0		334	0	0.0	0	0.0	0	0.0
SPARC	ENST00000231061	9	0		0		0		1092	0	0.0	0	0.0	0	0.0
SPARCL1	ENST00000282470	10	1	4	2	4,9	3	4,9,10	2195	1037	47.2	1206	54.9	1375	62.6
SPART	ENST00000438666	8	0		0		0		2161	0	0.0	0	0.0	0	0.0
SPAST	ENST00000315285	17	0		0		1	1	2191	0	0.0	0	0.0	435	19.9
SPATA13	ENST00000382108	12	0		1	3	2	3,8	4074	0	0.0	386	9.5	586	14.4
SPATA16	ENST00000351008	10	0		0		0		1910	0	0.0	0	0.0	0	0.0
SPATA22	ENST00000572969	8	0		2	6,9	3	6,8,9	1252	0	0.0	575	45.9	693	55.4
SPATA3	ENST00000433428	3	0		0		0		639	0	0.0	0	0.0	0	0.0
SPATA33	ENST00000579310	3	0		0		0		483	0	0.0	0	0.0	0	0.0
SPATA7	ENST00000393545	12	0		0		0		2040	0	0.0	0	0.0	0	0.0
SPATC1L	ENST00000291672	4	2	3,5	3	2,3,5	3	2,3,5	1103	718	65.1	931	84.4	931	84.4
SPDL1	ENST00000265295	11	0		2	10,12	7	2,3,4,5,10,11,12	2038	0	0.0	376	18.4	1503	73.7
SPECC1L	ENST00000314328	15	0		0		1	5	3654	0	0.0	0	0.0	1651	45.2
SPEF2	ENST00000356031	37	1	2	6	2,4,8,24,26,29	18	2,3,4,7,8,9,11,12,15,16,21,24,25,26,29,30,32,35	6209	123	2.0	1041	16.8	3605	58.1
SPEG	ENST00000312358	41	0		4	1,4,5,16	9	1,3,4,5,6,16,30,33,40	10624	0	0.0	2117	19.9	5030	47.3
SPEN	ENST00000375759	15	0		0		3	2,3,4	11295	0	0.0	0	0.0	1019	9.0
SPG11	ENST00000261866	40	0		0		2	3,14	8132	0	0.0	0	0.0	441	5.4
SPG21	ENST00000204566	8	0		0		0		1087	0	0.0	0	0.0	0	0.0
SPG7	ENST00000645818	17	0		0		1	1	2728	0	0.0	0	0.0	203	7.4
SPHKAP	ENST00000392056	12	0		2	2,3	4	2,3,6,8	5343	0	0.0	254	4.8	736	13.8
SPI1	ENST00000378538	5	0		0		1	5	913	0	0.0	0	0.0	340	37.2
SPIDR	ENST00000297423	20	1	1	1	1	5	1,2,5,6,9	3148	53	1.7	53	1.7	900	28.6
SPIN4	ENST00000374884	1	0		0		1	1	770	0	0.0	0	0.0	770	100.0
SPINK1	ENST00000296695	4	0		0		0		320	0	0.0	0	0.0	0	0.0
SPINK2	ENST00000506738	4	0		0		0		485	0	0.0	0	0.0	0	0.0
SPINK5	ENST00000256084	33	0		0		0		3855	0	0.0	0	0.0	0	0.0
SPINT2	ENST00000301244	7	0		0		0		899	0	0.0	0	0.0	0	0.0
SPIRE2	ENST00000378247	15	1	1	2	1,9	2	1,9	2445	264	10.8	474	19.4	474	19.4
SPNS2	ENST00000329078	12	1	1	2	1,10	2	1,10	1890	390	20.6	509	26.9	509	26.9
SPOP	ENST00000504102	9	0		0		0		1305	0	0.0	0	0.0	0	0.0
SPOUT1	ENST00000361256	12	0		0		0		1371	0	0.0	0	0.0	0	0.0
SPP1	ENST00000395080	6	0		1	7	2	6,7	1065	0	0.0	425	39.9	769	72.2
SPP2	ENST00000168148	7	0		0		0		776	0	0.0	0	0.0	0	0.0
SPPL2A	ENST00000261854	15	0		0		4	3,4,6,14	1863	0	0.0	0	0.0	663	35.6
SPR	ENST00000234454	3	0		0		1	1	846	0	0.0	0	0.0	324	38.3
SPRED1	ENST00000299084	7	0		0		0		1475	0	0.0	0	0.0	0	0.0
SPRED2	ENST00000356388	6	0		0		0		1377	0	0.0	0	0.0	0	0.0
SPRTN	ENST00000295050	5	0		0		3	3,4,5	1570	0	0.0	0	0.0	1209	77.0
SPRY1	ENST00000651917	1	0		0		1	3	980	0	0.0	0	0.0	980	100.0
SPRY2	ENST00000377104	1	0		0		0		968	0	0.0	0	0.0	0	0.0
SPRY4	ENST00000434127	1	0		0		0		920	0	0.0	0	0.0	0	0.0
SPTA1	ENST00000643759	52	0		0		0		8300	0	0.0	0	0.0	0	0.0
SPTAN1	ENST00000372739	56	0		0		0		8554	0	0.0	0	0.0	0	0.0
SPTB	ENST00000644917	35	0		0		0		7687	0	0.0	0	0.0	0	0.0
SPTBN1	ENST00000356805	35	1	23	2	14,23	6	9,14,19,20,23,26	7795	302	3.9	1193	15.3	2247	28.8
SPTBN2	ENST00000533211	36	0		0		0		7893	0	0.0	0	0.0	0	0.0
SPTBN4	ENST00000598249	35	2	19,35	8	12,14,16,19,23,24,33,35	9	12,14,16,19,23,24,31,33,35	8395	230	2.7	3056	36.4	3696	44.0
SPTBN5	ENST00000320955	67	2	47,48	3	12,47,48	4	12,47,48,63	12365	304	2.5	534	4.3	626	5.1
SPTLC1	ENST00000262554	15	0		0		0		1722	0	0.0	0	0.0	0	0.0
SPTLC2	ENST00000216484	12	0		0		1	1	1929	0	0.0	0	0.0	152	7.9
SPTSSA	ENST00000298130	2	0		0		0		256	0	0.0	0	0.0	0	0.0
SQLE	ENST00000265896	11	0		0		3	3,6,11	1945	0	0.0	0	0.0	606	31.2
SQOR	ENST00000260324	9	0		0		2	7,9	1533	0	0.0	0	0.0	403	26.3
SQSTM1	ENST00000389805	8	0		1	1	1	1	1483	0	0.0	225	15.2	225	15.2
SRA1	ENST00000336283	5	0		0		1	3	775	0	0.0	0	0.0	223	28.8
SRC	ENST00000373578	11	1	4	1	4	1	4	1831	270	14.7	270	14.7	270	14.7
SRCAP	ENST00000262518	32	0		5	3,8,11,20,29	9	3,4,8,11,18,20,22,29,34	10333	0	0.0	1069	10.3	4438	42.9
SRD5A2	ENST00000622030	5	0		0		1	1	865	0	0.0	0	0.0	301	34.8
SRD5A3	ENST00000264228	5	0		0		1	1	1057	0	0.0	0	0.0	241	22.8
SREBF1	ENST00000261646	19	0		0		0		3824	0	0.0	0	0.0	0	0.0
SREBF2	ENST00000361204	19	0		0		0		3806	0	0.0	0	0.0	0	0.0
SREK1	ENST00000334121	12	1	12	3	8,9,12	5	4,5,8,9,12	2115	170	8.0	693	32.8	1077	50.9
SRF	ENST00000265354	7	1	1	1	1	2	1,5	1667	533	32.0	533	32.0	745	44.7
SRGAP1	ENST00000355086	22	0		1	12	9	2,3,6,12,15,17,19,21,22	3698	0	0.0	123	3.3	2030	54.9
SRGAP2	ENST00000573034	22	0		2	22,23	5	3,13,20,22,23	3656	0	0.0	749	20.5	1208	33.0
SRGAP2C	ENST00000367123	9	0		0		1	3	1560	0	0.0	0	0.0	213	13.7
SRL	ENST00000399609	6	0		0		0		1542	0	0.0	0	0.0	0	0.0
SRP19	ENST00000505459	5	0		0		0		535	0	0.0	0	0.0	0	0.0
SRP54	ENST00000216774	15	0		1	9	3	8,9,14	1815	0	0.0	169	9.3	531	29.3
SRP68	ENST00000307877	16	0		0		0		2204	0	0.0	0	0.0	0	0.0
SRP72	ENST00000642900	19	0		0		3	4,7,18	2396	0	0.0	0	0.0	489	20.4
SRPK3	ENST00000370101	15	0		2	1,8	5	1,7,8,10,14	2004	0	0.0	125	6.2	684	34.1
SRPRA	ENST00000332118	14	0		0		0		2197	0	0.0	0	0.0	0	0.0
SRPX2	ENST00000373004	10	0		0		0		1598	0	0.0	0	0.0	0	0.0
SRR	ENST00000344595	7	0		0		0		1163	0	0.0	0	0.0	0	0.0
SRRM2	ENST00000301740	14	0		2	11,12	3	3,11,12	8539	0	0.0	7029	82.3	7157	83.8
SRRT	ENST00000611405	19	1	13	2	13,18	5	4,6,7,13,18	3011	209	6.9	331	11.0	893	29.7
SRSF1	ENST00000258962	4	0		0		0		827	0	0.0	0	0.0	0	0.0
SRY	ENST00000383070	1	1	1	1	1	1	1	635	635	100.0	635	100.0	635	100.0
SS18	ENST00000415083	11	0		1	4	4	4,6,7,10	1477	0	0.0	174	11.8	641	43.4
SS18L1	ENST00000331758	11	0		0		1	1	1411	0	0.0	0	0.0	89	6.3
SSBP1	ENST00000265304	6	0		3	4,5,6	5	2,3,4,5,6	567	0	0.0	378	66.7	503	88.7
SSH1	ENST00000326495	15	1	1	1	1	2	1,15	3450	89	2.6	89	2.6	1366	39.6
SSR3	ENST00000265044	5	0		0		2	2,4	658	0	0.0	0	0.0	299	45.4
SSR4	ENST00000370086	6	0		0		0		642	0	0.0	0	0.0	0	0.0
SSTR1	ENST00000267377	1	0		1	3	1	3	1196	0	0.0	1196	100.0	1196	100.0
SSTR5	ENST00000689027	1	0		0		0		1115	0	0.0	0	0.0	0	0.0
SSUH2	ENST00000544814	12	0		0		2	4,12	1368	0	0.0	0	0.0	317	23.2
SSX1	ENST00000376919	6	0		0		3	3,5,6	687	0	0.0	0	0.0	361	52.5
SSX2	ENST00000337502	6	0		0		0		687	0	0.0	0	0.0	0	0.0
ST14	ENST00000278742	19	0		1	5	2	1,5	2948	0	0.0	178	6.0	279	9.5
ST3GAL3	ENST00000347631	11	0		0		0		1348	0	0.0	0	0.0	0	0.0
ST3GAL5	ENST00000638572	7	1	1	1	1	1	1	1397	102	7.3	102	7.3	102	7.3
ST6GALNAC3	ENST00000328299	5	0		0		3	2,3,5	1018	0	0.0	0	0.0	852	83.7
ST7	ENST00000323984	16	1	10	1	10	5	1,5,10,13,16	2054	135	6.6	135	6.6	729	35.5
ST8SIA2	ENST00000268164	6	0		0		1	4	1248	0	0.0	0	0.0	278	22.3
STAB1	ENST00000321725	69	0		1	1	4	1,34,39,43	9093	0	0.0	98	1.1	460	5.1
STAB2	ENST00000388887	69	1	49	4	13,23,49,59	9	6,8,9,12,13,23,49,59,69	9036	161	1.8	740	8.2	1468	16.2
STAC3	ENST00000332782	11	0		1	3	1	3	1315	0	0.0	288	21.9	288	21.9
STAG1	ENST00000383202	33	1	32	2	30,32	12	4,5,8,10,14,15,24,25,26,27,30,32	4437	135	3.0	330	7.4	1867	42.1
STAG2	ENST00000371145	33	0		8	8,9,15,25,26,29,30,31	32	3,4,5,6,7,8,9,10,11,12,13,14,15,16,17,18,19,20,21,22,23,24,25,26,27,28,29,30,31,32,33,35	4467	0	0.0	1487	33.3	4369	97.8
STAG3	ENST00000615138	33	0		0		4	2,8,28,30	4341	0	0.0	0	0.0	652	15.0
STAMBP	ENST00000394070	9	0		0		1	5	1455	0	0.0	0	0.0	387	26.6
STAR	ENST00000276449	7	0		0		0		998	0	0.0	0	0.0	0	0.0
STARD13	ENST00000336934	14	0		0		2	3,9	3622	0	0.0	0	0.0	333	9.2
STARD7	ENST00000337288	8	1	1	1	1	2	1,8	1273	310	24.4	310	24.4	515	40.5
STARD9	ENST00000290607	33	2	19,33	2	19,33	5	16,19,21,22,33	14763	225	1.5	225	1.5	1128	7.6
STAT1	ENST00000361099	23	0		0		0		2713	0	0.0	0	0.0	0	0.0
STAT2	ENST00000314128	23	0		0		1	24	3016	0	0.0	0	0.0	163	5.4
STAT3	ENST00000264657	23	0		0		0		2773	0	0.0	0	0.0	0	0.0
STAT4	ENST00000392320	23	2	15,21	2	15,21	5	3,4,9,15,21	2707	316	11.7	316	11.7	779	28.8
STAT5A	ENST00000590949	18	0		0		2	3,18	2745	0	0.0	0	0.0	305	11.1
STAT5B	ENST00000293328	18	0		0		0		2724	0	0.0	0	0.0	0	0.0
STAT6	ENST00000300134	21	0		1	20	2	20,22	2964	0	0.0	86	2.9	296	10.0
STC1	ENST00000290271	4	0		0		0		824	0	0.0	0	0.0	0	0.0
STEAP3	ENST00000393110	5	1	3	1	3	2	3,4	1597	520	32.6	520	32.6	1068	66.9
STEEP1	ENST00000644802	7	1	5	1	5	3	2,4,5	809	110	13.6	110	13.6	407	50.3
STIL	ENST00000371877	16	0		0		0		4187	0	0.0	0	0.0	0	0.0
STIM1	ENST00000526596	13	0		0		0		2411	0	0.0	0	0.0	0	0.0
STING1	ENST00000330794	6	0		1	3	2	3,4	1260	0	0.0	247	19.6	451	35.8
STK11	ENST00000326873	9	0		0		2	6,8	1482	0	0.0	0	0.0	356	24.0
STK31	ENST00000355870	24	0		3	7,12,21	9	6,7,8,10,12,13,14,19,21	3540	0	0.0	749	21.2	1726	48.8
STK33	ENST00000687296	12	0		0		0		1785	0	0.0	0	0.0	0	0.0
STK36	ENST00000295709	26	0		1	8	4	3,5,8,17	4468	0	0.0	190	4.3	627	14.0
STK4	ENST00000372806	11	0		0		4	5,6,9,10	1684	0	0.0	0	0.0	758	45.0
STKLD1	ENST00000371957	18	1	15	1	15	1	15	2403	149	6.2	149	6.2	149	6.2
STN1	ENST00000224950	9	0		0		2	7,8	1287	0	0.0	0	0.0	335	26.0
STOX1	ENST00000298596	4	1	1	1	1	1	1	3050	330	10.8	330	10.8	330	10.8
STRA6	ENST00000395105	18	0		0		0		2364	0	0.0	0	0.0	0	0.0
STRA8	ENST00000662584	8	0		1	5	1	5	1300	0	0.0	260	20.0	260	20.0
STRADA	ENST00000336174	12	0		1	11	1	11	1536	0	0.0	262	17.1	262	17.1
STRAP	ENST00000419869	10	0		1	6	1	6	1253	0	0.0	158	12.6	158	12.6
STRC	ENST00000450892	29	0		0		0		5908	0	0.0	0	0.0	0	0.0
STRIP1	ENST00000369795	21	0		1	1	1	1	2934	0	0.0	200	6.8	200	6.8
STRIP2	ENST00000249344	21	1	19	1	19	2	10,19	2925	125	4.3	125	4.3	381	13.0
STS	ENST00000674429	9	0		0		0		1917	0	0.0	0	0.0	0	0.0
STT3A	ENST00000392708	17	0		0		4	4,10,13,16	2458	0	0.0	0	0.0	736	29.9
STT3B	ENST00000295770	16	1	1	3	1,11,13	10	1,2,3,5,6,7,9,11,12,13	2801	334	11.9	736	26.3	1946	69.5
STUB1	ENST00000219548	7	0		1	1	2	1,5	1052	0	0.0	179	17.0	256	24.3
STX11	ENST00000367568	1	0		0		0		884	0	0.0	0	0.0	0	0.0
STX16	ENST00000371141	9	0		0		0		1158	0	0.0	0	0.0	0	0.0
STX1A	ENST00000222812	10	1	1	1	1	1	1	1067	50	4.7	50	4.7	50	4.7
STX1B	ENST00000215095	10	0		0		0		1067	0	0.0	0	0.0	0	0.0
STX2	ENST00000392373	10	1	1	1	1	1	1	1067	50	4.7	50	4.7	50	4.7
STX3	ENST00000337979	10	1	2	1	2	1	2	1070	104	9.7	104	9.7	104	9.7
STX4	ENST00000313843	10	0		1	5	2	1,5	1094	0	0.0	91	8.3	141	12.9
STX5	ENST00000294179	10	0		0		0		1268	0	0.0	0	0.0	0	0.0
STXBP1	ENST00000373299	19	0		0		0		2165	0	0.0	0	0.0	0	0.0
STXBP1	ENST00000373302	19	0		0		0		2192	0	0.0	0	0.0	0	0.0
STXBP2	ENST00000221283	19	1	1	1	1	1	1	2162	57	2.6	57	2.6	57	2.6
STXBP3	ENST00000370008	19	0		0		3	4,7,14	2159	0	0.0	0	0.0	431	20.0
STXBP5L	ENST00000471454	26	0		1	23	11	6,10,11,13,17,18,19,21,23,24,26	4009	0	0.0	381	9.5	2107	52.6
STYK1	ENST00000075503	9	0		0		1	5	1449	0	0.0	0	0.0	284	19.6
STYXL1	ENST00000359697	8	0		0		2	5,6	1102	0	0.0	0	0.0	332	30.1
SUCLA2	ENST00000646932	11	0		0		0		1612	0	0.0	0	0.0	0	0.0
SUCLG1	ENST00000393868	9	0		0		0		1221	0	0.0	0	0.0	0	0.0
SUCLG2	ENST00000307227	11	1	1	1	1	3	1,3,8	1519	104	6.8	104	6.8	406	26.7
SUCO	ENST00000263688	24	1	22	3	4,22,24	10	3,4,5,6,7,18,21,22,23,24	4245	112	2.6	751	17.7	2793	65.8
SUFU	ENST00000369902	12	0		0		0		1695	0	0.0	0	0.0	0	0.0
SUGCT	ENST00000335693	14	0		1	8	4	5,8,11,14	1597	0	0.0	164	10.3	537	33.6
SULT2B1	ENST00000201586	7	0		0		0		1238	0	0.0	0	0.0	0	0.0
SULT6B1	ENST00000535679	7	0		1	5	4	1,4,5,6	1052	0	0.0	115	10.9	658	62.5
SUMF1	ENST00000272902	9	0		0		0		1305	0	0.0	0	0.0	0	0.0
SUMO1	ENST00000392246	5	0		0		0		406	0	0.0	0	0.0	0	0.0
SUMO4	ENST00000326669	1	0		0		0		308	0	0.0	0	0.0	0	0.0
SUN1	ENST00000401592	19	0		1	2	2	2,14	2738	0	0.0	209	7.6	484	17.7
SUN5	ENST00000356173	13	0		1	12	2	5,12	1400	0	0.0	107	7.6	189	13.5
SUOX	ENST00000266971	3	0		0		0		1698	0	0.0	0	0.0	0	0.0
SUPT16H	ENST00000216297	26	1	6	1	6	6	5,6,7,12,14,22	3664	172	4.7	172	4.7	1012	27.6
SUPT7L	ENST00000337768	5	0		0		3	3,4,5	1345	0	0.0	0	0.0	1028	76.4
SUPV3L1	ENST00000359655	15	0		0		6	4,5,9,13,14,15	2661	0	0.0	0	0.0	1347	50.6
SURF1	ENST00000371974	9	1	1	1	1	1	1	1083	74	6.8	74	6.8	74	6.8
SUZ12	ENST00000322652	16	0		2	1,16	5	1,7,10,12,16	2540	0	0.0	660	26.0	1274	50.2
SV2A	ENST00000369146	12	0		0		1	13	2469	0	0.0	0	0.0	204	8.3
SVBP	ENST00000372521	2	1	2	1	2	1	2	241	134	55.6	134	55.6	134	55.6
SVEP1	ENST00000374469	48	0		3	5,12,35	18	2,5,6,7,11,12,16,17,25,30,31,33,35,37,38,40,42,43	11676	0	0.0	627	5.4	6741	57.7
SVIL	ENST00000355867	35	0		0		6	8,9,13,15,17,31	7345	0	0.0	0	0.0	2127	29.0
SWAP70	ENST00000318950	12	1	4	1	4	4	2,3,4,5	1998	248	12.4	248	12.4	770	38.5
SWSAP1	ENST00000674460	2	0		2	1,2	2	1,2	793	0	0.0	793	100.0	793	100.0
SYCE1	ENST00000343131	13	0		0		0		1316	0	0.0	0	0.0	0	0.0
SYCP2	ENST00000357552	43	0		1	24	11	11,14,16,18,19,20,23,24,31,33,36	5453	0	0.0	457	8.4	2113	38.7
SYCP2L	ENST00000283141	29	0		0		3	10,15,24	3019	0	0.0	0	0.0	451	14.9
SYCP3	ENST00000392924	8	0		0		0		871	0	0.0	0	0.0	0	0.0
SYDE2	ENST00000341460	7	1	1	2	1,2	4	1,2,3,6	3725	765	20.5	1481	39.8	2856	76.7
SYK	ENST00000375754	13	1	12	1	12	4	2,9,11,12	2168	161	7.4	161	7.4	1006	46.4
SYN1	ENST00000295987	13	1	12	1	12	1	12	2378	609	25.6	609	25.6	609	25.6
SYN2	ENST00000621198	13	1	1	1	1	1	1	2009	397	19.8	397	19.8	397	19.8
SYN3	ENST00000358763	13	0		2	2,13	2	2,13	2003	0	0.0	643	32.1	643	32.1
SYNCRIP	ENST00000369622	10	0		1	11	3	2,6,11	2072	0	0.0	612	29.5	977	47.2
SYNE1	ENST00000354674	18	0		0		1	1	3288	0	0.0	0	0.0	112	3.4
SYNE1	ENST00000367255	144	0		0		2	30,136	29274	0	0.0	0	0.0	400	1.4
SYNE2	ENST00000555002	115	0		0		1	84	23024	0	0.0	0	0.0	176	0.8
SYNE4	ENST00000324444	8	0		0		1	2	1375	0	0.0	0	0.0	171	12.4
SYNGAP1	ENST00000646630	19	1	15	2	10,15	4	1,10,15,17	4412	1092	24.8	1257	28.5	1576	35.7
SYNGR1	ENST00000328933	4	0		1	1	1	1	782	0	0.0	119	15.2	119	15.2
SYNJ1	ENST00000674351	31	1	32	1	32	12	3,4,5,6,14,17,18,19,23,25,31,32	4556	41	0.9	41	0.9	2152	47.2
SYNJ2	ENST00000355585	27	2	1,9	2	1,9	5	1,3,4,9,26	5031	249	4.9	249	4.9	985	19.6
SYNM	ENST00000336292	4	1	1	1	1	1	1	4778	830	17.4	830	17.4	830	17.4
SYNPO	ENST00000307662	2	1	3	1	3	1	3	2752	704	25.6	704	25.6	704	25.6
SYP	ENST00000263233	6	0		0		0		1062	0	0.0	0	0.0	0	0.0
SYT1	ENST00000261205	8	0		1	7	3	4,5,7	1429	0	0.0	188	13.2	579	40.5
SYT14	ENST00000367019	9	0		0		0		1905	0	0.0	0	0.0	0	0.0
SYT2	ENST00000367268	8	0		0		0		1420	0	0.0	0	0.0	0	0.0
SYT4	ENST00000255224	4	0		0		3	2,3,4	1358	0	0.0	0	0.0	1304	96.0
SYT9	ENST00000318881	7	0		0		4	1,2,3,5	1616	0	0.0	0	0.0	1296	80.2
SYTL4	ENST00000372989	16	0		3	7,14,19	7	5,7,8,12,14,16,19	2336	0	0.0	558	23.9	1117	47.8
SZT2	ENST00000634258	72	0		2	15,60	6	15,16,28,38,59,60	11739	0	0.0	338	2.9	1237	10.5
TAB2	ENST00000637181	6	0		0		0		2202	0	0.0	0	0.0	0	0.0
TAC3	ENST00000458521	5	0		0		0		466	0	0.0	0	0.0	0	0.0
TACC2	ENST00000369005	22	0		1	4	4	4,5,8,14	9287	0	0.0	5333	57.4	5816	62.6
TACO1	ENST00000258975	5	0		0		0		994	0	0.0	0	0.0	0	0.0
TACR2	ENST00000373306	5	1	2	2	2,5	3	2,3,5	1297	215	16.6	494	38.1	668	51.5
TACR3	ENST00000304883	5	0		0		0		1498	0	0.0	0	0.0	0	0.0
TACSTD2	ENST00000371225	1	0		1	1	1	1	992	0	0.0	992	100.0	992	100.0
TAF1	ENST00000423759	38	0		2	9,19	15	4,6,9,10,11,12,13,14,16,19,21,28,32,35,36	6382	0	0.0	367	5.8	2519	39.5
TAF13	ENST00000338366	4	0		0		1	4	455	0	0.0	0	0.0	191	42.0
TAF15	ENST00000605844	16	0		0		4	2,3,9,10	2099	0	0.0	0	0.0	315	15.0
TAF1A	ENST00000352967	10	0		0		4	5,6,7,11	1553	0	0.0	0	0.0	682	43.9
TAF1C	ENST00000566732	14	0		1	3	2	3,12	2812	0	0.0	102	3.6	266	9.5
TAF1L	ENST00000242310	1	0		0		0		5501	0	0.0	0	0.0	0	0.0
TAF2	ENST00000378164	26	0		0		0		4120	0	0.0	0	0.0	0	0.0
TAF4	ENST00000252996	15	1	1	5	1,8,10,14,15	8	1,7,8,10,11,12,14,15	3558	1380	38.8	2066	58.1	2632	74.0
TAF4B	ENST00000269142	15	0		1	1	6	1,2,5,7,9,15	2889	0	0.0	363	12.6	1624	56.2
TAF6	ENST00000453269	14	0		1	5	1	5	2314	0	0.0	77	3.3	77	3.3
TAF8	ENST00000372977	9	0		0		0		1113	0	0.0	0	0.0	0	0.0
TAFAZZIN	ENST00000601016	11	0		0		0		1099	0	0.0	0	0.0	0	0.0
TAGAP	ENST00000367066	9	0		0		2	5,10	2376	0	0.0	0	0.0	1505	63.3
TAL1	ENST00000691006	3	1	3	1	3	2	3,5	1056	466	44.1	466	44.1	941	89.1
TAL2	ENST00000334077	1	0		1	1	1	1	347	0	0.0	347	100.0	347	100.0
TALDO1	ENST00000319006	8	0		0		0		1174	0	0.0	0	0.0	0	0.0
TAMALIN	ENST00000293662	8	2	1,8	2	1,8	2	1,8	1348	792	58.8	792	58.8	792	58.8
TAMM41	ENST00000455809	8	0		3	2,4,7	6	1,2,3,4,5,7	1174	0	0.0	457	38.9	891	75.9
TANC2	ENST00000689528	27	1	5	3	4,5,14	10	4,5,7,8,9,10,13,14,16,17	6765	131	1.9	962	14.2	2488	36.8
TANGO2	ENST00000327374	8	0		0		1	3	991	0	0.0	0	0.0	109	11.0
TAOK1	ENST00000261716	19	0		0		7	6,9,11,12,15,19,20	3386	0	0.0	0	0.0	1477	43.6
TAOK2	ENST00000308893	15	0		1	16	1	16	4008	0	0.0	1736	43.3	1736	43.3
TAP1	ENST00000354258	11	2	1,6	11	1,2,3,4,5,6,7,8,9,10,11	11	1,2,3,4,5,6,7,8,9,10,11	2467	767	31.1	2467	100.0	2467	100.0
TAP2	ENST00000374897	11	4	2,3,10,12	11	2,3,4,5,6,7,8,9,10,11,12	11	2,3,4,5,6,7,8,9,10,11,12	2281	977	42.8	2281	100.0	2281	100.0
TAPBP	ENST00000434618	8	4	3,4,5,8	8	1,2,3,4,5,6,7,8	8	1,2,3,4,5,6,7,8	1507	1094	72.6	1507	100.0	1507	100.0
TAPT1	ENST00000405303	14	1	1	1	1	5	1,2,4,5,9	1984	219	11.0	219	11.0	839	42.3
TARDBP	ENST00000240185	5	0		1	6	1	6	1345	0	0.0	551	41.0	551	41.0
TARS1	ENST00000265112	19	1	15	1	15	6	3,9,11,13,15,18	2552	121	4.7	121	4.7	979	38.4
TARS2	ENST00000369064	18	0		0		3	2,3,11	2517	0	0.0	0	0.0	544	21.6
TAS2R16	ENST00000249284	1	0		0		1	1	896	0	0.0	0	0.0	896	100.0
TAS2R38	ENST00000547270	1	0		0		1	1	1022	0	0.0	0	0.0	1022	100.0
TASP1	ENST00000337743	13	0		1	2	2	2,5	1523	0	0.0	165	10.8	306	20.1
TAT	ENST00000355962	11	0		0		0		1585	0	0.0	0	0.0	0	0.0
TBC1D1	ENST00000698857	21	0		0		5	2,3,6,11,21	4209	0	0.0	0	0.0	1570	37.3
TBC1D10B	ENST00000409939	9	1	1	1	1	2	1,9	2607	976	37.4	976	37.4	1626	62.4
TBC1D20	ENST00000354200	8	1	1	1	1	1	1	1372	90	6.6	90	6.6	90	6.6
TBC1D22A	ENST00000337137	13	0		0		1	3	1814	0	0.0	0	0.0	361	19.9
TBC1D23	ENST00000394144	19	0		2	5,18	5	3,5,6,9,18	2480	0	0.0	359	14.5	773	31.2
TBC1D24	ENST00000646147	7	0		0		0		1820	0	0.0	0	0.0	0	0.0
TBC1D2B	ENST00000300584	13	1	1	3	1,6,9	5	1,3,4,6,9	3152	380	12.1	1299	41.2	1672	53.0
TBC1D31	ENST00000287380	22	0		2	8,13	9	4,5,8,11,12,13,14,17,19	3641	0	0.0	397	10.9	1657	45.5
TBC1D32	ENST00000398212	32	0		4	1,18,21,30	13	1,2,3,7,9,10,14,16,18,20,21,30,31	4414	0	0.0	632	14.3	2114	47.9
TBC1D4	ENST00000377636	21	0		0		0		4317	0	0.0	0	0.0	0	0.0
TBC1D7	ENST00000379300	7	0		0		2	4,8	1022	0	0.0	0	0.0	315	30.8
TBC1D8	ENST00000409318	20	0		1	1	4	1,4,17,20	3868	0	0.0	147	3.8	955	24.7
TBC1D8B	ENST00000357242	21	1	5	11	2,3,4,5,6,8,9,12,14,16,21	16	2,3,4,5,6,7,8,9,10,12,13,14,15,16,17,21	3783	261	6.9	2448	64.7	3196	84.5
TBCB	ENST00000221855	6	0		1	6	1	6	855	0	0.0	135	15.8	135	15.8
TBCCD1	ENST00000338733	6	0		0		2	2,3	1794	0	0.0	0	0.0	532	29.7
TBCD	ENST00000355528	39	3	1,36,38	3	1,36,38	9	1,26,28,29,31,34,35,36,38	4359	417	9.6	417	9.6	1176	27.0
TBCE	ENST00000642610	16	0		0		0		1904	0	0.0	0	0.0	0	0.0
TBCK	ENST00000394708	25	0		0		8	2,4,10,11,12,14,22,26	3182	0	0.0	0	0.0	1259	39.6
TBK1	ENST00000331710	20	0		3	5,8,11	6	3,5,6,8,9,11	2590	0	0.0	514	19.8	1073	41.4
TBL1X	ENST00000645353	15	0		1	9	4	7,8,9,16	2034	0	0.0	162	8.0	780	38.3
TBL1XR1	ENST00000457928	14	0		0		5	4,5,11,13,14	1825	0	0.0	0	0.0	885	48.5
TBL1Y	ENST00000383032	14	14	6,7,8,9,10,11,12,13,14,15,16,17,18,19	14	6,7,8,9,10,11,12,13,14,15,16,17,18,19	14	6,7,8,9,10,11,12,13,14,15,16,17,18,19	1849	1849	100.0	1849	100.0	1849	100.0
TBL2	ENST00000305632	7	0		0		2	3,7	1484	0	0.0	0	0.0	691	46.6
TBP	ENST00000392092	7	0		1	6	1	6	1160	0	0.0	188	16.2	188	16.2
TBR1	ENST00000389554	6	1	6	1	6	2	1,6	2169	879	40.5	879	40.5	1591	73.4
TBX1	ENST00000649276	7	2	1,7	3	1,6,7	3	1,6,7	1655	956	57.8	1077	65.1	1077	65.1
TBX15	ENST00000369429	8	0		0		0		1969	0	0.0	0	0.0	0	0.0
TBX18	ENST00000369663	8	0		2	4,8	3	4,5,8	1984	0	0.0	937	47.2	1125	56.7
TBX19	ENST00000367821	8	0		0		0		1507	0	0.0	0	0.0	0	0.0
TBX2	ENST00000240328	7	2	1,6	4	1,5,6,7	5	1,2,5,6,7	2279	1070	47.0	1727	75.8	2015	88.4
TBX20	ENST00000408931	8	0		0		1	5	1504	0	0.0	0	0.0	179	11.9
TBX21	ENST00000177694	6	1	1	1	1	2	1,6	1728	511	29.6	511	29.6	1150	66.6
TBX22	ENST00000373296	8	0		3	7,8,9	6	3,5,6,7,8,9	1723	0	0.0	825	47.9	1406	81.6
TBX3	ENST00000349155	7	0		0		0		2312	0	0.0	0	0.0	0	0.0
TBX4	ENST00000644296	8	0		1	2	1	2	1801	0	0.0	206	11.4	206	11.4
TBX5	ENST00000405440	8	0		0		0		1717	0	0.0	0	0.0	0	0.0
TBX6	ENST00000395224	8	0		0		0		1471	0	0.0	0	0.0	0	0.0
TBXA2R	ENST00000375190	2	0		0		0		1072	0	0.0	0	0.0	0	0.0
TBXAS1	ENST00000448866	13	0		0		0		1862	0	0.0	0	0.0	0	0.0
TBXT	ENST00000366876	8	0		0		0		1471	0	0.0	0	0.0	0	0.0
TCAP	ENST00000309889	2	0		0		0		544	0	0.0	0	0.0	0	0.0
TCEAL1	ENST00000372625	1	0		1	3	1	3	500	0	0.0	500	100.0	500	100.0
TCEANC	ENST00000696128	1	0		1	5	1	5	1076	0	0.0	1076	100.0	1076	100.0
TCF12	ENST00000333725	19	1	11	2	6,11	5	3,6,11,17,18	2501	165	6.6	250	10.0	661	26.4
TCF20	ENST00000677622	4	0		3	2,3,5	4	2,3,4,5	5963	0	0.0	5893	98.8	5963	100.0
TCF21	ENST00000367882	2	0		0		0		580	0	0.0	0	0.0	0	0.0
TCF3	ENST00000262965	18	0		0		1	18	2325	0	0.0	0	0.0	256	11.0
TCF3	ENST00000588136	18	1	17	2	9,17	3	9,13,17	2316	156	6.7	279	12.0	378	16.3
TCF4	ENST00000354452	18	0		0		0		2376	0	0.0	0	0.0	0	0.0
TCF7L1	ENST00000282111	12	2	1,12	2	1,12	4	1,6,8,12	2007	723	36.0	723	36.0	1010	50.3
TCF7L2	ENST00000355995	15	0		1	15	3	3,10,15	2160	0	0.0	438	20.3	763	35.3
TCHH	ENST00000614923	2	0		0		1	2	5872	0	0.0	0	0.0	158	2.7
TCHHL1	ENST00000368806	2	0		0		1	3	2755	0	0.0	0	0.0	2597	94.3
TCIRG1	ENST00000265686	19	0		0		1	4	2873	0	0.0	0	0.0	241	8.4
TCL1A	ENST00000402399	3	0		0		1	2	405	0	0.0	0	0.0	197	48.6
TCL1B	ENST00000340722	3	0		0		1	1	447	0	0.0	0	0.0	182	40.7
TCN1	ENST00000257264	9	0		0		0		1482	0	0.0	0	0.0	0	0.0
TCN2	ENST00000215838	9	0		0		0		1464	0	0.0	0	0.0	0	0.0
TCOF1	ENST00000643257	26	0		0		0		4990	0	0.0	0	0.0	0	0.0
TCP1	ENST00000321394	12	0		0		4	8,10,11,12	1911	0	0.0	0	0.0	830	43.4
TCTN1	ENST00000397659	14	0		0		0		2059	0	0.0	0	0.0	0	0.0
TCTN2	ENST00000303372	18	0		0		2	6,13	2454	0	0.0	0	0.0	352	14.3
TCTN3	ENST00000371217	14	0		0		2	10,14	2104	0	0.0	0	0.0	382	18.2
TDO2	ENST00000536354	12	1	9	8	2,5,6,7,8,9,11,12	11	2,3,4,5,6,7,8,9,10,11,12	1461	78	5.3	1104	75.6	1406	96.2
TDP1	ENST00000335725	15	1	11	1	11	2	3,11	2127	206	9.7	206	9.7	785	36.9
TDP2	ENST00000378198	7	0		1	7	4	3,4,5,7	1229	0	0.0	302	24.6	747	60.8
TDRD6	ENST00000316081	4	0		0		1	3	6371	0	0.0	0	0.0	110	1.7
TDRD7	ENST00000355295	16	0		0		0		3617	0	0.0	0	0.0	0	0.0
TDRD9	ENST00000409874	36	4	1,3,10,15	5	1,3,10,15,24	8	1,3,10,13,15,23,24,33	4869	580	11.9	774	15.9	1179	24.2
TEAD1	ENST00000527636	11	0		0		0		1501	0	0.0	0	0.0	0	0.0
TECPR2	ENST00000359520	19	0		1	13	6	2,6,8,12,13,16	4616	0	0.0	162	3.5	1542	33.4
TECR	ENST00000215567	13	0		0		0		1187	0	0.0	0	0.0	0	0.0
TECRL	ENST00000381210	12	1	12	2	1,12	5	1,4,6,7,12	1332	148	11.1	402	30.2	745	55.9
TECTA	ENST00000392793	23	0		0		2	8,10	6928	0	0.0	0	0.0	1185	17.1
TEDC1	ENST00000392523	9	1	1	1	1	1	1	1668	167	10.0	167	10.0	167	10.0
TEFM	ENST00000581216	4	0		1	4	2	2,4	1163	0	0.0	458	39.4	942	81.0
TEK	ENST00000380036	23	0		0		0		3835	0	0.0	0	0.0	0	0.0
TEKT3	ENST00000395930	7	0		0		1	3	1613	0	0.0	0	0.0	599	37.1
TELO2	ENST00000262319	20	0		0		1	3	2914	0	0.0	0	0.0	298	10.2
TENM1	ENST00000422452	32	0		15	5,13,15,18,21,22,23,25,26,27,28,31,32,34,35	28	4,5,7,8,9,10,11,12,13,14,15,16,17,18,20,21,22,23,25,26,27,28,29,31,32,33,34,35	8839	0	0.0	4674	52.9	8325	94.2
TENM3	ENST00000511685	27	1	6	3	3,6,25	14	3,5,6,10,16,17,18,20,21,22,23,25,26,28	8640	143	1.7	759	8.8	5894	68.2
TENM4	ENST00000278550	30	1	6	4	6,10,15,28	9	6,9,10,12,15,21,28,31,34	8910	290	3.3	1600	18.0	3465	38.9
TENT5A	ENST00000320172	2	0		0		2	2,3	1369	0	0.0	0	0.0	1369	100.0
TEP1	ENST00000262715	54	4	2,23,52,55	6	2,5,19,23,52,55	8	2,5,14,19,23,31,52,55	8964	994	11.1	1373	15.3	1706	19.0
TERB1	ENST00000433154	17	0		0		4	5,10,11,17	2524	0	0.0	0	0.0	644	25.5
TERB2	ENST00000340827	7	0		0		0		803	0	0.0	0	0.0	0	0.0
TERF2	ENST00000254942	10	1	1	2	1,7	3	1,7,10	1829	399	21.8	812	44.4	991	54.2
TERT	ENST00000310581	16	1	1	1	1	1	1	3719	239	6.4	239	6.4	239	6.4
TET2	ENST00000380013	9	0		0		2	9,10	6189	0	0.0	0	0.0	533	8.6
TET3	ENST00000409262	11	2	2,12	3	2,4,12	4	2,4,10,12	5608	2127	37.9	4281	76.3	4439	79.2
TEX11	ENST00000374333	29	0		3	16,18,26	15	3,6,7,10,11,12,13,16,17,18,26,27,28,29,30	3358	0	0.0	473	14.1	1939	57.7
TEX14	ENST00000349033	31	0		0		8	2,10,11,12,13,14,18,30	4976	0	0.0	0	0.0	2152	43.2
TEX15	ENST00000643185	9	0		1	10	6	3,4,5,6,7,10	9699	0	0.0	1279	13.2	2229	23.0
TF	ENST00000402696	17	0		0		0		2437	0	0.0	0	0.0	0	0.0
TFAM	ENST00000487519	7	0		0		0		881	0	0.0	0	0.0	0	0.0
TFAP2A	ENST00000379613	7	0		0		0		1460	0	0.0	0	0.0	0	0.0
TFAP2B	ENST00000393655	7	0		0		0		1523	0	0.0	0	0.0	0	0.0
TFAP2E	ENST00000373235	7	1	2	1	2	2	1,2	1469	503	34.2	503	34.2	550	37.4
TFE3	ENST00000315869	10	0		2	1,3	4	1,3,9,10	1928	0	0.0	460	23.9	1092	56.6
TFG	ENST00000240851	7	0		1	2	4	2,4,5,8	1343	0	0.0	204	15.2	959	71.4
TFPI	ENST00000233156	7	0		1	7	2	5,7	1055	0	0.0	200	19.0	397	37.6
TFR2	ENST00000223051	18	0		0		1	18	2766	0	0.0	0	0.0	290	10.5
TFRC	ENST00000360110	18	0		0		1	4	2643	0	0.0	0	0.0	216	8.2
TG	ENST00000220616	48	0		0		2	4,9	9267	0	0.0	0	0.0	1345	14.5
TGDS	ENST00000261296	12	0		0		2	2,6	1293	0	0.0	0	0.0	206	15.9
TGFA	ENST00000295400	6	1	1	1	1	1	1	603	60	10.0	60	10.0	60	10.0
TGFB1	ENST00000221930	7	0		1	1	1	1	1313	0	0.0	375	28.6	375	28.6
TGFB1I1	ENST00000394863	11	0		2	1,3	2	1,3	1606	0	0.0	106	6.6	106	6.6
TGFB2	ENST00000366930	7	0		0		3	2,5,6	1385	0	0.0	0	0.0	556	40.1
TGFB3	ENST00000238682	7	0		0		0		1379	0	0.0	0	0.0	0	0.0
TGFBI	ENST00000442011	17	0		0		2	11,14	2392	0	0.0	0	0.0	280	11.7
TGFBR1	ENST00000374994	9	1	1	1	1	1	1	1692	117	6.9	117	6.9	117	6.9
TGFBR2	ENST00000295754	7	0		0		1	4	1844	0	0.0	0	0.0	820	44.5
TGFBR3	ENST00000212355	16	0		0		0		2876	0	0.0	0	0.0	0	0.0
TGIF1	ENST00000343820	3	0		0		0		879	0	0.0	0	0.0	0	0.0
TGM1	ENST00000206765	14	0		0		0		2734	0	0.0	0	0.0	0	0.0
TGM2	ENST00000361475	13	0		0		1	10	2324	0	0.0	0	0.0	293	12.6
TGM3	ENST00000381458	13	0		1	10	1	10	2342	0	0.0	329	14.0	329	14.0
TGM5	ENST00000220420	13	0		0		0		2423	0	0.0	0	0.0	0	0.0
TGM6	ENST00000202625	13	0		0		0		2381	0	0.0	0	0.0	0	0.0
TH	ENST00000352909	13	0		0		0		1754	0	0.0	0	0.0	0	0.0
THAP1	ENST00000254250	3	0		0		0		702	0	0.0	0	0.0	0	0.0
THAP11	ENST00000303596	1	0		0		0		965	0	0.0	0	0.0	0	0.0
THAP12	ENST00000260045	5	0		0		3	1,3,5	2386	0	0.0	0	0.0	2188	91.7
THBD	ENST00000377103	1	0		0		0		1748	0	0.0	0	0.0	0	0.0
THBS1	ENST00000260356	21	0		1	10	2	3,10	3933	0	0.0	194	4.9	774	19.7
THBS2	ENST00000617924	21	0		1	13	3	10,12,13	3939	0	0.0	239	6.1	606	15.4
THEMIS	ENST00000368248	6	0		3	2,3,4	6	1,2,3,4,5,6	2046	0	0.0	1727	84.4	2046	100.0
THG1L	ENST00000231198	6	0		0		0		1017	0	0.0	0	0.0	0	0.0
THOC1	ENST00000261600	21	1	1	1	1	3	1,5,21	2394	74	3.1	74	3.1	529	22.1
THOC2	ENST00000245838	38	3	6,14,17	18	3,6,8,11,12,14,15,17,19,20,21,22,23,25,27,29,31,34	31	2,3,4,5,6,7,8,9,10,11,12,14,15,17,18,19,20,21,22,23,24,25,26,27,28,29,30,31,32,33,34	5542	407	7.3	3311	59.7	4871	87.9
THOC6	ENST00000326266	13	0		0		0		1286	0	0.0	0	0.0	0	0.0
THOP1	ENST00000307741	13	0		0		2	1,8	2330	0	0.0	0	0.0	423	18.2
THPO	ENST00000647395	5	0		0		0		1162	0	0.0	0	0.0	0	0.0
THRA	ENST00000450525	8	0		0		0		1393	0	0.0	0	0.0	0	0.0
THRB	ENST00000646209	8	0		0		0		1546	0	0.0	0	0.0	0	0.0
THSD1	ENST00000258613	4	0		1	3	2	3,4	2639	0	0.0	983	37.2	1162	44.0
THSD4	ENST00000261862	17	1	4	1	4	3	4,5,16	3397	385	11.3	385	11.3	1053	31.0
THUMPD1	ENST00000396083	4	0		0		2	3,4	1142	0	0.0	0	0.0	696	60.9
THUMPD3	ENST00000452837	9	0		0		2	4,7	1704	0	0.0	0	0.0	633	37.1
TIA1	ENST00000433529	13	0		0		3	1,9,12	1421	0	0.0	0	0.0	328	23.1
TIAL1	ENST00000436547	12	0		1	10	3	10,11,12	1368	0	0.0	144	10.5	451	33.0
TIAM1	ENST00000541036	25	0		0		3	8,15,28	5276	0	0.0	0	0.0	941	17.8
TICAM1	ENST00000248244	1	0		0		1	2	2159	0	0.0	0	0.0	2159	100.0
TIE1	ENST00000372476	23	1	12	7	2,3,5,11,12,13,16	8	2,3,5,11,12,13,14,16	3877	317	8.2	1535	39.6	1746	45.0
TIGD4	ENST00000304337	1	0		0		0		1559	0	0.0	0	0.0	0	0.0
TIMELESS	ENST00000553532	28	0		0		1	9	4187	0	0.0	0	0.0	108	2.6
TIMM22	ENST00000327158	4	2	2,3	3	1,2,3	4	1,2,3,4	665	310	46.6	568	85.4	665	100.0
TIMM44	ENST00000270538	13	0		0		0		1619	0	0.0	0	0.0	0	0.0
TIMM50	ENST00000607714	11	1	7	1	7	1	7	1282	125	9.8	125	9.8	125	9.8
TIMM8A	ENST00000372902	2	0		0		0		334	0	0.0	0	0.0	0	0.0
TIMMDC1	ENST00000494664	7	0		0		1	7	998	0	0.0	0	0.0	171	17.1
TIMP3	ENST00000266085	5	0		0		0		736	0	0.0	0	0.0	0	0.0
TINF2	ENST00000267415	9	0		0		0		1536	0	0.0	0	0.0	0	0.0
TIRAP	ENST00000392679	3	0		0		0		726	0	0.0	0	0.0	0	0.0
TJP1	ENST00000614355	28	3	4,18,23	19	1,4,5,6,7,8,9,12,13,14,17,18,19,20,21,23,24,25,26	27	1,2,3,4,5,6,7,8,9,11,12,13,14,15,16,17,18,19,20,21,22,23,24,25,26,27,28	5867	492	8.4	4732	80.7	5741	97.9
TJP2	ENST00000377245	23	0		0		1	17	4033	0	0.0	0	0.0	231	5.7
TK2	ENST00000544898	10	1	1	1	1	1	1	998	144	14.4	144	14.4	144	14.4
TKFC	ENST00000394900	17	0		0		1	5	2068	0	0.0	0	0.0	202	9.8
TKT	ENST00000462138	14	0		0		2	1,10	2152	0	0.0	0	0.0	278	12.9
TLCD3B	ENST00000380495	5	0		0		1	5	925	0	0.0	0	0.0	305	33.0
TLE1	ENST00000376499	20	0		2	13,14	3	13,14,15	2713	0	0.0	308	11.4	578	21.3
TLE6	ENST00000246112	16	0		0		0		2039	0	0.0	0	0.0	0	0.0
TLK2	ENST00000346027	21	0		0		3	11,18,20	2673	0	0.0	0	0.0	479	17.9
TLL1	ENST00000061240	21	0		0		1	19	3462	0	0.0	0	0.0	234	6.8
TLN1	ENST00000314888	56	2	25,51	3	13,25,51	4	13,22,25,51	8746	275	3.1	476	5.4	613	7.0
TLN2	ENST00000636159	56	0		1	48	4	6,18,36,48	8749	0	0.0	204	2.3	747	8.5
TLR1	ENST00000308979	1	0		0		0		2381	0	0.0	0	0.0	0	0.0
TLR2	ENST00000642700	1	0		0		1	3	2375	0	0.0	0	0.0	2375	100.0
TLR3	ENST00000296795	4	0		0		0		2795	0	0.0	0	0.0	0	0.0
TLR4	ENST00000355622	3	0		0		1	3	2580	0	0.0	0	0.0	2280	88.4
TLR5	ENST00000642603	1	0		0		0		2597	0	0.0	0	0.0	0	0.0
TLR7	ENST00000380659	2	0		0		1	3	3190	0	0.0	0	0.0	3167	99.3
TLR8	ENST00000218032	2	0		0		2	1,2	3166	0	0.0	0	0.0	3166	100.0
TM2D3	ENST00000333202	6	0		0		0		864	0	0.0	0	0.0	0	0.0
TM4SF1	ENST00000305366	5	0		0		1	1	709	0	0.0	0	0.0	197	27.8
TM4SF20	ENST00000304568	4	0		1	4	2	1,4	770	0	0.0	309	40.1	512	66.5
TM4SF4	ENST00000305354	5	0		0		1	4	709	0	0.0	0	0.0	210	29.6
TM6SF2	ENST00000389363	10	0		0		0		1334	0	0.0	0	0.0	0	0.0
TM9SF4	ENST00000398022	18	0		0		0		2289	0	0.0	0	0.0	0	0.0
TMC1	ENST00000297784	20	0		0		0		2683	0	0.0	0	0.0	0	0.0
TMC6	ENST00000590602	19	0		0		0		2798	0	0.0	0	0.0	0	0.0
TMC7	ENST00000304381	16	0		1	1	4	1,8,12,16	2492	0	0.0	87	3.5	574	23.0
TMC8	ENST00000318430	15	0		0		1	16	2481	0	0.0	0	0.0	299	12.1
TMCO1	ENST00000367881	7	0		0		0		707	0	0.0	0	0.0	0	0.0
TMED7	ENST00000456936	3	0		2	1,2	2	1,2	735	0	0.0	478	65.0	478	65.0
TMEFF1	ENST00000374879	10	0		1	6	3	1,6,9	1343	0	0.0	169	12.6	564	42.0
TMEM106B	ENST00000396668	7	0		0		2	5,8	965	0	0.0	0	0.0	320	33.2
TMEM107	ENST00000437139	5	0		0		0		523	0	0.0	0	0.0	0	0.0
TMEM114	ENST00000620492	4	2	1,2	3	1,2,4	3	1,2,4	752	341	45.3	594	79.0	594	79.0
TMEM126A	ENST00000304511	4	0		0		0		668	0	0.0	0	0.0	0	0.0
TMEM126B	ENST00000358867	5	0		1	5	2	1,5	793	0	0.0	204	25.7	305	38.5
TMEM127	ENST00000258439	3	0		1	2	1	2	777	0	0.0	264	34.0	264	34.0
TMEM132B	ENST00000682704	9	1	1	1	1	3	1,2,9	3432	87	2.5	87	2.5	2165	63.1
TMEM132D	ENST00000422113	9	0		0		3	6,7,9	3480	0	0.0	0	0.0	1725	49.6
TMEM132E	ENST00000631683	9	1	2	1	2	3	2,8,9	3405	951	27.9	951	27.9	2239	65.8
TMEM135	ENST00000305494	15	0		0		0		1677	0	0.0	0	0.0	0	0.0
TMEM138	ENST00000278826	4	0		0		0		569	0	0.0	0	0.0	0	0.0
TMEM139	ENST00000359333	2	0		1	3	1	3	691	0	0.0	426	61.6	426	61.6
TMEM147	ENST00000222284	7	0		0		0		815	0	0.0	0	0.0	0	0.0
TMEM151A	ENST00000327259	2	0		0		1	2	1447	0	0.0	0	0.0	1352	93.4
TMEM161B	ENST00000296595	12	1	1	2	1,12	7	1,2,3,5,9,10,12	1704	23	1.3	321	18.8	1055	61.9
TMEM163	ENST00000281924	8	1	1	1	1	1	1	1030	222	21.6	222	21.6	222	21.6
TMEM165	ENST00000381334	6	0		1	1	3	1,3,4	1095	0	0.0	227	20.7	626	57.2
TMEM167A	ENST00000502346	4	0		0		0		299	0	0.0	0	0.0	0	0.0
TMEM216	ENST00000515837	5	0		1	5	1	5	538	0	0.0	27	5.0	27	5.0
TMEM218	ENST00000682305	3	0		1	3	1	3	408	0	0.0	130	31.9	130	31.9
TMEM222	ENST00000374076	6	1	5	2	1,5	2	1,5	747	151	20.2	365	48.9	365	48.9
TMEM229B	ENST00000554480	1	0		0		0		524	0	0.0	0	0.0	0	0.0
TMEM230	ENST00000202834	3	0		0		0		423	0	0.0	0	0.0	0	0.0
TMEM231	ENST00000258173	7	0		0		1	1	1091	0	0.0	0	0.0	159	14.6
TMEM237	ENST00000409883	13	1	11	1	11	2	9,11	1487	114	7.7	114	7.7	326	21.9
TMEM240	ENST00000378733	4	1	1	1	1	1	1	602	77	12.8	77	12.8	77	12.8
TMEM260	ENST00000261556	16	1	1	1	1	7	1,3,5,10,11,13,16	2444	180	7.4	180	7.4	1340	54.8
TMEM38B	ENST00000374692	6	0		0		2	3,6	996	0	0.0	0	0.0	441	44.3
TMEM43	ENST00000306077	12	0		0		0		1443	0	0.0	0	0.0	0	0.0
TMEM45A	ENST00000323523	5	0		0		2	2,5	928	0	0.0	0	0.0	376	40.5
TMEM53	ENST00000372237	3	0		0		0		894	0	0.0	0	0.0	0	0.0
TMEM61	ENST00000371268	3	0		0		1	2	693	0	0.0	0	0.0	370	53.4
TMEM63A	ENST00000366835	22	0		0		0		2864	0	0.0	0	0.0	0	0.0
TMEM63B	ENST00000323267	23	0		0		1	21	2959	0	0.0	0	0.0	188	6.4
TMEM63C	ENST00000298351	22	0		0		2	3,24	2861	0	0.0	0	0.0	391	13.7
TMEM65	ENST00000297632	7	1	1	1	1	1	1	863	324	37.5	324	37.5	324	37.5
TMEM67	ENST00000453321	28	0		0		0		3548	0	0.0	0	0.0	0	0.0
TMEM68	ENST00000434581	6	0		1	3	3	3,4,7	1095	0	0.0	345	31.5	693	63.3
TMEM70	ENST00000312184	3	0		0		0		843	0	0.0	0	0.0	0	0.0
TMEM92	ENST00000507382	5	0		0		0		580	0	0.0	0	0.0	0	0.0
TMEM94	ENST00000314256	31	0		1	12	7	4,6,7,12,20,29,30	4691	0	0.0	125	2.7	1056	22.5
TMEM98	ENST00000579849	6	0		0		0		801	0	0.0	0	0.0	0	0.0
TMIE	ENST00000643606	4	0		1	1	1	1	551	0	0.0	113	20.5	113	20.5
TMLHE	ENST00000334398	7	0		3	3,4,6	5	2,3,4,5,6	1406	0	0.0	754	53.6	1095	77.9
TMOD1	ENST00000259365	9	0		0		0		1260	0	0.0	0	0.0	0	0.0
TMPO	ENST00000556029	9	0		1	1	1	1	1545	0	0.0	299	19.4	299	19.4
TMPRSS15	ENST00000284885	25	0		0		0		3560	0	0.0	0	0.0	0	0.0
TMPRSS3	ENST00000644384	12	0		0		0		1602	0	0.0	0	0.0	0	0.0
TMPRSS4	ENST00000437212	13	0		0		2	3,9	1574	0	0.0	0	0.0	321	20.4
TMPRSS5	ENST00000299882	13	0		0		3	2,8,12	1634	0	0.0	0	0.0	479	29.3
TMPRSS6	ENST00000676104	17	0		0		0		2749	0	0.0	0	0.0	0	0.0
TMPRSS7	ENST00000452346	18	0		2	15,18	5	5,10,15,16,18	2892	0	0.0	383	13.2	1013	35.0
TMPRSS9	ENST00000696167	18	0		3	11,16,17	6	8,9,11,15,16,17	3642	0	0.0	814	22.4	1715	47.1
TMTC2	ENST00000321196	12	1	8	1	8	4	2,3,5,8	2751	142	5.2	142	5.2	1688	61.4
TMTC3	ENST00000266712	13	0		2	8,14	10	2,3,5,6,7,8,10,12,13,14	3005	0	0.0	1001	33.3	2620	87.2
TMTC4	ENST00000342624	18	0		0		1	11	2643	0	0.0	0	0.0	192	7.3
TMX2	ENST00000278422	8	0		0		0		1051	0	0.0	0	0.0	0	0.0
TNC	ENST00000350763	27	0		4	2,14,16,24	12	2,7,8,11,12,13,14,15,16,17,24,27	7146	0	0.0	1235	17.3	3380	47.3
TNF	ENST00000449264	4	4	1,2,3,4	4	1,2,3,4	4	1,2,3,4	782	782	100.0	782	100.0	782	100.0
TNFAIP3	ENST00000612899	8	1	7	2	7,9	5	2,3,6,7,9	2533	940	37.1	1245	49.2	1972	77.9
TNFRSF10B	ENST00000276431	9	0		0		0		1503	0	0.0	0	0.0	0	0.0
TNFRSF11A	ENST00000586569	10	1	1	2	1,10	2	1,10	2051	95	4.6	399	19.5	399	19.5
TNFRSF11B	ENST00000297350	5	0		0		0		1306	0	0.0	0	0.0	0	0.0
TNFRSF13B	ENST00000261652	5	0		0		0		982	0	0.0	0	0.0	0	0.0
TNFRSF13C	ENST00000291232	3	0		2	1,2	2	1,2	615	0	0.0	407	66.2	407	66.2
TNFRSF1A	ENST00000162749	10	0		1	10	1	10	1568	0	0.0	331	21.1	331	21.1
TNFRSF21	ENST00000296861	6	0		2	3,5	3	1,3,5	2088	0	0.0	764	36.6	880	42.1
TNFRSF4	ENST00000379236	7	0		0		1	4	974	0	0.0	0	0.0	87	8.9
TNFRSF9	ENST00000377507	7	0		0		0		908	0	0.0	0	0.0	0	0.0
TNFSF11	ENST00000398795	5	0		0		0		1054	0	0.0	0	0.0	0	0.0
TNFSF12	ENST00000293825	7	1	1	1	1	2	1,7	890	179	20.1	179	20.1	451	50.7
TNFSF13	ENST00000338784	6	0		0		1	1	873	0	0.0	0	0.0	278	31.8
TNFSF4	ENST00000281834	3	0		1	3	1	3	612	0	0.0	370	60.5	370	60.5
TNFSF9	ENST00000245817	3	0		0		1	1	825	0	0.0	0	0.0	287	34.8
TNIK	ENST00000436636	33	1	1	1	1	11	1,10,16,17,18,20,23,26,28,30,31	4743	77	1.6	77	1.6	1809	38.1
TNIP1	ENST00000521591	17	0		0		0		2251	0	0.0	0	0.0	0	0.0
TNIP2	ENST00000315423	6	1	1	2	1,4	3	1,4,6	1410	296	21.0	565	40.1	849	60.2
TNIP3	ENST00000057513	11	0		0		0		1198	0	0.0	0	0.0	0	0.0
TNK2	ENST00000672887	15	1	11	1	11	3	4,6,11	3468	112	3.2	112	3.2	652	18.8
TNNC1	ENST00000232975	6	0		0		0		606	0	0.0	0	0.0	0	0.0
TNNC2	ENST00000372555	6	0		0		0		603	0	0.0	0	0.0	0	0.0
TNNI1	ENST00000361379	7	0		0		1	7	704	0	0.0	0	0.0	197	28.0
TNNI2	ENST00000381911	7	0		0		1	3	689	0	0.0	0	0.0	27	3.9
TNNI3	ENST00000344887	8	0		0		0		793	0	0.0	0	0.0	0	0.0
TNNI3K	ENST00000326637	25	0		1	11	4	11,12,17,20	3008	0	0.0	170	5.7	555	18.5
TNNT1	ENST00000588981	13	0		0		0		1097	0	0.0	0	0.0	0	0.0
TNNT2	ENST00000656932	16	0		0		0		1217	0	0.0	0	0.0	0	0.0
TNNT3	ENST00000278317	15	0		0		0		1077	0	0.0	0	0.0	0	0.0
TNPO1	ENST00000337273	24	1	19	1	19	7	4,12,13,14,19,20,22	3177	119	3.7	119	3.7	1136	35.8
TNPO2	ENST00000425528	23	0		0		1	16	3154	0	0.0	0	0.0	107	3.4
TNPO3	ENST00000265388	22	0		1	2	7	2,4,6,12,13,19,20	3212	0	0.0	221	6.9	1283	39.9
TNR	ENST00000367674	21	0		1	8	6	8,9,11,12,21,22	4497	0	0.0	290	6.4	1436	31.9
TNRC6A	ENST00000395799	25	0		2	1,25	7	1,5,7,8,18,20,25	6389	0	0.0	421	6.6	1573	24.6
TNRC6B	ENST00000454349	23	2	4,15	3	4,15,17	7	4,5,7,10,13,15,17	5962	566	9.5	763	12.8	3649	61.2
TNS1	ENST00000682258	33	0		2	19,23	6	2,19,20,22,23,24	6180	0	0.0	1817	29.4	3372	54.6
TNS2	ENST00000314250	29	0		2	18,26	4	9,18,20,26	4810	0	0.0	1421	29.5	2174	45.2
TNXB	ENST00000644971	43	30	2,3,5,6,7,8,9,10,11,12,13,14,15,16,17,18,19,20,21,22,23,24,25,26,27,28,29,30,31,32	37	2,3,4,5,6,7,8,9,10,11,12,13,14,15,16,17,18,19,20,21,22,23,24,25,26,27,28,29,30,31,32,33,34,35,37,39,43	43	2,3,4,5,6,7,8,9,10,11,12,13,14,15,16,17,18,19,20,21,22,23,24,25,26,27,28,29,30,31,32,33,34,35,36,37,38,39,40,41,42,43,44	13595	11411	83.9	12711	93.5	13595	100.0
TOB2	ENST00000327492	1	0		0		0		1055	0	0.0	0	0.0	0	0.0
TOE1	ENST00000372090	8	0		0		0		1693	0	0.0	0	0.0	0	0.0
TOGARAM1	ENST00000361462	20	2	8,16	4	4,5,8,16	15	2,3,4,5,6,8,10,11,13,14,15,16,17,18,20	5722	249	4.4	855	14.9	3106	54.3
TOGARAM2	ENST00000379558	19	2	14,16	3	6,14,16	5	4,6,14,16,20	3440	294	8.5	505	14.7	1171	34.0
TOM1	ENST00000449058	15	0		1	15	3	2,6,15	1779	0	0.0	175	9.8	447	25.1
TOM1L2	ENST00000379504	15	0		0		2	10,15	1824	0	0.0	0	0.0	313	17.2
TOMM7	ENST00000358435	3	0		0		0		228	0	0.0	0	0.0	0	0.0
TOMM70	ENST00000284320	12	0		1	9	3	5,9,12	2067	0	0.0	137	6.6	480	23.2
TONSL	ENST00000409379	26	0		3	2,17,21	7	2,6,17,19,21,23,26	4657	0	0.0	1219	26.2	1995	42.8
TOP1	ENST00000361337	21	1	2	1	2	3	2,12,15	2718	45	1.7	45	1.7	459	16.9
TOP1MT	ENST00000329245	14	1	12	1	12	2	2,12	2086	115	5.5	115	5.5	251	12.0
TOP2A	ENST00000423485	35	1	22	2	7,22	6	7,8,12,22,24,33	5296	155	2.9	388	7.3	1131	21.4
TOP2B	ENST00000264331	36	1	7	7	2,5,7,12,22,26,36	17	2,5,7,8,11,12,13,14,15,21,22,24,26,28,30,31,36	5601	233	4.2	1290	23.0	3136	56.0
TOP3A	ENST00000321105	19	1	18	2	11,18	2	11,18	3386	703	20.8	931	27.5	931	27.5
TOP3B	ENST00000357179	17	0		1	15	1	15	2929	0	0.0	170	5.8	170	5.8
TOP6BL	ENST00000540737	14	0		0		2	7,14	1816	0	0.0	0	0.0	457	25.2
TOPBP1	ENST00000260810	27	0		4	6,7,11,12	18	3,4,5,6,7,8,9,11,12,14,17,19,20,21,22,23,24,28	5109	0	0.0	974	19.1	3561	69.7
TOPORS	ENST00000360538	3	0		0		0		3198	0	0.0	0	0.0	0	0.0
TOR1A	ENST00000351698	5	0		0		0		1099	0	0.0	0	0.0	0	0.0
TOR1AIP1	ENST00000606911	10	0		1	1	3	1,6,10	1952	0	0.0	495	25.4	1380	70.7
TOR1AIP2	ENST00000609928	4	1	7	2	5,7	2	5,7	1493	778	52.1	1317	88.2	1317	88.2
TP53	ENST00000269305	10	0		0		0		1382	0	0.0	0	0.0	0	0.0
TP53INP1	ENST00000342697	3	0		0		1	3	783	0	0.0	0	0.0	381	48.7
TP53RK	ENST00000372114	2	0		1	1	2	1,2	802	0	0.0	303	37.8	802	100.0
TP53TG5	ENST00000372726	5	0		0		0		973	0	0.0	0	0.0	0	0.0
TP63	ENST00000264731	14	0		0		0		2323	0	0.0	0	0.0	0	0.0
TP63	ENST00000354600	12	0		0		0		2001	0	0.0	0	0.0	0	0.0
TP73	ENST00000378295	13	0		1	11	3	3,11,14	2171	0	0.0	169	7.8	663	30.5
TPCN2	ENST00000294309	25	1	1	1	1	2	1,11	2759	129	4.7	129	4.7	250	9.1
TPH2	ENST00000333850	11	0		0		0		1693	0	0.0	0	0.0	0	0.0
TPI1	ENST00000396705	7	0		0		0		890	0	0.0	0	0.0	0	0.0
TPK1	ENST00000360057	8	0		1	9	1	9	892	0	0.0	139	15.6	139	15.6
TPM1	ENST00000403994	10	0		0		0		1055	0	0.0	0	0.0	0	0.0
TPM2	ENST00000645482	9	0		0		0		1035	0	0.0	0	0.0	0	0.0
TPM3	ENST00000651641	10	0		0		0		1058	0	0.0	0	0.0	0	0.0
TPM4	ENST00000643579	8	0		1	1	1	1	907	0	0.0	152	16.8	152	16.8
TPMT	ENST00000309983	8	0		0		0		898	0	0.0	0	0.0	0	0.0
TPO	ENST00000329066	16	0		0		3	6,8,13	3122	0	0.0	0	0.0	880	28.2
TPP1	ENST00000299427	13	0		0		0		1952	0	0.0	0	0.0	0	0.0
TPP2	ENST00000376052	30	1	18	5	1,5,18,21,29	16	1,5,6,7,9,11,13,14,16,17,18,21,22,23,26,29	4389	137	3.1	765	17.4	2591	59.0
TPR	ENST00000367478	51	0		2	13,31	12	13,18,20,21,23,26,30,31,32,37,42,43	8112	0	0.0	359	4.4	2191	27.0
TPRKB	ENST00000272424	4	0		0		2	4,5	608	0	0.0	0	0.0	304	50.0
TPRN	ENST00000409012	4	1	1	1	1	1	1	2216	1745	78.7	1745	78.7	1745	78.7
TPTE2	ENST00000697147	20	0		1	9	5	9,11,15,18,21	1969	0	0.0	182	9.2	618	31.4
TRA2B	ENST00000453386	9	1	9	2	7,9	4	3,4,7,9	1047	31	3.0	111	10.6	503	48.0
TRAF3	ENST00000392745	10	0		0		0		1907	0	0.0	0	0.0	0	0.0
TRAF3IP2	ENST00000368761	8	1	2	2	2,3	2	2,3	1858	849	45.7	1062	57.2	1062	57.2
TRAF5	ENST00000261464	10	0		1	11	4	2,9,10,11	1874	0	0.0	595	31.8	1183	63.1
TRAF6	ENST00000526995	6	0		0		3	2,3,7	1689	0	0.0	0	0.0	1320	78.2
TRAF7	ENST00000326181	20	0		0		0		2413	0	0.0	0	0.0	0	0.0
TRAIP	ENST00000331456	15	0		2	11,14	2	11,14	1710	0	0.0	244	14.3	244	14.3
TRAK1	ENST00000327628	16	0		1	16	2	2,16	3182	0	0.0	816	25.6	1031	32.4
TRANK1	ENST00000645898	24	3	2,4,13	3	2,4,13	10	2,4,7,9,10,11,12,13,14,17	9390	3220	34.3	3220	34.3	4621	49.2
TRAP1	ENST00000246957	18	1	1	1	1	1	1	2475	108	4.4	108	4.4	108	4.4
TRAPPC10	ENST00000291574	23	1	19	3	19,21,22	7	1,4,12,19,21,22,23	4240	147	3.5	560	13.2	1284	30.3
TRAPPC11	ENST00000334690	29	0		0		5	3,9,19,20,21	3982	0	0.0	0	0.0	897	22.5
TRAPPC12	ENST00000324266	11	0		0		7	3,4,5,6,9,10,12	2428	0	0.0	0	0.0	1066	43.9
TRAPPC14	ENST00000316937	11	0		2	1,11	3	1,10,11	1963	0	0.0	605	30.8	819	41.7
TRAPPC2	ENST00000380579	4	0		0		2	3,6	503	0	0.0	0	0.0	232	46.1
TRAPPC2L	ENST00000696289	5	0		0		1	4	520	0	0.0	0	0.0	100	19.2
TRAPPC4	ENST00000533632	5	0		0		0		760	0	0.0	0	0.0	0	0.0
TRAPPC6A	ENST00000585934	6	0		0		0		600	0	0.0	0	0.0	0	0.0
TRAPPC6B	ENST00000330149	6	0		0		2	3,5	597	0	0.0	0	0.0	252	42.2
TRAPPC9	ENST00000438773	22	0		0		0		3887	0	0.0	0	0.0	0	0.0
TRDN	ENST00000334268	41	0		0		2	9,28	3010	0	0.0	0	0.0	127	4.2
TRDN	ENST00000546248	8	0		1	3	2	3,7	1021	0	0.0	179	17.5	259	25.4
TREH	ENST00000264029	15	1	15	3	1,12,15	3	1,12,15	2052	173	8.4	414	20.2	414	20.2
TREM2	ENST00000373113	5	0		0		0		793	0	0.0	0	0.0	0	0.0
TRERF1	ENST00000695948	14	0		2	9,16	4	5,8,9,16	3919	0	0.0	632	16.1	2358	60.2
TREX1	ENST00000625293	1	0		0		0		965	0	0.0	0	0.0	0	0.0
TRH	ENST00000302649	2	1	3	1	3	1	3	769	538	70.0	538	70.0	538	70.0
TRHDE	ENST00000261180	19	0		4	1,3,9,16	8	1,2,3,9,11,16,17,19	3590	0	0.0	1477	41.1	2250	62.7
TRHR	ENST00000518632	2	0		0		0		1237	0	0.0	0	0.0	0	0.0
TRIB1	ENST00000311922	3	1	1	1	1	2	1,3	1179	380	32.2	380	32.2	866	73.5
TRIB3	ENST00000217233	3	0		0		1	2	1137	0	0.0	0	0.0	311	27.4
TRIM2	ENST00000338700	12	1	2	2	2,4	4	2,4,11,12	2556	205	8.0	377	14.7	711	27.8
TRIM22	ENST00000379965	7	0		1	2	2	2,8	1637	0	0.0	443	27.1	1059	64.7
TRIM23	ENST00000231524	11	0		1	4	4	2,4,5,11	1945	0	0.0	299	15.4	885	45.5
TRIM24	ENST00000343526	19	1	1	4	1,6,12,15	10	1,6,9,10,11,12,14,15,18,19	3533	384	10.9	1024	29.0	2290	64.8
TRIM28	ENST00000253024	17	1	1	1	1	1	1	2848	360	12.6	360	12.6	360	12.6
TRIM29	ENST00000341846	9	0		0		2	3,4	1947	0	0.0	0	0.0	473	24.3
TRIM3	ENST00000345851	11	0		1	6	1	6	2455	0	0.0	753	30.7	753	30.7
TRIM32	ENST00000450136	1	0		0		0		1982	0	0.0	0	0.0	0	0.0
TRIM33	ENST00000358465	20	1	1	2	1,2	8	1,2,4,5,7,9,10,15	3784	546	14.4	685	18.1	1992	52.6
TRIM36	ENST00000513154	10	0		2	8,10	7	1,2,3,7,8,9,10	2351	0	0.0	683	29.1	1794	76.3
TRIM37	ENST00000262294	24	0		0		1	6	3375	0	0.0	0	0.0	143	4.2
TRIM44	ENST00000299413	5	0		0		1	1	1135	0	0.0	0	0.0	689	60.7
TRIM47	ENST00000254816	6	1	1	1	1	2	1,6	2037	695	34.1	695	34.1	1356	66.6
TRIM50	ENST00000333149	6	0		0		1	7	1584	0	0.0	0	0.0	610	38.5
TRIM54	ENST00000380075	8	0		0		0		1237	0	0.0	0	0.0	0	0.0
TRIM63	ENST00000374272	9	0		0		1	2	1242	0	0.0	0	0.0	193	15.5
TRIM66	ENST00000646038	21	0		1	16	4	7,16,19,23	4599	0	0.0	536	11.7	1028	22.4
TRIM69	ENST00000329464	7	1	7	3	2,6,7	7	1,2,3,4,5,6,7	1643	562	34.2	1204	73.3	1643	100.0
TRIM71	ENST00000383763	4	1	1	1	1	3	1,2,4	2687	872	32.5	872	32.5	2532	94.2
TRIM8	ENST00000643721	6	0		1	6	1	6	1776	0	0.0	628	35.4	628	35.4
TRIO	ENST00000344204	57	3	1,48,50	3	1,48,50	11	1,4,8,22,30,36,38,46,48,50,57	10434	1153	11.1	1153	11.1	3079	29.5
TRIOBP	ENST00000644935	21	0		0		0		7518	0	0.0	0	0.0	0	0.0
TRIP11	ENST00000267622	21	0		0		0		6360	0	0.0	0	0.0	0	0.0
TRIP12	ENST00000675903	41	1	30	2	30,42	20	3,4,8,9,13,15,17,18,19,20,23,25,27,30,31,33,36,38,39,42	7024	148	2.1	365	5.2	4169	59.4
TRIP13	ENST00000166345	13	0		0		1	2	1559	0	0.0	0	0.0	186	11.9
TRIP4	ENST00000261884	13	0		0		3	2,9,12	2006	0	0.0	0	0.0	521	26.0
TRIT1	ENST00000316891	11	0		0		1	11	1624	0	0.0	0	0.0	190	11.7
TRMT1	ENST00000357720	16	0		0		1	17	2300	0	0.0	0	0.0	167	7.3
TRMT10A	ENST00000394876	7	0		0		4	2,3,6,8	1160	0	0.0	0	0.0	847	73.0
TRMT10C	ENST00000309922	1	0		0		1	2	1232	0	0.0	0	0.0	1232	100.0
TRMT44	ENST00000389737	11	0		0		3	1,5,9	2494	0	0.0	0	0.0	1220	48.9
TRMT5	ENST00000261249	5	0		1	2	2	2,3	1630	0	0.0	676	41.5	821	50.4
TRMU	ENST00000645190	11	0		0		0		1486	0	0.0	0	0.0	0	0.0
TRNT1	ENST00000251607	7	0		1	3	5	2,3,6,7,8	1445	0	0.0	214	14.8	1139	78.8
TRPA1	ENST00000262209	27	0		0		1	10	3900	0	0.0	0	0.0	121	3.1
TRPC3	ENST00000379645	12	1	1	2	1,7	5	1,3,7,8,9	3006	235	7.8	520	17.3	1175	39.1
TRPC4AP	ENST00000252015	19	0		0		1	1	2774	0	0.0	0	0.0	188	6.8
TRPC5	ENST00000262839	10	0		7	2,3,4,6,7,8,11	9	2,3,4,5,6,7,8,10,11	3122	0	0.0	2790	89.4	3060	98.0
TRPC6	ENST00000344327	13	0		0		1	2	3056	0	0.0	0	0.0	795	26.0
TRPM1	ENST00000256552	27	4	3,4,12,19	6	3,4,12,13,19,28	9	3,4,5,6,12,13,19,24,28	5418	653	12.1	2077	38.3	2497	46.1
TRPM3	ENST00000677713	26	0		1	8	7	2,6,7,8,16,18,26	5680	0	0.0	144	2.5	2602	45.8
TRPM4	ENST00000252826	25	0		0		0		4145	0	0.0	0	0.0	0	0.0
TRPM6	ENST00000360774	39	0		0		1	26	6849	0	0.0	0	0.0	1156	16.9
TRPM7	ENST00000646667	39	2	10,19	6	8,10,18,19,21,22	19	7,8,9,10,11,12,14,15,16,18,19,20,21,22,23,24,26,34,36	6378	257	4.0	1122	17.6	4118	64.6
TRPS1	ENST00000395715	6	0		0		1	7	4005	0	0.0	0	0.0	1082	27.0
TRPV1	ENST00000572705	15	0		0		2	3,4	2820	0	0.0	0	0.0	491	17.4
TRPV3	ENST00000576742	17	2	7,16	2	7,16	4	6,7,15,16	2713	294	10.8	294	10.8	786	29.0
TRPV4	ENST00000261740	15	0		0		2	6,7	2916	0	0.0	0	0.0	519	17.8
TRPV5	ENST00000265310	15	0		6	4,6,7,11,13,15	14	1,2,3,4,5,6,7,8,9,11,12,13,14,15	2490	0	0.0	1311	52.7	2393	96.1
TRPV6	ENST00000359396	15	1	1	6	1,6,7,11,13,15	8	1,2,6,7,8,11,13,15	2598	268	10.3	1409	54.2	1760	67.7
TRRAP	ENST00000456197	72	3	9,36,54	4	9,36,50,54	15	4,9,15,17,18,26,30,36,38,39,50,54,55,70,73	13062	423	3.2	565	4.3	3165	24.2
TSBP1	ENST00000533191	26	25	1,2,3,4,5,6,7,8,9,10,11,12,13,14,15,17,18,19,20,21,22,23,24,25,26	26	1,2,3,4,5,6,7,8,9,10,11,12,13,14,15,16,17,18,19,20,21,22,23,24,25,26	26	1,2,3,4,5,6,7,8,9,10,11,12,13,14,15,16,17,18,19,20,21,22,23,24,25,26	2206	2165	98.1	2206	100.0	2206	100.0
TSC1	ENST00000298552	21	0		0		0		3915	0	0.0	0	0.0	0	0.0
TSC2	ENST00000219476	41	0		0		0		6244	0	0.0	0	0.0	0	0.0
TSEN15	ENST00000645668	5	0		1	1	4	1,2,3,4	616	0	0.0	155	25.2	575	93.3
TSEN2	ENST00000284995	11	0		1	5	1	5	1618	0	0.0	543	33.6	543	33.6
TSEN34	ENST00000396388	4	3	1,2,3	4	1,2,3,4	4	1,2,3,4	1013	805	79.5	1013	100.0	1013	100.0
TSEN54	ENST00000333213	11	1	1	1	1	1	1	1801	76	4.2	76	4.2	76	4.2
TSFM	ENST00000652027	6	1	6	1	6	1	6	1098	427	38.9	427	38.9	427	38.9
TSG101	ENST00000251968	10	1	5	1	5	2	5,9	1373	144	10.5	144	10.5	404	29.4
TSGA10	ENST00000393483	16	0		1	16	3	14,16,17	2417	0	0.0	206	8.5	625	25.9
TSHB	ENST00000256592	2	0		0		0		457	0	0.0	0	0.0	0	0.0
TSHR	ENST00000298171	10	0		0		1	10	2495	0	0.0	0	0.0	1434	57.5
TSHZ1	ENST00000580243	2	2	1,2	2	1,2	2	1,2	3274	3274	100.0	3274	100.0	3274	100.0
TSHZ3	ENST00000240587	2	0		0		0		3286	0	0.0	0	0.0	0	0.0
TSLP	ENST00000344895	4	0		0		0		560	0	0.0	0	0.0	0	0.0
TSNARE1	ENST00000524325	12	1	9	3	3,4,9	3	3,4,9	1782	77	4.3	774	43.4	774	43.4
TSPAN12	ENST00000222747	7	0		0		0		1058	0	0.0	0	0.0	0	0.0
TSPAN18	ENST00000520358	7	0		0		1	5	887	0	0.0	0	0.0	215	24.2
TSPAN2	ENST00000369516	8	0		0		0		826	0	0.0	0	0.0	0	0.0
TSPAN4	ENST00000397397	7	0		1	7	1	7	857	0	0.0	152	17.7	152	17.7
TSPAN5	ENST00000305798	8	0		0		0		967	0	0.0	0	0.0	0	0.0
TSPAN7	ENST00000378482	7	0		0		1	1	890	0	0.0	0	0.0	101	11.3
TSPEAR	ENST00000323084	12	1	1	2	1,2	3	1,2,5	2250	102	4.5	343	15.2	520	23.1
TSPOAP1	ENST00000343736	31	0		1	5	7	5,13,17,18,19,22,28	6194	0	0.0	212	3.4	2842	45.9
TSPYL1	ENST00000368608	1	0		0		0		1334	0	0.0	0	0.0	0	0.0
TSR1	ENST00000301364	15	0		2	5,7	4	5,7,9,15	2715	0	0.0	629	23.2	1011	37.2
TSR2	ENST00000375151	5	0		1	1	2	1,4	676	0	0.0	101	14.9	298	44.1
TSSC4	ENST00000333256	1	0		0		0		1010	0	0.0	0	0.0	0	0.0
TTBK2	ENST00000267890	14	0		0		1	14	4015	0	0.0	0	0.0	1294	32.2
TTC12	ENST00000529221	21	0		0		3	3,10,13	2538	0	0.0	0	0.0	582	22.9
TTC19	ENST00000261647	10	1	1	1	1	2	1,2	1343	204	15.2	204	15.2	352	26.2
TTC21A	ENST00000683103	29	0		0		1	9	4522	0	0.0	0	0.0	213	4.7
TTC21B	ENST00000243344	29	0		0		0		4531	0	0.0	0	0.0	0	0.0
TTC28	ENST00000397906	23	1	1	3	1,2,23	11	1,2,4,6,7,8,12,14,17,18,23	7906	122	1.5	2072	26.2	5547	70.2
TTC29	ENST00000325106	11	0		0		3	6,8,11	1648	0	0.0	0	0.0	561	34.0
TTC3	ENST00000418766	45	2	15,16	2	15,16	14	4,8,9,12,15,16,20,21,27,28,32,33,35,36	6978	165	2.4	165	2.4	3234	46.3
TTC39A	ENST00000680483	18	1	1	1	1	1	1	2094	61	2.9	61	2.9	61	2.9
TTC5	ENST00000258821	10	0		1	3	2	3,9	1523	0	0.0	232	15.2	397	26.1
TTC7A	ENST00000319190	20	0		0		2	3,19	2977	0	0.0	0	0.0	412	13.8
TTC8	ENST00000380656	15	0		0		0		1848	0	0.0	0	0.0	0	0.0
TTC9	ENST00000256367	3	1	1	1	1	2	1,2	729	426	58.4	426	58.4	629	86.3
TTF1	ENST00000334270	10	0		1	3	2	3,4	2918	0	0.0	244	8.4	450	15.4
TTF2	ENST00000369466	23	0		0		2	5,7	3949	0	0.0	0	0.0	1213	30.7
TTI1	ENST00000373447	7	0		1	2	2	2,8	3410	0	0.0	2322	68.1	2526	74.1
TTI2	ENST00000431156	7	0		0		0		1667	0	0.0	0	0.0	0	0.0
TTL	ENST00000233336	7	0		0		1	5	1274	0	0.0	0	0.0	290	22.8
TTLL5	ENST00000298832	31	0		2	20,28	7	12,20,26,27,28,29,30	4466	0	0.0	502	11.2	1693	37.9
TTLL9	ENST00000535842	14	1	4	3	3,4,14	3	3,4,14	1600	113	7.1	322	20.1	322	20.1
TTN	ENST00000589042	362	10	45,114,147,149,164,248,273,338,357,360	87	7,45,46,49,50,51,52,53,54,55,56,57,59,60,61,62,64,65,67,68,69,70,71,72,74,76,77,78,79,80,81,82,83,84,87,88,90,91,92,93,96,97,98,100,105,114,146,147,149,164,248,249,272,273,279,280,282,287,288,309,311,313,320,323,324,334,337,338,340,341,342,343,344,345,346,348,349,350,351,353,354,355,356,357,360,362,363	125	7,45,46,48,49,50,51,52,53,54,55,56,57,58,59,60,61,62,64,65,66,67,68,69,70,71,72,73,74,75,76,77,78,79,80,81,82,83,84,85,86,87,88,89,90,91,92,93,94,95,96,97,98,99,100,101,102,103,105,106,107,114,120,146,147,149,164,199,215,225,226,236,240,248,249,261,263,272,273,274,275,279,280,282,287,288,289,296,305,306,309,311,312,313,314,316,320,323,324,333,334,335,337,338,340,341,342,343,344,345,346,347,348,349,350,351,352,353,354,355,356,357,360,362,363	115216	3593	3.1	28849	25.0	44014	38.2
TTPA	ENST00000260116	5	1	1	1	1	1	1	937	224	23.9	224	23.9	224	23.9
TTR	ENST00000237014	4	0		0		0		524	0	0.0	0	0.0	0	0.0
TUB	ENST00000299506	12	0		1	3	4	1,3,4,5	1761	0	0.0	183	10.4	593	33.7
TUBA1A	ENST00000301071	4	0		0		0		1436	0	0.0	0	0.0	0	0.0
TUBA1C	ENST00000301072	4	0		0		1	1	1430	0	0.0	0	0.0	23	1.6
TUBA3D	ENST00000321253	5	0		0		0		1453	0	0.0	0	0.0	0	0.0
TUBA3E	ENST00000312988	5	0		0		1	4	1453	0	0.0	0	0.0	701	48.2
TUBA4A	ENST00000248437	4	0		0		1	4	1427	0	0.0	0	0.0	992	69.5
TUBA8	ENST00000330423	5	0		0		0		1450	0	0.0	0	0.0	0	0.0
TUBAL3	ENST00000380419	4	0		0		1	3	1421	0	0.0	0	0.0	169	11.9
TUBB	ENST00000327892	4	4	1,2,3,4	4	1,2,3,4	4	1,2,3,4	1415	1415	100.0	1415	100.0	1415	100.0
TUBB1	ENST00000217133	4	0		0		0		1436	0	0.0	0	0.0	0	0.0
TUBB2A	ENST00000333628	4	0		0		1	1	1418	0	0.0	0	0.0	77	5.4
TUBB2B	ENST00000259818	4	0		0		0		1418	0	0.0	0	0.0	0	0.0
TUBB3	ENST00000315491	4	0		0		1	1	1433	0	0.0	0	0.0	77	5.4
TUBB4A	ENST00000264071	4	0		0		0		1415	0	0.0	0	0.0	0	0.0
TUBB4B	ENST00000340384	4	0		0		0		1418	0	0.0	0	0.0	0	0.0
TUBB6	ENST00000317702	4	0		0		2	1,4	1421	0	0.0	0	0.0	1161	81.7
TUBB8	ENST00000568584	4	0		0		0		1415	0	0.0	0	0.0	0	0.0
TUBG1	ENST00000251413	11	0		0		0		1576	0	0.0	0	0.0	0	0.0
TUBGCP2	ENST00000252936	17	0		1	12	3	5,12,13	3049	0	0.0	193	6.3	522	17.1
TUBGCP4	ENST00000564079	18	0		0		2	7,9	2361	0	0.0	0	0.0	367	15.5
TUBGCP5	ENST00000615383	23	1	1	13	1,3,5,6,9,10,12,13,14,15,16,18,22	19	1,3,4,5,6,9,10,11,12,13,14,15,16,18,19,20,21,22,23	3535	166	4.7	2250	63.6	3111	88.0
TUBGCP6	ENST00000248846	25	2	1,16	2	1,16	2	1,16	5960	2405	40.4	2405	40.4	2405	40.4
TUFM	ENST00000313511	10	0		0		0		1568	0	0.0	0	0.0	0	0.0
TUFT1	ENST00000368849	13	0		0		1	6	1433	0	0.0	0	0.0	86	6.0
TULP1	ENST00000229771	15	0		0		1	3	1929	0	0.0	0	0.0	111	5.8
TULP2	ENST00000221399	12	0		1	8	1	8	1803	0	0.0	332	18.4	332	18.4
TULP3	ENST00000448120	11	0		0		2	1,10	1549	0	0.0	0	0.0	253	16.3
TUSC3	ENST00000503731	10	0		0		0		1247	0	0.0	0	0.0	0	0.0
TUT1	ENST00000476907	9	0		2	3,9	3	3,5,9	2805	0	0.0	1507	53.7	1997	71.2
TWIST1	ENST00000242261	1	1	1	1	1	1	1	629	629	100.0	629	100.0	629	100.0
TWIST2	ENST00000612363	1	0		1	1	1	1	503	0	0.0	503	100.0	503	100.0
TWNK	ENST00000311916	5	0		0		0		2155	0	0.0	0	0.0	0	0.0
TWSG1	ENST00000262120	4	0		1	5	3	3,4,5	752	0	0.0	202	26.9	609	81.0
TXN2	ENST00000216185	3	0		1	2	1	2	561	0	0.0	283	50.4	283	50.4
TXNDC15	ENST00000358387	5	0		0		2	2,5	1183	0	0.0	0	0.0	725	61.3
TXNL4A	ENST00000269601	3	0		0		2	1,3	489	0	0.0	0	0.0	365	74.6
TXNRD1	ENST00000525566	17	0		0		3	2,5,14	2290	0	0.0	0	0.0	443	19.3
TXNRD2	ENST00000400521	17	0		1	1	1	1	1915	0	0.0	123	6.4	123	6.4
TYK2	ENST00000525621	23	0		0		2	7,21	4024	0	0.0	0	0.0	541	13.4
TYMP	ENST00000252029	9	0		1	9	3	8,9,10	1629	0	0.0	161	9.9	581	35.7
TYMS	ENST00000323274	7	0		1	1	2	1,3	1082	0	0.0	225	20.8	420	38.8
TYR	ENST00000263321	5	0		0		0		1690	0	0.0	0	0.0	0	0.0
TYROBP	ENST00000262629	5	0		0		0		442	0	0.0	0	0.0	0	0.0
TYRP1	ENST00000388918	7	0		0		0		1754	0	0.0	0	0.0	0	0.0
U2AF2	ENST00000308924	12	0		1	6	1	6	1668	0	0.0	137	8.2	137	8.2
UBA1	ENST00000335972	25	0		0		0		3677	0	0.0	0	0.0	0	0.0
UBA2	ENST00000246548	17	1	1	1	1	5	1,10,12,13,17	2263	158	7.0	158	7.0	856	37.8
UBA5	ENST00000356232	12	0		0		4	7,8,9,11	1455	0	0.0	0	0.0	556	38.2
UBA6	ENST00000322244	33	0		1	19	6	7,9,10,19,29,30	3819	0	0.0	202	5.3	933	24.4
UBAP1	ENST00000297661	6	0		0		1	3	1629	0	0.0	0	0.0	145	8.9
UBAP1L	ENST00000559089	5	1	3	1	3	1	3	1246	599	48.1	599	48.1	599	48.1
UBAP2L	ENST00000428931	26	0		1	27	5	9,11,13,14,27	3784	0	0.0	116	3.1	872	23.0
UBASH3A	ENST00000319294	15	0		1	6	2	3,6	2286	0	0.0	190	8.3	397	17.4
UBE2A	ENST00000371558	6	0		0		0		579	0	0.0	0	0.0	0	0.0
UBE2B	ENST00000265339	6	0		0		0		579	0	0.0	0	0.0	0	0.0
UBE2L3	ENST00000342192	4	0		0		0		545	0	0.0	0	0.0	0	0.0
UBE2T	ENST00000646651	6	0		0		0		714	0	0.0	0	0.0	0	0.0
UBE2U	ENST00000371077	10	0		0		2	4,10	1154	0	0.0	0	0.0	323	28.0
UBE2Z	ENST00000360943	7	1	1	1	1	1	1	1205	337	28.0	337	28.0	337	28.0
UBE3A	ENST00000648336	11	0		1	5	1	5	2839	0	0.0	319	11.2	319	11.2
UBE3B	ENST00000342494	26	0		0		2	8,21	3727	0	0.0	0	0.0	237	6.4
UBE3C	ENST00000348165	23	0		0		7	4,7,12,13,16,18,20	3712	0	0.0	0	0.0	1367	36.8
UBE4A	ENST00000252108	19	0		1	16	7	6,8,9,11,13,16,17	3581	0	0.0	195	5.4	1675	46.8
UBE4B	ENST00000343090	28	2	20,25	3	20,25,27	5	7,20,25,26,27	4469	331	7.4	498	11.1	1100	24.6
UBIAD1	ENST00000376810	2	0		0		0		1057	0	0.0	0	0.0	0	0.0
UBP1	ENST00000283629	16	1	9	1	9	4	8,9,14,15	1943	124	6.4	124	6.4	487	25.1
UBQLN1	ENST00000376395	11	2	9,11	3	7,9,11	6	5,6,7,9,10,11	1990	309	15.5	472	23.7	1095	55.0
UBQLN2	ENST00000338222	1	0		0		0		1895	0	0.0	0	0.0	0	0.0
UBR1	ENST00000290650	47	0		0		0		6190	0	0.0	0	0.0	0	0.0
UBR3	ENST00000272793	39	2	1,38	4	1,7,9,38	21	1,2,3,7,9,13,14,17,18,20,21,22,23,25,27,29,31,34,36,38,39	6447	725	11.2	1076	16.7	3951	61.3
UBR4	ENST00000375254	106	0		4	2,15,32,83	21	1,2,8,15,19,21,28,32,33,39,41,48,57,65,73,78,83,87,91,95,103	17672	0	0.0	723	4.1	4165	23.6
UBR5	ENST00000520539	59	1	44	3	9,18,44	18	3,7,9,12,17,18,19,24,26,33,38,39,41,43,44,53,56,59	9580	134	1.4	498	5.2	3286	34.3
UBR7	ENST00000013070	11	0		0		4	1,4,9,10	1498	0	0.0	0	0.0	551	36.8
UBTF	ENST00000436088	20	0		0		1	6	2695	0	0.0	0	0.0	85	3.2
UCHL1	ENST00000284440	9	0		0		0		852	0	0.0	0	0.0	0	0.0
UCP2	ENST00000663595	6	0		0		0		1050	0	0.0	0	0.0	0	0.0
UCP3	ENST00000314032	6	0		0		0		1059	0	0.0	0	0.0	0	0.0
UFC1	ENST00000368003	6	0		0		0		624	0	0.0	0	0.0	0	0.0
UFM1	ENST00000239878	6	0		0		0		378	0	0.0	0	0.0	0	0.0
UFSP2	ENST00000264689	12	0		0		4	3,5,6,7	1650	0	0.0	0	0.0	762	46.2
UGCG	ENST00000374279	9	0		2	8,9	5	2,3,4,8,9	1365	0	0.0	401	29.4	808	59.2
UGDH	ENST00000316423	11	0		0		2	2,8	1705	0	0.0	0	0.0	333	19.5
UGGT1	ENST00000259253	41	1	13	2	6,13	7	6,13,17,18,29,30,36	5488	171	3.1	366	6.7	1295	23.6
UGGT2	ENST00000376747	39	1	37	1	37	16	3,4,5,6,9,12,16,17,18,22,23,25,27,32,35,37	5331	137	2.6	137	2.6	2435	45.7
UGP2	ENST00000337130	10	0		1	6	3	4,5,6	1727	0	0.0	318	18.4	678	39.3
UGT1A1	ENST00000305208	5	0		0		0		1702	0	0.0	0	0.0	0	0.0
UGT1A9	ENST00000354728	5	0		1	1	1	1	1693	0	0.0	875	51.7	875	51.7
UGT2B17	ENST00000317746	6	3	5,6,7	6	2,3,4,5,6,7	6	2,3,4,5,6,7	1713	648	37.8	1713	100.0	1713	100.0
UGT2B4	ENST00000305107	6	0		0		4	1,3,4,6	1707	0	0.0	0	0.0	1298	76.0
UHRF1	ENST00000650932	16	0		1	7	1	7	2702	0	0.0	207	7.7	207	7.7
UIMC1	ENST00000511320	14	0		0		0		2440	0	0.0	0	0.0	0	0.0
ULK4	ENST00000301831	36	0		1	17	5	15,17,20,21,27	4548	0	0.0	99	2.2	801	17.6
UMOD	ENST00000396138	10	0		0		0		2123	0	0.0	0	0.0	0	0.0
UMPS	ENST00000232607	6	0		0		1	4	1563	0	0.0	0	0.0	196	12.5
UNC119	ENST00000335765	5	0		0		0		823	0	0.0	0	0.0	0	0.0
UNC13A	ENST00000519716	44	1	10	2	10,19	3	10,19,44	5992	536	8.9	726	12.1	1047	17.5
UNC13B	ENST00000635942	40	2	4,9	3	4,9,19	5	4,9,10,18,19	13823	8405	60.8	8541	61.8	9066	65.6
UNC13D	ENST00000207549	32	0		0		0		3913	0	0.0	0	0.0	0	0.0
UNC45A	ENST00000418476	20	1	18	2	2,18	4	2,7,8,18	3235	138	4.3	320	9.9	700	21.6
UNC45B	ENST00000394570	19	0		0		2	10,12	3170	0	0.0	0	0.0	483	15.2
UNC50	ENST00000357765	5	0		0		2	2,4	880	0	0.0	0	0.0	460	52.3
UNC79	ENST00000695012	52	5	2,4,5,19,47	34	2,3,4,5,7,9,12,14,15,16,17,18,19,21,22,23,24,26,28,29,30,31,32,33,34,37,39,41,42,43,44,47,48,50	52	1,2,3,4,5,6,7,8,9,10,11,12,13,14,15,16,17,18,19,20,21,22,23,24,25,26,27,28,29,30,31,32,33,34,35,36,37,38,39,40,41,42,43,44,45,46,47,48,49,50,51,52	9164	889	9.7	7088	77.3	9164	100.0
UNC80	ENST00000673920	65	3	2,27,63	5	2,4,17,27,63	22	2,4,12,13,14,15,17,27,32,34,39,42,43,44,45,46,47,48,59,63,64,65	11275	425	3.8	934	8.3	4501	39.9
UNC93B1	ENST00000227471	11	0		1	1	3	1,9,11	2014	0	0.0	116	5.8	742	36.8
UNG	ENST00000242576	7	0		0		0		1082	0	0.0	0	0.0	0	0.0
UNK	ENST00000589666	16	0		0		0		2753	0	0.0	0	0.0	0	0.0
UPB1	ENST00000326010	10	0		0		0		1355	0	0.0	0	0.0	0	0.0
UPF1	ENST00000262803	23	1	1	1	1	2	1,5	3817	251	6.6	251	6.6	452	11.8
UPF3B	ENST00000276201	11	0		0		0		1672	0	0.0	0	0.0	0	0.0
UPK3A	ENST00000216211	6	0		0		0		984	0	0.0	0	0.0	0	0.0
UPP2	ENST00000005756	7	0		0		1	6	1094	0	0.0	0	0.0	167	15.3
UQCC2	ENST00000607484	4	0		0		0		461	0	0.0	0	0.0	0	0.0
UQCC3	ENST00000377953	2	0		0		0		322	0	0.0	0	0.0	0	0.0
UQCR10	ENST00000330029	2	0		0		0		232	0	0.0	0	0.0	0	0.0
UQCR11	ENST00000591899	2	0		0		0		211	0	0.0	0	0.0	0	0.0
UQCRB	ENST00000287022	4	0		0		0		416	0	0.0	0	0.0	0	0.0
UQCRC1	ENST00000203407	13	0		0		0		1703	0	0.0	0	0.0	0	0.0
UQCRC2	ENST00000268379	14	0		0		2	3,7	1642	0	0.0	0	0.0	288	17.5
UQCRFS1	ENST00000304863	2	0		0		2	1,2	865	0	0.0	0	0.0	865	100.0
UQCRH	ENST00000311672	4	0		0		0		356	0	0.0	0	0.0	0	0.0
UQCRHL	ENST00000696689	1	0		0		0		296	0	0.0	0	0.0	0	0.0
UQCRQ	ENST00000378670	2	0		0		0		289	0	0.0	0	0.0	0	0.0
UROC1	ENST00000290868	20	0		0		0		2431	0	0.0	0	0.0	0	0.0
UROD	ENST00000246337	10	0		0		0		1304	0	0.0	0	0.0	0	0.0
UROS	ENST00000368797	9	0		0		0		978	0	0.0	0	0.0	0	0.0
USB1	ENST00000219281	7	0		0		0		938	0	0.0	0	0.0	0	0.0
USF1	ENST00000368021	10	0		0		1	6	1133	0	0.0	0	0.0	216	19.1
USF2	ENST00000222305	10	2	1,4	2	1,4	4	1,2,4,9	1241	303	24.4	303	24.4	519	41.8
USF3	ENST00000316407	5	0		0		1	6	6838	0	0.0	0	0.0	117	1.7
USH1C	ENST00000005226	27	0		0		0		3240	0	0.0	0	0.0	0	0.0
USH1C	ENST00000318024	21	0		0		0		2079	0	0.0	0	0.0	0	0.0
USH1G	ENST00000614341	3	0		0		0		1446	0	0.0	0	0.0	0	0.0
USH2A	ENST00000307340	71	0		1	33	3	8,12,33	17029	0	0.0	180	1.1	638	3.7
USP14	ENST00000261601	16	1	15	2	11,15	4	4,11,15,16	1805	128	7.1	214	11.9	511	28.3
USP18	ENST00000215794	10	0		0		0		1319	0	0.0	0	0.0	0	0.0
USP19	ENST00000417901	26	1	27	3	6,26,27	4	6,7,26,27	4675	137	2.9	659	14.1	896	19.2
USP2	ENST00000260187	12	1	2	2	2,10	2	2,10	2058	794	38.6	893	43.4	893	43.4
USP24	ENST00000294383	68	3	1,28,44	3	1,28,44	24	1,4,5,10,12,18,19,22,23,26,28,29,31,36,40,42,43,44,47,50,51,53,60,63	9223	684	7.4	684	7.4	3771	40.9
USP25	ENST00000400183	26	1	1	1	1	11	1,3,4,5,7,10,13,18,20,21,25	3898	65	1.7	65	1.7	1760	45.2
USP26	ENST00000511190	1	0		0		1	6	2762	0	0.0	0	0.0	2762	100.0
USP27X	ENST00000621775	1	0		0		1	1	1337	0	0.0	0	0.0	1337	100.0
USP28	ENST00000696973	26	1	1	2	1,19	14	1,4,5,7,10,11,12,13,16,17,19,21,25,26	3940	77	2.0	283	7.2	2452	62.2
USP29	ENST00000254181	1	0		0		0		2789	0	0.0	0	0.0	0	0.0
USP33	ENST00000370794	23	0		1	10	9	5,9,10,11,13,17,18,23,24	3196	0	0.0	438	13.7	1679	52.5
USP34	ENST00000398571	80	4	23,26,50,54	7	3,23,26,27,29,50,54	30	3,5,7,11,12,15,17,19,22,23,25,26,27,29,31,32,38,39,42,45,49,50,54,67,69,70,72,75,79,80	12241	540	4.4	1379	11.3	5924	48.4
USP36	ENST00000449938	18	0		1	4	4	4,11,14,17	3732	0	0.0	242	6.5	1333	35.7
USP44	ENST00000258499	5	1	4	1	4	3	2,3,4	2239	129	5.8	129	5.8	1793	80.1
USP45	ENST00000500704	17	0		0		7	3,4,8,12,13,14,17	2785	0	0.0	0	0.0	1570	56.4
USP48	ENST00000308271	27	0		0		7	2,7,9,10,12,19,20	3648	0	0.0	0	0.0	1144	31.4
USP53	ENST00000692078	15	0		1	16	9	5,7,11,12,13,14,15,16,19	3522	0	0.0	759	21.6	2832	80.4
USP7	ENST00000344836	31	0		0		5	1,4,7,13,24	3929	0	0.0	0	0.0	715	18.2
USP8	ENST00000307179	19	0		1	11	6	3,11,14,18,19,20	3737	0	0.0	605	16.2	1575	42.1
USP9X	ENST00000378308	44	4	9,16,22,34	16	8,9,10,16,22,23,24,25,26,29,32,34,35,36,42,43	38	4,5,6,7,8,9,10,12,13,14,15,16,18,19,20,21,22,23,24,25,26,27,28,29,30,31,32,34,35,36,37,38,39,40,42,43,44,45	8545	835	9.8	3764	44.0	7719	90.3
USP9Y	ENST00000338981	44	44	3,4,5,6,7,8,9,10,11,12,13,14,15,16,17,18,19,20,21,22,23,24,25,26,27,28,29,30,31,32,33,34,35,36,37,38,39,40,41,42,43,44,45,46	44	3,4,5,6,7,8,9,10,11,12,13,14,15,16,17,18,19,20,21,22,23,24,25,26,27,28,29,30,31,32,33,34,35,36,37,38,39,40,41,42,43,44,45,46	44	3,4,5,6,7,8,9,10,11,12,13,14,15,16,17,18,19,20,21,22,23,24,25,26,27,28,29,30,31,32,33,34,35,36,37,38,39,40,41,42,43,44,45,46	8548	8548	100.0	8548	100.0	8548	100.0
UTP20	ENST00000261637	62	1	29	2	29,46	23	5,7,8,9,12,13,18,21,28,29,31,33,35,36,37,38,41,43,45,46,56,57,59	9598	100	1.0	287	3.0	4299	44.8
UTP4	ENST00000314423	16	0		0		1	10	2381	0	0.0	0	0.0	85	3.6
UVSSA	ENST00000389851	13	0		1	3	3	3,5,8	2390	0	0.0	351	14.7	887	37.1
UXS1	ENST00000283148	15	1	12	2	1,12	4	1,6,7,12	1578	81	5.1	195	12.4	521	33.0
VAC14	ENST00000261776	19	0		0		1	9	2729	0	0.0	0	0.0	170	6.2
VAMP1	ENST00000396308	5	0		1	5	1	5	457	0	0.0	37	8.1	37	8.1
VAMP2	ENST00000316509	5	1	1	2	1,2	2	1,2	451	22	4.9	163	36.1	163	36.1
VAMP5	ENST00000306384	3	0		1	1	1	1	411	0	0.0	23	5.6	23	5.6
VAMP7	ENST00000286448	7	0		0		1	8	803	0	0.0	0	0.0	89	11.1
VAMP8	ENST00000263864	3	0		0		0		363	0	0.0	0	0.0	0	0.0
VANGL1	ENST00000355485	7	0		0		0		1715	0	0.0	0	0.0	0	0.0
VANGL2	ENST00000368061	7	0		0		0		1706	0	0.0	0	0.0	0	0.0
VAPB	ENST00000475243	6	0		0		0		852	0	0.0	0	0.0	0	0.0
VARS1	ENST00000375663	29	12	2,3,4,6,7,8,9,13,15,18,26,27	29	2,3,4,5,6,7,8,9,10,11,12,13,14,15,16,17,18,19,20,21,22,23,24,25,26,27,28,29,30	29	2,3,4,5,6,7,8,9,10,11,12,13,14,15,16,17,18,19,20,21,22,23,24,25,26,27,28,29,30	4375	2054	46.9	4375	100.0	4375	100.0
VARS2	ENST00000676266	29	20	2,4,6,7,12,13,14,15,16,18,20,21,22,23,24,25,26,27,28,29	29	2,3,4,5,6,7,8,9,10,11,12,13,14,15,16,17,18,19,20,21,22,23,24,25,26,27,28,29,30	29	2,3,4,5,6,7,8,9,10,11,12,13,14,15,16,17,18,19,20,21,22,23,24,25,26,27,28,29,30	3772	2736	72.5	3772	100.0	3772	100.0
VAV1	ENST00000602142	27	1	15	1	15	2	15,24	3078	130	4.2	130	4.2	238	7.7
VAX1	ENST00000369206	3	1	3	1	3	1	3	1065	596	56.0	596	56.0	596	56.0
VCAN	ENST00000265077	14	0		0		0		10471	0	0.0	0	0.0	0	0.0
VCL	ENST00000211998	22	0		1	1	2	1,16	3845	0	0.0	188	4.9	511	13.3
VCP	ENST00000358901	17	0		0		0		2761	0	0.0	0	0.0	0	0.0
VDAC1	ENST00000265333	8	0		0		1	7	1012	0	0.0	0	0.0	171	16.9
VDAC2	ENST00000332211	9	0		1	2	2	2,5	1065	0	0.0	51	4.8	224	21.0
VDR	ENST00000549336	8	0		0		0		1444	0	0.0	0	0.0	0	0.0
VEGFA	ENST00000672860	8	0		1	1	1	1	1348	0	0.0	626	46.4	626	46.4
VEGFC	ENST00000618562	7	0		1	6	4	2,3,4,6	1400	0	0.0	354	25.3	971	69.4
VEZF1	ENST00000581208	6	1	1	1	1	3	1,2,6	1686	53	3.1	53	3.1	1216	72.1
VGLL2	ENST00000326274	4	1	3	1	3	1	3	1034	542	52.4	542	52.4	542	52.4
VHL	ENST00000256474	3	0		0		0		702	0	0.0	0	0.0	0	0.0
VIL1	ENST00000248444	19	0		0		0		2864	0	0.0	0	0.0	0	0.0
VIM	ENST00000544301	9	0		0		0		1581	0	0.0	0	0.0	0	0.0
VIP	ENST00000367244	5	1	3	1	3	3	3,4,5	613	143	23.3	143	23.3	420	68.5
VIPAS39	ENST00000557658	19	0		0		0		1862	0	0.0	0	0.0	0	0.0
VKORC1	ENST00000394975	3	0		0		0		552	0	0.0	0	0.0	0	0.0
VLDLR	ENST00000382100	19	0		0		1	1	3002	0	0.0	0	0.0	102	3.4
VMA12	ENST00000292114	6	0		0		0		747	0	0.0	0	0.0	0	0.0
VMA21	ENST00000330374	3	0		0		0		366	0	0.0	0	0.0	0	0.0
VMA22	ENST00000259229	5	0		0		0		643	0	0.0	0	0.0	0	0.0
VNN1	ENST00000367928	7	0		3	3,4,5	6	2,3,4,5,6,7	1682	0	0.0	907	53.9	1452	86.3
VOPP1	ENST00000285279	5	0		1	5	3	1,4,5	619	0	0.0	211	34.1	442	71.4
VPS11	ENST00000621676	16	1	4	1	4	1	4	3146	184	5.8	184	5.8	184	5.8
VPS13A	ENST00000360280	72	0		0		1	41	10965	0	0.0	0	0.0	377	3.4
VPS13B	ENST00000357162	61	0		0		0		13214	0	0.0	0	0.0	0	0.0
VPS13B	ENST00000358544	61	0		0		2	14,37	13289	0	0.0	0	0.0	413	3.1
VPS13C	ENST00000644861	85	1	34	7	10,15,34,46,48,54,61	39	8,10,14,15,19,23,25,26,27,28,31,33,34,35,38,39,40,44,45,46,48,49,51,54,56,57,60,61,63,64,65,68,69,70,71,72,73,75,78	12962	188	1.5	1755	13.5	7003	54.0
VPS13D	ENST00000620676	69	0		2	4,25	21	4,13,16,18,20,21,24,25,28,31,42,47,48,56,58,60,63,64,65,67,68	14547	0	0.0	414	2.8	4948	34.0
VPS16	ENST00000380445	24	0		1	22	1	22	3000	0	0.0	117	3.9	117	3.9
VPS18	ENST00000220509	5	0		2	1,5	3	1,4,5	3022	0	0.0	857	28.4	2748	90.9
VPS26C	ENST00000309117	8	1	2	1	2	1	2	1054	164	15.6	164	15.6	164	15.6
VPS33A	ENST00000267199	13	0		0		2	6,13	2051	0	0.0	0	0.0	397	19.4
VPS33B	ENST00000333371	23	0		0		1	1	2314	0	0.0	0	0.0	116	5.0
VPS35	ENST00000299138	17	0		0		0		2731	0	0.0	0	0.0	0	0.0
VPS35L	ENST00000417362	31	1	2	2	1,2	4	1,2,7,20	3512	120	3.4	157	4.5	389	11.1
VPS37A	ENST00000324849	11	0		0		0		1414	0	0.0	0	0.0	0	0.0
VPS39	ENST00000318006	25	1	18	1	18	4	8,18,22,24	3128	138	4.4	138	4.4	624	19.9
VPS41	ENST00000310301	29	1	17	1	17	6	3,9,12,17,18,25	3145	113	3.6	113	3.6	863	27.4
VPS45	ENST00000644510	15	0		0		4	3,10,14,15	2013	0	0.0	0	0.0	529	26.3
VPS4A	ENST00000254950	11	0		1	1	2	1,6	1534	0	0.0	41	2.7	218	14.2
VPS4B	ENST00000238497	11	0		0		4	2,7,9,10	1555	0	0.0	0	0.0	702	45.1
VPS50	ENST00000305866	28	0		1	13	9	3,11,12,13,14,21,25,26,27	3455	0	0.0	153	4.4	1361	39.4
VPS51	ENST00000279281	10	0		0		4	1,4,6,10	2549	0	0.0	0	0.0	1005	39.4
VPS52	ENST00000445902	20	15	1,2,5,6,7,8,9,10,11,12,13,14,18,19,20	20	1,2,3,4,5,6,7,8,9,10,11,12,13,14,15,16,17,18,19,20	20	1,2,3,4,5,6,7,8,9,10,11,12,13,14,15,16,17,18,19,20	2572	2073	80.6	2572	100.0	2572	100.0
VPS53	ENST00000437048	22	0		0		3	12,13,22	2939	0	0.0	0	0.0	428	14.6
VPS8	ENST00000625842	47	4	3,28,39,45	5	3,26,28,39,45	9	3,16,23,26,28,33,37,39,45	5227	478	9.1	541	10.4	1248	23.9
VRK1	ENST00000216639	12	0		0		0		1431	0	0.0	0	0.0	0	0.0
VRK2	ENST00000340157	12	0		0		5	2,7,9,11,13	1767	0	0.0	0	0.0	962	54.4
VSX1	ENST00000376709	5	0		0		0		1198	0	0.0	0	0.0	0	0.0
VSX2	ENST00000261980	5	0		0		0		1186	0	0.0	0	0.0	0	0.0
VTN	ENST00000226218	8	0		0		2	3,7	1597	0	0.0	0	0.0	730	45.7
VWA1	ENST00000476993	3	2	1,3	2	1,3	2	1,3	1398	820	58.7	820	58.7	820	58.7
VWA2	ENST00000392982	13	0		0		0		2528	0	0.0	0	0.0	0	0.0
VWA3B	ENST00000477737	27	1	20	2	20,24	7	2,14,16,20,22,24,28	4425	139	3.1	284	6.4	1273	28.8
VWA8	ENST00000379310	45	0		2	1,26	9	1,3,16,23,26,28,34,35,39	6618	0	0.0	355	5.4	1487	22.5
VWF	ENST00000261405	51	0		1	15	1	15	9462	0	0.0	236	2.5	236	2.5
WAC	ENST00000354911	14	1	4	1	4	8	3,4,5,7,8,10,12,13	2224	127	5.7	127	5.7	1601	72.0
WAPL	ENST00000298767	18	0		1	3	5	2,3,9,13,15	3933	0	0.0	1046	26.6	2194	55.8
WARS1	ENST00000392882	10	0		0		1	6	1616	0	0.0	0	0.0	203	12.6
WARS2	ENST00000235521	6	0		0		1	6	1203	0	0.0	0	0.0	469	39.0
WAS	ENST00000376701	12	0		0		1	10	1749	0	0.0	0	0.0	427	24.4
WASF1	ENST00000392589	8	1	10	1	10	4	4,6,9,10	1840	649	35.3	649	35.3	1176	63.9
WASHC3	ENST00000240079	7	0		0		0		725	0	0.0	0	0.0	0	0.0
WASHC4	ENST00000332180	33	0		0		0		4182	0	0.0	0	0.0	0	0.0
WASHC5	ENST00000318410	28	0		0		0		4040	0	0.0	0	0.0	0	0.0
WASL	ENST00000223023	11	0		1	9	5	1,2,3,6,9	1738	0	0.0	541	31.1	1129	65.0
WBP11	ENST00000261167	11	1	11	2	11,12	6	5,7,8,10,11,12	2146	203	9.5	657	30.6	1620	75.5
WBP2	ENST00000254806	8	0		0		1	8	946	0	0.0	0	0.0	74	7.8
WBP4	ENST00000379487	10	0		0		2	5,8	1331	0	0.0	0	0.0	411	30.9
WDFY3	ENST00000295888	65	1	45	6	8,9,11,45,48,64	30	5,7,8,9,10,11,12,13,16,18,22,23,24,26,27,29,33,35,38,42,45,46,47,48,55,59,62,63,64,65	11881	71	0.6	1265	10.6	5876	49.5
WDFY4	ENST00000325239	61	0		1	12	6	9,12,18,37,59,62	10775	0	0.0	601	5.6	1745	16.2
WDHD1	ENST00000360586	25	0		2	10,19	12	4,5,9,10,11,12,13,14,16,19,23,24	3890	0	0.0	403	10.4	2262	58.1
WDPCP	ENST00000272321	18	0		0		0		2601	0	0.0	0	0.0	0	0.0
WDR1	ENST00000499869	15	0		1	1	2	1,12	2121	0	0.0	36	1.7	167	7.9
WDR11	ENST00000263461	29	0		0		0		4255	0	0.0	0	0.0	0	0.0
WDR12	ENST00000261015	13	1	4	1	4	2	4,6	1532	127	8.3	127	8.3	302	19.7
WDR13	ENST00000376729	9	0		1	7	4	3,6,7,10	1638	0	0.0	201	12.3	995	60.7
WDR19	ENST00000399820	36	0		1	17	9	9,16,17,18,19,25,26,27,33	4749	0	0.0	225	4.7	1514	31.9
WDR26	ENST00000414423	14	1	1	1	1	6	1,3,6,7,8,13	2566	742	28.9	742	28.9	1570	61.2
WDR3	ENST00000349139	26	2	4,12	2	4,12	4	4,7,12,17	3352	253	7.5	253	7.5	508	15.2
WDR33	ENST00000322313	21	2	7,18	5	7,16,18,21,22	7	6,7,9,16,18,21,22	4431	577	13.0	2172	49.0	2519	56.8
WDR35	ENST00000281405	27	0		0		0		4053	0	0.0	0	0.0	0	0.0
WDR35	ENST00000345530	28	0		0		1	22	4106	0	0.0	0	0.0	153	3.7
WDR36	ENST00000513710	23	0		1	16	1	16	3148	0	0.0	100	3.2	100	3.2
WDR37	ENST00000263150	13	2	2,13	2	2,13	4	2,10,11,13	1745	293	16.8	293	16.8	710	40.7
WDR4	ENST00000398208	11	0		0		1	11	1459	0	0.0	0	0.0	214	14.7
WDR41	ENST00000296679	13	1	10	1	10	4	5,9,10,13	1640	142	8.7	142	8.7	603	36.8
WDR44	ENST00000254029	20	1	7	3	7,9,15	17	1,3,4,5,6,7,8,9,10,11,13,14,15,17,18,19,20	3142	157	5.0	496	15.8	2881	91.7
WDR45	ENST00000376372	10	0		0		2	5,8	1283	0	0.0	0	0.0	355	27.7
WDR45B	ENST00000392325	10	0		0		0		1235	0	0.0	0	0.0	0	0.0
WDR47	ENST00000369962	14	0		1	8	6	5,7,8,10,11,12	3040	0	0.0	278	9.1	1859	61.2
WDR48	ENST00000302313	19	0		1	18	5	3,5,6,11,18	2414	0	0.0	213	8.8	689	28.5
WDR5	ENST00000358625	13	0		0		0		1265	0	0.0	0	0.0	0	0.0
WDR59	ENST00000262144	26	2	3,24	3	3,16,24	5	3,10,14,16,24	3445	303	8.8	480	13.9	842	24.4
WDR62	ENST00000401500	32	0		0		0		5212	0	0.0	0	0.0	0	0.0
WDR72	ENST00000360509	19	0		0		2	15,16	3689	0	0.0	0	0.0	950	25.8
WDR73	ENST00000434634	8	0		0		1	6	1297	0	0.0	0	0.0	185	14.3
WDR75	ENST00000314761	21	0		1	3	10	2,3,5,7,9,12,13,14,17,19	2913	0	0.0	86	3.0	1632	56.0
WDR81	ENST00000409644	10	2	1,9	4	1,7,8,9	8	1,3,4,5,6,7,8,9	6026	3887	64.5	4763	79.0	5557	92.2
WDR83OS	ENST00000596731	4	0		0		0		401	0	0.0	0	0.0	0	0.0
WDR87	ENST00000447313	5	0		0		2	5,6	8839	0	0.0	0	0.0	5654	64.0
WDR91	ENST00000354475	15	0		1	8	1	8	2544	0	0.0	214	8.4	214	8.4
WDR93	ENST00000268130	16	0		0		4	2,3,9,16	2381	0	0.0	0	0.0	944	39.6
WEE2	ENST00000397541	12	1	4	8	1,2,4,5,6,7,9,10	11	1,2,4,5,6,7,8,9,10,11,12	1944	193	9.9	1563	80.4	1878	96.6
WFDC2	ENST00000372676	3	0		0		0		435	0	0.0	0	0.0	0	0.0
WFS1	ENST00000226760	7	0		0		0		2813	0	0.0	0	0.0	0	0.0
WHAMM	ENST00000286760	10	1	1	3	1,5,6	8	1,2,3,4,5,6,9,10	2630	629	23.9	1023	38.9	2407	91.5
WHRN	ENST00000362057	12	0		0		1	1	2964	0	0.0	0	0.0	638	21.5
WIPF1	ENST00000679041	7	0		2	5,6	2	5,6	1652	0	0.0	1024	62.0	1024	62.0
WIPI2	ENST00000288828	13	0		1	1	2	1,6	1625	0	0.0	94	5.8	212	13.0
WLS	ENST00000262348	12	1	8	1	8	4	2,3,8,11	1866	84	4.5	84	4.5	696	37.3
WNK1	ENST00000315939	28	0		0		0		7709	0	0.0	0	0.0	0	0.0
WNK1	ENST00000340908	28	0		0		3	9,10,19	8465	0	0.0	0	0.0	2990	35.3
WNK3	ENST00000354646	23	1	8	10	2,3,5,8,9,16,17,18,20,24	21	2,3,4,5,6,7,8,9,12,13,14,15,16,17,18,19,20,21,22,23,24	5863	315	5.4	3809	65.0	5608	95.7
WNK4	ENST00000246914	19	0		0		1	16	4112	0	0.0	0	0.0	429	10.4
WNT1	ENST00000293549	4	0		1	3	2	2,3	1193	0	0.0	286	24.0	560	46.9
WNT10A	ENST00000258411	4	0		0		1	4	1334	0	0.0	0	0.0	518	38.8
WNT10B	ENST00000301061	4	0		0		0		1250	0	0.0	0	0.0	0	0.0
WNT11	ENST00000322563	5	0		1	4	2	3,4	1165	0	0.0	313	26.9	611	52.4
WNT2B	ENST00000369684	5	0		0		0		1276	0	0.0	0	0.0	0	0.0
WNT3	ENST00000225512	4	0		2	2,3	3	2,3,4	1148	0	0.0	548	47.7	1048	91.3
WNT3A	ENST00000284523	4	0		0		0		1139	0	0.0	0	0.0	0	0.0
WNT4	ENST00000290167	5	0		1	1	1	1	1156	0	0.0	97	8.4	97	8.4
WNT5A	ENST00000264634	5	0		1	4	3	3,4,5	1243	0	0.0	313	25.2	1063	85.5
WNT7A	ENST00000285018	4	0		0		0		1130	0	0.0	0	0.0	0	0.0
WNT7B	ENST00000339464	4	0		0		0		1130	0	0.0	0	0.0	0	0.0
WNT9B	ENST00000290015	4	2	1,2	3	1,2,4	4	1,2,3,4	1154	374	32.4	868	75.2	1154	100.0
WRAP53	ENST00000396463	10	0		0		1	2	1847	0	0.0	0	0.0	451	24.4
WRAP73	ENST00000270708	12	1	6	1	6	2	6,9	1623	107	6.6	107	6.6	233	14.4
WRN	ENST00000298139	34	0		0		1	24	4979	0	0.0	0	0.0	162	3.3
WSB2	ENST00000315436	9	1	1	2	1,3	3	1,3,6	1395	33	2.4	298	21.4	491	35.2
WT1	ENST00000452863	10	0		0		1	1	1769	0	0.0	0	0.0	681	38.5
WWC1	ENST00000265293	23	0		1	19	2	15,19	3802	0	0.0	185	4.9	398	10.5
WWOX	ENST00000566780	9	0		0		0		1425	0	0.0	0	0.0	0	0.0
XBP1	ENST00000344347	6	0		0		2	1,6	1251	0	0.0	0	0.0	825	65.9
XDH	ENST00000379416	36	0		0		0		4722	0	0.0	0	0.0	0	0.0
XIAP	ENST00000371199	6	0		0		0		1614	0	0.0	0	0.0	0	0.0
XK	ENST00000378616	3	0		0		0		1395	0	0.0	0	0.0	0	0.0
XPA	ENST00000375128	6	0		0		0		942	0	0.0	0	0.0	0	0.0
XPC	ENST00000285021	16	0		0		1	2	3143	0	0.0	0	0.0	216	6.9
XPNPEP2	ENST00000371106	21	0		0		6	2,7,10,14,15,21	2445	0	0.0	0	0.0	865	35.4
XPNPEP3	ENST00000357137	10	0		0		1	3	1724	0	0.0	0	0.0	428	24.8
XPO5	ENST00000265351	32	2	15,30	4	15,18,30,32	7	5,7,15,18,20,30,32	4255	334	7.8	712	16.7	1323	31.1
XPO7	ENST00000252512	28	1	1	1	1	5	1,6,10,11,12	3824	38	1.0	38	1.0	737	19.3
XPR1	ENST00000367590	15	0		1	4	7	3,4,5,8,9,10,12	2391	0	0.0	244	10.2	1326	55.5
XRCC1	ENST00000262887	17	1	5	1	5	1	5	2242	95	4.2	95	4.2	95	4.2
XRCC2	ENST00000359321	3	0		1	3	1	3	903	0	0.0	742	82.2	742	82.2
XRCC3	ENST00000555055	7	0		0		0		1181	0	0.0	0	0.0	0	0.0
XRCC4	ENST00000396027	7	0		1	2	4	2,3,4,5	1145	0	0.0	159	13.9	718	62.7
XRCC5	ENST00000392132	21	0		0		4	2,6,8,13	2619	0	0.0	0	0.0	659	25.2
XRCC6	ENST00000360079	12	0		0		4	4,6,7,9	2070	0	0.0	0	0.0	752	36.3
XYLT1	ENST00000261381	12	1	1	3	1,3,12	5	1,3,10,11,12	3120	383	12.3	1257	40.3	1827	58.6
XYLT2	ENST00000017003	11	0		2	1,7	4	1,4,7,11	2818	0	0.0	352	12.5	918	32.6
YAP1	ENST00000282441	9	1	5	3	1,5,9	4	1,5,7,9	1695	202	11.9	802	47.3	953	56.2
YARS1	ENST00000373477	13	0		0		0		1847	0	0.0	0	0.0	0	0.0
YARS2	ENST00000324868	5	0		0		0		1534	0	0.0	0	0.0	0	0.0
YEATS2	ENST00000305135	30	0		0		4	7,15,17,20	4869	0	0.0	0	0.0	764	15.7
YIF1B	ENST00000339413	8	0		0		3	1,4,8	1105	0	0.0	0	0.0	353	31.9
YIPF5	ENST00000274496	5	0		0		3	3,4,5	874	0	0.0	0	0.0	561	64.2
YKT6	ENST00000223369	7	0		0		0		737	0	0.0	0	0.0	0	0.0
YME1L1	ENST00000376016	19	0		0		3	1,4,15	2531	0	0.0	0	0.0	344	13.6
YPEL2	ENST00000312655	4	0		0		1	2	440	0	0.0	0	0.0	137	31.1
YRDC	ENST00000373044	5	1	1	1	1	2	1,4	940	409	43.5	409	43.5	572	60.9
YTHDC1	ENST00000344157	17	2	4,8	10	2,3,4,5,7,8,11,12,16,17	16	1,2,3,4,5,6,7,8,9,10,11,12,13,15,16,17	2524	573	22.7	1959	77.6	2464	97.6
YTHDC2	ENST00000161863	29	0		2	23,25	12	3,4,5,7,8,11,13,20,23,25,26,28	4873	0	0.0	529	10.9	2498	51.3
YWHAE	ENST00000264335	6	0		2	3,5	4	2,3,4,5	888	0	0.0	284	32.0	731	82.3
YWHAG	ENST00000307630	2	0		0		0		784	0	0.0	0	0.0	0	0.0
YWHAZ	ENST00000395958	5	0		0		1	2	838	0	0.0	0	0.0	314	37.5
YY1	ENST00000262238	5	0		0		0		1345	0	0.0	0	0.0	0	0.0
YY1AP1	ENST00000355499	9	0		0		0		2433	0	0.0	0	0.0	0	0.0
ZAP70	ENST00000264972	12	0		0		0		2100	0	0.0	0	0.0	0	0.0
ZAR1	ENST00000327939	4	1	1	1	1	1	1	1355	983	72.5	983	72.5	983	72.5
ZBTB11	ENST00000312938	11	0		0		7	1,2,4,5,6,7,11	3382	0	0.0	0	0.0	2617	77.4
ZBTB16	ENST00000335953	6	0		0		0		2142	0	0.0	0	0.0	0	0.0
ZBTB18	ENST00000358704	2	0		0		0		1636	0	0.0	0	0.0	0	0.0
ZBTB20	ENST00000675478	4	1	12	1	12	2	10,12	2306	442	19.2	442	19.2	650	28.2
ZBTB24	ENST00000230122	6	0		0		0		2214	0	0.0	0	0.0	0	0.0
ZBTB40	ENST00000375647	17	0		1	2	1	2	4060	0	0.0	717	17.7	717	17.7
ZBTB42	ENST00000342537	1	0		0		0		1289	0	0.0	0	0.0	0	0.0
ZBTB47	ENST00000232974	5	0		1	2	1	2	2344	0	0.0	1493	63.7	1493	63.7
ZBTB7A	ENST00000322357	2	0		1	3	2	2,3	1795	0	0.0	513	28.6	1795	100.0
ZC2HC1C	ENST00000524913	2	0		0		1	2	1411	0	0.0	0	0.0	1358	96.2
ZC3H12B	ENST00000338957	5	0		1	6	5	6,7,8,9,10	2611	0	0.0	628	24.1	2611	100.0
ZC3H14	ENST00000251038	17	0		0		1	12	2551	0	0.0	0	0.0	253	9.9
ZC3HC1	ENST00000358303	10	0		0		1	7	1709	0	0.0	0	0.0	264	15.4
ZC4H2	ENST00000374839	5	0		2	2,4	4	2,3,4,5	775	0	0.0	375	48.4	702	90.6
ZCCHC14	ENST00000671377	13	2	1,13	2	1,13	4	1,8,10,13	3521	666	18.9	666	18.9	1117	31.7
ZCCHC8	ENST00000633063	14	0		1	14	4	9,11,12,14	2404	0	0.0	799	33.2	1211	50.4
ZDBF2	ENST00000374423	3	0		0		0		7125	0	0.0	0	0.0	0	0.0
ZDHHC1	ENST00000565726	11	1	12	2	3,12	3	3,10,12	1669	304	18.2	567	34.0	681	40.8
ZDHHC15	ENST00000373367	11	0		0		9	1,2,3,4,6,7,8,9,10	1234	0	0.0	0	0.0	1077	87.3
ZDHHC16	ENST00000393760	10	2	10,12	2	10,12	2	10,12	1334	279	20.9	279	20.9	279	20.9
ZDHHC5	ENST00000287169	11	0		1	11	3	4,11,12	2368	0	0.0	880	37.2	1244	52.5
ZDHHC9	ENST00000357166	9	0		0		0		1275	0	0.0	0	0.0	0	0.0
ZEB1	ENST00000424869	9	0		0		0		3558	0	0.0	0	0.0	0	0.0
ZEB2	ENST00000627532	9	0		0		1	10	3825	0	0.0	0	0.0	598	15.6
ZFAT	ENST00000377838	16	0		1	7	4	1,2,4,7	4052	0	0.0	253	6.2	695	17.2
ZFHX2	ENST00000419474	9	2	2,3	3	2,3,9	4	2,3,4,9	7899	2599	32.9	6096	77.2	6357	80.5
ZFHX3	ENST00000268489	9	1	10	2	2,10	3	2,7,10	11292	1705	15.1	4444	39.4	4665	41.3
ZFHX4	ENST00000651372	10	0		1	11	3	3,7,11	11051	0	0.0	1492	13.5	2169	19.6
ZFP36L1	ENST00000439696	2	0		0		0		1057	0	0.0	0	0.0	0	0.0
ZFP36L2	ENST00000282388	2	0		1	2	1	2	1525	0	0.0	1454	95.3	1454	95.3
ZFP57	ENST00000376883	4	2	3,5	4	2,3,4,5	4	2,3,4,5	1691	1426	84.3	1691	100.0	1691	100.0
ZFPM1	ENST00000319555	10	2	1,10	2	1,10	3	1,6,10	3221	1912	59.4	1912	59.4	2139	66.4
ZFPM2	ENST00000407775	8	0		0		5	1,5,6,7,8	3616	0	0.0	0	0.0	3176	87.8
ZFR	ENST00000265069	20	0		1	7	9	3,6,7,8,9,11,13,15,20	3625	0	0.0	212	5.8	2066	57.0
ZFR2	ENST00000262961	19	1	1	1	1	3	1,10,17	3200	73	2.3	73	2.3	365	11.4
ZFTRAF1	ENST00000530374	4	1	1	1	1	1	1	1295	392	30.3	392	30.3	392	30.3
ZFX	ENST00000304543	7	0		1	5	4	4,5,6,7	2558	0	0.0	608	23.8	1020	39.9
ZFYVE19	ENST00000355341	11	0		0		1	1	1636	0	0.0	0	0.0	299	18.3
ZFYVE26	ENST00000347230	41	0		0		0		8440	0	0.0	0	0.0	0	0.0
ZFYVE27	ENST00000684270	12	0		0		0		1476	0	0.0	0	0.0	0	0.0
ZGPAT	ENST00000355969	6	0		2	4,6	2	4,6	1656	0	0.0	599	36.2	599	36.2
ZGRF1	ENST00000505019	27	0		3	12,14,27	15	5,6,10,11,12,13,14,15,16,19,22,23,25,27,28	6855	0	0.0	1157	16.9	5497	80.2
ZHX3	ENST00000683867	2	0		0		0		2911	0	0.0	0	0.0	0	0.0
ZIC1	ENST00000282928	3	0		0		1	1	1404	0	0.0	0	0.0	1002	71.4
ZIC2	ENST00000376335	3	2	1,3	2	1,3	2	1,3	1659	1475	88.9	1475	88.9	1475	88.9
ZIC3	ENST00000287538	3	0		0		0		1464	0	0.0	0	0.0	0	0.0
ZKSCAN2	ENST00000328086	7	0		1	7	3	1,6,7	3044	0	0.0	943	31.0	1874	61.6
ZMAT2	ENST00000274712	6	0		0		0		720	0	0.0	0	0.0	0	0.0
ZMIZ1	ENST00000334512	21	1	12	1	12	3	12,13,24	3624	293	8.1	293	8.1	777	21.4
ZMPSTE24	ENST00000372759	10	0		0		0		1628	0	0.0	0	0.0	0	0.0
ZMYM2	ENST00000610343	23	0		2	11,25	11	3,4,6,8,11,12,20,21,22,23,25	4594	0	0.0	384	8.4	2922	63.6
ZMYM3	ENST00000314425	24	2	2,22	4	2,6,15,22	13	2,5,6,8,9,15,18,19,20,22,23,24,25	4593	822	17.9	1200	26.1	2928	63.7
ZMYM5	ENST00000337963	6	0		2	3,8	3	3,5,8	2130	0	0.0	1291	60.6	1597	75.0
ZMYM6	ENST00000357182	15	0		0		8	4,6,7,8,10,11,12,13	4278	0	0.0	0	0.0	1482	34.6
ZMYND10	ENST00000231749	12	0		0		0		1563	0	0.0	0	0.0	0	0.0
ZMYND11	ENST00000381604	14	0		0		1	3	2089	0	0.0	0	0.0	180	8.6
ZMYND15	ENST00000433935	13	1	14	1	14	2	13,14	2489	192	7.7	192	7.7	373	15.0
ZMYND8	ENST00000471951	23	0		5	2,4,11,15,21	6	2,4,11,14,15,21	4165	0	0.0	1320	31.7	1850	44.4
ZNF141	ENST00000240499	4	0		0		1	4	1505	0	0.0	0	0.0	1219	81.0
ZNF142	ENST00000411696	8	0		1	4	3	4,7,11	5824	0	0.0	300	5.2	1635	28.1
ZNF143	ENST00000396602	15	0		0		2	6,13	2217	0	0.0	0	0.0	386	17.4
ZNF148	ENST00000360647	6	0		1	4	2	4,8	2505	0	0.0	353	14.1	492	19.6
ZNF165	ENST00000683778	3	1	4	1	4	1	4	1518	928	61.1	928	61.1	928	61.1
ZNF208	ENST00000397126	4	0		0		1	4	3923	0	0.0	0	0.0	3637	92.7
ZNF219	ENST00000360947	4	0		0		1	3	2249	0	0.0	0	0.0	1446	64.3
ZNF221	ENST00000587682	4	0		0		0		1934	0	0.0	0	0.0	0	0.0
ZNF248	ENST00000395867	4	0		0		1	6	1820	0	0.0	0	0.0	1522	83.6
ZNF292	ENST00000369577	8	0		0		2	6,8	8332	0	0.0	0	0.0	7329	88.0
ZNF3	ENST00000299667	4	0		0		2	5,6	1421	0	0.0	0	0.0	1237	87.1
ZNF302	ENST00000505242	4	0		0		1	5	1280	0	0.0	0	0.0	1006	78.6
ZNF317	ENST00000247956	6	0		0		0		1908	0	0.0	0	0.0	0	0.0
ZNF318	ENST00000361428	10	2	1,5	2	1,5	6	1,3,4,5,6,8	7040	539	7.7	539	7.7	3143	44.6
ZNF335	ENST00000322927	27	1	3	1	3	6	3,5,8,15,20,22	4569	261	5.7	261	5.7	1671	36.6
ZNF341	ENST00000375200	15	1	6	2	1,6	3	1,6,15	2865	216	7.5	267	9.3	817	28.5
ZNF343	ENST00000278772	4	0		0		0		1880	0	0.0	0	0.0	0	0.0
ZNF345	ENST00000420450	1	0		0		1	3	1487	0	0.0	0	0.0	1487	100.0
ZNF350	ENST00000243644	4	0		0		1	5	1679	0	0.0	0	0.0	1381	82.3
ZNF354A	ENST00000335815	4	0		0		1	5	1898	0	0.0	0	0.0	1582	83.4
ZNF365	ENST00000395254	4	0		0		0		1304	0	0.0	0	0.0	0	0.0
ZNF385A	ENST00000394313	7	0		0		0		1241	0	0.0	0	0.0	0	0.0
ZNF385B	ENST00000410066	8	1	8	1	8	4	3,4,7,8	1621	199	12.3	199	12.3	946	58.4
ZNF397	ENST00000330501	3	0		0		2	2,4	1665	0	0.0	0	0.0	1503	90.3
ZNF407	ENST00000299687	8	0		1	9	2	8,9	6907	0	0.0	1339	19.4	1538	22.3
ZNF408	ENST00000311764	5	0		0		1	2	2263	0	0.0	0	0.0	298	13.2
ZNF41	ENST00000684689	4	0		0		0		2420	0	0.0	0	0.0	0	0.0
ZNF420	ENST00000337995	3	1	5	1	5	2	4,5	2127	1951	91.7	1951	91.7	2098	98.6
ZNF423	ENST00000563137	8	1	1	1	1	1	1	4039	60	1.5	60	1.5	60	1.5
ZNF433	ENST00000550507	4	0		0		1	4	2093	0	0.0	0	0.0	1842	88.0
ZNF44	ENST00000355684	4	0		1	2	2	2,4	1928	0	0.0	147	7.6	1824	94.6
ZNF443	ENST00000301547	4	1	4	1	4	2	3,4	2096	1845	88.0	1845	88.0	1926	91.9
ZNF445	ENST00000396077	6	0		0		1	4	3216	0	0.0	0	0.0	189	5.9
ZNF462	ENST00000277225	12	0		0		2	2,10	7761	0	0.0	0	0.0	484	6.2
ZNF469	ENST00000565624	1	0		0		0		11882	0	0.0	0	0.0	0	0.0
ZNF475	ENST00000509403	2	0		0		2	2,3	367	0	0.0	0	0.0	367	100.0
ZNF483	ENST00000309235	5	0		0		1	3	2335	0	0.0	0	0.0	109	4.7
ZNF507	ENST00000355898	5	0		0		3	4,5,7	2962	0	0.0	0	0.0	660	22.3
ZNF513	ENST00000323703	4	0		0		0		1706	0	0.0	0	0.0	0	0.0
ZNF517	ENST00000359971	4	0		1	5	1	5	1559	0	0.0	1225	78.6	1225	78.6
ZNF526	ENST00000301215	1	0		0		0		2033	0	0.0	0	0.0	0	0.0
ZNF527	ENST00000436120	4	0		0		1	5	1910	0	0.0	0	0.0	1594	83.5
ZNF536	ENST00000355537	4	0		1	4	1	4	3983	0	0.0	1592	40.0	1592	40.0
ZNF541	ENST00000391901	15	1	17	3	5,16,17	6	3,5,8,9,16,17	4341	174	4.0	2245	51.7	3084	71.0
ZNF565	ENST00000304116	4	0		0		1	5	1580	0	0.0	0	0.0	1288	81.5
ZNF570	ENST00000330173	4	0		0		3	3,4,5	1691	0	0.0	0	0.0	1638	96.9
ZNF585B	ENST00000532828	4	0		0		0		2390	0	0.0	0	0.0	0	0.0
ZNF589	ENST00000354698	4	0		0		2	3,4	1175	0	0.0	0	0.0	1039	88.4
ZNF592	ENST00000560079	8	0		0		0		3964	0	0.0	0	0.0	0	0.0
ZNF606	ENST00000551380	6	0		0		1	7	2499	0	0.0	0	0.0	1999	80.0
ZNF644	ENST00000337393	5	0		0		0		4084	0	0.0	0	0.0	0	0.0
ZNF654	ENST00000636215	9	1	8	1	8	6	2,4,6,7,8,9	3567	2364	66.3	2364	66.3	3036	85.1
ZNF655	ENST00000252713	2	1	3	1	3	1	3	1516	1360	89.7	1360	89.7	1360	89.7
ZNF668	ENST00000300849	2	0		0		1	3	1900	0	0.0	0	0.0	1233	64.9
ZNF674	ENST00000683375	4	0		1	6	1	6	1811	0	0.0	1513	83.5	1513	83.5
ZNF675	ENST00000359788	4	0		0		2	3,4	1787	0	0.0	0	0.0	1617	90.5
ZNF687	ENST00000336715	8	0		0		3	2,6,9	3874	0	0.0	0	0.0	3000	77.4
ZNF699	ENST00000591998	5	0		0		1	5	2029	0	0.0	0	0.0	204	10.1
ZNF711	ENST00000674551	8	0		1	8	3	6,8,11	2584	0	0.0	158	6.1	1532	59.3
ZNF713	ENST00000429591	4	0		0		2	5,7	1412	0	0.0	0	0.0	1192	84.4
ZNF727	ENST00000456806	4	0		0		2	2,4	1580	0	0.0	0	0.0	1441	91.2
ZNF750	ENST00000269394	2	0		0		0		2212	0	0.0	0	0.0	0	0.0
ZNF774	ENST00000354377	3	0		0		1	4	1512	0	0.0	0	0.0	1261	83.4
ZNF789	ENST00000331410	4	0		0		2	3,5	1358	0	0.0	0	0.0	1180	86.9
ZNF804A	ENST00000302277	4	0		0		1	4	3710	0	0.0	0	0.0	3264	88.0
ZNF808	ENST00000359798	3	0		0		1	5	2772	0	0.0	0	0.0	2542	91.7
ZNF81	ENST00000338637	4	0		1	5	1	5	2066	0	0.0	1729	83.7	1729	83.7
ZNF813	ENST00000396403	3	0		0		0		1914	0	0.0	0	0.0	0	0.0
ZNF814	ENST00000435989	3	0		0		0		2628	0	0.0	0	0.0	0	0.0
ZNF844	ENST00000439326	4	0		0		0		2081	0	0.0	0	0.0	0	0.0
ZNF862	ENST00000223210	8	1	1	1	1	2	1,4	3670	44	1.2	44	1.2	762	20.8
ZNFX1	ENST00000396105	13	0		0		0		6017	0	0.0	0	0.0	0	0.0
ZNHIT3	ENST00000617429	5	0		2	2,5	5	1,2,3,4,5	568	0	0.0	254	44.7	568	100.0
ZNRF3	ENST00000544604	9	1	1	1	1	4	1,2,6,8	2991	320	10.7	320	10.7	2426	81.1
ZP1	ENST00000278853	12	0		1	3	1	3	2157	0	0.0	384	17.8	384	17.8
ZP2	ENST00000574091	19	0		1	16	3	10,14,16	2618	0	0.0	117	4.5	474	18.1
ZP3	ENST00000394857	8	0		0		2	1,3	1435	0	0.0	0	0.0	456	31.8
ZPBP	ENST00000046087	8	0		0		1	5	1216	0	0.0	0	0.0	239	19.7
ZPBP2	ENST00000348931	8	0		1	5	4	3,4,5,7	1177	0	0.0	239	20.3	768	65.3
ZPR1	ENST00000227322	14	0		1	1	1	1	1660	0	0.0	191	11.5	191	11.5
ZRSR2	ENST00000307771	11	0		1	11	5	3,5,7,10,11	1669	0	0.0	532	31.9	1010	60.5
ZSCAN10	ENST00000576985	5	1	2	2	2,3	2	2,3	2443	416	17.0	704	28.8	704	28.8
ZSWIM6	ENST00000252744	14	2	1,2	4	1,2,5,14	6	1,2,5,6,7,14	3928	1073	27.3	2156	54.9	2520	64.2
ZSWIM7	ENST00000399277	5	0		0		0		523	0	0.0	0	0.0	0	0.0
ZWILCH	ENST00000307897	18	0		1	13	2	13,15	2136	0	0.0	177	8.3	334	15.6
ZYG11A	ENST00000371528	14	0		0		4	2,3,4,11	2560	0	0.0	0	0.0	1334	52.1
ZYG11B	ENST00000294353	14	0		2	5,14	5	1,2,3,5,14	2515	0	0.0	408	16.2	1419	56.4
ZYX	ENST00000322764	9	1	10	1	10	3	2,3,10	1899	125	6.6	125	6.6	573	30.2
