gene	transcript	n_cds_exons	dead_10x_n	dead_10x_exons	dead_15x_n	dead_15x_exons	dead_20x_n	dead_20x_exons	dead_30x_n	dead_30x_exons	cds_len	dead_10x_len	dead_10x_pct	dead_15x_len	dead_15x_pct	dead_20x_len	dead_20x_pct	dead_30x_len	dead_30x_pct
A2M	ENST00000318602	36	0		0		0		10	3-4,6,14-15,22-23,25,30,34	5145	0	0.0	0	0.0	0	0.0	1421	27.6
A2ML1	ENST00000299698	35	0		0		0		5	5,19,21,27,29	5065	0	0.0	0	0.0	0	0.0	762	15.0
A4GALT	ENST00000642412	1	0		0		0		1	3	1082	0	0.0	0	0.0	0	0.0	1082	100.0
AAAS	ENST00000209873	16	0		0		0		1	14	1961	0	0.0	0	0.0	0	0.0	102	5.2
AACS	ENST00000316519	18	0		0		0		4	7,11,13,17	2379	0	0.0	0	0.0	0	0.0	544	22.9
AAGAB	ENST00000261880	10	0		0		0		3	1,4,6	1148	0	0.0	0	0.0	0	0.0	306	26.7
AANAT	ENST00000392492	3	0		0		0		0		684	0	0.0	0	0.0	0	0.0	0	0.0
AAR2	ENST00000320849	3	0		0		0		1	2	1215	0	0.0	0	0.0	0	0.0	777	64.0
AARS1	ENST00000261772	20	0		0		0		7	4-5,9,12,16-17,21	3307	0	0.0	0	0.0	0	0.0	1217	36.8
AARS2	ENST00000244571	22	0		0		0		3	1,6,14	3398	0	0.0	0	0.0	0	0.0	590	17.4
AARSD1	ENST00000427569	12	0		0		0		2	2,9	1479	0	0.0	0	0.0	0	0.0	264	17.8
AASS	ENST00000417368	23	0		0		0		9	3,7,15-21	3241	0	0.0	0	0.0	0	0.0	1304	40.2
AATK	ENST00000326724	14	0		0		0		2	11-12	4405	0	0.0	0	0.0	0	0.0	2811	63.8
ABAT	ENST00000268251	15	0		0		0		4	4,7,14-15	1803	0	0.0	0	0.0	0	0.0	450	25.0
ABCA1	ENST00000374736	49	0		0		0		13	2,10-11,21,23,25,27-30,35,48-49	7766	0	0.0	0	0.0	0	0.0	2049	26.4
ABCA10	ENST00000690296	37	0		0		0		9	5-6,13,15,17,27,30,36,39	5372	0	0.0	0	0.0	0	0.0	1405	26.2
ABCA12	ENST00000272895	53	0		1	26	1	26	20	2,4,10,12,15,17,20-22,25-26,30-32,37-38,41,43,45,53	8848	0	0.0	155	1.8	155	1.8	3601	40.7
ABCA13	ENST00000435803	62	0		0		0		22	6,11,13-14,17-18,20,24,28,30-32,37,39-40,42-43,45,48,51-52,60	16417	0	0.0	0	0.0	0	0.0	10189	62.1
ABCA2	ENST00000341511	49	0		0		0		3	14,18,24	8291	0	0.0	0	0.0	0	0.0	568	6.9
ABCA3	ENST00000301732	30	0		0		0		14	5-7,10-14,22,24-25,30-31,33	5715	0	0.0	0	0.0	0	0.0	2737	47.9
ABCA4	ENST00000370225	50	0		0		0		11	6,11,14-15,20-22,36,46-48	7822	0	0.0	0	0.0	0	0.0	2096	26.8
ABCA5	ENST00000392676	38	0		0		0		6	4,7-8,14,26,36	5689	0	0.0	0	0.0	0	0.0	1018	17.9
ABCA6	ENST00000284425	38	0		0		0		9	3-4,17,19-21,30,36,39	5614	0	0.0	0	0.0	0	0.0	1530	27.3
ABCA7	ENST00000263094	46	0		0		0		3	4,7,12	7361	0	0.0	0	0.0	0	0.0	513	7.0
ABCB1	ENST00000622132	27	0		0		0		10	3-4,7,9,11,13,18-19,21,27	4383	0	0.0	0	0.0	0	0.0	1614	36.8
ABCB11	ENST00000650372	27	0		0		0		7	6-8,13,20,24,26	4506	0	0.0	0	0.0	0	0.0	1129	25.1
ABCB4	ENST00000649586	27	0		0		0		11	2,5-7,9-11,20,23,25,27	4380	0	0.0	0	0.0	0	0.0	1689	38.6
ABCB5	ENST00000404938	27	0		0		0		8	9,14-18,21,24	4314	0	0.0	0	0.0	0	0.0	1422	33.0
ABCB6	ENST00000265316	19	0		0		0		2	3,15	2909	0	0.0	0	0.0	0	0.0	396	13.6
ABCB7	ENST00000373394	16	0		0		3	10,13-14	16	1-16	2579	0	0.0	0	0.0	494	19.2	2579	100.0
ABCB9	ENST00000280560	11	0		0		0		5	2-3,5,8,10	2521	0	0.0	0	0.0	0	0.0	1371	54.4
ABCC1	ENST00000399410	31	0		0		0		11	8-9,17,19-24,27,29	5216	0	0.0	0	0.0	0	0.0	2250	43.1
ABCC11	ENST00000356608	29	0		0		0		11	3,8,10,12,15-16,21,25-26,29-30	4729	0	0.0	0	0.0	0	0.0	1859	39.3
ABCC12	ENST00000311303	29	0		0		0		14	5-6,8,11-13,16-17,20,22-23,27-28,31	4660	0	0.0	0	0.0	0	0.0	2301	49.4
ABCC2	ENST00000647814	32	0		0		0		13	7-10,12,16,22-23,25,28-31	5278	0	0.0	0	0.0	0	0.0	2597	49.2
ABCC4	ENST00000645237	31	0		0		0		6	4,6,8,15,28,30	4598	0	0.0	0	0.0	0	0.0	1277	27.8
ABCC6	ENST00000205557	31	0		0		0		14	2-4,8,12,15-16,18-19,23-25,27,29	5132	0	0.0	0	0.0	0	0.0	2624	51.1
ABCC8	ENST00000302539	39	0		0		0		0		5529	0	0.0	0	0.0	0	0.0	0	0.0
ABCC8	ENST00000389817	39	0		0		0		11	2,4,6,8-10,19,25-26,29,36	5526	0	0.0	0	0.0	0	0.0	1877	34.0
ABCC9	ENST00000261200	38	0		0		0		13	3,5,12,17,22,24-25,27,30,32,35,37-38	5410	0	0.0	0	0.0	0	0.0	1725	31.9
ABCD1	ENST00000218104	10	0		0		0		10	1-10	2438	0	0.0	0	0.0	0	0.0	2438	100.0
ABCD3	ENST00000370214	23	0		0		0		6	2-4,10-11,13	2440	0	0.0	0	0.0	0	0.0	577	23.6
ABCD4	ENST00000356924	19	0		0		0		8	1,5,8-9,13,16,18-19	2201	0	0.0	0	0.0	0	0.0	862	39.2
ABCG2	ENST00000237612	15	0		0		0		4	2,9,13,16	2268	0	0.0	0	0.0	0	0.0	837	36.9
ABCG5	ENST00000405322	13	0		0		0		7	1,5,7-8,10,12-13	2216	0	0.0	0	0.0	0	0.0	1206	54.4
ABCG8	ENST00000272286	13	0		0		0		7	3-7,11-12	2282	0	0.0	0	0.0	0	0.0	1498	65.6
ABHD12	ENST00000339157	13	0		0		0		7	1,3-4,7,9-10,12	1457	0	0.0	0	0.0	0	0.0	978	67.1
ABHD16A	ENST00000395952	20	0		0		0		2	1,11	2077	0	0.0	0	0.0	0	0.0	222	10.7
ABHD2	ENST00000352732	9	0		0		0		3	6,10-11	1458	0	0.0	0	0.0	0	0.0	526	36.1
ABHD5	ENST00000644371	7	0		0		0		3	1,3,6	1190	0	0.0	0	0.0	0	0.0	667	56.1
ABI2	ENST00000261018	12	0		0		0		0		1869	0	0.0	0	0.0	0	0.0	0	0.0
ABL1	ENST00000318560	11	0		0		0		3	4,10-11	3613	0	0.0	0	0.0	0	0.0	2213	61.3
ABL2	ENST00000502732	12	0		0		0		5	1,3-4,11-12	3789	0	0.0	0	0.0	0	0.0	2622	69.2
ABRAXAS1	ENST00000321945	9	0		0		0		3	2,5,9	1410	0	0.0	0	0.0	0	0.0	779	55.2
ACAA1	ENST00000333167	12	0		0		0		3	6,9,12	1515	0	0.0	0	0.0	0	0.0	415	27.4
ACACA	ENST00000616317	56	0		0		0		16	1-2,12-13,15,22,25,28-29,35,38,40,42,51,54-55	8272	0	0.0	0	0.0	0	0.0	2525	30.5
ACACB	ENST00000338432	52	0		0		0		24	2,4,10-11,14-17,19,22-24,28-29,31,34-37,39,45,47,49,53	8417	0	0.0	0	0.0	0	0.0	4426	52.6
ACAD8	ENST00000281182	11	0		0		0		3	1,8-9	1468	0	0.0	0	0.0	0	0.0	420	28.6
ACAD9	ENST00000308982	18	0		0		0		4	1-3,16	2226	0	0.0	0	0.0	0	0.0	555	24.9
ACADL	ENST00000233710	11	0		0		0		4	1-2,4,6	1513	0	0.0	0	0.0	0	0.0	643	42.5
ACADM	ENST00000370841	12	0		0		0		6	2-4,8,11-12	1506	0	0.0	0	0.0	0	0.0	806	53.5
ACADS	ENST00000242592	10	0		0		0		4	2-3,5,8	1439	0	0.0	0	0.0	0	0.0	642	44.6
ACADSB	ENST00000358776	11	0		0		0		1	8	1519	0	0.0	0	0.0	0	0.0	110	7.2
ACADVL	ENST00000356839	20	0		0		0		4	6-7,10,18	2368	0	0.0	0	0.0	0	0.0	632	26.7
ACAN	ENST00000560601	18	0		0		0		7	3-4,7-9,11-12	8067	0	0.0	0	0.0	0	0.0	6186	76.7
ACAP3	ENST00000354700	24	0		0		0		0		2985	0	0.0	0	0.0	0	0.0	0	0.0
ACAT1	ENST00000265838	12	0		0		0		2	7,9	1524	0	0.0	0	0.0	0	0.0	305	20.0
ACAT2	ENST00000367048	9	0		0		0		3	3,5,7	1374	0	0.0	0	0.0	0	0.0	541	39.4
ACBD5	ENST00000396271	13	0		0		0		3	5,7,13	1838	0	0.0	0	0.0	0	0.0	392	21.3
ACBD6	ENST00000367595	8	0		0		0		6	2-3,5-8	1009	0	0.0	0	0.0	0	0.0	664	65.8
ACCS	ENST00000263776	14	0		0		0		4	2,11-13	1786	0	0.0	0	0.0	0	0.0	699	39.1
ACD	ENST00000620761	12	0		0		0		3	5,7,12	1617	0	0.0	0	0.0	0	0.0	336	20.8
ACE	ENST00000290866	25	0		0		0		12	1-2,5-6,14,17,19-24	4421	0	0.0	0	0.0	0	0.0	2250	50.9
ACER2	ENST00000340967	6	0		0		0		0		948	0	0.0	0	0.0	0	0.0	0	0.0
ACER3	ENST00000532485	11	0		0		0		1	5	1024	0	0.0	0	0.0	0	0.0	102	10.0
ACHE	ENST00000241069	4	0		0		0		2	2-3	1925	0	0.0	0	0.0	0	0.0	1593	82.8
ACKR1	ENST00000368122	2	0		0		0		1	2	1051	0	0.0	0	0.0	0	0.0	1010	96.1
ACKR3	ENST00000272928	1	0		0		0		1	2	1109	0	0.0	0	0.0	0	0.0	1109	100.0
ACLY	ENST00000352035	28	0		0		0		8	9-11,16,18,23-24,27	3866	0	0.0	0	0.0	0	0.0	1232	31.9
ACMSD	ENST00000356140	10	0		0		0		4	3,5-6,8	1211	0	0.0	0	0.0	0	0.0	681	56.2
ACO1	ENST00000309951	20	0		0		0		3	3,14,20	3070	0	0.0	0	0.0	0	0.0	572	18.6
ACO2	ENST00000216254	18	0		0		0		5	7,13-16	2703	0	0.0	0	0.0	0	0.0	809	29.9
ACOT7	ENST00000361521	9	0		0		0		3	5-6,8	1293	0	0.0	0	0.0	0	0.0	447	34.6
ACOX1	ENST00000293217	14	0		0		0		4	1-2,6,9	2263	0	0.0	0	0.0	0	0.0	656	29.0
ACOX2	ENST00000302819	14	0		0		0		5	4,10-11,13-14	2326	0	0.0	0	0.0	0	0.0	974	41.9
ACP2	ENST00000672073	11	0		0		0		5	1,5,9-11	1492	0	0.0	0	0.0	0	0.0	730	48.9
ACP4	ENST00000270593	11	0		0		0		1	6	1501	0	0.0	0	0.0	0	0.0	116	7.7
ACP5	ENST00000648477	4	0		0		0		2	4-5	1058	0	0.0	0	0.0	0	0.0	629	59.5
ACR	ENST00000216139	5	0		0		0		3	2-3,5	1366	0	0.0	0	0.0	0	0.0	1103	80.7
ACSF3	ENST00000614302	9	0		0		0		2	3-4	1911	0	0.0	0	0.0	0	0.0	862	45.1
ACSL4	ENST00000672401	14	0		0		3	3,15-16	14	3-16	2293	0	0.0	0	0.0	604	26.3	2293	100.0
ACSL5	ENST00000354655	20	0		0		0		7	8-12,16,21	2452	0	0.0	0	0.0	0	0.0	742	30.3
ACSL6	ENST00000651883	21	0		0		0		2	17,20	2589	0	0.0	0	0.0	0	0.0	229	8.8
ACSM2A	ENST00000573854	13	0		0		0		4	2-3,5,11	1994	0	0.0	0	0.0	0	0.0	740	37.1
ACSM3	ENST00000289416	13	0		0		0		4	2,10,13-14	2021	0	0.0	0	0.0	0	0.0	608	30.1
ACSM5	ENST00000331849	13	0		0		0		7	2,4-5,8,10-11,14	2000	0	0.0	0	0.0	0	0.0	1134	56.7
ACTA1	ENST00000366684	6	0		0		0		6	2-7	1254	0	0.0	0	0.0	0	0.0	1254	100.0
ACTA2	ENST00000224784	8	0		0		0		1	2	1294	0	0.0	0	0.0	0	0.0	149	11.5
ACTB	ENST00000646664	5	0		0		0		2	3-4	1228	0	0.0	0	0.0	0	0.0	719	58.6
ACTC1	ENST00000290378	6	0		0		0		2	3,5	1254	0	0.0	0	0.0	0	0.0	557	44.4
ACTG1	ENST00000573283	5	0		0		0		5	2-6	1228	0	0.0	0	0.0	0	0.0	1228	100.0
ACTG2	ENST00000345517	8	0		0		0		1	4	1291	0	0.0	0	0.0	0	0.0	131	10.1
ACTL6A	ENST00000429709	14	0		0		0		1	14	1570	0	0.0	0	0.0	0	0.0	101	6.4
ACTL6B	ENST00000160382	14	0		0		0		1	7	1561	0	0.0	0	0.0	0	0.0	127	8.1
ACTL7A	ENST00000333999	1	0		0		0		1	1	1328	0	0.0	0	0.0	0	0.0	1328	100.0
ACTL9	ENST00000324436	1	0		0		0		1	1	1271	0	0.0	0	0.0	0	0.0	1271	100.0
ACTN1	ENST00000394419	22	0		0		0		5	3,6,9-10,21	3185	0	0.0	0	0.0	0	0.0	782	24.6
ACTN2	ENST00000366578	21	0		0		0		6	1,9-10,16,20-21	3105	0	0.0	0	0.0	0	0.0	1023	32.9
ACTN3	ENST00000513398	21	0		0		0		4	10-11,18,20	3126	0	0.0	0	0.0	0	0.0	765	24.5
ACTN4	ENST00000252699	21	0		0		0		4	10-11,17-18	3156	0	0.0	0	0.0	0	0.0	786	24.9
ACVR1	ENST00000434821	9	0		0		0		4	4-5,9,11	1710	0	0.0	0	0.0	0	0.0	889	52.0
ACVR1B	ENST00000257963	9	0		0		0		4	2,6-8	1698	0	0.0	0	0.0	0	0.0	733	43.2
ACVR2B	ENST00000352511	11	0		0		0		6	2,5,7-10	1759	0	0.0	0	0.0	0	0.0	1006	57.2
ACVRL1	ENST00000388922	9	0		0		0		3	2,4,8	1692	0	0.0	0	0.0	0	0.0	531	31.4
ACY1	ENST00000636358	14	0		0		0		1	11	1507	0	0.0	0	0.0	0	0.0	165	10.9
ACY3	ENST00000255082	6	0		0		0		1	6	1080	0	0.0	0	0.0	0	0.0	128	11.9
ADA	ENST00000372874	12	0		0		0		4	3,6-7,9	1332	0	0.0	0	0.0	0	0.0	468	35.1
ADA2	ENST00000399837	9	0		0		0		3	3-4,9	1716	0	0.0	0	0.0	0	0.0	694	40.4
ADAM10	ENST00000260408	16	0		0		0		4	3-4,9,14	2567	0	0.0	0	0.0	0	0.0	743	28.9
ADAM17	ENST00000310823	19	0		0		0		4	2,13,17,19	2855	0	0.0	0	0.0	0	0.0	748	26.2
ADAM20	ENST00000256389	1	0		0		0		1	2	2201	0	0.0	0	0.0	0	0.0	2201	100.0
ADAM21	ENST00000603540	1	0		0		0		1	2	2189	0	0.0	0	0.0	0	0.0	2189	100.0
ADAM22	ENST00000413139	32	0		0		0		6	2,6,11,17,20,29	3535	0	0.0	0	0.0	0	0.0	736	20.8
ADAM9	ENST00000487273	22	0		0		0		4	1,4,6,16	2900	0	0.0	0	0.0	0	0.0	636	21.9
ADAMTS1	ENST00000284984	9	0		0		0		1	1	3084	0	0.0	0	0.0	0	0.0	750	24.3
ADAMTS10	ENST00000597188	24	0		0		0		7	4,8-12,17	3792	0	0.0	0	0.0	0	0.0	1206	31.8
ADAMTS13	ENST00000355699	29	0		0		0		6	6,14,20-22,24	4696	0	0.0	0	0.0	0	0.0	1034	22.0
ADAMTS15	ENST00000299164	8	0		0		0		4	1,4,6,8	3013	0	0.0	0	0.0	0	0.0	2278	75.6
ADAMTS16	ENST00000274181	23	0		0		0		10	3-4,7-10,14,19,22-23	4135	0	0.0	0	0.0	0	0.0	1943	47.0
ADAMTS17	ENST00000268070	22	0		0		0		10	2-3,6,12-14,17,19-20,22	3728	0	0.0	0	0.0	0	0.0	2015	54.1
ADAMTS18	ENST00000282849	23	0		0		0		10	1,3-5,8,10,12,15-16,22	4126	0	0.0	0	0.0	0	0.0	2010	48.7
ADAMTS19	ENST00000274487	23	0		0		0		10	1-2,6-8,11,14,18,20-21	4102	0	0.0	0	0.0	0	0.0	1997	48.7
ADAMTS2	ENST00000251582	22	0		0		0		8	3-4,6,11-13,15,19	4076	0	0.0	0	0.0	0	0.0	1419	34.8
ADAMTS3	ENST00000286657	22	0		0		0		5	3,6,13,15,22	4058	0	0.0	0	0.0	0	0.0	1460	36.0
ADAMTS4	ENST00000367996	9	0		0		0		2	2,9	2694	0	0.0	0	0.0	0	0.0	791	29.4
ADAMTS6	ENST00000381055	24	0		0		0		7	3-4,6-7,19,23,25	3834	0	0.0	0	0.0	0	0.0	1355	35.3
ADAMTS7	ENST00000388820	24	0		0		0		4	2,7,15,19	5541	0	0.0	0	0.0	0	0.0	2238	40.4
ADAMTS9	ENST00000498707	39	0		0		1	13	14	2-3,8,10,12-14,17,20,22,26-27,29,32	6588	0	0.0	0	0.0	202	3.1	2895	43.9
ADAMTSL2	ENST00000651351	18	0		0		0		4	4,8,10-11	3216	0	0.0	0	0.0	0	0.0	947	29.4
ADAMTSL4	ENST00000271643	17	0		0		0		1	6	3565	0	0.0	0	0.0	0	0.0	717	20.1
ADAMTSL5	ENST00000330475	11	0		0		0		0		1636	0	0.0	0	0.0	0	0.0	0	0.0
ADAR	ENST00000368474	15	0		0		0		8	2,6-9,11-12,15	3981	0	0.0	0	0.0	0	0.0	2984	75.0
ADARB1	ENST00000348831	9	0		0		0		4	4,6,8,10	2286	0	0.0	0	0.0	0	0.0	1532	67.0
ADAT3	ENST00000329478	1	0		0		0		0		1124	0	0.0	0	0.0	0	0.0	0	0.0
ADCK1	ENST00000238561	10	0		0		0		3	2,7,9	1772	0	0.0	0	0.0	0	0.0	510	28.8
ADCK2	ENST00000072869	8	0		0		0		6	1-3,5-6,8	2041	0	0.0	0	0.0	0	0.0	1851	90.7
ADCK5	ENST00000308860	15	0		0		0		1	2	2043	0	0.0	0	0.0	0	0.0	124	6.1
ADCY1	ENST00000297323	20	0		0		0		4	1,8,15,17	3760	0	0.0	0	0.0	0	0.0	1091	29.0
ADCY10	ENST00000367851	32	0		0		0		10	6,20-21,25-28,30,32-33	5473	0	0.0	0	0.0	0	0.0	2080	38.0
ADCY2	ENST00000338316	25	0		0		0		9	3-5,7-8,10,13,15,23	3776	0	0.0	0	0.0	0	0.0	1375	36.4
ADCY3	ENST00000679454	21	0		0		0		6	2,4,13-14,17,22	3855	0	0.0	0	0.0	0	0.0	1645	42.7
ADCY5	ENST00000462833	21	0		0		0		6	1-3,5,15,19	4206	0	0.0	0	0.0	0	0.0	2035	48.4
ADCY6	ENST00000357869	21	0		0		0		3	2,6,20	3927	0	0.0	0	0.0	0	0.0	1257	32.0
ADCY7	ENST00000673801	25	0		0		0		5	5,21,23,25-26	3743	0	0.0	0	0.0	0	0.0	783	20.9
ADCYAP1R1	ENST00000304166	15	0		0		0		4	3,7,11,14	1707	0	0.0	0	0.0	0	0.0	487	28.5
ADD1	ENST00000683351	15	0		0		0		5	2,5,10-11,16	2700	0	0.0	0	0.0	0	0.0	1176	43.6
ADD3	ENST00000356080	14	0		0		0		6	3-4,11-12,14-15	2401	0	0.0	0	0.0	0	0.0	1007	41.9
ADGRA3	ENST00000334304	19	0		0		0		6	1,4-5,13,16,19	4346	0	0.0	0	0.0	0	0.0	2102	48.4
ADGRE2	ENST00000315576	20	0		0		0		4	5,7,11,19	2872	0	0.0	0	0.0	0	0.0	730	25.4
ADGRF4	ENST00000283303	8	0		0		0		1	6	2248	0	0.0	0	0.0	0	0.0	1400	62.3
ADGRG1	ENST00000562631	13	0		0		0		4	2-3,12-13	2324	0	0.0	0	0.0	0	0.0	945	40.7
ADGRG2	ENST00000379869	27	0		0		4	5,8,11,13	25	4-24,26-29	3594	0	0.0	0	0.0	264	7.3	3336	92.8
ADGRG4	ENST00000394143	23	0		0		2	6,23	21	4-8,10-25	9703	0	0.0	0	0.0	6363	65.6	9585	98.8
ADGRG6	ENST00000367609	25	0		0		0		12	4-8,13-14,16,20,22-23,25	4253	0	0.0	0	0.0	0	0.0	2493	58.6
ADGRL1	ENST00000361434	22	0		0		0		6	3,5,10,18,20,23	4850	0	0.0	0	0.0	0	0.0	2328	48.0
ADGRV1	ENST00000405460	90	0		0		0		36	1-4,7,11-12,14-15,19-21,23-24,28,31,33,35,42,44,46-47,49,63,67,70-72,74,76,78-82,84	20721	0	0.0	0	0.0	0	0.0	10576	51.0
ADH1B	ENST00000305046	9	0		0		0		4	1,4,6,8	1308	0	0.0	0	0.0	0	0.0	586	44.8
ADH1C	ENST00000515683	9	0		0		0		5	3-4,6-8	1308	0	0.0	0	0.0	0	0.0	863	66.0
ADH5	ENST00000296412	9	0		0		0		0		1305	0	0.0	0	0.0	0	0.0	0	0.0
ADIPOQ	ENST00000320741	2	0		0		0		1	3	775	0	0.0	0	0.0	0	0.0	541	69.8
ADIPOR1	ENST00000340990	7	0		0		0		3	2-3,6	1268	0	0.0	0	0.0	0	0.0	506	39.9
ADK	ENST00000539909	11	0		0		0		3	9-11	1309	0	0.0	0	0.0	0	0.0	387	29.6
ADNP	ENST00000621696	3	0		0		0		2	4,6	3369	0	0.0	0	0.0	0	0.0	3256	96.6
ADORA2A	ENST00000337539	2	0		0		0		1	3	1279	0	0.0	0	0.0	0	0.0	927	72.5
ADPRM	ENST00000379774	3	0		0		0		2	2-3	1089	0	0.0	0	0.0	0	0.0	758	69.6
ADPRS	ENST00000373178	6	0		0		0		2	1,3	1212	0	0.0	0	0.0	0	0.0	459	37.9
ADRA1B	ENST00000306675	2	0		0		0		2	1-2	1603	0	0.0	0	0.0	0	0.0	1603	100.0
ADRA2A	ENST00000280155	1	0		0		0		1	1	1418	0	0.0	0	0.0	0	0.0	1418	100.0
ADRA2B	ENST00000620793	1	0		0		0		1	1	1373	0	0.0	0	0.0	0	0.0	1373	100.0
ADRA2C	ENST00000330055	1	0		0		0		1	1	1409	0	0.0	0	0.0	0	0.0	1409	100.0
ADRB1	ENST00000369295	1	0		0		0		1	1	1454	0	0.0	0	0.0	0	0.0	1454	100.0
ADRB2	ENST00000305988	1	0		0		0		1	1	1262	0	0.0	0	0.0	0	0.0	1262	100.0
ADRB3	ENST00000345060	2	0		0		0		2	1-2	1267	0	0.0	0	0.0	0	0.0	1267	100.0
ADSL	ENST00000623063	13	0		0		0		2	1,9	1715	0	0.0	0	0.0	0	0.0	341	19.9
ADSS1	ENST00000330877	13	0		0		0		1	12	1634	0	0.0	0	0.0	0	0.0	170	10.4
AEBP1	ENST00000223357	21	0		0		0		3	1,11,18	3897	0	0.0	0	0.0	0	0.0	805	20.7
AFAP1L1	ENST00000296721	19	0		0		0		6	7-8,11-13,17	2687	0	0.0	0	0.0	0	0.0	1202	44.7
AFAP1L2	ENST00000304129	19	0		0		0		5	2,4,10,12,17	2837	0	0.0	0	0.0	0	0.0	769	27.1
AFDN	ENST00000683244	34	0		0		0		7	5-6,19,21-22,30,32	6176	0	0.0	0	0.0	0	0.0	2319	37.5
AFF1	ENST00000395146	20	0		0		0		6	4,10-12,18,20	4057	0	0.0	0	0.0	0	0.0	2444	60.2
AFF2	ENST00000370460	21	0		0		3	3,11,15	21	1-21	4356	0	0.0	0	0.0	1996	45.8	4356	100.0
AFF3	ENST00000672756	22	0		0		0		11	4,6-8,13-15,17,20,24-25	4121	0	0.0	0	0.0	0	0.0	3028	73.5
AFF4	ENST00000265343	20	0		0		0		6	2-3,11,14-15,19	3892	0	0.0	0	0.0	0	0.0	2159	55.5
AFG2A	ENST00000274008	16	0		0		0		6	1,3,5,10,13,16	3002	0	0.0	0	0.0	0	0.0	1495	49.8
AFG2B	ENST00000305560	8	0		0		0		5	1-3,5,7	2422	0	0.0	0	0.0	0	0.0	1853	76.5
AFG3L2	ENST00000269143	17	0		0		0		7	3,6,8,12,14-15,17	2734	0	0.0	0	0.0	0	0.0	1229	45.0
AFP	ENST00000395792	14	0		0		0		5	6,9-11,13	2110	0	0.0	0	0.0	0	0.0	701	33.2
AGA	ENST00000264595	9	0		0		0		3	1,4,8	1221	0	0.0	0	0.0	0	0.0	434	35.5
AGAP1	ENST00000304032	18	0		0		0		6	1,9,12-14,18	2934	0	0.0	0	0.0	0	0.0	1056	36.0
AGBL1	ENST00000614907	23	0		0		0		9	1,4,7,9,11,14-15,21-22	3826	0	0.0	0	0.0	0	0.0	1799	47.0
AGBL2	ENST00000525123	18	0		0		0		4	2,10,14,17	3069	0	0.0	0	0.0	0	0.0	1135	37.0
AGBL4	ENST00000371839	14	0		0		0		3	3-4,10	1792	0	0.0	0	0.0	0	0.0	433	24.2
AGBL5	ENST00000360131	14	0		0		0		3	6-7,11	2941	0	0.0	0	0.0	0	0.0	911	31.0
AGFG2	ENST00000300176	12	0		0		0		1	5	1686	0	0.0	0	0.0	0	0.0	186	11.0
AGK	ENST00000649286	15	0		0		0		4	3,8,10,16	1569	0	0.0	0	0.0	0	0.0	433	27.6
AGL	ENST00000361915	33	0		0		0		11	3,7-8,16-17,19-22,31-32	5259	0	0.0	0	0.0	0	0.0	1676	31.9
AGMO	ENST00000342526	13	0		0		0		4	2,5,7,9	1598	0	0.0	0	0.0	0	0.0	508	31.8
AGO1	ENST00000373204	19	0		0		0		2	6,8	2954	0	0.0	0	0.0	0	0.0	323	10.9
AGO2	ENST00000220592	19	0		0		0		7	2,4-6,11-12,15	2960	0	0.0	0	0.0	0	0.0	1301	44.0
AGO3	ENST00000373191	19	0		0		0		1	12	2963	0	0.0	0	0.0	0	0.0	205	6.9
AGPAT2	ENST00000371696	6	0		0		0		1	3	957	0	0.0	0	0.0	0	0.0	196	20.5
AGPAT3	ENST00000291572	8	0		0		0		1	3	1291	0	0.0	0	0.0	0	0.0	198	15.3
AGPAT5	ENST00000285518	8	0		0		0		3	1,5-6	1255	0	0.0	0	0.0	0	0.0	529	42.2
AGPS	ENST00000264167	20	0		0		0		11	1-5,7-8,11,18-20	2377	0	0.0	0	0.0	0	0.0	1426	60.0
AGR2	ENST00000419304	7	0		0		0		2	2,8	668	0	0.0	0	0.0	0	0.0	229	34.3
AGRN	ENST00000379370	36	0		0		0		4	5-7,25	6858	0	0.0	0	0.0	0	0.0	953	13.9
AGRP	ENST00000290953	3	0		0		0		0		459	0	0.0	0	0.0	0	0.0	0	0.0
AGT	ENST00000366667	4	0		0		0		3	2-3,5	1511	0	0.0	0	0.0	0	0.0	1346	89.1
AGTPBP1	ENST00000357081	25	0		0		0		7	3,7,13-14,20-21,25	4181	0	0.0	0	0.0	0	0.0	1723	41.2
AGTR1	ENST00000349243	1	0		0		0		1	3	1100	0	0.0	0	0.0	0	0.0	1100	100.0
AGTR2	ENST00000371906	1	0		0		1	3	1	3	1112	0	0.0	0	0.0	1112	100.0	1112	100.0
AGXT	ENST00000307503	11	0		0		0		1	10	1399	0	0.0	0	0.0	0	0.0	149	10.7
AGXT2	ENST00000231420	14	0		0		0		4	3,5,7,14	1825	0	0.0	0	0.0	0	0.0	562	30.8
AHCY	ENST00000217426	10	0		0		0		3	2,9-10	1499	0	0.0	0	0.0	0	0.0	578	38.6
AHDC1	ENST00000673934	1	0		0		0		1	8	4832	0	0.0	0	0.0	0	0.0	4832	100.0
AHI1	ENST00000265602	26	0		0		0		8	7-11,18,21,25	4111	0	0.0	0	0.0	0	0.0	1890	46.0
AHNAK2	ENST00000333244	7	0		0		0		3	3,6-7	17528	0	0.0	0	0.0	0	0.0	17081	97.4
AHR	ENST00000242057	11	0		0		0		6	3,5,7-8,10-11	2767	0	0.0	0	0.0	0	0.0	2051	74.1
AHSG	ENST00000411641	7	0		0		0		2	5,7	1244	0	0.0	0	0.0	0	0.0	487	39.1
AICDA	ENST00000229335	5	0		0		0		3	1-3	697	0	0.0	0	0.0	0	0.0	487	69.9
AIFM1	ENST00000287295	16	0		0		4	5,10-12	16	1-16	2162	0	0.0	0	0.0	549	25.4	2162	100.0
AIMP1	ENST00000672341	6	0		0		0		2	4-5	1059	0	0.0	0	0.0	0	0.0	420	39.7
AIMP2	ENST00000223029	4	0		0		0		1	2	1043	0	0.0	0	0.0	0	0.0	227	21.8
AIP	ENST00000279146	6	0		0		0		0		1113	0	0.0	0	0.0	0	0.0	0	0.0
AIPL1	ENST00000381129	6	0		0		0		6	1-6	1275	0	0.0	0	0.0	0	0.0	1275	100.0
AIRE	ENST00000291582	14	0		0		0		0		1918	0	0.0	0	0.0	0	0.0	0	0.0
AJAP1	ENST00000378191	5	0		0		0		1	2	1336	0	0.0	0	0.0	0	0.0	820	61.4
AK1	ENST00000644144	6	0		0		0		1	6	705	0	0.0	0	0.0	0	0.0	212	30.1
AK2	ENST00000672715	6	0		0		0		0		840	0	0.0	0	0.0	0	0.0	0	0.0
AK7	ENST00000267584	18	0		0		0		9	1-3,5,9-10,14-15,18	2532	0	0.0	0	0.0	0	0.0	1228	48.5
AK9	ENST00000424296	40	0		0		0		18	2,11-13,16,18,21-23,25-28,30,32-34,36	6536	0	0.0	0	0.0	0	0.0	3420	52.3
AKAP10	ENST00000225737	15	0		0		0		8	4-5,7,9-11,13-14	2289	0	0.0	0	0.0	0	0.0	1519	66.4
AKAP3	ENST00000228850	3	0		0		0		2	5-6	2622	0	0.0	0	0.0	0	0.0	2506	95.6
AKAP6	ENST00000280979	12	0		0		0		3	4,12-13	7200	0	0.0	0	0.0	0	0.0	5418	75.2
AKAP7	ENST00000431975	8	0		0		0		5	2,4-5,7-8	1207	0	0.0	0	0.0	0	0.0	875	72.5
AKAP9	ENST00000356239	50	0		0		0		17	7-8,10,17,20-21,23,31,33,39,41-46,50	12724	0	0.0	0	0.0	0	0.0	7252	57.0
AKNA	ENST00000374088	21	0		0		0		6	5-6,9,12,21-22	4740	0	0.0	0	0.0	0	0.0	1333	28.1
AKR1B1	ENST00000285930	10	0		0		0		2	2,5	1151	0	0.0	0	0.0	0	0.0	331	28.8
AKR1B15	ENST00000457545	10	0		0		0		2	7,10	1235	0	0.0	0	0.0	0	0.0	247	20.0
AKR1C2	ENST00000380753	9	0		0		0		2	1,7	1152	0	0.0	0	0.0	0	0.0	290	25.2
AKR1C4	ENST00000263126	9	0		0		0		4	1,3,7-8	1152	0	0.0	0	0.0	0	0.0	530	46.0
AKR1D1	ENST00000242375	9	0		0		0		2	3-4	1161	0	0.0	0	0.0	0	0.0	235	20.2
AKR1E2	ENST00000298375	10	0		0		0		2	5-6	1163	0	0.0	0	0.0	0	0.0	261	22.4
AKT1	ENST00000649815	13	0		0		0		0		1703	0	0.0	0	0.0	0	0.0	0	0.0
AKT2	ENST00000392038	13	0		0		0		5	4-5,10-12	1706	0	0.0	0	0.0	0	0.0	798	46.8
AKT3	ENST00000673466	13	0		0		0		5	3,6,9-10,13	1700	0	0.0	0	0.0	0	0.0	713	41.9
ALAD	ENST00000409155	11	0		0		0		1	5	1213	0	0.0	0	0.0	0	0.0	156	12.9
ALAS2	ENST00000650242	10	0		0		2	3,7	10	2-11	1964	0	0.0	0	0.0	343	17.5	1964	100.0
ALB	ENST00000295897	14	0		0		0		5	4-6,8-9	2110	0	0.0	0	0.0	0	0.0	891	42.2
ALDH18A1	ENST00000371224	17	0		0		0		4	2-4,13	2728	0	0.0	0	0.0	0	0.0	671	24.6
ALDH1A1	ENST00000297785	13	0		0		0		2	5,12	1766	0	0.0	0	0.0	0	0.0	177	10.0
ALDH1A2	ENST00000249750	13	0		0		0		6	1-2,7-9,11	1817	0	0.0	0	0.0	0	0.0	902	49.6
ALDH1A3	ENST00000329841	13	0		0		0		4	2,6,8,13	1799	0	0.0	0	0.0	0	0.0	490	27.2
ALDH1B1	ENST00000377698	1	0		0		0		1	2	1574	0	0.0	0	0.0	0	0.0	1574	100.0
ALDH1L2	ENST00000258494	23	0		0		0		4	7,11-12,21	3232	0	0.0	0	0.0	0	0.0	569	17.6
ALDH2	ENST00000261733	13	0		0		0		6	7-9,11-13	1814	0	0.0	0	0.0	0	0.0	828	45.6
ALDH3A2	ENST00000176643	10	0		0		0		4	2,4,6-7	1658	0	0.0	0	0.0	0	0.0	830	50.1
ALDH4A1	ENST00000375341	15	0		0		0		2	10,12	1992	0	0.0	0	0.0	0	0.0	390	19.6
ALDH5A1	ENST00000357578	10	0		0		0		4	3,6-7,10	1808	0	0.0	0	0.0	0	0.0	760	42.0
ALDH6A1	ENST00000553458	12	0		0		0		7	1-3,5-6,9-10	1848	0	0.0	0	0.0	0	0.0	1070	57.9
ALDH7A1	ENST00000409134	18	0		0		0		2	1,6	1980	0	0.0	0	0.0	0	0.0	365	18.4
ALDOA	ENST00000642816	9	0		0		0		5	3-4,6,8-9	1437	0	0.0	0	0.0	0	0.0	981	68.3
ALDOB	ENST00000647789	8	0		0		0		2	4,7	1255	0	0.0	0	0.0	0	0.0	270	21.5
ALG1	ENST00000262374	13	0		0		0		2	1,7	1655	0	0.0	0	0.0	0	0.0	370	22.4
ALG10	ENST00000266483	3	0		0		0		1	1	1482	0	0.0	0	0.0	0	0.0	191	12.9
ALG10B	ENST00000308742	3	0		0		0		2	1,3	1482	0	0.0	0	0.0	0	0.0	1264	85.3
ALG11	ENST00000521508	4	0		0		0		2	1,4	1559	0	0.0	0	0.0	0	0.0	356	22.8
ALG12	ENST00000330817	9	0		0		0		4	3,5,7,10	1647	0	0.0	0	0.0	0	0.0	861	52.3
ALG13	ENST00000394780	27	0		0		5	1,12,14,20,25	27	1-27	3954	0	0.0	0	0.0	465	11.8	3954	100.0
ALG14	ENST00000370205	4	0		0		0		1	4	731	0	0.0	0	0.0	0	0.0	251	34.3
ALG2	ENST00000476832	2	0		0		0		2	1-2	1291	0	0.0	0	0.0	0	0.0	1291	100.0
ALG3	ENST00000397676	9	0		0		0		3	1,6,9	1497	0	0.0	0	0.0	0	0.0	625	41.8
ALG5	ENST00000239891	10	0		0		0		3	2,4-5	1175	0	0.0	0	0.0	0	0.0	394	33.5
ALG6	ENST00000263440	14	0		0		0		6	3,6,9,11,13,15	1804	0	0.0	0	0.0	0	0.0	776	43.0
ALG8	ENST00000299626	13	0		0		0		6	1-3,8,10,12	1841	0	0.0	0	0.0	0	0.0	822	44.6
ALG9	ENST00000616540	15	0		0		0		8	1,3,7,9-10,12,14-15	2157	0	0.0	0	0.0	0	0.0	1195	55.4
ALK	ENST00000389048	29	0		0		0		6	1-3,18,24,29	5443	0	0.0	0	0.0	0	0.0	2022	37.1
ALKBH2	ENST00000429722	3	0		0		0		1	4	846	0	0.0	0	0.0	0	0.0	327	38.7
ALKBH8	ENST00000428149	11	0		0		0		1	4	2215	0	0.0	0	0.0	0	0.0	152	6.9
ALMS1	ENST00000613296	23	0		0		0		9	4-5,8-10,14,16,18-19	12967	0	0.0	0	0.0	0	0.0	10622	81.9
ALOX12B	ENST00000647874	15	0		0		0		3	2,6,9	2406	0	0.0	0	0.0	0	0.0	573	23.8
ALOX15	ENST00000293761	14	0		0		0		9	2-4,6-10,13	2269	0	0.0	0	0.0	0	0.0	1527	67.3
ALOX5	ENST00000374391	14	0		0		0		9	1,3-4,6-9,13-14	2305	0	0.0	0	0.0	0	0.0	1497	64.9
ALOX5AP	ENST00000380490	5	0		0		0		1	3	586	0	0.0	0	0.0	0	0.0	91	15.5
ALOXE3	ENST00000448843	15	0		0		0		7	2-3,8,10,12-13,16	2436	0	0.0	0	0.0	0	0.0	1341	55.0
ALPG	ENST00000295453	11	0		0		0		3	4,8-9	1819	0	0.0	0	0.0	0	0.0	562	30.9
ALPI	ENST00000295463	11	0		0		0		4	5,8-9,11	1807	0	0.0	0	0.0	0	0.0	867	48.0
ALPK1	ENST00000650871	14	0		0		0		2	7,11	4015	0	0.0	0	0.0	0	0.0	2261	56.3
ALPK3	ENST00000258888	14	0		0		0		6	3-6,9,14	5398	0	0.0	0	0.0	0	0.0	4137	76.6
ALPL	ENST00000374840	11	0		0		0		3	3,7,12	1795	0	0.0	0	0.0	0	0.0	590	32.9
ALS2	ENST00000264276	33	0		0		0		8	4-7,11,13,19,34	5634	0	0.0	0	0.0	0	0.0	2171	38.5
ALX1	ENST00000316824	4	0		0		0		3	1-2,4	1061	0	0.0	0	0.0	0	0.0	912	86.0
ALX3	ENST00000647563	4	0		0		0		1	2	1112	0	0.0	0	0.0	0	0.0	337	30.3
ALX4	ENST00000652299	4	0		0		0		3	1,3-4	1316	0	0.0	0	0.0	0	0.0	985	74.8
AMACR	ENST00000335606	5	0		0		0		3	1-2,5	1249	0	0.0	0	0.0	0	0.0	861	68.9
AMBN	ENST00000322937	13	0		0		0		4	5,11-13	1604	0	0.0	0	0.0	0	0.0	827	51.6
AMBRA1	ENST00000683756	17	0		0		0		4	7,13-14,17	4237	0	0.0	0	0.0	0	0.0	2072	48.9
AMELX	ENST00000380714	5	0		0		1	6	5	2-6	676	0	0.0	0	0.0	26	3.8	676	100.0
AMER1	ENST00000374869	1	0		0		1	2	1	2	3428	0	0.0	0	0.0	3428	100.0	3428	100.0
AMFR	ENST00000290649	14	0		0		0		6	4,6,9-10,13-14	2212	0	0.0	0	0.0	0	0.0	1034	46.7
AMH	ENST00000221496	5	0		0		0		1	5	1783	0	0.0	0	0.0	0	0.0	879	49.3
AMHR2	ENST00000257863	11	0		0		0		2	6,9	1942	0	0.0	0	0.0	0	0.0	419	21.6
AMIGO2	ENST00000550413	1	0		0		0		1	3	1589	0	0.0	0	0.0	0	0.0	1589	100.0
AMMECR1	ENST00000262844	6	0		0		2	1-2	6	1-6	1122	0	0.0	0	0.0	624	55.6	1122	100.0
AMN	ENST00000299155	12	0		0		0		1	5	1602	0	0.0	0	0.0	0	0.0	238	14.9
AMOTL1	ENST00000433060	13	0		0		0		4	1,3,5,11	3131	0	0.0	0	0.0	0	0.0	1423	45.4
AMPD1	ENST00000520113	16	0		0		0		8	4,6-7,10-11,13,15-16	2564	0	0.0	0	0.0	0	0.0	1358	53.0
AMPD2	ENST00000528667	18	0		0		0		1	12	2838	0	0.0	0	0.0	0	0.0	152	5.4
AMPD3	ENST00000396553	14	0		0		0		5	3,5-6,10-11	2584	0	0.0	0	0.0	0	0.0	946	36.6
AMT	ENST00000273588	9	0		0		0		3	2-4	1392	0	0.0	0	0.0	0	0.0	441	31.7
AMTN	ENST00000339336	8	0		0		0		1	5	790	0	0.0	0	0.0	0	0.0	110	13.9
AMZ1	ENST00000683327	6	0		0		0		2	4,7	1617	0	0.0	0	0.0	0	0.0	718	44.4
ANAPC1	ENST00000341068	47	0		0		0		14	2,10,12,15-16,19,23,25-26,29,33-34,38,46	6775	0	0.0	0	0.0	0	0.0	2478	36.6
ANAPC7	ENST00000455511	11	0		0		0		1	7	1918	0	0.0	0	0.0	0	0.0	138	7.2
ANG	ENST00000397990	1	0		0		0		0		464	0	0.0	0	0.0	0	0.0	0	0.0
ANGPT1	ENST00000517746	9	0		0		0		3	1,3-4	1677	0	0.0	0	0.0	0	0.0	712	42.5
ANGPT2	ENST00000629816	9	0		0		0		3	7-9	1668	0	0.0	0	0.0	0	0.0	519	31.1
ANGPTL3	ENST00000371129	7	0		0		0		3	1,3,7	1523	0	0.0	0	0.0	0	0.0	855	56.1
ANGPTL4	ENST00000301455	7	0		0		0		2	1,7	1361	0	0.0	0	0.0	0	0.0	540	39.7
ANGPTL6	ENST00000253109	5	0		0		0		2	2,5	1513	0	0.0	0	0.0	0	0.0	893	59.0
ANGPTL8	ENST00000252453	4	0		0		0		0		677	0	0.0	0	0.0	0	0.0	0	0.0
ANK1	ENST00000289734	42	0		0		0		17	2-3,6,9,13,17,20,25-28,31-33,36,38-39	6483	0	0.0	0	0.0	0	0.0	3376	52.1
ANK2	ENST00000357077	46	0		0		0		6	3,6,12,15,38,43	12794	0	0.0	0	0.0	0	0.0	7249	56.7
ANK3	ENST00000280772	43	0		0		0		12	4-5,17,22,27-29,33,37-39,42	13994	0	0.0	0	0.0	0	0.0	9825	70.2
ANKDD1B	ENST00000601380	14	0		0		0		5	1,5,11,13-14	1867	0	0.0	0	0.0	0	0.0	688	36.9
ANKFY1	ENST00000341657	25	0		0		0		6	12,18-21,23	4010	0	0.0	0	0.0	0	0.0	1113	27.8
ANKH	ENST00000284268	12	0		0		0		2	1,11	1719	0	0.0	0	0.0	0	0.0	236	13.7
ANKLE2	ENST00000357997	13	0		0		0		7	2-5,8,11,13	3077	0	0.0	0	0.0	0	0.0	2156	70.1
ANKRD1	ENST00000371697	9	0		0		0		6	2-4,7-9	1140	0	0.0	0	0.0	0	0.0	855	75.0
ANKRD11	ENST00000301030	11	0		0		0		6	4-5,8-9,12-13	8212	0	0.0	0	0.0	0	0.0	7435	90.5
ANKRD16	ENST00000380094	7	0		0		0		2	2,5	1226	0	0.0	0	0.0	0	0.0	423	34.5
ANKRD17	ENST00000358602	34	0		0		0		6	6-7,17-18,26,29	8492	0	0.0	0	0.0	0	0.0	2789	32.8
ANKRD24	ENST00000318934	21	0		0		0		5	4-5,9-10,18	3861	0	0.0	0	0.0	0	0.0	2229	57.7
ANKRD26	ENST00000376087	34	0		0		0		12	1,8,12,15,17,21,23-24,28-29,31-32	5813	0	0.0	0	0.0	0	0.0	2888	49.7
ANKRD30A	ENST00000361713	35	0		0		0		6	1,4,8,32-34	4894	0	0.0	0	0.0	0	0.0	1826	37.3
ANKRD31	ENST00000506364	26	0		0		0		16	1,4-5,7-10,13-16,19,21-23,26	6313	0	0.0	0	0.0	0	0.0	5028	79.6
ANKRD33B	ENST00000296657	4	0		0		0		3	1-2,4	1565	0	0.0	0	0.0	0	0.0	1404	89.7
ANKRD36	ENST00000420699	75	0		0		0		12	1-3,6,24,26,33-34,36,72-74	7248	0	0.0	0	0.0	0	0.0	1433	19.8
ANKRD54	ENST00000215941	8	0		0		0		1	1	1063	0	0.0	0	0.0	0	0.0	348	32.7
ANKS1A	ENST00000360359	24	0		0		0		10	2-4,8-9,11,16,18,20,22	3885	0	0.0	0	0.0	0	0.0	2104	54.2
ANKS1B	ENST00000683438	27	0		0		0		11	2,4-5,8,10,13,15,18,21,25,27	4398	0	0.0	0	0.0	0	0.0	2190	49.8
ANKS3	ENST00000304283	15	0		0		0		6	3,5-8,16	2271	0	0.0	0	0.0	0	0.0	873	38.4
ANKS6	ENST00000353234	15	0		0		0		7	2,4-5,7-8,11,13	2916	0	0.0	0	0.0	0	0.0	1442	49.5
ANKZF1	ENST00000323348	13	0		0		0		1	10	2441	0	0.0	0	0.0	0	0.0	507	20.8
ANLN	ENST00000265748	24	0		0		0		6	5,9,12,14-15,21	3855	0	0.0	0	0.0	0	0.0	993	25.8
ANO1	ENST00000355303	26	0		0		0		9	1-5,11,22,25-26	3481	0	0.0	0	0.0	0	0.0	1614	46.4
ANO10	ENST00000292246	12	0		0		0		5	2-4,6,11	2223	0	0.0	0	0.0	0	0.0	1271	57.2
ANO3	ENST00000256737	27	0		0		0		4	3-4,23-24	3486	0	0.0	0	0.0	0	0.0	572	16.4
ANO4	ENST00000392977	26	0		0		0		7	2,6,11-12,14,16,19	3388	0	0.0	0	0.0	0	0.0	867	25.6
ANO5	ENST00000324559	22	0		0		0		5	7,10,12-13,16	3182	0	0.0	0	0.0	0	0.0	903	28.4
ANO6	ENST00000320560	20	0		0		0		5	3-5,7,17	3133	0	0.0	0	0.0	0	0.0	905	28.9
ANO7	ENST00000674324	24	0		0		0		3	6-7,20	3120	0	0.0	0	0.0	0	0.0	461	14.8
ANOS1	ENST00000262648	14	0		0		9	1,4,7-9,11-14	14	1-14	2323	0	0.0	0	0.0	1702	73.3	2323	100.0
ANTXR1	ENST00000303714	18	0		0		0		2	10,12	2055	0	0.0	0	0.0	0	0.0	218	10.6
ANTXR2	ENST00000403729	17	0		0		0		4	1-2,7,9	1807	0	0.0	0	0.0	0	0.0	484	26.8
ANXA11	ENST00000422982	14	0		0		0		6	7,9-11,13,15	1798	0	0.0	0	0.0	0	0.0	662	36.8
ANXA5	ENST00000296511	12	0		0		0		4	2,8-9,13	1203	0	0.0	0	0.0	0	0.0	300	24.9
ANXA6	ENST00000354546	25	0		0		0		4	2,7,22,26	2522	0	0.0	0	0.0	0	0.0	332	13.2
AOC1	ENST00000360937	4	0		0		0		3	2-3,5	2336	0	0.0	0	0.0	0	0.0	2183	93.5
AOPEP	ENST00000375315	15	0		0		0		5	3,8,11,13-14	2760	0	0.0	0	0.0	0	0.0	623	22.6
AOX1	ENST00000374700	35	0		0		0		13	1,8,15-16,20-21,23-24,26-29,35	4717	0	0.0	0	0.0	0	0.0	1618	34.3
AP1B1	ENST00000357586	22	0		0		0		5	3,6,13-14,19	3290	0	0.0	0	0.0	0	0.0	944	28.7
AP1G1	ENST00000299980	22	0		0		0		7	4,6-8,12-13,19	2909	0	0.0	0	0.0	0	0.0	859	29.5
AP1S1	ENST00000337619	5	0		0		0		0		577	0	0.0	0	0.0	0	0.0	0	0.0
AP1S2	ENST00000672987	5	0		0		0		4	2-3,5-6	583	0	0.0	0	0.0	0	0.0	425	72.9
AP1S3	ENST00000396654	5	0		0		0		2	4-5	565	0	0.0	0	0.0	0	0.0	214	37.9
AP2A2	ENST00000448903	22	0		0		0		9	2-4,9,12,17-19,21	3260	0	0.0	0	0.0	0	0.0	1319	40.5
AP2M1	ENST00000292807	11	0		0		0		5	3,7,9-10,12	1528	0	0.0	0	0.0	0	0.0	877	57.4
AP2S1	ENST00000263270	5	0		0		0		0		529	0	0.0	0	0.0	0	0.0	0	0.0
AP3B1	ENST00000255194	27	0		0		0		9	1,8,11,15-17,23-24,27	3825	0	0.0	0	0.0	0	0.0	1502	39.3
AP3B2	ENST00000535359	27	0		0		0		6	1,8,10,14-15,23	3846	0	0.0	0	0.0	0	0.0	1182	30.7
AP3D1	ENST00000643116	32	0		0		0		6	6-7,13-15,31	4288	0	0.0	0	0.0	0	0.0	1082	25.2
AP4B1	ENST00000369569	10	0		0		0		5	1-2,5,8,10	2420	0	0.0	0	0.0	0	0.0	1571	64.9
AP4E1	ENST00000261842	21	0		0		0		7	1,7,9,14,18-19,21	3834	0	0.0	0	0.0	0	0.0	1793	46.8
AP4M1	ENST00000359593	15	0		0		0		0		1662	0	0.0	0	0.0	0	0.0	0	0.0
AP4S1	ENST00000542754	5	0		0		0		1	3	535	0	0.0	0	0.0	0	0.0	107	20.0
AP5B1	ENST00000532090	2	0		0		0		1	2	2677	0	0.0	0	0.0	0	0.0	2507	93.6
AP5Z1	ENST00000649063	17	0		0		0		3	3,10,12	2764	0	0.0	0	0.0	0	0.0	567	20.5
APAF1	ENST00000551964	26	0		0		0		8	3,7,9,16,20,22-23,25	4267	0	0.0	0	0.0	0	0.0	1268	29.7
APBA2	ENST00000683413	12	0		0		0		5	4,6,9,11-12	2490	0	0.0	0	0.0	0	0.0	1568	63.0
APBA3	ENST00000316757	10	0		0		0		3	2-3,9	1928	0	0.0	0	0.0	0	0.0	796	41.3
APBB1	ENST00000609360	14	0		0		0		2	2,14	2413	0	0.0	0	0.0	0	0.0	938	38.9
APC	ENST00000257430	15	0		0		0		4	3,8,14,16	8832	0	0.0	0	0.0	0	0.0	6961	78.8
APC2	ENST00000590469	14	0		0		0		2	10,15	7192	0	0.0	0	0.0	0	0.0	5195	72.2
APCDD1	ENST00000355285	5	0		0		0		4	1,3-5	1645	0	0.0	0	0.0	0	0.0	1441	87.6
APCS	ENST00000255040	2	0		0		0		1	2	712	0	0.0	0	0.0	0	0.0	628	88.2
APEX1	ENST00000216714	4	0		0		0		1	5	1037	0	0.0	0	0.0	0	0.0	538	51.9
APH1A	ENST00000369109	7	0		0		0		0		938	0	0.0	0	0.0	0	0.0	0	0.0
APH1B	ENST00000261879	6	0		0		0		3	1,5-6	894	0	0.0	0	0.0	0	0.0	469	52.5
APOA1	ENST00000236850	3	0		0		0		1	4	864	0	0.0	0	0.0	0	0.0	624	72.2
APOA2	ENST00000367990	3	0		0		0		0		363	0	0.0	0	0.0	0	0.0	0	0.0
APOA4	ENST00000357780	3	0		0		0		1	3	1251	0	0.0	0	0.0	0	0.0	1035	82.7
APOA5	ENST00000227665	3	0		0		0		1	3	1161	0	0.0	0	0.0	0	0.0	960	82.7
APOB	ENST00000233242	29	0		0		0		14	3,9-10,13,16-17,19,21-23,25-26,28-29	14272	0	0.0	0	0.0	0	0.0	11909	83.4
APOC2	ENST00000252490	3	0		0		0		0		366	0	0.0	0	0.0	0	0.0	0	0.0
APOC3	ENST00000227667	3	0		0		0		0		360	0	0.0	0	0.0	0	0.0	0	0.0
APOC4	ENST00000592954	3	0		0		0		0		444	0	0.0	0	0.0	0	0.0	0	0.0
APOE	ENST00000252486	3	0		0		0		1	4	1014	0	0.0	0	0.0	0	0.0	738	72.8
APOL1	ENST00000397278	5	0		0		0		1	6	1297	0	0.0	0	0.0	0	0.0	903	69.6
APOL2	ENST00000358502	3	0		0		0		1	5	1074	0	0.0	0	0.0	0	0.0	897	83.5
APOL4	ENST00000683024	4	0		0		0		1	4	1127	0	0.0	0	0.0	0	0.0	858	76.1
APOLD1	ENST00000356591	2	0		0		0		2	1-2	787	0	0.0	0	0.0	0	0.0	787	100.0
APOO	ENST00000379226	8	0		0		1	8	8	1-8	757	0	0.0	0	0.0	56	7.4	757	100.0
APP	ENST00000346798	18	0		0		0		8	2-3,5,7,9,11,14,18	2673	0	0.0	0	0.0	0	0.0	1437	53.8
APPL1	ENST00000288266	22	0		0		0		7	3-4,12,14-15,17,20	2570	0	0.0	0	0.0	0	0.0	819	31.9
APRT	ENST00000378364	5	0		0		0		0		643	0	0.0	0	0.0	0	0.0	0	0.0
APTX	ENST00000379817	7	0		0		0		2	2,6	1169	0	0.0	0	0.0	0	0.0	400	34.2
AQP1	ENST00000311813	4	0		0		0		0		890	0	0.0	0	0.0	0	0.0	0	0.0
AQP2	ENST00000199280	4	0		0		0		2	1,3	896	0	0.0	0	0.0	0	0.0	481	53.7
AQP3	ENST00000297991	6	0		0		0		0		999	0	0.0	0	0.0	0	0.0	0	0.0
AQP4	ENST00000383168	5	0		0		0		2	2-3	1072	0	0.0	0	0.0	0	0.0	620	57.8
AQP5	ENST00000293599	4	0		0		0		1	1	878	0	0.0	0	0.0	0	0.0	383	43.6
AQP7	ENST00000297988	7	0		0		0		1	8	1169	0	0.0	0	0.0	0	0.0	306	26.2
AR	ENST00000374690	8	0		0		4	1-2,4-5	7	1-5,7-8	2923	0	0.0	0	0.0	2281	78.0	2772	94.8
ARAF	ENST00000377045	15	0		0		2	5,9	15	2-16	2121	0	0.0	0	0.0	341	16.1	2121	100.0
ARAP3	ENST00000239440	32	0		0		0		5	10,19-20,26,33	5275	0	0.0	0	0.0	0	0.0	1292	24.5
ARCN1	ENST00000264028	10	0		0		0		1	2	1736	0	0.0	0	0.0	0	0.0	284	16.4
AREL1	ENST00000356357	18	0		0		0		4	4,7,14-15	2832	0	0.0	0	0.0	0	0.0	794	28.0
ARF1	ENST00000272102	4	0		0		0		0		626	0	0.0	0	0.0	0	0.0	0	0.0
ARF3	ENST00000256682	4	0		0		0		1	2	626	0	0.0	0	0.0	0	0.0	168	26.8
ARFGEF1	ENST00000262215	39	0		0		0		14	6,9-11,14,16,20,24,26,28,30,35-36,39	6330	0	0.0	0	0.0	0	0.0	2521	39.8
ARFGEF2	ENST00000371917	39	0		0		0		17	1,4,8,11-12,15,19-20,26-28,30-31,34,36-37,39	6138	0	0.0	0	0.0	0	0.0	2745	44.7
ARFGEF3	ENST00000251691	34	0		0		0		17	1,8,10-14,17-21,24,26-27,31,33	7214	0	0.0	0	0.0	0	0.0	4806	66.6
ARG1	ENST00000368087	8	0		0		0		3	4-5,7	1129	0	0.0	0	0.0	0	0.0	452	40.0
ARGLU1	ENST00000400198	4	0		0		0		3	1-2,4	902	0	0.0	0	0.0	0	0.0	798	88.5
ARHGAP19	ENST00000358531	12	0		0		0		5	1,8-9,11-12	1725	0	0.0	0	0.0	0	0.0	537	31.1
ARHGAP21	ENST00000396432	25	0		0		0		8	8-9,14-16,19-20,26	6377	0	0.0	0	0.0	0	0.0	4422	69.3
ARHGAP24	ENST00000395184	9	0		0		0		4	3,5,9-10	2427	0	0.0	0	0.0	0	0.0	1695	69.8
ARHGAP26	ENST00000645722	23	0		0		0		3	1,17-18	2740	0	0.0	0	0.0	0	0.0	480	17.5
ARHGAP29	ENST00000260526	22	0		0		0		12	2,5,7-9,11-12,15,18-19,21,23	4226	0	0.0	0	0.0	0	0.0	2788	66.0
ARHGAP31	ENST00000264245	12	0		0		0		5	6-7,10-12	4575	0	0.0	0	0.0	0	0.0	3708	81.0
ARHGAP32	ENST00000682385	23	0		0		0		9	2-3,12-13,15,19,21-23	6766	0	0.0	0	0.0	0	0.0	4975	73.5
ARHGAP33	ENST00000007510	21	0		0		0		2	7-8	4284	0	0.0	0	0.0	0	0.0	241	5.6
ARHGAP35	ENST00000672722	6	0		0		0		3	2-3,6	4620	0	0.0	0	0.0	0	0.0	3992	86.4
ARHGAP39	ENST00000377307	11	0		0		0		8	2-7,9,12	3565	0	0.0	0	0.0	0	0.0	3169	88.9
ARHGAP4	ENST00000350060	22	0		0		2	6-7	21	1-12,14-22	3281	0	0.0	0	0.0	391	11.9	3200	97.5
ARHGAP42	ENST00000298815	24	0		0		0		10	3-4,6,8,13-14,17,20,22-23	3105	0	0.0	0	0.0	0	0.0	1343	43.3
ARHGDIA	ENST00000269321	5	0		0		0		0		715	0	0.0	0	0.0	0	0.0	0	0.0
ARHGEF1	ENST00000354532	27	0		0		0		1	15	3279	0	0.0	0	0.0	0	0.0	167	5.1
ARHGEF10	ENST00000349830	28	0		0		0		13	3-4,6,8-9,13,18,20,22,26-29	4595	0	0.0	0	0.0	0	0.0	2624	57.1
ARHGEF15	ENST00000361926	15	0		0		0		1	9	2826	0	0.0	0	0.0	0	0.0	150	5.3
ARHGEF18	ENST00000668164	28	0		0		0		14	3-5,8-11,14,17,21,23,27-29	4646	0	0.0	0	0.0	0	0.0	2688	57.9
ARHGEF2	ENST00000361247	22	0		0		0		5	1,8,11,15,20	3401	0	0.0	0	0.0	0	0.0	1308	38.5
ARHGEF28	ENST00000513042	35	0		0		0		15	3-4,8-9,13,19,22-23,26-27,29-31,34-35	5818	0	0.0	0	0.0	0	0.0	2943	50.6
ARHGEF38	ENST00000420470	14	0		0		0		5	2,5,8,10,13	2614	0	0.0	0	0.0	0	0.0	983	37.6
ARHGEF40	ENST00000298694	23	0		0		0		3	3,15-16	5020	0	0.0	0	0.0	0	0.0	1631	32.5
ARHGEF6	ENST00000250617	22	0		0		2	13-14	20	1-2,4-11,13-22	2771	0	0.0	0	0.0	206	7.4	2499	90.2
ARHGEF7	ENST00000646102	22	0		0		0		6	1,8-9,12,16,22	3029	0	0.0	0	0.0	0	0.0	999	33.0
ARHGEF9	ENST00000671741	10	0		0		2	3-4	10	1-10	1772	0	0.0	0	0.0	412	23.3	1772	100.0
ARID1A	ENST00000324856	20	0		0		0		9	1-2,6,10-12,16,18,20	7258	0	0.0	0	0.0	0	0.0	4912	67.7
ARID1B	ENST00000636930	20	0		0		0		8	1,4,8,13,16-18,20	7519	0	0.0	0	0.0	0	0.0	5352	71.2
ARID2	ENST00000334344	21	0		0		0		8	1-3,7,12,15,18,20	5928	0	0.0	0	0.0	0	0.0	3632	61.3
ARIH1	ENST00000379887	14	0		0		0		4	3,6,8,13	1954	0	0.0	0	0.0	0	0.0	448	22.9
ARL11	ENST00000282026	1	0		0		0		1	2	611	0	0.0	0	0.0	0	0.0	611	100.0
ARL13B	ENST00000394222	10	0		0		0		5	2-3,6-7,10	1487	0	0.0	0	0.0	0	0.0	833	56.0
ARL14EP	ENST00000282032	3	0		0		0		2	2-3	843	0	0.0	0	0.0	0	0.0	594	70.5
ARL2	ENST00000246747	5	0		0		0		1	3	655	0	0.0	0	0.0	0	0.0	183	27.9
ARL2BP	ENST00000219204	6	0		0		0		3	1-2,6	612	0	0.0	0	0.0	0	0.0	262	42.8
ARL3	ENST00000260746	6	0		0		0		1	3	669	0	0.0	0	0.0	0	0.0	137	20.5
ARL6	ENST00000463745	7	0		0		0		2	2,6	701	0	0.0	0	0.0	0	0.0	293	41.8
ARL6IP1	ENST00000304414	6	0		0		0		1	4	732	0	0.0	0	0.0	0	0.0	138	18.9
ARL6IP6	ENST00000326446	4	0		0		0		2	1-2	761	0	0.0	0	0.0	0	0.0	494	64.9
ARMC12	ENST00000373866	6	0		0		0		2	1-2	1143	0	0.0	0	0.0	0	0.0	349	30.5
ARMC2	ENST00000392644	17	0		0		0		7	2,7,9-10,12-13,16	2944	0	0.0	0	0.0	0	0.0	1336	45.4
ARMC5	ENST00000268314	6	0		0		0		4	1,3-4,6	2928	0	0.0	0	0.0	0	0.0	2647	90.4
ARMC9	ENST00000611582	24	0		0		0		7	7,11,16,18,20,22-23	2937	0	0.0	0	0.0	0	0.0	817	27.8
ARMS2	ENST00000528446	2	0		0		0		1	1	364	0	0.0	0	0.0	0	0.0	317	87.1
ARNT2	ENST00000303329	19	0		0		0		3	15-17	2534	0	0.0	0	0.0	0	0.0	465	18.4
ARPC1B	ENST00000646101	9	0		0		0		3	3,6,8	1299	0	0.0	0	0.0	0	0.0	578	44.5
ARPC3	ENST00000228825	7	0		0		0		1	1	677	0	0.0	0	0.0	0	0.0	26	3.8
ARPC4	ENST00000397261	6	0		0		0		1	5	627	0	0.0	0	0.0	0	0.0	191	30.5
ARPC5	ENST00000359856	4	0		0		0		2	1,4	536	0	0.0	0	0.0	0	0.0	246	45.9
ARPP21	ENST00000684406	19	0		0		0		9	5-6,8,10-11,14-16,21	2924	0	0.0	0	0.0	0	0.0	1593	54.5
ARR3	ENST00000307959	16	0		0		0		14	3-15,17	1487	0	0.0	0	0.0	0	0.0	1429	96.1
ARRB2	ENST00000269260	15	0		0		0		2	7,12	1530	0	0.0	0	0.0	0	0.0	192	12.5
ARSA	ENST00000216124	8	0		0		0		1	1	1690	0	0.0	0	0.0	0	0.0	244	14.4
ARSB	ENST00000264914	8	0		0		0		5	1-3,5,8	1762	0	0.0	0	0.0	0	0.0	1300	73.8
ARSG	ENST00000621439	11	0		0		0		5	2-3,5,10,12	1798	0	0.0	0	0.0	0	0.0	1014	56.4
ARSH	ENST00000381130	9	0		0		2	6,9	9	1-9	1869	0	0.0	0	0.0	543	29.1	1869	100.0
ARSI	ENST00000328668	2	0		0		0		2	1-2	1750	0	0.0	0	0.0	0	0.0	1750	100.0
ARSK	ENST00000380009	8	0		0		0		3	1,5-6	1771	0	0.0	0	0.0	0	0.0	583	32.9
ARSL	ENST00000381134	10	0		0		2	4,9	8	3-6,8-11	1970	0	0.0	0	0.0	325	16.5	1770	89.8
ART4	ENST00000228936	3	0		0		0		2	2-3	1005	0	0.0	0	0.0	0	0.0	841	83.7
ARTN	ENST00000372359	3	0		0		0		1	5	723	0	0.0	0	0.0	0	0.0	484	66.9
ARV1	ENST00000310256	5	0		0		0		3	1,3-4	916	0	0.0	0	0.0	0	0.0	613	66.9
ARX	ENST00000379044	5	0		0		3	1-2,5	5	1-5	1789	0	0.0	0	0.0	1374	76.8	1789	100.0
ASAH1	ENST00000637790	14	0		0		0		3	5-6,11	1468	0	0.0	0	0.0	0	0.0	346	23.6
ASB10	ENST00000420175	5	0		0		0		0		1504	0	0.0	0	0.0	0	0.0	0	0.0
ASB11	ENST00000480796	7	0		0		1	1	7	1-7	1112	0	0.0	0	0.0	201	18.1	1112	100.0
ASB17	ENST00000284142	3	0		0		0		2	1,3	948	0	0.0	0	0.0	0	0.0	648	68.4
ASCC1	ENST00000672957	9	0		0		0		1	8	1254	0	0.0	0	0.0	0	0.0	145	11.6
ASCC3	ENST00000369162	41	0		0		0		18	3-4,6,12-13,16-17,19,22-23,25,30-33,36,39-40	7429	0	0.0	0	0.0	0	0.0	3460	46.6
ASCL1	ENST00000266744	1	0		0		0		1	1	731	0	0.0	0	0.0	0	0.0	731	100.0
ASGR2	ENST00000691900	8	0		0		0		1	9	1081	0	0.0	0	0.0	0	0.0	186	17.2
ASH1L	ENST00000392403	27	0		0		0		6	3-5,8-9,24	9435	0	0.0	0	0.0	0	0.0	5821	61.7
ASIP	ENST00000374954	3	0		0		0		1	3	459	0	0.0	0	0.0	0	0.0	82	17.9
ASL	ENST00000304874	16	0		0		0		0		1715	0	0.0	0	0.0	0	0.0	0	0.0
ASNS	ENST00000394308	11	0		0		0		6	4-7,11,13	1906	0	0.0	0	0.0	0	0.0	1066	55.9
ASPA	ENST00000263080	6	0		0		0		1	5	1062	0	0.0	0	0.0	0	0.0	130	12.2
ASPH	ENST00000379454	25	0		0		0		5	3,8,13,15,25	2777	0	0.0	0	0.0	0	0.0	508	18.3
ASPM	ENST00000367409	28	0		0		0		15	1,3-4,7,12-13,17-24,27	10994	0	0.0	0	0.0	0	0.0	8687	79.0
ASPN	NM_017680.6	7	0		0		0		1	3	1283	0	0.0	0	0.0	0	0.0	114	8.9
ASPRV1	ENST00000320256	1	0		0		0		1	1	800	0	0.0	0	0.0	0	0.0	800	100.0
ASPSCR1	ENST00000306739	16	0		0		0		1	7	1982	0	0.0	0	0.0	0	0.0	447	22.6
ASRGL1	ENST00000415229	6	0		0		0		2	2-3	1047	0	0.0	0	0.0	0	0.0	373	35.6
ASS1	ENST00000352480	14	0		0		0		1	9	1519	0	0.0	0	0.0	0	0.0	111	7.3
ASTE1	ENST00000264992	4	0		0		0		3	3-4,6	2120	0	0.0	0	0.0	0	0.0	1904	89.8
ASTL	ENST00000342380	9	0		0		0		2	3,5	1476	0	0.0	0	0.0	0	0.0	220	14.9
ASTN1	ENST00000361833	23	0		0		0		8	1,3,7,9,13,17,21-22	4345	0	0.0	0	0.0	0	0.0	1829	42.1
ASTN2	ENST00000313400	23	0		0		0		11	1,4,7,10-11,13,15-18,23	4480	0	0.0	0	0.0	0	0.0	2384	53.2
ASXL1	ENST00000375687	13	0		0		0		3	7,12-13	4886	0	0.0	0	0.0	0	0.0	3695	75.6
ASXL2	ENST00000435504	13	0		0		0		6	4,7,9,11-13	4568	0	0.0	0	0.0	0	0.0	3792	83.0
ASXL3	ENST00000269197	12	0		0		0		6	2,7-8,10-12	6987	0	0.0	0	0.0	0	0.0	6258	89.6
ASZ1	ENST00000284629	13	0		0		0		4	1-2,4-5	1688	0	0.0	0	0.0	0	0.0	509	30.2
ATAD1	ENST00000680024	9	0		0		0		6	2,5-8,10	1266	0	0.0	0	0.0	0	0.0	852	67.3
ATAD2B	ENST00000238789	28	0		0		0		12	1-2,8-11,13,15,20-21,25,27	4937	0	0.0	0	0.0	0	0.0	2337	47.3
ATAD3A	ENST00000378756	16	0		0		0		5	1-2,6,8,15	2081	0	0.0	0	0.0	0	0.0	813	39.1
ATAD3B	ENST00000673477	16	0		0		0		7	1,4,6,8,11,13-14	2267	0	0.0	0	0.0	0	0.0	1091	48.1
ATAD3C	ENST00000378785	12	0		0		0		4	2,6,10-11	1476	0	0.0	0	0.0	0	0.0	560	37.9
ATAT1	ENST00000376485	13	0		0		0		1	7	1526	0	0.0	0	0.0	0	0.0	66	4.3
ATCAY	ENST00000450849	12	0		0		0		5	2-4,6-7	1356	0	0.0	0	0.0	0	0.0	693	51.1
ATF6	ENST00000367942	16	0		0		0		4	1,4,6,16	2333	0	0.0	0	0.0	0	0.0	682	29.2
ATG12	ENST00000509910	4	0		0		0		2	1,4	503	0	0.0	0	0.0	0	0.0	263	52.3
ATG16L1	ENST00000392017	18	0		0		0		4	1-2,11,15	2184	0	0.0	0	0.0	0	0.0	510	23.4
ATG16L2	ENST00000321297	18	0		0		0		2	7,14	2220	0	0.0	0	0.0	0	0.0	260	11.7
ATG2A	ENST00000377264	41	0		0		0		2	8,31	6637	0	0.0	0	0.0	0	0.0	341	5.1
ATG3	ENST00000283290	12	0		0		0		2	1-2	1185	0	0.0	0	0.0	0	0.0	154	13.0
ATG4A	ENST00000372232	13	0		0		0		13	1-13	1457	0	0.0	0	0.0	0	0.0	1457	100.0
ATG4D	ENST00000309469	10	0		0		0		5	1-2,4-5,10	1625	0	0.0	0	0.0	0	0.0	944	58.1
ATG5	ENST00000369076	7	0		0		0		2	3-4	968	0	0.0	0	0.0	0	0.0	247	25.5
ATG7	ENST00000693202	18	0		0		0		4	8,15-16,20	2472	0	0.0	0	0.0	0	0.0	719	29.1
ATG9A	ENST00000361242	14	0		0		0		5	7-10,12	2800	0	0.0	0	0.0	0	0.0	1504	53.7
ATIC	ENST00000236959	16	0		0		0		4	2,4,6,12	2099	0	0.0	0	0.0	0	0.0	555	26.4
ATL1	ENST00000358385	14	0		0		0		6	2,7-8,10-12	1957	0	0.0	0	0.0	0	0.0	1161	59.3
ATL3	ENST00000398868	13	0		0		1	9	6	6,8-10,12-13	1886	0	0.0	0	0.0	148	7.8	1020	54.1
ATM	ENST00000675843	62	0		0		0		22	3,9,12-14,16,21-23,25,28-29,31,34,36,41,43,49,51-52,54,62	10411	0	0.0	0	0.0	0	0.0	3546	34.1
ATN1	ENST00000396684	9	0		0		0		3	5-7	3753	0	0.0	0	0.0	0	0.0	2995	79.8
ATOH1	ENST00000306011	1	0		0		0		1	1	1085	0	0.0	0	0.0	0	0.0	1085	100.0
ATOH7	ENST00000373673	1	0		0		0		1	1	479	0	0.0	0	0.0	0	0.0	479	100.0
ATP11A	ENST00000375645	29	0		0		0		3	13,19,22	3985	0	0.0	0	0.0	0	0.0	632	15.9
ATP11C	ENST00000682941	29	0		0		7	1,5,8,12-14,25	29	1-29	3970	0	0.0	0	0.0	974	24.5	3970	100.0
ATP13A1	ENST00000357324	26	0		0		0		6	1,8,10,14-15,23	4135	0	0.0	0	0.0	0	0.0	1203	29.1
ATP13A2	ENST00000326735	29	0		0		0		3	8,12,16	4123	0	0.0	0	0.0	0	0.0	493	12.0
ATP13A3	ENST00000645319	32	0		0		0		10	3,5-6,11,13,20-21,28-30	4411	0	0.0	0	0.0	0	0.0	1480	33.6
ATP13A5	ENST00000342358	30	0		0		0		8	3,9,14,16-17,22-23,25	4257	0	0.0	0	0.0	0	0.0	1088	25.6
ATP1A1	ENST00000295598	23	0		0		0		5	4,6,8,18-19	3532	0	0.0	0	0.0	0	0.0	978	27.7
ATP1A2	ENST00000361216	23	0		0		0		0		3523	0	0.0	0	0.0	0	0.0	0	0.0
ATP1A3	ENST00000648268	23	0		0		0		8	4,6-9,13,16,19	3502	0	0.0	0	0.0	0	0.0	1576	45.0
ATP1A4	ENST00000368081	22	0		0		0		1	4	3530	0	0.0	0	0.0	0	0.0	134	3.8
ATP1B1	ENST00000367815	6	0		0		0		3	1-2,4	1032	0	0.0	0	0.0	0	0.0	471	45.6
ATP2A1	ENST00000395503	22	0		0		0		5	9,12-15	3425	0	0.0	0	0.0	0	0.0	1080	31.5
ATP2A2	ENST00000539276	20	0		0		0		6	4,8,14-15,19-20	3529	0	0.0	0	0.0	0	0.0	1635	46.3
ATP2B1	ENST00000428670	20	0		0		0		11	3,6,10-13,17-21	4063	0	0.0	0	0.0	0	0.0	2491	61.3
ATP2B2	ENST00000360273	22	0		0		0		11	2,4,6,10-16,19	4172	0	0.0	0	0.0	0	0.0	2379	57.0
ATP2B3	ENST00000263519	20	0		0		2	14,18	20	3-22	4063	0	0.0	0	0.0	434	10.7	4063	100.0
ATP2B4	ENST00000357681	20	0		0		0		7	5,8-9,11,13,17,21	4018	0	0.0	0	0.0	0	0.0	1588	39.5
ATP2C1	ENST00000510168	27	0		0		0		4	12-13,17,24	3300	0	0.0	0	0.0	0	0.0	494	15.0
ATP2C2	ENST00000262429	27	0		0		0		8	1,3,6,19,21-22,24,26	3381	0	0.0	0	0.0	0	0.0	1062	31.4
ATP4A	ENST00000262623	22	0		0		0		6	2,7,10,14-16	3548	0	0.0	0	0.0	0	0.0	1143	32.2
ATP5F1A	ENST00000398752	12	0		0		0		2	7-8	1902	0	0.0	0	0.0	0	0.0	417	21.9
ATP5F1B	ENST00000262030	10	0		0		0		4	1-2,6-7	1790	0	0.0	0	0.0	0	0.0	672	37.5
ATP5F1C	ENST00000356708	9	0		0		0		4	2-5	1077	0	0.0	0	0.0	0	0.0	596	55.3
ATP5F1D	ENST00000215375	4	0		0		0		1	2	587	0	0.0	0	0.0	0	0.0	174	29.6
ATP5F1E	ENST00000243997	2	0		0		0		0		196	0	0.0	0	0.0	0	0.0	0	0.0
ATP5MC1	ENST00000393366	4	0		0		0		1	4	491	0	0.0	0	0.0	0	0.0	199	40.5
ATP5MC2	ENST00000394349	4	0		0		0		1	4	506	0	0.0	0	0.0	0	0.0	214	42.3
ATP5MC3	ENST00000284727	4	0		0		0		1	2	509	0	0.0	0	0.0	0	0.0	59	11.6
ATP5ME	ENST00000304312	4	0		0		0		0		290	0	0.0	0	0.0	0	0.0	0	0.0
ATP5MK	ENST00000369815	2	0		0		0		1	3	217	0	0.0	0	0.0	0	0.0	107	49.3
ATP5PB	ENST00000369722	7	0		0		0		0		911	0	0.0	0	0.0	0	0.0	0	0.0
ATP5PF	ENST00000284971	3	0		0		0		0		387	0	0.0	0	0.0	0	0.0	0	0.0
ATP5PO	ENST00000290299	7	0		0		0		2	1,6	782	0	0.0	0	0.0	0	0.0	163	20.8
ATP6AP1	ENST00000369762	10	0		0		1	10	10	1-10	1613	0	0.0	0	0.0	230	14.3	1613	100.0
ATP6AP2	ENST00000636580	9	0		0		1	4	9	1-9	1233	0	0.0	0	0.0	116	9.4	1233	100.0
ATP6V0A1	ENST00000343619	21	0		0		0		5	4-5,7,15,20	2934	0	0.0	0	0.0	0	0.0	691	23.6
ATP6V0A2	ENST00000330342	20	0		0		0		9	2,9,11-16,19	2971	0	0.0	0	0.0	0	0.0	1510	50.8
ATP6V0A4	ENST00000310018	20	0		0		0		7	5,9,11,14-15,18-19	2923	0	0.0	0	0.0	0	0.0	1014	34.7
ATP6V0C	ENST00000330398	3	0		0		0		1	3	528	0	0.0	0	0.0	0	0.0	225	42.6
ATP6V0D1	ENST00000290949	8	0		0		0		4	1-2,4-5	1216	0	0.0	0	0.0	0	0.0	540	44.4
ATP6V0D2	ENST00000285393	8	0		0		0		2	2-3	1213	0	0.0	0	0.0	0	0.0	391	32.2
ATP6V1A	ENST00000273398	14	0		0		0		5	2,9-10,12-13	2134	0	0.0	0	0.0	0	0.0	719	33.7
ATP6V1B1	ENST00000234396	14	0		0		0		1	13	1822	0	0.0	0	0.0	0	0.0	150	8.2
ATP6V1B2	ENST00000276390	14	0		0		0		3	2-4	1816	0	0.0	0	0.0	0	0.0	309	17.0
ATP6V1C1	ENST00000518738	12	0		0		0		2	5,7	1389	0	0.0	0	0.0	0	0.0	234	16.8
ATP6V1C2	ENST00000272238	13	0		0		0		6	4,6-8,11-12	1544	0	0.0	0	0.0	0	0.0	702	45.5
ATP6V1E1	ENST00000253413	9	0		0		0		3	1,4,8	861	0	0.0	0	0.0	0	0.0	248	28.8
ATP7A	ENST00000341514	22	0		0		4	3-4,13,17	20	2-6,8-20,22-23	4943	0	0.0	0	0.0	1668	33.7	4623	93.5
ATP7B	ENST00000242839	21	0		0		0		8	2-3,7-10,15,18	4818	0	0.0	0	0.0	0	0.0	2654	55.1
ATP8A2	ENST00000381655	37	0		0		0		12	2,8,12,14-15,17,23,25,32-33,35,37	4307	0	0.0	0	0.0	0	0.0	1503	34.9
ATP8B1	ENST00000648908	27	0		0		0		10	3-4,6,11,14,16-17,22,25-26	4296	0	0.0	0	0.0	0	0.0	1583	36.8
ATP8B2	ENST00000368489	27	0		0		0		9	10,13,15-16,19,22-23,25,28	4113	0	0.0	0	0.0	0	0.0	1948	47.4
ATP9A	ENST00000338821	28	0		0		0		9	4,13,15,17,20-22,26-27	3704	0	0.0	0	0.0	0	0.0	1210	32.7
ATPAF1	ENST00000574428	9	0		0		0		1	1	1167	0	0.0	0	0.0	0	0.0	286	24.5
ATPAF2	ENST00000474627	8	0		0		0		4	1,4,6,8	1030	0	0.0	0	0.0	0	0.0	562	54.6
ATR	ENST00000350721	47	0		1	34	1	34	18	4-7,10,14-15,20,22,24-25,32,34-38,43	8875	0	0.0	180	2.0	180	2.0	4116	46.4
ATRIP	ENST00000320211	13	0		0		0		4	1,3,8-9	2636	0	0.0	0	0.0	0	0.0	1325	50.3
ATRN	ENST00000262919	29	0		0		0		8	1,3,11,15,18,21,24,26	4870	0	0.0	0	0.0	0	0.0	1484	30.5
ATRNL1	ENST00000355044	29	0		0		0		11	1,3,5,10,12,14,16,24-25,27-28	4720	0	0.0	0	0.0	0	0.0	1990	42.2
ATRX	ENST00000373344	35	0		0		7	5,9,13,16,20,27,30	35	1-35	8179	0	0.0	0	0.0	4018	49.1	8179	100.0
ATXN1	ENST00000436367	2	0		0		0		1	7	2488	0	0.0	0	0.0	0	0.0	1937	77.9
ATXN10	ENST00000252934	12	0		0		0		3	2,4,11	1668	0	0.0	0	0.0	0	0.0	537	32.2
ATXN2	ENST00000673436	25	0		0		0		7	1-2,5,12,14,16,24	3968	0	0.0	0	0.0	0	0.0	1081	27.2
ATXN2L	ENST00000336783	22	0		0		0		3	1,7,9	3668	0	0.0	0	0.0	0	0.0	627	17.1
ATXN3	ENST00000644486	11	0		0		0		4	4-6,9	1306	0	0.0	0	0.0	0	0.0	418	32.0
ATXN7	ENST00000674280	11	0		0		0		5	3,9-12	2899	0	0.0	0	0.0	0	0.0	1991	68.7
ATXN7L3	ENST00000587097	12	0		0		0		1	4	1284	0	0.0	0	0.0	0	0.0	192	15.0
AUH	ENST00000375731	10	0		0		0		3	1,4,7	1220	0	0.0	0	0.0	0	0.0	597	48.9
AURKA	ENST00000395915	8	0		0		0		4	3,5,7-8	1372	0	0.0	0	0.0	0	0.0	873	63.6
AURKC	ENST00000302804	7	0		0		0		4	3-4,6-7	1070	0	0.0	0	0.0	0	0.0	757	70.7
AUTS2	ENST00000342771	19	0		0		0		7	4,6-7,13,17-19	4160	0	0.0	0	0.0	0	0.0	2286	55.0
AVIL	ENST00000549994	19	0		0		0		7	2-3,11,13,15,19-20	2840	0	0.0	0	0.0	0	0.0	927	32.6
AVP	ENST00000380293	3	0		0		0		0		555	0	0.0	0	0.0	0	0.0	0	0.0
AVPR1A	ENST00000299178	2	0		0		0		1	1	1297	0	0.0	0	0.0	0	0.0	990	76.3
AVPR2	ENST00000646375	3	0		0		2	3-4	3	2-4	1176	0	0.0	0	0.0	1131	96.2	1176	100.0
AXIN1	ENST00000262320	10	0		0		0		3	2,5,8	2789	0	0.0	0	0.0	0	0.0	1307	46.9
AXIN2	ENST00000307078	10	0		0		0		7	2-3,5-7,10-11	2732	0	0.0	0	0.0	0	0.0	2239	82.0
AXL	ENST00000301178	20	0		0		0		5	2,17-20	3085	0	0.0	0	0.0	0	0.0	1082	35.1
AZI2	ENST00000479665	7	0		0		0		5	2-3,5,7-8	1319	0	0.0	0	0.0	0	0.0	1120	84.9
B2M	ENST00000648006	3	0		0		0		1	1	420	0	0.0	0	0.0	0	0.0	87	20.7
B3GALNT1	ENST00000320474	1	0		0		0		1	5	1016	0	0.0	0	0.0	0	0.0	1016	100.0
B3GALNT2	ENST00000366600	12	0		0		0		1	2	1743	0	0.0	0	0.0	0	0.0	168	9.6
B3GALT6	ENST00000379198	1	0		0		0		1	1	1010	0	0.0	0	0.0	0	0.0	1010	100.0
B3GAT3	ENST00000265471	5	0		0		0		2	1,3	1108	0	0.0	0	0.0	0	0.0	483	43.6
B3GLCT	ENST00000343307	15	0		0		0		2	1,10	1797	0	0.0	0	0.0	0	0.0	180	10.0
B3GNT2	ENST00000301998	1	0		0		0		1	2	1214	0	0.0	0	0.0	0	0.0	1214	100.0
B3GNT4	ENST00000324189	2	0		0		0		1	3	1177	0	0.0	0	0.0	0	0.0	1091	92.7
B4GALNT1	ENST00000341156	10	0		0		0		4	7-8,10-11	1802	0	0.0	0	0.0	0	0.0	829	46.0
B4GALNT2	ENST00000393354	11	0		0		0		2	9,11	1741	0	0.0	0	0.0	0	0.0	387	22.2
B4GALT1	ENST00000379731	6	0		0		0		2	1-2	1317	0	0.0	0	0.0	0	0.0	688	52.2
B4GALT7	ENST00000029410	6	0		0		0		2	3,5	1104	0	0.0	0	0.0	0	0.0	371	33.6
B4GAT1	ENST00000311181	2	0		0		0		2	1-2	1288	0	0.0	0	0.0	0	0.0	1288	100.0
B9D1	ENST00000261499	7	0		0		0		0		755	0	0.0	0	0.0	0	0.0	0	0.0
B9D2	ENST00000243578	3	0		0		0		1	4	588	0	0.0	0	0.0	0	0.0	334	56.8
BAAT	ENST00000259407	3	0		0		0		2	2,4	1317	0	0.0	0	0.0	0	0.0	1094	83.1
BABAM2	ENST00000379624	11	0		0		0		2	7,11	1372	0	0.0	0	0.0	0	0.0	304	22.2
BACH1	ENST00000286800	4	0		0		0		2	3,5	2291	0	0.0	0	0.0	0	0.0	1810	79.0
BACH2	ENST00000257749	4	0		0		0		2	7,9	2606	0	0.0	0	0.0	0	0.0	2116	81.2
BAG2	ENST00000370693	3	0		0		0		0		696	0	0.0	0	0.0	0	0.0	0	0.0
BAG3	ENST00000369085	4	0		0		0		4	1-4	1808	0	0.0	0	0.0	0	0.0	1808	100.0
BAG5	ENST00000299204	1	0		0		0		1	2	1364	0	0.0	0	0.0	0	0.0	1364	100.0
BAIAP2	ENST00000428708	14	0		0		0		2	3,10	1885	0	0.0	0	0.0	0	0.0	329	17.5
BANF1	ENST00000312175	2	0		0		0		0		310	0	0.0	0	0.0	0	0.0	0	0.0
BANK1	ENST00000322953	16	0		0		0		4	1,3-4,11	2678	0	0.0	0	0.0	0	0.0	513	19.2
BAP1	ENST00000460680	17	0		0		0		4	12-14,17	2530	0	0.0	0	0.0	0	0.0	988	39.1
BARD1	ENST00000260947	11	0		0		0		4	1,4,9,11	2554	0	0.0	0	0.0	0	0.0	1614	63.2
BAX	ENST00000345358	6	0		0		0		3	2-4	699	0	0.0	0	0.0	0	0.0	395	56.5
BAZ1A	ENST00000360310	26	0		0		0		11	2-8,15,18,24,26	5191	0	0.0	0	0.0	0	0.0	2499	48.1
BAZ1B	ENST00000339594	19	0		0		0		9	4-5,7-8,10,13,17-19	4832	0	0.0	0	0.0	0	0.0	3242	67.1
BAZ2B	ENST00000392783	35	0		0		1	36	13	9-11,13,15,17,20,23-24,28,30,34,36	7207	0	0.0	0	0.0	164	2.3	2936	40.7
BBIP1	ENST00000448814	3	0		0		0		0		339	0	0.0	0	0.0	0	0.0	0	0.0
BBS1	ENST00000318312	17	0		0		0		3	2,8-9	2122	0	0.0	0	0.0	0	0.0	376	17.7
BBS10	ENST00000650064	2	0		0		0		2	1-2	2212	0	0.0	0	0.0	0	0.0	2212	100.0
BBS12	ENST00000314218	1	0		0		0		1	2	2153	0	0.0	0	0.0	0	0.0	2153	100.0
BBS2	ENST00000245157	17	0		0		0		2	1-2	2506	0	0.0	0	0.0	0	0.0	385	15.4
BBS4	ENST00000268057	16	0		0		0		5	1,4-6,15	1880	0	0.0	0	0.0	0	0.0	575	30.6
BBS5	ENST00000295240	12	0		0		0		4	1,5,7,12	1266	0	0.0	0	0.0	0	0.0	465	36.7
BBS7	ENST00000264499	19	0		0		0		4	1,4,6,16	2528	0	0.0	0	0.0	0	0.0	475	18.8
BBS9	ENST00000242067	22	0		0		0		7	4-7,18-19,22	3104	0	0.0	0	0.0	0	0.0	1016	32.7
BCAM	ENST00000270233	15	0		0		0		0		2187	0	0.0	0	0.0	0	0.0	0	0.0
BCAP31	ENST00000345046	7	0		0		0		7	2-8	881	0	0.0	0	0.0	0	0.0	881	100.0
BCAR3	ENST00000260502	11	0		0		0		7	2,4-5,7-8,11-12	2698	0	0.0	0	0.0	0	0.0	2190	81.2
BCAS3	ENST00000407086	23	0		0		0		7	7,15-17,20-21,23	3202	0	0.0	0	0.0	0	0.0	1220	38.1
BCAT1	ENST00000261192	11	0		0		0		0		1381	0	0.0	0	0.0	0	0.0	0	0.0
BCAT2	ENST00000316273	11	0		0		0		1	6	1399	0	0.0	0	0.0	0	0.0	184	13.2
BCHE	ENST00000264381	3	0		0		0		2	2-3	1869	0	0.0	0	0.0	0	0.0	1724	92.2
BCKDHA	ENST00000269980	9	0		0		0		2	1,4	1518	0	0.0	0	0.0	0	0.0	257	16.9
BCKDHB	ENST00000320393	10	0		0		0		5	1,3-4,7-8	1379	0	0.0	0	0.0	0	0.0	708	51.3
BCKDK	ENST00000219794	11	0		0		0		3	2,4,12	1459	0	0.0	0	0.0	0	0.0	511	35.0
BCL10	ENST00000648566	3	0		0		0		1	2	762	0	0.0	0	0.0	0	0.0	309	40.6
BCL11A	ENST00000642384	4	0		0		0		2	2,4	2588	0	0.0	0	0.0	0	0.0	2391	92.4
BCL11B	ENST00000357195	4	0		0		0		2	2,4	2765	0	0.0	0	0.0	0	0.0	2454	88.8
BCL2	ENST00000333681	2	0		0		0		1	2	760	0	0.0	0	0.0	0	0.0	605	79.6
BCL2L12	ENST00000246784	6	0		0		0		1	6	873	0	0.0	0	0.0	0	0.0	293	33.6
BCL3	ENST00000164227	9	0		0		0		2	4,7	1545	0	0.0	0	0.0	0	0.0	413	26.7
BCL6	ENST00000406870	8	0		0		0		7	3-7,9-10	2281	0	0.0	0	0.0	0	0.0	2130	93.4
BCL7A	ENST00000261822	6	0		0		0		5	1-3,5-6	753	0	0.0	0	0.0	0	0.0	565	75.0
BCL9	ENST00000234739	7	0		0		0		3	5,8,10	4421	0	0.0	0	0.0	0	0.0	3737	84.5
BCL9L	ENST00000683865	8	0		0		0		2	6,8	4660	0	0.0	0	0.0	0	0.0	2547	54.7
BCLAF1	ENST00000531224	11	0		0		0		3	4,11,13	2983	0	0.0	0	0.0	0	0.0	1125	37.7
BCO1	ENST00000258168	11	0		0		0		2	6,9	1864	0	0.0	0	0.0	0	0.0	359	19.3
BCOR	ENST00000378444	14	0		0		3	4,7,14	13	2-4,6-15	5548	0	0.0	0	0.0	3313	59.7	5474	98.7
BCORL1	ENST00000540052	13	0		0		2	4-5	13	2-14	5618	0	0.0	0	0.0	3470	61.8	5618	100.0
BCR	ENST00000305877	23	0		0		0		4	1-2,20,23	4276	0	0.0	0	0.0	0	0.0	1766	41.3
BCS1L	ENST00000359273	7	0		0		0		5	2,5-8	1400	0	0.0	0	0.0	0	0.0	1025	73.2
BDH1	ENST00000392379	6	0		0		0		4	3,6-8	1152	0	0.0	0	0.0	0	0.0	928	80.6
BDNF	ENST00000356660	1	0		0		0		1	2	764	0	0.0	0	0.0	0	0.0	764	100.0
BDP1	ENST00000358731	39	0		0		0		15	1-2,6,8-9,13,15,22-24,28,30,35-37	8655	0	0.0	0	0.0	0	0.0	2754	31.8
BEAN1	ENST00000536005	4	0		0		0		2	3-4	860	0	0.0	0	0.0	0	0.0	455	52.9
BEST1	ENST00000378043	10	0		0		0		3	5,9-10	1958	0	0.0	0	0.0	0	0.0	1006	51.4
BEST2	ENST00000553030	9	0		0		0		4	5-6,8,10	1710	0	0.0	0	0.0	0	0.0	821	48.0
BET1	ENST00000222547	4	0		0		0		1	4	437	0	0.0	0	0.0	0	0.0	176	40.3
BEX3	ENST00000361298	1	0		0		0		1	3	326	0	0.0	0	0.0	0	0.0	326	100.0
BFSP1	ENST00000377873	8	0		0		0		5	1-3,5,8	2158	0	0.0	0	0.0	0	0.0	1698	78.7
BFSP2	ENST00000302334	7	0		0		0		2	1,6	1388	0	0.0	0	0.0	0	0.0	750	54.0
BGN	ENST00000331595	7	0		0		1	4	7	2-8	1247	0	0.0	0	0.0	234	18.8	1247	100.0
BHLHA9	ENST00000391429	1	0		0		0		0		728	0	0.0	0	0.0	0	0.0	0	0.0
BHLHE22	ENST00000321870	1	0		0		0		1	1	1166	0	0.0	0	0.0	0	0.0	1166	100.0
BHLHE40	ENST00000256495	5	0		0		0		4	1-4	1339	0	0.0	0	0.0	0	0.0	462	34.5
BHLHE41	ENST00000242728	5	0		0		0		1	5	1549	0	0.0	0	0.0	0	0.0	1123	72.5
BICC1	ENST00000373886	21	0		0		0		7	4-5,8,12,14-15,20	3345	0	0.0	0	0.0	0	0.0	1251	37.4
BICD2	ENST00000356884	7	0		0		0		4	3-5,7	2708	0	0.0	0	0.0	0	0.0	2043	75.4
BICRA	ENST00000594866	13	0		0		0		3	5-6,15	4943	0	0.0	0	0.0	0	0.0	3170	64.1
BIK	ENST00000216115	4	0		0		0		1	4	563	0	0.0	0	0.0	0	0.0	150	26.6
BIN1	ENST00000316724	19	0		0		0		1	4	2162	0	0.0	0	0.0	0	0.0	115	5.3
BIN3	ENST00000276416	9	0		0		0		1	5	942	0	0.0	0	0.0	0	0.0	157	16.7
BIRC6	ENST00000421745	74	0		0		0		30	1,6-7,9-10,13,15,17,22-23,27-28,30,35,38,41,43-48,55,61-62,66-67,69-71	16054	0	0.0	0	0.0	0	0.0	7833	48.8
BLK	ENST00000259089	12	0		0		0		4	3,6,12-13	1758	0	0.0	0	0.0	0	0.0	574	32.7
BLM	ENST00000355112	21	0		0		0		9	3,5-6,10,13-15,17,20	4674	0	0.0	0	0.0	0	0.0	1991	42.6
BLNK	ENST00000224337	17	0		0		0		5	2,4,9,11-12	1711	0	0.0	0	0.0	0	0.0	405	23.7
BLOC1S1	ENST00000548925	4	0		0		0		0		542	0	0.0	0	0.0	0	0.0	0	0.0
BLOC1S3	ENST00000433642	1	0		0		0		0		629	0	0.0	0	0.0	0	0.0	0	0.0
BLOC1S5	ENST00000397457	5	0		0		0		1	2	664	0	0.0	0	0.0	0	0.0	103	15.5
BLOC1S6	ENST00000220531	5	0		0		0		2	1-2	619	0	0.0	0	0.0	0	0.0	264	42.6
BLTP1	ENST00000679879	86	0		0		0		28	6-9,12-13,21-22,26,29,32-33,35-36,55-57,59-61,68-69,73,77,82-83,85-86	17002	0	0.0	0	0.0	0	0.0	5962	35.1
BLTP2	ENST00000528896	39	0		0		0		14	1-2,12,14,16-19,24,26,28,33,35,39	7488	0	0.0	0	0.0	0	0.0	3554	47.5
BLTP3A	ENST00000192788	21	0		0		0		8	8,11-12,14,18-21	4743	0	0.0	0	0.0	0	0.0	2688	56.7
BLTP3B	ENST00000279907	21	0		0		0		9	2,5,7-9,14-15,18,21	4815	0	0.0	0	0.0	0	0.0	3024	62.8
BLVRA	ENST00000265523	7	0		0		0		2	5-6	1031	0	0.0	0	0.0	0	0.0	246	23.9
BMAL2	ENST00000266503	17	0		0		0		6	3,5,7-8,11,15	2251	0	0.0	0	0.0	0	0.0	777	34.5
BMP1	ENST00000306349	16	0		0		0		0		2513	0	0.0	0	0.0	0	0.0	0	0.0
BMP1	ENST00000306385	20	0		0		0		2	12,18	3361	0	0.0	0	0.0	0	0.0	450	13.4
BMP10	ENST00000295379	2	0		0		0		1	1	1315	0	0.0	0	0.0	0	0.0	354	26.9
BMP15	ENST00000252677	2	0		0		2	1-2	2	1-2	1219	0	0.0	0	0.0	1219	100.0	1219	100.0
BMP2	ENST00000378827	2	0		0		0		2	2-3	1231	0	0.0	0	0.0	0	0.0	1231	100.0
BMP3	ENST00000282701	3	0		0		0		2	1-2	1479	0	0.0	0	0.0	0	0.0	1267	85.7
BMP4	ENST00000245451	2	0		0		0		2	3-4	1267	0	0.0	0	0.0	0	0.0	1267	100.0
BMP5	ENST00000370830	7	0		0		0		3	1,5,7	1505	0	0.0	0	0.0	0	0.0	777	51.6
BMP6	ENST00000283147	7	0		0		0		5	1-2,4-6	1682	0	0.0	0	0.0	0	0.0	1343	79.8
BMP7	ENST00000395863	7	0		0		0		3	2-3,7	1436	0	0.0	0	0.0	0	0.0	552	38.4
BMP8B	ENST00000372827	7	0		0		0		2	2-3	1349	0	0.0	0	0.0	0	0.0	379	28.1
BMPER	ENST00000649409	15	0		0		0		6	5,7,9,12,14-15	2358	0	0.0	0	0.0	0	0.0	1095	46.4
BMPR1A	ENST00000372037	11	0		0		0		4	8,11-13	1819	0	0.0	0	0.0	0	0.0	658	36.2
BMPR1B	ENST00000515059	10	0		0		0		4	4,7-8,10	1709	0	0.0	0	0.0	0	0.0	757	44.3
BMPR2	ENST00000374580	13	0		0		0		3	1,4,12	3377	0	0.0	0	0.0	0	0.0	1527	45.2
BMS1	ENST00000374518	22	0		0		0		11	5-8,10-12,15-16,19,21	4289	0	0.0	0	0.0	0	0.0	2545	59.3
BNC1	ENST00000345382	5	0		0		0		2	4-5	3085	0	0.0	0	0.0	0	0.0	2590	84.0
BNC2	ENST00000380672	7	0		0		0		3	1,6-7	3440	0	0.0	0	0.0	0	0.0	2694	78.3
BNIP1	ENST00000351486	6	0		0		0		3	1,5-6	807	0	0.0	0	0.0	0	0.0	460	57.0
BOD1	ENST00000311086	3	0		0		0		2	1-2	618	0	0.0	0	0.0	0	0.0	402	65.0
BOLA1	ENST00000369152	1	0		0		0		1	2	434	0	0.0	0	0.0	0	0.0	434	100.0
BOLA2	ENST00000330978	3	0		0		0		0		321	0	0.0	0	0.0	0	0.0	0	0.0
BOLA3	ENST00000327428	4	0		0		0		0		404	0	0.0	0	0.0	0	0.0	0	0.0
BORCS5	ENST00000314565	4	0		0		0		1	3	671	0	0.0	0	0.0	0	0.0	178	26.5
BORCS8	ENST00000462790	5	0		0		0		1	4	460	0	0.0	0	0.0	0	0.0	131	28.5
BPGM	ENST00000344924	2	0		0		0		2	2-3	820	0	0.0	0	0.0	0	0.0	820	100.0
BPIFC	ENST00000300399	15	0		0		0		3	4,10,12	1824	0	0.0	0	0.0	0	0.0	529	29.0
BPNT2	ENST00000262644	5	0		0		0		1	1	1180	0	0.0	0	0.0	0	0.0	407	34.5
BPTF	ENST00000306378	28	0		0		0		11	2,4,7,10-13,16,19,26-27	9323	0	0.0	0	0.0	0	0.0	4861	52.1
BRAF	ENST00000644969	20	0		0		0		1	20	2824	0	0.0	0	0.0	0	0.0	43	1.5
BRAF	ENST00000646891	18	0		0		1	1	6	1,3,6,12-13,17	2661	0	0.0	0	0.0	158	5.9	1068	40.1
BRAP	ENST00000419234	12	0		0		0		3	1-2,12	2019	0	0.0	0	0.0	0	0.0	668	33.1
BRAT1	ENST00000340611	13	0		0		0		3	2-3,14	2726	0	0.0	0	0.0	0	0.0	1038	38.1
BRCA1	ENST00000357654	22	0		0		0		6	7-8,10,12-14	6032	0	0.0	0	0.0	0	0.0	4188	69.4
BRCA2	ENST00000380152	26	0		0		0		10	2,5,8,10-11,17-18,20-21,27	10777	0	0.0	0	0.0	0	0.0	7817	72.5
BRCC3	ENST00000330045	10	0		0		1	1	9	1-6,8-10	1076	0	0.0	0	0.0	143	13.3	1000	92.9
BRD2	ENST00000374825	12	0		0		0		5	3,7-8,11-12	2646	0	0.0	0	0.0	0	0.0	1336	50.5
BRD4	ENST00000679869	19	0		0		0		4	6,8,11,17	4469	0	0.0	0	0.0	0	0.0	895	20.0
BRD7	ENST00000394688	17	0		0		0		4	8,13,15-16	2296	0	0.0	0	0.0	0	0.0	549	23.9
BRDT	ENST00000399546	18	0		0		0		10	2,4-6,8,11-13,17,19	3204	0	0.0	0	0.0	0	0.0	1809	56.5
BRF1	ENST00000547530	18	0		0		0		7	3,10-11,13-15,17	2394	0	0.0	0	0.0	0	0.0	1241	51.8
BRIP1	ENST00000259008	19	0		0		0		8	4,6,10-11,13,15,19-20	4130	0	0.0	0	0.0	0	0.0	2218	53.7
BRPF1	ENST00000383829	13	0		0		0		5	2-3,6-7,14	3923	0	0.0	0	0.0	0	0.0	2300	58.6
BRSK1	ENST00000309383	19	0		0		0		3	10-12	2717	0	0.0	0	0.0	0	0.0	489	18.0
BRSK2	ENST00000528841	20	0		0		0		0		2611	0	0.0	0	0.0	0	0.0	0	0.0
BRWD1	ENST00000342449	41	0		0		0		9	14,24-26,32,35,37,40-41	7630	0	0.0	0	0.0	0	0.0	3184	41.7
BRWD3	ENST00000373275	41	0		0		6	13-14,16-17,25,32	41	1-41	6229	0	0.0	0	0.0	968	15.5	6229	100.0
BSCL2	ENST00000360796	11	0		0		0		2	2,5	1609	0	0.0	0	0.0	0	0.0	492	30.6
BSG	ENST00000333511	8	0		0		0		2	2,5	1318	0	0.0	0	0.0	0	0.0	525	39.8
BSN	ENST00000296452	10	0		0		0		4	2-3,5-6	11981	0	0.0	0	0.0	0	0.0	10105	84.3
BSND	ENST00000651561	4	0		0		0		2	1,4	1043	0	0.0	0	0.0	0	0.0	632	60.6
BTD	ENST00000643237	3	0		0		0		2	2,4	1632	0	0.0	0	0.0	0	0.0	1462	89.6
BTG4	ENST00000692032	4	0		0		0		3	2,4-5	770	0	0.0	0	0.0	0	0.0	612	79.5
BTK	ENST00000308731	18	0		0		6	2-3,6,8-9,15	16	2-4,6-15,17-19	2340	0	0.0	0	0.0	957	40.9	2153	92.0
BTNL2	ENST00000454136	7	0		0		0		2	2-3	1589	0	0.0	0	0.0	0	0.0	670	42.2
BTRC	ENST00000370187	14	0		0		0		5	3,7,9,12,14	2098	0	0.0	0	0.0	0	0.0	667	31.8
BUB1	ENST00000302759	25	0		0		0		8	1,3,5-6,9,14,24-25	3758	0	0.0	0	0.0	0	0.0	1025	27.3
BUB1B	ENST00000287598	23	0		0		0		9	3,5-8,11,15,21,23	3613	0	0.0	0	0.0	0	0.0	1673	46.3
BUB3	ENST00000368865	7	0		0		0		2	2,6	1127	0	0.0	0	0.0	0	0.0	413	36.6
BUD13	ENST00000260210	10	0		0		0		2	1,4	2060	0	0.0	0	0.0	0	0.0	897	43.5
C10orf71	ENST00000374144	1	0		0		0		1	3	4328	0	0.0	0	0.0	0	0.0	4328	100.0
C11orf65	ENST00000393084	8	0		0		0		5	2-4,6,9	1102	0	0.0	0	0.0	0	0.0	614	55.7
C12orf57	ENST00000229281	3	0		0		0		3	1-3	441	0	0.0	0	0.0	0	0.0	441	100.0
C14orf39	ENST00000321731	17	0		0		0		7	2,4,9-10,13,15-16	2104	0	0.0	0	0.0	0	0.0	919	43.7
C16orf90	ENST00000437192	3	0		0		0		0		609	0	0.0	0	0.0	0	0.0	0	0.0
C18orf32	ENST00000318240	2	0		0		0		0		271	0	0.0	0	0.0	0	0.0	0	0.0
C19orf12	ENST00000323670	2	0		0		0		2	2-3	466	0	0.0	0	0.0	0	0.0	466	100.0
C19orf44	ENST00000221671	7	0		0		0		2	2,5	2114	0	0.0	0	0.0	0	0.0	1289	61.0
C1GALT1C1	ENST00000304661	1	0		0		1	2	1	2	977	0	0.0	0	0.0	977	100.0	977	100.0
C1QA	ENST00000374642	2	0		0		0		1	3	778	0	0.0	0	0.0	0	0.0	595	76.5
C1QB	ENST00000509305	2	0		0		0		1	3	796	0	0.0	0	0.0	0	0.0	595	74.7
C1QBP	ENST00000225698	6	0		0		0		4	1-3,5	969	0	0.0	0	0.0	0	0.0	680	70.2
C1QC	ENST00000374640	2	0		0		0		1	3	778	0	0.0	0	0.0	0	0.0	577	74.2
C1QTNF12	ENST00000330388	8	0		0		0		1	2	1069	0	0.0	0	0.0	0	0.0	137	12.8
C1QTNF5	ENST00000528368	2	0		0		0		1	2	772	0	0.0	0	0.0	0	0.0	234	30.3
C1QTNF6	ENST00000337843	3	0		0		0		2	2-3	897	0	0.0	0	0.0	0	0.0	826	92.1
C1QTNF7	ENST00000444304	2	0		0		0		2	2-3	910	0	0.0	0	0.0	0	0.0	910	100.0
C1R	ENST00000647956	11	0		0		0		4	2-4,11	2338	0	0.0	0	0.0	0	0.0	1419	60.7
C1S	ENST00000360817	11	0		0		0		3	4,9,12	2287	0	0.0	0	0.0	0	0.0	1114	48.7
C1orf54	ENST00000369099	5	0		0		0		0		496	0	0.0	0	0.0	0	0.0	0	0.0
C1orf87	ENST00000371201	11	0		0		0		5	5-8,10	1861	0	0.0	0	0.0	0	0.0	824	44.3
C2	ENST00000299367	18	0		0		0		5	1,4,10,13,18	2619	0	0.0	0	0.0	0	0.0	807	30.8
C2CD3	ENST00000334126	33	0		0		0		9	2,4,12,14,16,21,23,31,33	7722	0	0.0	0	0.0	0	0.0	3476	45.0
C2orf69	ENST00000319974	2	0		0		0		2	1-2	1198	0	0.0	0	0.0	0	0.0	1198	100.0
C3	ENST00000245907	41	0		0		0		8	2,8-9,12-13,24,39,41	5812	0	0.0	0	0.0	0	0.0	1430	24.6
C3AR1	ENST00000307637	1	0		0		0		1	2	1469	0	0.0	0	0.0	0	0.0	1469	100.0
C3orf52	ENST00000264848	6	0		0		0		1	5	774	0	0.0	0	0.0	0	0.0	202	26.1
C4A	ENST00000428956	41	0		0		0		18	1-3,6,10,17-21,26,29-30,32-33,36,40-41	6055	0	0.0	0	0.0	0	0.0	2973	49.1
C4B	ENST00000435363	41	0		0		0		22	1-2,4,6,10-13,17-21,23-24,26,28,32-34,36,41	6055	0	0.0	0	0.0	0	0.0	3500	57.8
C4BPA	ENST00000367070	11	0		0		0		3	2,5,7	2014	0	0.0	0	0.0	0	0.0	471	23.4
C5	ENST00000223642	41	0		0		0		11	4,7,13,16-18,22-23,30,35,40	5851	0	0.0	0	0.0	0	0.0	1462	25.0
C5orf47	ENST00000340147	4	0		0		0		2	1,3	611	0	0.0	0	0.0	0	0.0	465	76.1
C6	ENST00000337836	17	0		0		0		7	6,9,11-14,17	3145	0	0.0	0	0.0	0	0.0	1287	40.9
C7	ENST00000313164	18	0		0		0		7	1,5,7,9,12,15,18	2892	0	0.0	0	0.0	0	0.0	1122	38.8
C8A	ENST00000361249	11	0		0		0		5	1-2,7,10-11	1975	0	0.0	0	0.0	0	0.0	887	44.9
C8B	ENST00000371237	12	0		0		0		6	4-6,9-10,12	2016	0	0.0	0	0.0	0	0.0	1066	52.9
C9	ENST00000263408	11	0		0		0		7	1,3,6-10	1900	0	0.0	0	0.0	0	0.0	1392	73.3
C9orf72	ENST00000380003	10	0		0		0		2	2,7	1646	0	0.0	0	0.0	0	0.0	601	36.5
CA12	ENST00000178638	11	0		0		0		0		1285	0	0.0	0	0.0	0	0.0	0	0.0
CA2	ENST00000285379	7	0		0		0		0		923	0	0.0	0	0.0	0	0.0	0	0.0
CA4	ENST00000300900	8	0		0		0		2	3-4	1099	0	0.0	0	0.0	0	0.0	342	31.1
CA5A	ENST00000649794	7	0		0		0		3	2,6-7	1058	0	0.0	0	0.0	0	0.0	558	52.7
CA8	ENST00000317995	8	0		0		0		2	3,5	1033	0	0.0	0	0.0	0	0.0	228	22.1
CABIN1	ENST00000263119	36	0		0		0		11	5,7,11-12,17-18,22-23,25,29,32	7383	0	0.0	0	0.0	0	0.0	2589	35.1
CABP2	ENST00000294288	7	0		0		0		2	5-6	803	0	0.0	0	0.0	0	0.0	298	37.1
CABP4	ENST00000325656	6	0		0		0		0		948	0	0.0	0	0.0	0	0.0	0	0.0
CACNA1A	ENST00000360228	47	0		0		0		1	47	8461	0	0.0	0	0.0	0	0.0	761	9.0
CACNA1A	ENST00000638009	47	0		0		0		13	1,3-5,16-17,19,26,29,34,39-40,46	7726	0	0.0	0	0.0	0	0.0	2839	36.7
CACNA1B	ENST00000371372	47	0		0		0		14	4,6,8,12-13,18-19,23,28,31,35,37,46-47	7960	0	0.0	0	0.0	0	0.0	3161	39.7
CACNA1C	ENST00000399603	47	0		0		0		0		7357	0	0.0	0	0.0	0	0.0	0	0.0
CACNA1C	ENST00000399655	47	0		0		0		19	1-2,12,14,16,19,23-24,26-27,29,32,35-37,42,45-47	7357	0	0.0	0	0.0	0	0.0	3634	49.4
CACNA1D	ENST00000288139	49	0		0		0		0		7526	0	0.0	0	0.0	0	0.0	0	0.0
CACNA1D	ENST00000350061	48	0		0		0		19	1-2,6-7,9-10,13,18-20,27,31,34,36,40,42,44,47-48	7446	0	0.0	0	0.0	0	0.0	3667	49.2
CACNA1E	ENST00000367573	48	0		0		0		11	3,6,11,18,21,23,34,37-38,47-48	7902	0	0.0	0	0.0	0	0.0	2448	31.0
CACNA1F	ENST00000323022	48	0		0		1	36	46	1-31,33-45,47-48	6861	0	0.0	0	0.0	180	2.6	6687	97.5
CACNA1G	ENST00000359106	38	0		0		0		9	6-7,13,16-17,25,28,33,38	7894	0	0.0	0	0.0	0	0.0	2748	34.8
CACNA1H	ENST00000348261	34	0		0		0		4	9-10,25,27	7742	0	0.0	0	0.0	0	0.0	1664	21.5
CACNA1I	ENST00000402142	37	0		0		0		11	8-10,17,19-20,22,25-26,32-33	7412	0	0.0	0	0.0	0	0.0	2685	36.2
CACNA1S	ENST00000362061	44	0		0		0		12	2-3,5-6,8,10-11,18,25-26,36,41	6502	0	0.0	0	0.0	0	0.0	2058	31.7
CACNA2D1	ENST00000356860	39	0		0		0		15	5,7,10,12-13,16,19,23,25-26,28-31,38	4056	0	0.0	0	0.0	0	0.0	1496	36.9
CACNA2D2	ENST00000424201	38	0		0		0		0		4192	0	0.0	0	0.0	0	0.0	0	0.0
CACNA2D4	ENST00000382722	38	0		0		0		7	4,6-7,10,22,37-38	4174	0	0.0	0	0.0	0	0.0	769	18.4
CACNB2	ENST00000324631	14	0		0		0		0		2263	0	0.0	0	0.0	0	0.0	0	0.0
CACNB2	ENST00000377329	13	0		0		0		3	1-2,4	2081	0	0.0	0	0.0	0	0.0	368	17.7
CACNB4	ENST00000539935	14	0		0		0		6	2-3,5,8,11,14	1843	0	0.0	0	0.0	0	0.0	949	51.5
CACNG2	ENST00000300105	4	0		0		0		2	3-4	1052	0	0.0	0	0.0	0	0.0	717	68.2
CAD	ENST00000264705	44	0		0		0		19	2,4-5,12-13,17-18,20,22,24-26,29,33-34,37,40-42	7558	0	0.0	0	0.0	0	0.0	3642	48.2
CADM1	ENST00000331581	12	0		0		0		3	1,3,7	1656	0	0.0	0	0.0	0	0.0	510	30.8
CADM3	ENST00000368125	9	0		0		0		3	2,4,9	1377	0	0.0	0	0.0	0	0.0	458	33.3
CADPS2	ENST00000449022	30	0		0		0		6	1-2,5,17,24,29	4491	0	0.0	0	0.0	0	0.0	1187	26.4
CALCR	ENST00000426151	12	0		0		0		2	6,14	1665	0	0.0	0	0.0	0	0.0	387	23.2
CALCRL	ENST00000392370	12	0		0		0		8	4-9,11,14	1626	0	0.0	0	0.0	0	0.0	890	54.7
CALM1	ENST00000356978	6	0		0		0		0		570	0	0.0	0	0.0	0	0.0	0	0.0
CALM2	ENST00000272298	6	0		0		0		0		570	0	0.0	0	0.0	0	0.0	0	0.0
CALM3	ENST00000291295	6	0		0		0		2	4-5	570	0	0.0	0	0.0	0	0.0	283	49.6
CALN1	ENST00000395275	6	0		0		0		3	2,4,6	906	0	0.0	0	0.0	0	0.0	480	53.0
CALR	ENST00000316448	9	0		0		0		1	7	1434	0	0.0	0	0.0	0	0.0	164	11.4
CALR3	ENST00000269881	9	0		0		0		2	1,3	1335	0	0.0	0	0.0	0	0.0	335	25.1
CAMK2A	ENST00000671881	19	0		0		0		2	17-18	1850	0	0.0	0	0.0	0	0.0	364	19.7
CAMK2B	ENST00000395749	23	0		0		0		2	20,23	2461	0	0.0	0	0.0	0	0.0	402	16.3
CAMK2D	ENST00000511664	20	0		0		0		7	1-3,7-8,12,17	2002	0	0.0	0	0.0	0	0.0	666	33.3
CAMK2G	ENST00000423381	22	0		0		0		3	15,20,22	2207	0	0.0	0	0.0	0	0.0	402	18.2
CAMK4	ENST00000282356	11	0		0		0		5	1,4-5,8,11	1642	0	0.0	0	0.0	0	0.0	934	56.9
CAMLG	ENST00000297156	4	0		0		0		2	2-3	971	0	0.0	0	0.0	0	0.0	567	58.4
CAMSAP1	ENST00000389532	17	0		0		0		9	2,10-17	5149	0	0.0	0	0.0	0	0.0	3937	76.5
CAMTA1	ENST00000303635	23	0		0		0		7	9,11-12,15,17-18,20	5482	0	0.0	0	0.0	0	0.0	3219	58.7
CAMTA2	ENST00000348066	22	0		0		0		4	3,5,9,22	4049	0	0.0	0	0.0	0	0.0	1333	32.9
CAND1	ENST00000545606	15	0		0		0		7	1-2,5-7,10,15	3993	0	0.0	0	0.0	0	0.0	2580	64.6
CANT1	ENST00000392446	3	0		0		0		2	3,5	1266	0	0.0	0	0.0	0	0.0	1042	82.3
CAP2	ENST00000229922	12	0		0		0		2	7,12	1674	0	0.0	0	0.0	0	0.0	287	17.1
CAPN1	ENST00000279247	21	0		0		0		3	5,13,19	2565	0	0.0	0	0.0	0	0.0	485	18.9
CAPN10	ENST00000391984	12	0		0		0		0		2259	0	0.0	0	0.0	0	0.0	0	0.0
CAPN11	ENST00000398776	23	0		0		0		2	6,14	2680	0	0.0	0	0.0	0	0.0	386	14.4
CAPN12	ENST00000328867	21	0		0		0		5	1,5,12,14,19	2580	0	0.0	0	0.0	0	0.0	892	34.6
CAPN15	ENST00000219611	11	0		0		0		1	9	3481	0	0.0	0	0.0	0	0.0	173	5.0
CAPN3	ENST00000397163	24	0		0		0		4	1-2,9,21	2946	0	0.0	0	0.0	0	0.0	616	20.9
CAPN5	ENST00000648180	12	0		0		0		4	2,5,8,10	2163	0	0.0	0	0.0	0	0.0	831	38.4
CAPNS1	ENST00000246533	10	0		0		0		2	8-9	1007	0	0.0	0	0.0	0	0.0	236	23.4
CAPRIN1	ENST00000341394	18	0		0		0		7	2,4-6,9,12,19	2490	0	0.0	0	0.0	0	0.0	979	39.3
CAPS2	ENST00000699294	16	0		0		1	13	8	3,5,9-10,12-14,16	1994	0	0.0	0	0.0	97	4.9	1006	50.5
CAPZA1	ENST00000263168	10	0		0		0		4	1,4,6,9	1061	0	0.0	0	0.0	0	0.0	326	30.7
CAPZA2	ENST00000361183	10	0		0		0		3	1,9-10	1061	0	0.0	0	0.0	0	0.0	303	28.6
CARD10	ENST00000251973	20	0		0		0		5	3-5,19-20	3499	0	0.0	0	0.0	0	0.0	1140	32.6
CARD11	ENST00000396946	24	0		0		0		9	5-6,9,13,17,19-21,23	3945	0	0.0	0	0.0	0	0.0	1566	39.7
CARD14	ENST00000648509	20	0		0		0		4	6-7,11,16	3415	0	0.0	0	0.0	0	0.0	887	26.0
CARD8	ENST00000651546	11	0		0		0		4	9-10,12-13	1834	0	0.0	0	0.0	0	0.0	760	41.4
CARD9	ENST00000371732	12	0		0		0		0		1851	0	0.0	0	0.0	0	0.0	0	0.0
CARM1	ENST00000327064	16	0		0		0		2	6,8	2147	0	0.0	0	0.0	0	0.0	300	14.0
CARMIL2	ENST00000334583	38	0		0		0		4	26-28,31	5068	0	0.0	0	0.0	0	0.0	737	14.5
CARNS1	ENST00000687366	9	0		0		0		1	10	3033	0	0.0	0	0.0	0	0.0	1247	41.1
CARS1	ENST00000380525	23	0		0		0		8	2,6-7,9-11,16,18	2956	0	0.0	0	0.0	0	0.0	1254	42.4
CARS2	ENST00000257347	15	0		0		0		4	2,6,9,13	1995	0	0.0	0	0.0	0	0.0	382	19.1
CARTPT	ENST00000296777	3	0		0		0		2	1,3	411	0	0.0	0	0.0	0	0.0	307	74.7
CASK	ENST00000378163	27	0		0		3	14-15,18	27	1-27	3321	0	0.0	0	0.0	399	12.0	3321	100.0
CASP10	ENST00000286186	9	0		0		0		2	2,4	1749	0	0.0	0	0.0	0	0.0	523	29.9
CASP14	ENST00000427043	6	0		0		0		2	4-5	849	0	0.0	0	0.0	0	0.0	383	45.1
CASP2	ENST00000310447	11	0		0		0		5	3-4,8,10-11	1579	0	0.0	0	0.0	0	0.0	683	43.3
CASP7	ENST00000369318	6	0		0		0		1	2	1032	0	0.0	0	0.0	0	0.0	130	12.6
CASP8	ENST00000673742	8	0		0		0		2	2,8	1600	0	0.0	0	0.0	0	0.0	847	52.9
CASQ1	ENST00000368078	11	0		0		0		1	5	1411	0	0.0	0	0.0	0	0.0	94	6.7
CASQ2	ENST00000261448	11	0		0		0		1	1	1420	0	0.0	0	0.0	0	0.0	254	17.9
CASR	ENST00000639785	6	0		0		0		4	3-4,6-7	3357	0	0.0	0	0.0	0	0.0	2901	86.4
CAST	ENST00000675179	31	0		0		0		4	7,9,15,31	2996	0	0.0	0	0.0	0	0.0	341	11.4
CASZ1	ENST00000377022	18	0		0		0		8	6,9-11,14,17-18,21	5640	0	0.0	0	0.0	0	0.0	3819	67.7
CAT	ENST00000241052	13	0		0		0		5	3,7-10	1844	0	0.0	0	0.0	0	0.0	826	44.8
CATIP	ENST00000289388	10	0		0		0		2	7,10	1364	0	0.0	0	0.0	0	0.0	408	29.9
CATSPER1	ENST00000312106	12	0		0		0		2	2,11	2583	0	0.0	0	0.0	0	0.0	368	14.2
CATSPER2	ENST00000396879	12	0		0		0		2	3,5	1833	0	0.0	0	0.0	0	0.0	387	21.1
CATSPERT	ENST00000439140	16	0		0		0		4	4-5,13,15	5783	0	0.0	0	0.0	0	0.0	4240	73.3
CAV1	ENST00000341049	3	0		0		0		0		597	0	0.0	0	0.0	0	0.0	0	0.0
CAV2	ENST00000222693	3	0		0		0		1	2	549	0	0.0	0	0.0	0	0.0	208	37.9
CAV3	ENST00000343849	2	0		0		0		0		496	0	0.0	0	0.0	0	0.0	0	0.0
CAVIN1	ENST00000357037	2	0		0		0		2	1-2	1213	0	0.0	0	0.0	0	0.0	1213	100.0
CAVIN2	ENST00000304141	2	0		0		0		2	1-2	1318	0	0.0	0	0.0	0	0.0	1318	100.0
CAVIN4	ENST00000307584	2	0		0		0		2	1-2	1135	0	0.0	0	0.0	0	0.0	1135	100.0
CBFB	ENST00000412916	6	0		0		0		3	1-3	684	0	0.0	0	0.0	0	0.0	342	50.0
CBL	ENST00000264033	16	0		0		0		5	1,3,9,11,14	3041	0	0.0	0	0.0	0	0.0	1122	36.9
CBLB	ENST00000394030	18	0		0		0		4	10,13,16-17	3309	0	0.0	0	0.0	0	0.0	652	19.7
CBLIF	ENST00000257248	9	0		0		0		1	8	1434	0	0.0	0	0.0	0	0.0	139	9.7
CBS	ENST00000398165	15	0		0		0		1	10	1956	0	0.0	0	0.0	0	0.0	146	7.5
CBX1	ENST00000225603	4	0		0		0		0		638	0	0.0	0	0.0	0	0.0	0	0.0
CBX2	ENST00000310942	5	0		0		0		1	5	1699	0	0.0	0	0.0	0	0.0	1331	78.3
CBY1	ENST00000216029	4	0		0		0		1	4	461	0	0.0	0	0.0	0	0.0	139	30.2
CC2D1A	ENST00000318003	29	0		0		0		1	17	3436	0	0.0	0	0.0	0	0.0	137	4.0
CC2D2A	ENST00000424120	36	0		0		0		15	2-4,7,12-14,18,20-21,26,28,33-35	5583	0	0.0	0	0.0	0	0.0	2133	38.2
CCBE1	ENST00000439986	11	0		0		0		2	2,6	1441	0	0.0	0	0.0	0	0.0	222	15.4
CCDC120	ENST00000603986	10	0		0		1	6	9	2-10	2291	0	0.0	0	0.0	315	13.7	2156	94.1
CCDC121	ENST00000324364	1	0		0		0		1	2	857	0	0.0	0	0.0	0	0.0	857	100.0
CCDC127	ENST00000296824	2	0		0		0		1	3	823	0	0.0	0	0.0	0	0.0	682	82.9
CCDC134	ENST00000255784	6	0		0		0		2	2,5	810	0	0.0	0	0.0	0	0.0	325	40.1
CCDC141	ENST00000443758	24	0		0		0		6	4,9,12,19,21,23	5073	0	0.0	0	0.0	0	0.0	1710	33.7
CCDC146	ENST00000285871	18	0		0		0		6	9,11,14-15,18-19	3228	0	0.0	0	0.0	0	0.0	1385	42.9
CCDC15	ENST00000344762	15	0		0		0		6	5-9,14	3156	0	0.0	0	0.0	0	0.0	1809	57.3
CCDC158	ENST00000682701	23	0		0		0		8	4-7,16-17,19,23	3814	0	0.0	0	0.0	0	0.0	1462	38.3
CCDC17	ENST00000528266	13	0		0		0		5	1-3,8,11	2129	0	0.0	0	0.0	0	0.0	923	43.4
CCDC174	ENST00000383794	11	0		0		0		3	1-2,7	1624	0	0.0	0	0.0	0	0.0	350	21.6
CCDC178	ENST00000383096	21	0		0		0		12	3,8-9,11-14,16-20	3024	0	0.0	0	0.0	0	0.0	1760	58.2
CCDC186	ENST00000369287	15	0		0		0		8	2,6-7,10-13,15	2997	0	0.0	0	0.0	0	0.0	1907	63.6
CCDC22	ENST00000376227	17	0		0		0		17	1-17	2224	0	0.0	0	0.0	0	0.0	2224	100.0
CCDC28B	ENST00000373602	5	0		0		0		1	2	703	0	0.0	0	0.0	0	0.0	184	26.2
CCDC32	ENST00000416810	3	0		0		0		0		618	0	0.0	0	0.0	0	0.0	0	0.0
CCDC34	ENST00000328697	6	0		0		0		1	1	1242	0	0.0	0	0.0	0	0.0	379	30.5
CCDC39	ENST00000476379	20	0		0		0		13	1,3,6,8-11,14-19	3226	0	0.0	0	0.0	0	0.0	2018	62.6
CCDC40	ENST00000397545	20	0		0		0		9	3-4,7,9,12-13,18-20	3829	0	0.0	0	0.0	0	0.0	2132	55.7
CCDC47	ENST00000225726	12	0		0		0		1	12	1692	0	0.0	0	0.0	0	0.0	188	11.1
CCDC50	ENST00000392455	12	0		0		0		3	6-7,12	1689	0	0.0	0	0.0	0	0.0	724	42.9
CCDC62	ENST00000253079	12	0		0		0		7	1-3,5,8-9,11	2295	0	0.0	0	0.0	0	0.0	1703	74.2
CCDC78	ENST00000345165	14	0		0		0		2	1,12	1693	0	0.0	0	0.0	0	0.0	167	9.9
CCDC8	ENST00000307522	1	0		0		0		1	1	1637	0	0.0	0	0.0	0	0.0	1637	100.0
CCDC82	ENST00000646818	7	0		0		0		2	9-10	1775	0	0.0	0	0.0	0	0.0	295	16.6
CCDC88A	ENST00000436346	32	0		0		1	23	17	2-3,5,7,11-15,17,20-23,29-31	6256	0	0.0	0	0.0	166	2.7	4140	66.2
CCDC88C	ENST00000389857	30	0		0		0		12	7,10,12-13,15,20,24-27,29-30	6687	0	0.0	0	0.0	0	0.0	4125	61.7
CCDC91	ENST00000536442	12	0		0		0		3	5-6,10	1566	0	0.0	0	0.0	0	0.0	438	28.0
CCIN	ENST00000335119	1	0		0		0		1	1	1787	0	0.0	0	0.0	0	0.0	1787	100.0
CCKBR	ENST00000334619	5	0		0		0		3	2-3,5	1444	0	0.0	0	0.0	0	0.0	1095	75.8
CCL11	ENST00000305869	3	0		0		0		2	2-3	354	0	0.0	0	0.0	0	0.0	258	72.9
CCL2	ENST00000225831	3	0		0		0		1	2	360	0	0.0	0	0.0	0	0.0	138	38.3
CCL3	ENST00000613922	3	0		0		0		2	2-3	339	0	0.0	0	0.0	0	0.0	246	72.6
CCL5	ENST00000605140	3	0		0		0		0		336	0	0.0	0	0.0	0	0.0	0	0.0
CCM2	ENST00000258781	10	0		0		0		3	4-5,10	1535	0	0.0	0	0.0	0	0.0	662	43.1
CCN2	ENST00000367976	5	0		0		0		2	3-4	1150	0	0.0	0	0.0	0	0.0	504	43.8
CCN3	ENST00000259526	5	0		0		0		4	1-4	1174	0	0.0	0	0.0	0	0.0	857	73.0
CCN6	ENST00000368666	5	0		0		0		2	2,5	1165	0	0.0	0	0.0	0	0.0	620	53.2
CCNA2	ENST00000274026	8	0		0		0		3	1,4-5	1459	0	0.0	0	0.0	0	0.0	705	48.3
CCND1	ENST00000227507	5	0		0		0		2	1,3	988	0	0.0	0	0.0	0	0.0	398	40.3
CCND2	ENST00000261254	5	0		0		0		0		970	0	0.0	0	0.0	0	0.0	0	0.0
CCNF	ENST00000397066	17	0		0		0		5	4-5,8,12,14	2701	0	0.0	0	0.0	0	0.0	721	26.7
CCNK	ENST00000389879	10	0		0		0		3	6-7,11	1943	0	0.0	0	0.0	0	0.0	914	47.0
CCNO	ENST00000282572	3	0		0		0		2	1,3	1113	0	0.0	0	0.0	0	0.0	907	81.5
CCNP	ENST00000430325	5	0		0		0		2	1,5	1024	0	0.0	0	0.0	0	0.0	559	54.6
CCNQ	ENST00000576892	5	0		0		1	2	5	1-5	847	0	0.0	0	0.0	204	24.1	847	100.0
CCP110	ENST00000694978	13	0		0		0		4	3-4,8-9	3236	0	0.0	0	0.0	0	0.0	2076	64.2
CCR2	ENST00000445132	1	0		0		0		1	2	1103	0	0.0	0	0.0	0	0.0	1103	100.0
CCR5	ENST00000292303	1	0		0		0		0		1079	0	0.0	0	0.0	0	0.0	0	0.0
CCR6	ENST00000341935	2	0		0		0		1	3	1165	0	0.0	0	0.0	0	0.0	1136	97.5
CCT2	ENST00000299300	16	0		0		0		3	4,9-10	1928	0	0.0	0	0.0	0	0.0	404	21.0
CCT3	ENST00000295688	14	0		0		0		1	12	1918	0	0.0	0	0.0	0	0.0	266	13.9
CCT4	ENST00000394440	14	0		0		0		4	1,7,11-12	1900	0	0.0	0	0.0	0	0.0	706	37.2
CCT5	ENST00000280326	11	0		0		0		2	1,8	1846	0	0.0	0	0.0	0	0.0	331	17.9
CCT6A	ENST00000275603	14	0		0		0		4	1-2,4,11	1876	0	0.0	0	0.0	0	0.0	589	31.4
CCT7	ENST00000258091	12	0		0		0		2	4,12	1872	0	0.0	0	0.0	0	0.0	388	20.7
CCT8	ENST00000286788	15	0		0		0		6	3-4,7,9,14-15	1947	0	0.0	0	0.0	0	0.0	753	38.7
CD151	ENST00000397420	7	0		0		0		0		902	0	0.0	0	0.0	0	0.0	0	0.0
CD164	ENST00000310786	6	0		0		0		3	1-2,6	714	0	0.0	0	0.0	0	0.0	486	68.1
CD177	ENST00000618265	9	0		0		0		4	2-3,5-6	1494	0	0.0	0	0.0	0	0.0	665	44.5
CD19	ENST00000538922	14	0		0		0		4	2-4,12	1951	0	0.0	0	0.0	0	0.0	884	45.3
CD1A	ENST00000289429	6	0		0		0		0		1104	0	0.0	0	0.0	0	0.0	0	0.0
CD207	ENST00000410009	6	0		0		0		1	3	1107	0	0.0	0	0.0	0	0.0	395	35.7
CD209	ENST00000315599	7	0		0		0		1	6	1355	0	0.0	0	0.0	0	0.0	133	9.8
CD244	ENST00000368034	9	0		0		0		2	2-3	1278	0	0.0	0	0.0	0	0.0	634	49.6
CD247	ENST00000362089	8	0		0		0		2	3,7	655	0	0.0	0	0.0	0	0.0	133	20.3
CD27	ENST00000266557	6	0		0		0		2	1,4	903	0	0.0	0	0.0	0	0.0	266	29.5
CD274	ENST00000381577	6	0		0		0		1	4	993	0	0.0	0	0.0	0	0.0	308	31.0
CD28	ENST00000324106	4	0		0		0		1	4	743	0	0.0	0	0.0	0	0.0	149	20.1
CD2AP	ENST00000359314	18	0		0		0		10	3,5,7-9,11,13-14,16-17	2280	0	0.0	0	0.0	0	0.0	1319	57.9
CD320	ENST00000301458	5	0		0		0		1	2	949	0	0.0	0	0.0	0	0.0	146	15.4
CD36	ENST00000447544	12	0		0		0		4	4,7,11,14	1659	0	0.0	0	0.0	0	0.0	617	37.2
CD3D	ENST00000300692	5	0		0		0		0		616	0	0.0	0	0.0	0	0.0	0	0.0
CD3E	ENST00000361763	8	0		0		0		1	4	784	0	0.0	0	0.0	0	0.0	35	4.5
CD3G	ENST00000532917	6	0		0		0		0		669	0	0.0	0	0.0	0	0.0	0	0.0
CD4	ENST00000011653	9	0		0		0		1	3	1557	0	0.0	0	0.0	0	0.0	185	11.9
CD40	ENST00000372285	9	0		0		0		2	1,9	1014	0	0.0	0	0.0	0	0.0	250	24.7
CD40LG	ENST00000370629	5	0		0		2	2,5	5	1-5	886	0	0.0	0	0.0	549	62.0	886	100.0
CD44	ENST00000428726	18	0		0		0		3	2,5-6	2589	0	0.0	0	0.0	0	0.0	586	22.6
CD46	ENST00000367042	12	0		0		0		5	1,6-7,10-11	1374	0	0.0	0	0.0	0	0.0	525	38.2
CD55	ENST00000367064	10	0		0		0		2	1-2	1346	0	0.0	0	0.0	0	0.0	326	24.2
CD59	ENST00000642928	3	0		0		0		1	2	447	0	0.0	0	0.0	0	0.0	87	19.5
CD70	ENST00000245903	3	0		0		0		2	1,3	642	0	0.0	0	0.0	0	0.0	588	91.6
CD79A	ENST00000221972	5	0		0		0		1	2	781	0	0.0	0	0.0	0	0.0	320	41.0
CD79B	ENST00000006750	6	0		0		0		1	3	810	0	0.0	0	0.0	0	0.0	332	41.0
CD80	ENST00000264246	5	0		0		0		1	4	967	0	0.0	0	0.0	0	0.0	302	31.2
CD81	ENST00000263645	8	0		0		0		1	6	871	0	0.0	0	0.0	0	0.0	122	14.0
CD8A	ENST00000283635	6	0		0		0		2	4,6	828	0	0.0	0	0.0	0	0.0	203	24.5
CD93	ENST00000246006	2	0		0		0		1	1	1999	0	0.0	0	0.0	0	0.0	1954	97.7
CD96	ENST00000352690	14	0		0		0		5	2,6,8,13-14	1990	0	0.0	0	0.0	0	0.0	874	43.9
CD99L2	ENST00000370377	11	0		0		2	1,9	11	1-11	1009	0	0.0	0	0.0	227	22.5	1009	100.0
CDAN1	ENST00000356231	28	0		0		0		8	1,3,8,13-15,17,22	4244	0	0.0	0	0.0	0	0.0	1100	25.9
CDC123	ENST00000281141	13	0		0		0		2	5,7	1271	0	0.0	0	0.0	0	0.0	185	14.6
CDC14A	ENST00000336454	16	0		0		0		4	7-8,11,14	2105	0	0.0	0	0.0	0	0.0	514	24.4
CDC20	ENST00000310955	10	0		0		0		7	3-8,11	1700	0	0.0	0	0.0	0	0.0	1215	71.5
CDC25C	ENST00000323760	13	0		0		0		4	2,5,7,9	1682	0	0.0	0	0.0	0	0.0	566	33.7
CDC40	ENST00000307731	15	0		0		0		2	5,7	2040	0	0.0	0	0.0	0	0.0	320	15.7
CDC42	ENST00000656825	5	0		0		0		0		676	0	0.0	0	0.0	0	0.0	0	0.0
CDC42BPB	ENST00000361246	37	0		0		0		10	1,13,15,20,22,25,30,32-33,37	5876	0	0.0	0	0.0	0	0.0	2114	36.0
CDC42EP1	ENST00000249014	2	0		0		0		1	2	1216	0	0.0	0	0.0	0	0.0	483	39.7
CDC45	ENST00000263201	18	0		0		0		5	6-7,10-11,13	2061	0	0.0	0	0.0	0	0.0	619	30.0
CDC5L	ENST00000371477	16	0		0		0		3	7,9,12	2729	0	0.0	0	0.0	0	0.0	435	15.9
CDC6	ENST00000209728	11	0		0		0		1	9	1903	0	0.0	0	0.0	0	0.0	85	4.5
CDC7	ENST00000234626	11	0		0		0		4	2,5-6,9	1945	0	0.0	0	0.0	0	0.0	611	31.4
CDC73	ENST00000367435	17	0		0		0		3	9,15,17	1936	0	0.0	0	0.0	0	0.0	277	14.3
CDCA7	ENST00000306721	10	0		0		0		6	2-4,6,9-10	1553	0	0.0	0	0.0	0	0.0	1083	69.7
CDH1	ENST00000261769	16	0		0		0		6	2-3,6-7,9,16	2969	0	0.0	0	0.0	0	0.0	1173	39.5
CDH11	ENST00000268603	11	0		0		0		6	3-4,8,10,12-13	2611	0	0.0	0	0.0	0	0.0	1780	68.2
CDH12	ENST00000382254	11	0		0		0		6	5-6,9,11,13,15	2605	0	0.0	0	0.0	0	0.0	1589	61.0
CDH13	ENST00000567109	14	0		0		0		3	1,4,9	2422	0	0.0	0	0.0	0	0.0	405	16.7
CDH15	ENST00000289746	14	0		0		0		3	3,7,13	2725	0	0.0	0	0.0	0	0.0	561	20.6
CDH2	ENST00000269141	16	0		0		0		3	10-11,16	3041	0	0.0	0	0.0	0	0.0	664	21.8
CDH22	ENST00000537909	11	0		0		0		3	2,5,11	2707	0	0.0	0	0.0	0	0.0	735	27.2
CDH23	ENST00000224721	69	0		0		0		17	4,8,11,14,18,25,30,32,38,42,48,53,55,61-62,68-69	11445	0	0.0	0	0.0	0	0.0	3582	31.3
CDH3	ENST00000264012	16	0		0		0		7	2,5,8-10,13,16	2810	0	0.0	0	0.0	0	0.0	1385	49.3
CDH4	ENST00000614565	16	0		0		0		9	3,6,9-14,16	3071	0	0.0	0	0.0	0	0.0	1950	63.5
CDH6	ENST00000265071	11	0		0		0		7	2,6-7,9-12	2593	0	0.0	0	0.0	0	0.0	1793	69.1
CDH8	ENST00000577390	11	0		0		0		6	2-5,7,12	2620	0	0.0	0	0.0	0	0.0	1703	65.0
CDHR1	ENST00000623527	17	0		0		0		4	9,13,16-17	2920	0	0.0	0	0.0	0	0.0	1122	38.4
CDIN1	ENST00000566621	11	0		0		0		2	1,3	1066	0	0.0	0	0.0	0	0.0	206	19.3
CDK10	ENST00000353379	13	0		0		0		1	3	1343	0	0.0	0	0.0	0	0.0	92	6.9
CDK12	ENST00000447079	14	0		0		0		3	1,13-14	4753	0	0.0	0	0.0	0	0.0	2272	47.8
CDK13	ENST00000181839	14	0		0		0		9	1-4,9-11,13-14	4819	0	0.0	0	0.0	0	0.0	3993	82.9
CDK16	ENST00000357227	15	0		0		1	12	15	2-16	1791	0	0.0	0	0.0	126	7.0	1791	100.0
CDK18	ENST00000429964	15	0		0		0		1	2	1725	0	0.0	0	0.0	0	0.0	150	8.7
CDK19	ENST00000368911	13	0		0		0		4	5-7,12	1769	0	0.0	0	0.0	0	0.0	681	38.5
CDK20	ENST00000325303	8	0		0		0		4	1,4-5,7	1201	0	0.0	0	0.0	0	0.0	496	41.3
CDK4	ENST00000257904	7	0		0		0		0		1052	0	0.0	0	0.0	0	0.0	0	0.0
CDK5	ENST00000485972	12	0		0		0		0		1119	0	0.0	0	0.0	0	0.0	0	0.0
CDK5R2	ENST00000302625	1	0		0		1	1	1	1	1124	0	0.0	0	0.0	1124	100.0	1124	100.0
CDK5RAP1	ENST00000346416	13	0		0		0		2	2,8	2024	0	0.0	0	0.0	0	0.0	575	28.4
CDK5RAP2	ENST00000349780	38	0		0		0		7	13-14,18,21,26,31,34	6442	0	0.0	0	0.0	0	0.0	1448	22.5
CDK6	ENST00000424848	7	0		0		0		3	2,5,7	1121	0	0.0	0	0.0	0	0.0	539	48.1
CDK8	ENST00000381527	13	0		0		0		4	2,5-6,11	1655	0	0.0	0	0.0	0	0.0	425	25.7
CDK9	ENST00000373264	7	0		0		0		2	5,7	1259	0	0.0	0	0.0	0	0.0	578	45.9
CDKAL1	ENST00000274695	14	0		0		0		6	3-4,10,12,14,16	2020	0	0.0	0	0.0	0	0.0	1030	51.0
CDKL5	ENST00000623535	17	0		0		3	14,16,18	17	2-18	3223	0	0.0	0	0.0	653	20.3	3223	100.0
CDKN1A	ENST00000244741	2	0		0		0		1	2	535	0	0.0	0	0.0	0	0.0	465	86.9
CDKN1B	ENST00000228872	2	0		0		0		1	1	637	0	0.0	0	0.0	0	0.0	495	77.7
CDKN1C	ENST00000440480	2	0		0		0		1	2	958	0	0.0	0	0.0	0	0.0	807	84.2
CDKN2A	ENST00000304494	3	0		0		0		2	2-3	531	0	0.0	0	0.0	0	0.0	361	68.0
CDKN2A	ENST00000579755	2	0		0		0		1	1	439	0	0.0	0	0.0	0	0.0	213	48.5
CDKN2B	ENST00000276925	2	0		0		0		1	2	457	0	0.0	0	0.0	0	0.0	281	61.5
CDO1	ENST00000250535	5	0		0		0		1	1	703	0	0.0	0	0.0	0	0.0	190	27.0
CDON	ENST00000531738	19	0		0		0		7	3-6,12,15,17	4175	0	0.0	0	0.0	0	0.0	1600	38.3
CDSN	ENST00000376288	2	0		0		0		1	2	1630	0	0.0	0	0.0	0	0.0	1525	93.6
CDT1	ENST00000301019	10	0		0		0		1	10	1841	0	0.0	0	0.0	0	0.0	184	10.0
CEACAM16	ENST00000587331	6	0		0		0		1	6	1398	0	0.0	0	0.0	0	0.0	347	24.8
CEACAM3	ENST00000357396	7	0		0		0		1	2	899	0	0.0	0	0.0	0	0.0	380	42.3
CEACAM6	ENST00000199764	5	0		0		0		1	3	1135	0	0.0	0	0.0	0	0.0	299	26.3
CEBPA	ENST00000498907	1	0		0		0		1	1	1097	0	0.0	0	0.0	0	0.0	1097	100.0
CEBPE	ENST00000206513	2	0		0		0		1	1	886	0	0.0	0	0.0	0	0.0	530	59.8
CEL	ENST00000372080	11	0		0		0		3	1,8-9	2482	0	0.0	0	0.0	0	0.0	517	20.8
CELA2A	ENST00000359621	8	0		0		0		2	6-7	970	0	0.0	0	0.0	0	0.0	339	34.9
CELF2	ENST00000633077	13	0		0		0		3	3,8-9	1826	0	0.0	0	0.0	0	0.0	342	18.7
CELF4	ENST00000420428	12	0		0		0		1	1	1701	0	0.0	0	0.0	0	0.0	306	18.0
CELSR1	ENST00000674500	35	0		0		0		14	1-2,4,7-9,12,15-16,20-22,31-32	9760	0	0.0	0	0.0	0	0.0	6268	64.2
CELSR2	ENST00000271332	34	0		0		0		8	1-2,14,16-17,20,32-33	9452	0	0.0	0	0.0	0	0.0	5194	55.0
CELSR3	ENST00000164024	35	0		0		0		7	1-2,18,21,29-30,33	10639	0	0.0	0	0.0	0	0.0	5382	50.6
CEMIP	ENST00000394685	28	0		0		0		13	3,5,11,13,17,19,22-26,28,30	4646	0	0.0	0	0.0	0	0.0	2349	50.6
CENATAC	ENST00000334418	11	0		0		0		4	1-3,9	1219	0	0.0	0	0.0	0	0.0	553	45.4
CENPE	ENST00000265148	49	0		0		0		30	1-2,6-7,9,13-15,19,21-26,28,30-31,33,35-43,45-46	9086	0	0.0	0	0.0	0	0.0	5666	62.4
CENPF	ENST00000366955	19	0		0		0		7	3,6,10,12-13,17,20	9725	0	0.0	0	0.0	0	0.0	7367	75.8
CENPI	ENST00000682095	20	0		0		1	13	19	3-20,22	2671	0	0.0	0	0.0	112	4.2	2609	97.7
CENPQ	ENST00000335783	8	0		0		0		0		967	0	0.0	0	0.0	0	0.0	0	0.0
CENPT	ENST00000562787	13	0		0		0		4	4-6,15	1946	0	0.0	0	0.0	0	0.0	474	24.4
CEP104	ENST00000378230	21	0		0		0		4	4-5,9,11	3198	0	0.0	0	0.0	0	0.0	678	21.2
CEP112	ENST00000535342	26	0		0		0		5	2,5,14,16,23	3388	0	0.0	0	0.0	0	0.0	640	18.9
CEP120	ENST00000306467	20	0		0		0		6	3,6-7,9,12,19	3361	0	0.0	0	0.0	0	0.0	1079	32.1
CEP131	ENST00000450824	25	0		0		0		5	2-3,6,13,17	3743	0	0.0	0	0.0	0	0.0	766	20.5
CEP135	ENST00000257287	24	0		0		0		9	3-4,6,8,10-11,21-23	3903	0	0.0	0	0.0	0	0.0	1802	46.2
CEP152	ENST00000380950	26	0		0		0		13	7,9,11-14,16,19-21,23,25,27	5653	0	0.0	0	0.0	0	0.0	3513	62.1
CEP164	ENST00000278935	31	0		0		0		5	6,14,17,24,27	5003	0	0.0	0	0.0	0	0.0	1022	20.4
CEP170	ENST00000366542	19	0		0		0		9	6,8-11,13-14,16,18	5135	0	0.0	0	0.0	0	0.0	3761	73.2
CEP170B	ENST00000414716	18	0		0		1	8	3	7-8,19	5025	0	0.0	0	0.0	494	9.8	887	17.7
CEP19	ENST00000409690	2	0		0		0		1	3	532	0	0.0	0	0.0	0	0.0	382	71.8
CEP250	ENST00000397527	32	0		0		0		14	4,16,18-19,21-24,26-27,29-30,33-34	7969	0	0.0	0	0.0	0	0.0	4884	61.3
CEP290	ENST00000552810	53	0		0		0		21	5,7,9-10,15,23,25,27,29,31,34-36,38,40-41,45,47,50-51,54	8500	0	0.0	0	0.0	0	0.0	3903	45.9
CEP295	ENST00000325212	29	0		0		0		12	2,4-5,7-8,10,12,15,21,24-25,27	8386	0	0.0	0	0.0	0	0.0	5943	70.9
CEP41	ENST00000223208	11	0		0		0		2	9,11	1342	0	0.0	0	0.0	0	0.0	304	22.7
CEP43	ENST00000366847	13	0		0		0		3	2,4,10	1460	0	0.0	0	0.0	0	0.0	272	18.6
CEP55	ENST00000371485	8	0		0		0		3	3,6,8	1555	0	0.0	0	0.0	0	0.0	776	49.9
CEP57	ENST00000325542	11	0		0		0		5	1,3,6-7,11	1723	0	0.0	0	0.0	0	0.0	742	43.1
CEP63	ENST00000675561	14	0		0		0		5	4-5,7,12-13	2392	0	0.0	0	0.0	0	0.0	846	35.4
CEP68	ENST00000377990	5	0		0		0		1	3	2374	0	0.0	0	0.0	0	0.0	1547	65.2
CEP76	ENST00000262127	12	0		0		0		7	1-5,10,12	2220	0	0.0	0	0.0	0	0.0	1319	59.4
CEP78	ENST00000643273	17	0		0		0		6	1,8-9,11,13,17	2458	0	0.0	0	0.0	0	0.0	928	37.8
CEP83	ENST00000397809	15	0		0		0		7	4,8,10-13,17	2406	0	0.0	0	0.0	0	0.0	1057	43.9
CEP85L	ENST00000368491	13	0		0		0		8	1,3-6,9,11-12	2678	0	0.0	0	0.0	0	0.0	1896	70.8
CEP89	ENST00000305768	19	0		0		0		7	3,5,9,13,15,17,19	2732	0	0.0	0	0.0	0	0.0	1136	41.6
CERKL	ENST00000410087	13	0		0		0		7	1,3,6-7,11-13	1859	0	0.0	0	0.0	0	0.0	1094	58.8
CERS1	ENST00000623882	7	0		0		0		0		1193	0	0.0	0	0.0	0	0.0	0	0.0
CERS3	ENST00000679737	10	0		0		0		3	3,9,12	1352	0	0.0	0	0.0	0	0.0	515	38.1
CERT1	ENST00000643780	17	0		0		0		6	1,5,8-10,14	2215	0	0.0	0	0.0	0	0.0	699	31.6
CES1	ENST00000360526	14	0		0		0		1	13	1987	0	0.0	0	0.0	0	0.0	93	4.7
CETP	ENST00000200676	16	0		0		0		2	8,11	1802	0	0.0	0	0.0	0	0.0	297	16.5
CFAP184	ENST00000310085	1	0		0		0		1	1	1688	0	0.0	0	0.0	0	0.0	1688	100.0
CFAP206	ENST00000369562	12	0		0		0		6	3,7-11	2109	0	0.0	0	0.0	0	0.0	1067	50.6
CFAP221	ENST00000413369	23	0		0		0		6	7-8,11,16,18,20	2983	0	0.0	0	0.0	0	0.0	894	30.0
CFAP251	ENST00000288912	21	0		0		0		9	3,6-7,13,15,17,20-22	3870	0	0.0	0	0.0	0	0.0	1687	43.6
CFAP276	ENST00000369948	5	0		0		0		0		610	0	0.0	0	0.0	0	0.0	0	0.0
CFAP298	ENST00000290155	7	0		0		0		3	2,4,6	1013	0	0.0	0	0.0	0	0.0	483	47.7
CFAP300	ENST00000434758	7	0		0		0		2	1,3	944	0	0.0	0	0.0	0	0.0	226	23.9
CFAP410	ENST00000339818	7	0		0		0		1	3	911	0	0.0	0	0.0	0	0.0	67	7.4
CFAP418	ENST00000286688	6	0		0		0		5	1-2,4-6	744	0	0.0	0	0.0	0	0.0	659	88.6
CFAP43	ENST00000357060	38	0		0		0		14	1,11-12,20-24,31-34,36,38	5758	0	0.0	0	0.0	0	0.0	2208	38.3
CFAP44	ENST00000393845	34	0		0		0		14	4,11-14,16,19,21,24-25,27-28,30,35	6245	0	0.0	0	0.0	0	0.0	2559	41.0
CFAP45	ENST00000368099	12	0		0		0		1	11	1896	0	0.0	0	0.0	0	0.0	245	12.9
CFAP46	ENST00000368586	58	0		0		0		19	2-3,5-7,14-15,19-20,22,24,27,31-32,38,42,50,57-58	9308	0	0.0	0	0.0	0	0.0	3447	37.0
CFAP47	ENST00000378653	64	0		0		14	1,3,7-9,32,34,38,44,47,51,58,60-61	64	1-64	10844	0	0.0	0	0.0	2531	23.3	10844	100.0
CFAP52	ENST00000352665	14	0		0		0		2	1,10	2143	0	0.0	0	0.0	0	0.0	256	11.9
CFAP53	ENST00000398545	8	0		0		0		2	4,7	1705	0	0.0	0	0.0	0	0.0	447	26.2
CFAP54	ENST00000524981	67	0		0		1	47	25	1,3-4,13-14,16,19-21,23,28,30-31,35-37,41,44,46-49,51,62,65	10631	0	0.0	0	0.0	74	0.7	4258	40.1
CFAP57	ENST00000372492	22	0		0		0		8	3,10,12,17-18,20-22	4193	0	0.0	0	0.0	0	0.0	1567	37.4
CFAP58	ENST00000369704	18	0		0		0		8	2,4,10-11,13,16-18	2979	0	0.0	0	0.0	0	0.0	1495	50.2
CFAP61	ENST00000245957	26	0		0		0		7	2-3,9,20,22,24-25	4234	0	0.0	0	0.0	0	0.0	1286	30.4
CFAP65	ENST00000341552	33	0		0		0		13	4,6,10,13-14,16,24-27,31-32,34	6438	0	0.0	0	0.0	0	0.0	2589	40.2
CFAP69	ENST00000389297	23	0		0		0		8	5,7-8,12,14-15,17,19	3286	0	0.0	0	0.0	0	0.0	1290	39.3
CFAP70	ENST00000355577	27	0		0		0		7	3,5,13-15,18,23	3906	0	0.0	0	0.0	0	0.0	1042	26.7
CFAP74	ENST00000682832	38	0		0		0		11	3-5,17,23-24,26,34-37	5680	0	0.0	0	0.0	0	0.0	1831	32.2
CFAP91	ENST00000273390	17	0		0		0		9	1-4,6-7,13,16-17	2644	0	0.0	0	0.0	0	0.0	1383	52.3
CFB	ENST00000425368	18	0		0		0		0		2655	0	0.0	0	0.0	0	0.0	0	0.0
CFC1	ENST00000259216	6	0		0		0		0		792	0	0.0	0	0.0	0	0.0	0	0.0
CFD	ENST00000327726	5	0		0		0		1	2	862	0	0.0	0	0.0	0	0.0	177	20.5
CFH	ENST00000367429	22	0		0		0		7	2,5,12-14,16,21	4136	0	0.0	0	0.0	0	0.0	1424	34.4
CFHR1	ENST00000320493	6	0		0		0		4	1-3,5	1113	0	0.0	0	0.0	0	0.0	693	62.3
CFHR2	ENST00000367415	5	0		0		0		4	2-5	913	0	0.0	0	0.0	0	0.0	835	91.5
CFHR3	ENST00000367425	6	0		0		0		4	2-5	1113	0	0.0	0	0.0	0	0.0	818	73.5
CFHR4	ENST00000608469	10	0		0		0		7	1-3,5,7-9	1937	0	0.0	0	0.0	0	0.0	1305	67.4
CFHR5	ENST00000256785	10	0		0		0		4	2,4-5,10	1910	0	0.0	0	0.0	0	0.0	832	43.6
CFI	ENST00000394634	13	0		0		0		7	1,3,5-6,8,12-13	2012	0	0.0	0	0.0	0	0.0	935	46.5
CFL2	ENST00000298159	4	0		0		0		0		581	0	0.0	0	0.0	0	0.0	0	0.0
CFP	ENST00000396992	9	0		0		0		9	1-9	1590	0	0.0	0	0.0	0	0.0	1590	100.0
CFTR	ENST00000003084	27	0		0		1	20	11	2-3,5,8-9,11-12,14-15,20,22	4983	0	0.0	0	0.0	248	5.0	2487	49.9
CHADL	ENST00000216241	6	0		0		0		3	3-5	2409	0	0.0	0	0.0	0	0.0	2136	88.7
CHAF1A	ENST00000301280	15	0		0		0		6	2-3,8-9,12-13	3171	0	0.0	0	0.0	0	0.0	2150	67.8
CHAF1B	ENST00000314103	13	0		0		0		2	2,14	1940	0	0.0	0	0.0	0	0.0	258	13.3
CHAMP1	ENST00000361283	1	0		0		0		1	3	2459	0	0.0	0	0.0	0	0.0	2459	100.0
CHAT	ENST00000337653	15	0		0		0		8	4,7-8,11-15	2547	0	0.0	0	0.0	0	0.0	1363	53.5
CHCHD1	ENST00000372833	3	0		0		0		1	1	417	0	0.0	0	0.0	0	0.0	144	34.5
CHCHD10	ENST00000484558	4	0		0		0		0		509	0	0.0	0	0.0	0	0.0	0	0.0
CHCHD2	ENST00000395422	4	0		0		0		2	1,4	536	0	0.0	0	0.0	0	0.0	101	18.8
CHCHD6	ENST00000290913	8	0		0		0		2	3-4	868	0	0.0	0	0.0	0	0.0	255	29.4
CHD1	ENST00000614616	35	0		0		0		14	4-5,7,9,12,18-19,21,26-27,30,33-34,36	5833	0	0.0	0	0.0	0	0.0	2265	38.8
CHD1L	ENST00000369258	23	0		0		0		8	1,3-4,6,13-14,16,21	3154	0	0.0	0	0.0	0	0.0	1124	35.6
CHD2	ENST00000394196	38	0		0		0		7	2,4,8,13,21,31,35	6247	0	0.0	0	0.0	0	0.0	1000	16.0
CHD3	ENST00000330494	40	0		0		0		8	6-8,15,19,22,28,39	6803	0	0.0	0	0.0	0	0.0	1365	20.1
CHD4	ENST00000544040	39	0		0		0		7	3,7,15-16,24,26,39	6519	0	0.0	0	0.0	0	0.0	1366	21.0
CHD5	ENST00000262450	41	0		0		0		15	2,5,8-9,13-17,19,21,26,35,39-40	6685	0	0.0	0	0.0	0	0.0	2670	39.9
CHD7	ENST00000423902	37	0		0		0		13	2,4,10,15-16,20,23-24,29-30,32,34,38	9734	0	0.0	0	0.0	0	0.0	4994	51.3
CHD8	ENST00000646647	37	0		0		0		14	2-3,5,12,14,16-17,19-21,24,28,32,36	8486	0	0.0	0	0.0	0	0.0	3968	46.8
CHEK1	ENST00000438015	12	0		0		0		4	3,7,11-12	1671	0	0.0	0	0.0	0	0.0	643	38.5
CHEK2	ENST00000404276	14	0		0		0		4	4,8,12,15	1912	0	0.0	0	0.0	0	0.0	496	25.9
CHGA	ENST00000216492	8	0		0		0		1	8	1534	0	0.0	0	0.0	0	0.0	104	6.8
CHI3L1	ENST00000255409	10	0		0		0		3	8-10	1352	0	0.0	0	0.0	0	0.0	501	37.1
CHIC2	ENST00000263921	6	0		0		0		4	1,3-5	618	0	0.0	0	0.0	0	0.0	472	76.4
CHIT1	ENST00000367229	11	0		0		0		2	5-6	1621	0	0.0	0	0.0	0	0.0	331	20.4
CHKA	ENST00000265689	12	0		0		0		3	1,5,8	1614	0	0.0	0	0.0	0	0.0	632	39.2
CHKB	ENST00000406938	11	0		0		0		3	7-8,11	1408	0	0.0	0	0.0	0	0.0	326	23.2
CHL1	ENST00000256509	26	0		0		0		8	9-10,14,17,20,22-24	4195	0	0.0	0	0.0	0	0.0	1466	34.9
CHLSN	ENST00000397098	4	0		0		0		0		665	0	0.0	0	0.0	0	0.0	0	0.0
CHM	ENST00000357749	15	0		1	9	4	9,13-15	15	1-15	2262	0	0.0	98	4.3	610	27.0	2262	100.0
CHMP1A	ENST00000397901	7	0		0		0		1	5	731	0	0.0	0	0.0	0	0.0	149	20.4
CHMP1B	ENST00000526991	1	0		0		0		1	1	620	0	0.0	0	0.0	0	0.0	620	100.0
CHMP2B	ENST00000263780	6	0		0		0		3	1,3-4	762	0	0.0	0	0.0	0	0.0	392	51.4
CHMP3	ENST00000263856	6	0		0		0		2	2,5	789	0	0.0	0	0.0	0	0.0	216	27.4
CHMP4B	ENST00000217402	5	0		0		0		2	1,5	775	0	0.0	0	0.0	0	0.0	295	38.1
CHMP4C	ENST00000297265	5	0		0		0		2	1,5	802	0	0.0	0	0.0	0	0.0	295	36.8
CHN1	ENST00000409900	13	0		0		0		3	2-3,8	1640	0	0.0	0	0.0	0	0.0	240	14.6
CHP1	ENST00000334660	7	0		0		0		2	1,6	728	0	0.0	0	0.0	0	0.0	230	31.6
CHRD	ENST00000204604	23	0		0		0		4	2-3,7,13	3328	0	0.0	0	0.0	0	0.0	613	18.4
CHRDL1	ENST00000372042	11	0		0		2	9,11	11	2-12	1597	0	0.0	0	0.0	340	21.3	1597	100.0
CHRFAM7A	ENST00000299847	8	0		0		0		2	7,10	1399	0	0.0	0	0.0	0	0.0	754	53.9
CHRM1	ENST00000306960	1	0		0		0		1	2	1403	0	0.0	0	0.0	0	0.0	1403	100.0
CHRM2	ENST00000680005	1	0		0		0		1	4	1421	0	0.0	0	0.0	0	0.0	1421	100.0
CHRM3	ENST00000676153	1	0		0		0		1	7	1793	0	0.0	0	0.0	0	0.0	1793	100.0
CHRNA1	ENST00000348749	9	0		0		0		2	4,6	1554	0	0.0	0	0.0	0	0.0	388	25.0
CHRNA2	ENST00000407991	6	0		0		0		3	2-3,6	1710	0	0.0	0	0.0	0	0.0	1369	80.1
CHRNA3	ENST00000326828	6	0		0		0		4	2-5	1638	0	0.0	0	0.0	0	0.0	1387	84.7
CHRNA4	ENST00000370263	6	0		0		0		1	5	2004	0	0.0	0	0.0	0	0.0	1395	69.6
CHRNA5	ENST00000299565	6	0		0		0		4	1,4-6	1527	0	0.0	0	0.0	0	0.0	1290	84.5
CHRNA7	ENST00000306901	10	0		0		0		3	2,7,10	1709	0	0.0	0	0.0	0	0.0	914	53.5
CHRNB1	ENST00000306071	11	0		0		0		4	2,8-9,11	1726	0	0.0	0	0.0	0	0.0	758	43.9
CHRNB2	ENST00000368476	6	0		0		0		1	5	1629	0	0.0	0	0.0	0	0.0	993	61.0
CHRNB3	ENST00000289957	6	0		0		0		3	3-5	1497	0	0.0	0	0.0	0	0.0	1098	73.3
CHRNB4	ENST00000261751	6	0		0		0		2	5-6	1617	0	0.0	0	0.0	0	0.0	1178	72.9
CHRND	ENST00000258385	12	0		0		0		3	2,8,11	1794	0	0.0	0	0.0	0	0.0	437	24.4
CHRNE	ENST00000649488	12	0		0		0		2	6,12	1722	0	0.0	0	0.0	0	0.0	297	17.2
CHRNG	ENST00000651502	12	0		0		0		1	10	1794	0	0.0	0	0.0	0	0.0	234	13.0
CHST11	ENST00000303694	3	0		0		0		1	3	1119	0	0.0	0	0.0	0	0.0	875	78.2
CHST14	ENST00000306243	1	0		0		0		1	1	1151	0	0.0	0	0.0	0	0.0	1151	100.0
CHST2	ENST00000309575	1	0		0		0		1	2	1613	0	0.0	0	0.0	0	0.0	1613	100.0
CHST3	ENST00000373115	2	0		0		0		2	2-3	1480	0	0.0	0	0.0	0	0.0	1480	100.0
CHST6	ENST00000332272	1	0		0		0		1	3	1208	0	0.0	0	0.0	0	0.0	1208	100.0
CHST8	ENST00000650847	3	0		0		0		2	4-5	1335	0	0.0	0	0.0	0	0.0	1185	88.8
CHSY1	ENST00000254190	3	0		0		0		3	1-3	2469	0	0.0	0	0.0	0	0.0	2469	100.0
CHUK	ENST00000370397	21	0		0		0		6	2,8-9,11,14,20	2658	0	0.0	0	0.0	0	0.0	724	27.2
CIAO1	ENST00000488633	7	0		0		0		1	3	1160	0	0.0	0	0.0	0	0.0	132	11.4
CIAO3	ENST00000251588	11	0		0		0		2	3,6	1651	0	0.0	0	0.0	0	0.0	303	18.4
CIB1	ENST00000328649	7	0		0		0		3	4-6	716	0	0.0	0	0.0	0	0.0	419	58.5
CIB2	ENST00000258930	6	0		0		0		1	4	684	0	0.0	0	0.0	0	0.0	168	24.6
CIBAR1	ENST00000518322	9	0		0		0		5	2-4,6,9	1050	0	0.0	0	0.0	0	0.0	704	67.0
CIC	ENST00000681038	20	0		0		0		6	2,4,10-11,14,20	7954	0	0.0	0	0.0	0	0.0	4786	60.2
CIDEC	ENST00000336832	5	0		0		0		2	5-6	817	0	0.0	0	0.0	0	0.0	387	47.4
CIITA	ENST00000324288	19	0		0		0		4	2,5,11,17	3773	0	0.0	0	0.0	0	0.0	2040	54.1
CILK1	ENST00000676107	13	0		0		0		3	3,8-9	2159	0	0.0	0	0.0	0	0.0	604	28.0
CILP	ENST00000261883	8	0		0		0		4	3,5-6,9	3715	0	0.0	0	0.0	0	0.0	3037	81.7
CIMIP4	ENST00000381821	5	0		0		0		3	2-4	943	0	0.0	0	0.0	0	0.0	694	73.6
CINP	ENST00000216756	5	0		0		0		2	2,5	739	0	0.0	0	0.0	0	0.0	412	55.8
CIROP	ENST00000637218	16	0		0		0		0		2687	0	0.0	0	0.0	0	0.0	0	0.0
CIROZ	ENST00000377004	12	0		0		0		3	5,7,12	2712	0	0.0	0	0.0	0	0.0	1524	56.2
CISD2	ENST00000273986	3	0		0		0		1	2	468	0	0.0	0	0.0	0	0.0	235	50.2
CISH	ENST00000348721	3	0		0		0		1	3	837	0	0.0	0	0.0	0	0.0	556	66.4
CIT	ENST00000392521	47	0		0		0		15	3,7,9,14-15,21,23,25-27,31,34,37,45,47	7150	0	0.0	0	0.0	0	0.0	2645	37.0
CITED2	ENST00000367651	1	0		0		0		1	2	833	0	0.0	0	0.0	0	0.0	833	100.0
CIZ1	ENST00000372938	16	0		0		0		4	7-8,11,17	3017	0	0.0	0	0.0	0	0.0	1231	40.8
CKAP2L	ENST00000302450	9	0		0		0		4	1,4,7,9	2418	0	0.0	0	0.0	0	0.0	1645	68.0
CLASP1	ENST00000696935	40	0		0		0		9	2,13,16-17,20,25,30,36,39	5480	0	0.0	0	0.0	0	0.0	1496	27.3
CLCA2	ENST00000370565	14	0		0		0		6	1,5-6,9,11,14	3112	0	0.0	0	0.0	0	0.0	1515	48.7
CLCA4	ENST00000370563	14	0		0		0		7	4-6,8-9,11,14	3040	0	0.0	0	0.0	0	0.0	1603	52.7
CLCC1	ENST00000369969	10	0		0		0		7	3,5-6,8,10-12	1856	0	0.0	0	0.0	0	0.0	1455	78.4
CLCF1	ENST00000312438	3	0		0		0		1	3	738	0	0.0	0	0.0	0	0.0	515	69.8
CLCN1	ENST00000343257	23	0		0		0		6	1-2,12,15-17	3427	0	0.0	0	0.0	0	0.0	1161	33.9
CLCN2	ENST00000265593	24	0		0		0		6	5,11,15-16,22,24	3177	0	0.0	0	0.0	0	0.0	987	31.1
CLCN3	ENST00000513761	12	0		0		0		3	2,7,11	2697	0	0.0	0	0.0	0	0.0	826	30.6
CLCN4	ENST00000380833	11	0		0		2	5,9	10	3-7,9-13	2503	0	0.0	0	0.0	774	30.9	2402	96.0
CLCN5	ENST00000376091	13	0		0		2	11,13	13	3-15	2711	0	0.0	0	0.0	982	36.2	2711	100.0
CLCN6	ENST00000346436	23	0		0		0		6	2,6,16-17,19-20	3070	0	0.0	0	0.0	0	0.0	869	28.3
CLCN7	ENST00000382745	25	0		0		0		4	6,8-9,13	2918	0	0.0	0	0.0	0	0.0	392	13.4
CLCNKA	ENST00000331433	19	0		0		0		3	6,8,15	2444	0	0.0	0	0.0	0	0.0	478	19.6
CLCNKB	ENST00000375679	19	0		0		0		1	15	2444	0	0.0	0	0.0	0	0.0	234	9.6
CLDN1	ENST00000295522	4	0		0		0		1	1	716	0	0.0	0	0.0	0	0.0	243	33.9
CLDN10	ENST00000299339	5	0		0		0		2	1-2	787	0	0.0	0	0.0	0	0.0	422	53.6
CLDN11	ENST00000064724	3	0		0		0		2	1,3	684	0	0.0	0	0.0	0	0.0	499	73.0
CLDN14	ENST00000399135	1	0		0		0		1	2	740	0	0.0	0	0.0	0	0.0	740	100.0
CLDN16	ENST00000264734	5	0		0		0		1	4	808	0	0.0	0	0.0	0	0.0	212	26.2
CLDN19	ENST00000296387	5	0		0		0		2	3-4	775	0	0.0	0	0.0	0	0.0	278	35.9
CLDN2	ENST00000336803	1	0		0		0		1	2	713	0	0.0	0	0.0	0	0.0	713	100.0
CLDN23	ENST00000519106	1	0		0		0		1	1	899	0	0.0	0	0.0	0	0.0	899	100.0
CLDN5	ENST00000618236	1	0		0		0		1	1	677	0	0.0	0	0.0	0	0.0	677	100.0
CLDN9	ENST00000445369	1	0		0		0		1	1	674	0	0.0	0	0.0	0	0.0	674	100.0
CLEC1A	ENST00000315330	6	0		0		0		0		963	0	0.0	0	0.0	0	0.0	0	0.0
CLEC3B	ENST00000296130	3	0		0		0		0		669	0	0.0	0	0.0	0	0.0	0	0.0
CLEC4C	ENST00000360345	6	0		0		0		1	3	762	0	0.0	0	0.0	0	0.0	131	17.2
CLEC4M	ENST00000327325	7	0		0		0		2	1,6	1340	0	0.0	0	0.0	0	0.0	199	14.9
CLEC7A	ENST00000304084	6	0		0		0		1	1	864	0	0.0	0	0.0	0	0.0	123	14.2
CLIC2	ENST00000369449	6	0		0		0		6	1-6	864	0	0.0	0	0.0	0	0.0	864	100.0
CLIC5	ENST00000339561	6	0		0		0		4	1,3-5	876	0	0.0	0	0.0	0	0.0	558	63.7
CLIP1	ENST00000620786	25	0		0		0		9	3-4,6,18-20,23,25-26	4817	0	0.0	0	0.0	0	0.0	1922	39.9
CLIP2	ENST00000223398	16	0		0		0		7	3-4,7,10,13-14,16	3461	0	0.0	0	0.0	0	0.0	2242	64.8
CLMP	ENST00000448775	7	0		0		0		3	3,6-7	1262	0	0.0	0	0.0	0	0.0	705	55.9
CLN3	ENST00000636147	15	0		0		0		2	2,15	1617	0	0.0	0	0.0	0	0.0	227	14.0
CLN5	ENST00000377453	4	0		0		0		1	4	1157	0	0.0	0	0.0	0	0.0	532	46.0
CLN6	ENST00000249806	7	0		0		0		0		1076	0	0.0	0	0.0	0	0.0	0	0.0
CLN8	ENST00000331222	2	0		0		0		1	2	901	0	0.0	0	0.0	0	0.0	563	62.5
CLNK	ENST00000226951	18	0		0		0		3	3,11,18	1647	0	0.0	0	0.0	0	0.0	399	24.2
CLOCK	ENST00000513440	20	0		1	21	1	21	8	6,8,10,14,16,18,20-21	2941	0	0.0	223	7.6	223	7.6	1306	44.4
CLP1	ENST00000533682	2	0		0		0		2	2-3	1318	0	0.0	0	0.0	0	0.0	1318	100.0
CLPB	ENST00000294053	17	0		0		0		0		2464	0	0.0	0	0.0	0	0.0	0	0.0
CLPB	ENST00000538039	16	0		0		0		2	1,12	2354	0	0.0	0	0.0	0	0.0	600	25.5
CLPP	ENST00000245816	6	0		0		0		1	6	954	0	0.0	0	0.0	0	0.0	193	20.2
CLPS	ENST00000259938	3	0		0		0		0		399	0	0.0	0	0.0	0	0.0	0	0.0
CLPX	ENST00000300107	14	0		0		0		6	3,7-8,10,12-13	2182	0	0.0	0	0.0	0	0.0	945	43.3
CLRN1	ENST00000327047	3	0		0		0		2	1,3	759	0	0.0	0	0.0	0	0.0	559	73.6
CLRN2	ENST00000511148	3	0		0		0		2	1,3	759	0	0.0	0	0.0	0	0.0	559	73.6
CLRN3	ENST00000368671	3	0		0		0		2	1-2	741	0	0.0	0	0.0	0	0.0	449	60.6
CLSTN1	ENST00000377298	19	0		0		0		8	6,8-9,13-16,18	3326	0	0.0	0	0.0	0	0.0	1559	46.9
CLTC	ENST00000269122	32	0		0		0		11	5,7-8,12,16-18,20-21,24,26	5668	0	0.0	0	0.0	0	0.0	2034	35.9
CLTCL1	ENST00000427926	32	0		0		0		14	2-3,6-8,12,17,20-23,28,30-31	5563	0	0.0	0	0.0	0	0.0	2839	51.0
CLTRN	ENST00000380342	6	0		0		1	6	6	1-6	789	0	0.0	0	0.0	177	22.4	789	100.0
CLU	ENST00000316403	8	0		0		0		3	4-5,8	1510	0	0.0	0	0.0	0	0.0	819	54.2
CLXN	ENST00000262103	6	0		0		0		3	1-2,5	756	0	0.0	0	0.0	0	0.0	379	50.1
CMAS	ENST00000229329	8	0		0		0		3	3-4,6	1465	0	0.0	0	0.0	0	0.0	522	35.6
CMPK2	ENST00000256722	5	0		0		0		2	1-2	1450	0	0.0	0	0.0	0	0.0	830	57.2
CMTR2	ENST00000434935	1	0		0		0		1	3	2333	0	0.0	0	0.0	0	0.0	2333	100.0
CMYA5	ENST00000446378	13	0		0		0		5	1-2,11-13	12470	0	0.0	0	0.0	0	0.0	11259	90.3
CNBP	ENST00000422453	4	0		0		0		1	4	614	0	0.0	0	0.0	0	0.0	219	35.7
CNDP1	ENST00000358821	12	0		0		0		5	5-6,9-11	1764	0	0.0	0	0.0	0	0.0	845	47.9
CNGA1	ENST00000514170	8	0		0		0		2	10-11	2221	0	0.0	0	0.0	0	0.0	1556	70.1
CNGA2	ENST00000329903	6	0		0		2	6-7	6	2-7	2115	0	0.0	0	0.0	1553	73.4	2115	100.0
CNGA3	ENST00000272602	7	0		0		0		3	6-8	2225	0	0.0	0	0.0	0	0.0	1696	76.2
CNGA4	ENST00000379936	6	0		0		0		3	4-6	1848	0	0.0	0	0.0	0	0.0	1517	82.1
CNGB1	ENST00000251102	32	0		0		0		9	7,13,15,19,21,29-31,33	4396	0	0.0	0	0.0	0	0.0	1485	33.8
CNGB3	ENST00000320005	18	0		0		0		8	4,7,10-11,13-16	2790	0	0.0	0	0.0	0	0.0	1079	38.7
CNIH3	ENST00000272133	6	0		0		0		1	1	603	0	0.0	0	0.0	0	0.0	101	16.7
CNIH4	ENST00000465271	5	0		0		0		0		520	0	0.0	0	0.0	0	0.0	0	0.0
CNKSR1	ENST00000361530	21	0		0		0		1	18	2562	0	0.0	0	0.0	0	0.0	82	3.2
CNKSR2	ENST00000379510	22	0		0		3	5,18,22	21	1-20,22	3545	0	0.0	0	0.0	386	10.9	3328	93.9
CNNM2	ENST00000369878	8	0		0		0		3	1-2,7	2788	0	0.0	0	0.0	0	0.0	2010	72.1
CNNM3	ENST00000305510	8	0		0		0		7	1-6,8	2284	0	0.0	0	0.0	0	0.0	2125	93.0
CNNM4	ENST00000377075	7	0		0		0		4	1,3-4,7	2468	0	0.0	0	0.0	0	0.0	1985	80.4
CNOT1	ENST00000317147	48	0		0		0		12	4,6-7,21,25,29,31,34,36,38-39,48	8091	0	0.0	0	0.0	0	0.0	2340	28.9
CNOT2	ENST00000229195	15	0		0		0		5	3,8,10,12,15	1923	0	0.0	0	0.0	0	0.0	677	35.2
CNOT3	ENST00000221232	17	0		0		0		1	8	2602	0	0.0	0	0.0	0	0.0	240	9.2
CNOT9	ENST00000273064	8	0		0		0		3	1,4,8	1060	0	0.0	0	0.0	0	0.0	363	34.2
CNP	ENST00000393892	4	0		0		0		2	2-3	1346	0	0.0	0	0.0	0	0.0	853	63.4
CNPY2	ENST00000273308	5	0		0		0		1	2	649	0	0.0	0	0.0	0	0.0	108	16.6
CNPY3	ENST00000372836	6	0		0		0		2	1,3	957	0	0.0	0	0.0	0	0.0	288	30.1
CNTD1	ENST00000588408	7	0		0		0		1	1	1133	0	0.0	0	0.0	0	0.0	189	16.7
CNTN1	ENST00000551295	23	0		0		0		10	6-9,11-12,20-23	3517	0	0.0	0	0.0	0	0.0	1615	45.9
CNTN2	ENST00000331830	22	0		0		0		9	3,6,8,11-12,16,20,22-23	3563	0	0.0	0	0.0	0	0.0	1606	45.1
CNTN5	ENST00000524871	23	0		0		1	3	5	3,10,13,24-25	3763	0	0.0	0	0.0	75	2.0	761	20.2
CNTN6	ENST00000446702	22	0		0		0		6	8,11-12,17,19,23	3527	0	0.0	0	0.0	0	0.0	872	24.7
CNTNAP1	ENST00000264638	24	0		0		0		6	3,5,7,9,14,19	4635	0	0.0	0	0.0	0	0.0	1323	28.5
CNTNAP2	ENST00000361727	24	0		0		0		12	1-2,5-10,15-16,18,22	4476	0	0.0	0	0.0	0	0.0	2344	52.4
COA1	ENST00000223336	5	0		0		0		3	3,5-6	541	0	0.0	0	0.0	0	0.0	337	62.3
COA3	ENST00000328434	2	0		0		0		1	1	361	0	0.0	0	0.0	0	0.0	234	64.8
COA5	ENST00000328709	3	0		0		0		0		285	0	0.0	0	0.0	0	0.0	0	0.0
COA6	ENST00000366615	3	0		0		0		1	1	528	0	0.0	0	0.0	0	0.0	232	43.9
COA7	ENST00000371538	3	0		0		0		2	2-3	756	0	0.0	0	0.0	0	0.0	630	83.3
COA8	ENST00000409074	5	0		0		0		1	5	682	0	0.0	0	0.0	0	0.0	126	18.5
COASY	ENST00000393818	9	0		0		0		2	1,9	1875	0	0.0	0	0.0	0	0.0	803	42.8
COCH	ENST00000396618	11	0		0		0		2	11-12	1873	0	0.0	0	0.0	0	0.0	733	39.1
COG1	ENST00000299886	14	0		0		0		9	1,3-4,6-9,11,14	3223	0	0.0	0	0.0	0	0.0	2407	74.7
COG2	ENST00000366669	18	0		0		0		7	5,8,10,13-14,16-17	2577	0	0.0	0	0.0	0	0.0	1101	42.7
COG3	ENST00000349995	23	0		0		0		2	1,17	2947	0	0.0	0	0.0	0	0.0	335	11.4
COG4	ENST00000323786	19	0		0		0		7	1,5,11-12,14,16,19	2750	0	0.0	0	0.0	0	0.0	1174	42.7
COG5	ENST00000297135	22	0		0		0		10	1-4,6,11-12,15-16,22	2930	0	0.0	0	0.0	0	0.0	1244	42.5
COG6	ENST00000455146	19	0		0		0		5	1-2,8,13,18	2354	0	0.0	0	0.0	0	0.0	689	29.3
COG7	ENST00000307149	17	0		0		0		6	1,3,6,8,12-13	2653	0	0.0	0	0.0	0	0.0	985	37.1
COG8	ENST00000306875	5	0		0		0		3	1,3,5	1939	0	0.0	0	0.0	0	0.0	1522	78.5
COL10A1	ENST00000651968	2	0		0		0		1	3	2083	0	0.0	0	0.0	0	0.0	1909	91.6
COL11A1	ENST00000370096	67	0		0		1	67	19	4,7-8,12,26-27,31,33-34,41,44,48,52,56-57,63,65-67	6761	0	0.0	0	0.0	167	2.5	2296	34.0
COL11A2	ENST00000341947	66	0		0		0		4	3,10,29,63	6531	0	0.0	0	0.0	0	0.0	655	10.0
COL12A1	ENST00000322507	65	0		0		0		18	2,8,14,18-20,24,31,33-34,40,42,46,49,51-52,60,63	10492	0	0.0	0	0.0	0	0.0	2969	28.3
COL13A1	ENST00000645393	41	0		0		0		5	9,12-13,27,30	3007	0	0.0	0	0.0	0	0.0	358	11.9
COL14A1	ENST00000297848	47	0		0		0		13	3,6-8,12-13,19,33,35,38,45-47	6331	0	0.0	0	0.0	0	0.0	1953	30.8
COL17A1	ENST00000648076	55	0		0		0		5	2,17,23,37,52	5594	0	0.0	0	0.0	0	0.0	899	16.1
COL18A1	ENST00000651438	42	0		1	34	1	34	1	34	4860	0	0.0	161	3.3	161	3.3	161	3.3
COL1A1	ENST00000225964	51	0		0		0		4	2-3,6,50	5415	0	0.0	0	0.0	0	0.0	625	11.5
COL1A2	ENST00000297268	52	0		0		0		15	4-6,9,11,16-17,20,25,32,38,40,42,44,52	5141	0	0.0	0	0.0	0	0.0	1584	30.8
COL20A1	ENST00000358894	34	0		0		0		2	5,8	4535	0	0.0	0	0.0	0	0.0	364	8.0
COL21A1	ENST00000244728	29	0		0		0		9	3-4,6,8,16,18,20,22,26	3454	0	0.0	0	0.0	0	0.0	1456	42.2
COL25A1	ENST00000399132	37	0		0		0		6	2,4,10,14,32,36	2705	0	0.0	0	0.0	0	0.0	756	27.9
COL27A1	ENST00000356083	61	0		0		0		10	3,7,10,13,22,24,26-27,50,61	6803	0	0.0	0	0.0	0	0.0	2527	37.1
COL2A1	ENST00000380518	54	0		0		0		6	1,30,38,51,53-54	5544	0	0.0	0	0.0	0	0.0	992	17.9
COL3A1	ENST00000304636	51	0		0		1	44	21	2-4,12,18-19,21,24,26,31,33,39,41-49	5421	0	0.0	0	0.0	74	1.4	2597	47.9
COL4A1	ENST00000375820	52	0		0		0		19	4-5,10-11,13,15,20,23-24,27-28,30,32,34,37,42,48,51-52	6050	0	0.0	0	0.0	0	0.0	2362	39.0
COL4A2	ENST00000360467	47	0		0		0		20	2,12-13,19-20,22-23,29-31,33,38,40-46,48	6079	0	0.0	0	0.0	0	0.0	3087	50.8
COL4A3	ENST00000396578	52	0		0		0		20	3,5,10,19,21,25-26,28,30-32,34,36,38,42-43,48,50-52	6053	0	0.0	0	0.0	0	0.0	2990	49.4
COL4A4	ENST00000396625	47	0		0		0		18	3,8,15,17-18,20-22,28-30,32-33,36,39-40,46,48	6013	0	0.0	0	0.0	0	0.0	2718	45.2
COL4A5	ENST00000328300	53	0		0		6	25,31-33,38,45	51	1-22,24-42,44-53	6136	0	0.0	0	0.0	851	13.9	6016	98.0
COL4A6	ENST00000334504	45	0		0		11	6,14,20,23,28,30-31,33,41-42,45	44	1-31,33-45	5973	0	0.0	0	0.0	1774	29.7	5889	98.6
COL5A1	ENST00000371817	66	0		0		0		9	2-4,27,31,39,55,64,66	6837	0	0.0	0	0.0	0	0.0	1265	18.5
COL5A2	ENST00000374866	54	0		0		0		18	1-2,5,8,10,13-14,17,19,21,23,28,40,44,46,51-53	5580	0	0.0	0	0.0	0	0.0	2350	42.1
COL5A3	ENST00000264828	67	0		0		0		3	3,30,42	6578	0	0.0	0	0.0	0	0.0	466	7.1
COL6A1	ENST00000361866	35	0		0		0		3	15,25,33	3787	0	0.0	0	0.0	0	0.0	370	9.8
COL6A2	ENST00000300527	27	0		0		0		0		3600	0	0.0	0	0.0	0	0.0	0	0.0
COL6A2	ENST00000397763	27	0		0		0		3	3-4,26	3297	0	0.0	0	0.0	0	0.0	1133	34.4
COL6A3	ENST00000295550	43	0		0		0		20	2-12,15,19-20,22,31,36,38,40,44	10394	0	0.0	0	0.0	0	0.0	8191	78.8
COL6A6	ENST00000358511	36	0		0		0		13	2-4,6-8,10,13,26,28,30,33,35	7512	0	0.0	0	0.0	0	0.0	4695	62.5
COL7A1	ENST00000681320	118	0		0		0		3	3,86,117	11195	0	0.0	0	0.0	0	0.0	370	3.3
COL8A2	ENST00000397799	2	0		0		0		1	4	2152	0	0.0	0	0.0	0	0.0	1939	90.1
COL9A1	ENST00000357250	38	0		0		0		9	5,8,10,12,29,33-36	3526	0	0.0	0	0.0	0	0.0	1229	34.9
COL9A2	ENST00000372748	32	0		0		0		2	30,32	2710	0	0.0	0	0.0	0	0.0	429	15.8
COL9A3	ENST00000649368	32	0		0		0		2	31-32	2695	0	0.0	0	0.0	0	0.0	309	11.5
COLEC10	ENST00000332843	6	0		0		0		3	2,5-6	954	0	0.0	0	0.0	0	0.0	620	65.0
COLEC11	ENST00000349077	6	0		0		0		1	7	936	0	0.0	0	0.0	0	0.0	412	44.0
COLGALT1	ENST00000252599	12	0		0		0		4	1,5,7,9	2109	0	0.0	0	0.0	0	0.0	755	35.8
COLQ	ENST00000383788	17	0		0		0		3	6,11,15	1708	0	0.0	0	0.0	0	0.0	334	19.6
COMP	ENST00000222271	19	0		0		0		3	5,12,17	2654	0	0.0	0	0.0	0	0.0	424	16.0
COMT	ENST00000361682	4	0		0		0		0		896	0	0.0	0	0.0	0	0.0	0	0.0
COPA	ENST00000241704	33	0		0		0		5	5,9,18,20,32	4335	0	0.0	0	0.0	0	0.0	861	19.9
COPB1	ENST00000439561	21	0		0		0		9	3-4,9-11,15-16,19,21	3282	0	0.0	0	0.0	0	0.0	1691	51.5
COPB2	ENST00000333188	22	0		0		0		5	9,16-18,22	3161	0	0.0	0	0.0	0	0.0	815	25.8
COPG1	ENST00000314797	24	0		0		0		9	4,8-13,20,22	3105	0	0.0	0	0.0	0	0.0	1295	41.7
COQ10A	ENST00000308197	5	0		0		0		2	2,5	844	0	0.0	0	0.0	0	0.0	355	42.1
COQ10B	ENST00000263960	5	0		0		0		1	1	817	0	0.0	0	0.0	0	0.0	124	15.2
COQ2	ENST00000647002	7	0		0		0		1	1	1256	0	0.0	0	0.0	0	0.0	273	21.7
COQ3	ENST00000254759	7	0		0		0		1	2	1250	0	0.0	0	0.0	0	0.0	147	11.8
COQ4	ENST00000300452	7	0		0		0		3	2-3,6	938	0	0.0	0	0.0	0	0.0	383	40.8
COQ5	ENST00000288532	7	0		0		0		2	3,7	1124	0	0.0	0	0.0	0	0.0	364	32.4
COQ6	ENST00000334571	12	0		0		0		5	1,5,9,11-12	1647	0	0.0	0	0.0	0	0.0	794	48.2
COQ7	ENST00000321998	6	0		0		0		2	1-2	774	0	0.0	0	0.0	0	0.0	292	37.7
COQ8A	ENST00000366777	14	0		0		0		3	3,13,15	2224	0	0.0	0	0.0	0	0.0	822	37.0
COQ8B	ENST00000324464	14	0		0		0		3	2,12,15	1915	0	0.0	0	0.0	0	0.0	609	31.8
COQ9	ENST00000262507	9	0		0		0		1	1	1137	0	0.0	0	0.0	0	0.0	93	8.2
CORIN	ENST00000273857	22	0		0		0		5	11,14,16,18,20	3569	0	0.0	0	0.0	0	0.0	898	25.2
CORO1A	ENST00000219150	10	0		0		0		2	3,8	1586	0	0.0	0	0.0	0	0.0	309	19.5
CORO7	ENST00000251166	28	0		0		0		4	2-3,5,25	3338	0	0.0	0	0.0	0	0.0	572	17.1
COX10	ENST00000261643	7	0		0		0		3	1,6-7	1472	0	0.0	0	0.0	0	0.0	740	50.3
COX11	ENST00000299335	4	0		0		0		3	1,3-4	911	0	0.0	0	0.0	0	0.0	735	80.7
COX14	ENST00000550487	1	0		0		0		0		194	0	0.0	0	0.0	0	0.0	0	0.0
COX15	ENST00000016171	9	0		0		0		3	1,7-8	1413	0	0.0	0	0.0	0	0.0	419	29.7
COX16	ENST00000389912	4	0		0		0		3	1,3-4	401	0	0.0	0	0.0	0	0.0	309	77.1
COX17	ENST00000261070	2	0		0		0		0		232	0	0.0	0	0.0	0	0.0	0	0.0
COX18	ENST00000507544	6	0		0		0		3	1,4,6	1125	0	0.0	0	0.0	0	0.0	692	61.5
COX19	ENST00000344111	3	0		0		0		1	3	333	0	0.0	0	0.0	0	0.0	99	29.7
COX20	ENST00000411948	4	0		0		0		1	4	437	0	0.0	0	0.0	0	0.0	156	35.7
COX4I1	ENST00000253452	4	0		0		0		2	3-4	590	0	0.0	0	0.0	0	0.0	340	57.6
COX4I2	ENST00000376075	4	0		0		0		2	4-5	596	0	0.0	0	0.0	0	0.0	309	51.8
COX5A	ENST00000322347	4	0		0		0		1	1	533	0	0.0	0	0.0	0	0.0	120	22.5
COX5B	ENST00000258424	4	0		0		0		2	1,4	470	0	0.0	0	0.0	0	0.0	256	54.5
COX6A1	ENST00000229379	3	0		0		0		1	1	390	0	0.0	0	0.0	0	0.0	123	31.5
COX6A2	ENST00000287490	3	0		0		0		1	3	354	0	0.0	0	0.0	0	0.0	104	29.4
COX6B1	ENST00000649813	3	0		0		0		0		321	0	0.0	0	0.0	0	0.0	0	0.0
COX6B2	ENST00000326529	3	0		0		0		1	2	327	0	0.0	0	0.0	0	0.0	132	40.4
COX6C	ENST00000520468	2	0		0		0		0		268	0	0.0	0	0.0	0	0.0	0	0.0
COX7A1	ENST00000292907	4	0		0		0		0		320	0	0.0	0	0.0	0	0.0	0	0.0
COX7A2	ENST00000684430	4	0		0		0		1	1	332	0	0.0	0	0.0	0	0.0	38	11.4
COX7B	ENST00000650309	3	0		0		0		2	1-2	303	0	0.0	0	0.0	0	0.0	205	67.7
COX7B2	ENST00000355591	1	0		0		0		0		266	0	0.0	0	0.0	0	0.0	0	0.0
COX7C	ENST00000247655	2	0		0		0		1	2	232	0	0.0	0	0.0	0	0.0	137	59.1
COX8A	ENST00000314133	2	0		0		0		1	1	250	0	0.0	0	0.0	0	0.0	134	53.6
COXFA4	ENST00000339600	4	0		0		0		3	1,3-4	326	0	0.0	0	0.0	0	0.0	217	66.6
COXFA4L2	ENST00000554503	4	0		0		0		0		344	0	0.0	0	0.0	0	0.0	0	0.0
CP	ENST00000264613	19	0		0		0		5	4-5,10-11,16	3578	0	0.0	0	0.0	0	0.0	1110	31.0
CPA1	ENST00000011292	10	0		0		0		3	3-4,10	1460	0	0.0	0	0.0	0	0.0	584	40.0
CPA6	ENST00000297770	11	0		0		0		2	1,6	1534	0	0.0	0	0.0	0	0.0	258	16.8
CPAMD8	ENST00000443236	42	0		0		0		12	2,4,11,15,17,19-20,24-26,41-42	6498	0	0.0	0	0.0	0	0.0	2501	38.5
CPAP	ENST00000381884	16	0		0		0		4	4,6-7,9	4337	0	0.0	0	0.0	0	0.0	2261	52.1
CPE	ENST00000402744	9	0		0		0		1	1	1611	0	0.0	0	0.0	0	0.0	327	20.3
CPEB2	ENST00000538197	12	0		0		0		4	1,8-9,11	3345	0	0.0	0	0.0	0	0.0	2133	63.8
CPLANE1	ENST00000651892	52	0		0		1	4	17	4,11-12,17,24-26,29-30,32-34,38,42,44-46	10796	0	0.0	0	0.0	140	1.3	5055	46.8
CPLX1	ENST00000304062	3	0		0		0		0		465	0	0.0	0	0.0	0	0.0	0	0.0
CPN1	ENST00000370418	9	0		0		0		4	2-3,6,9	1557	0	0.0	0	0.0	0	0.0	720	46.2
CPNE2	ENST00000290776	15	0		0		0		3	3,10,15	1947	0	0.0	0	0.0	0	0.0	537	27.6
CPNE6	ENST00000689861	15	0		0		0		1	6	1974	0	0.0	0	0.0	0	0.0	104	5.3
CPOX	ENST00000647941	7	0		0		0		2	1,6	1505	0	0.0	0	0.0	0	0.0	701	46.6
CPQ	ENST00000220763	7	0		0		0		4	2,6-8	1559	0	0.0	0	0.0	0	0.0	971	62.3
CPS1	ENST00000233072	38	0		0		0		10	8,14-17,19,26,30-31,36	5263	0	0.0	0	0.0	0	0.0	1656	31.5
CPSF1	ENST00000616140	37	0		0		0		3	8,12-13	5072	0	0.0	0	0.0	0	0.0	375	7.4
CPSF3	ENST00000238112	18	0		0		0		2	12,16	2415	0	0.0	0	0.0	0	0.0	219	9.1
CPSF6	ENST00000435070	9	0		0		0		3	1,3-4	1836	0	0.0	0	0.0	0	0.0	370	20.2
CPT1A	ENST00000265641	18	0		0		0		12	2-4,6-7,10,12-14,17-19	2682	0	0.0	0	0.0	0	0.0	1787	66.6
CPT1B	ENST00000312108	18	0		0		0		3	3,14,16	2679	0	0.0	0	0.0	0	0.0	518	19.3
CPT1C	ENST00000598293	18	0		0		1	7	5	4,7,12,16,20	2772	0	0.0	0	0.0	158	5.7	882	31.8
CPT2	ENST00000371486	5	0		0		0		3	1,4-5	2077	0	0.0	0	0.0	0	0.0	1849	89.0
CR1	ENST00000367049	47	1	14	5	13-15,17,21	10	8-9,11,13-17,19,21	26	5-23,25-27,29,37,39,41	8410	197	2.3	1397	16.6	2088	24.8	5527	65.7
CR2	ENST00000367057	19	0		0		0		8	1,6-8,10-11,14,19	3659	0	0.0	0	0.0	0	0.0	1963	53.6
CRACR2A	ENST00000440314	17	0		0		0		6	10-11,13-16	2536	0	0.0	0	0.0	0	0.0	1033	40.7
CRADD	ENST00000332896	2	0		0		0		0		640	0	0.0	0	0.0	0	0.0	0	0.0
CRAT	ENST00000318080	14	0		0		0		3	8,10,14	2161	0	0.0	0	0.0	0	0.0	500	23.1
CRB1	ENST00000367400	12	0		0		0		6	2,5-7,9,12	4461	0	0.0	0	0.0	0	0.0	3513	78.7
CRB2	ENST00000373631	13	0		0		0		2	7,13	4118	0	0.0	0	0.0	0	0.0	1138	27.6
CRBN	ENST00000231948	11	0		0		0		8	1-3,5,7-9,11	1549	0	0.0	0	0.0	0	0.0	1144	73.9
CREB1	ENST00000353267	7	0		0		0		1	8	1124	0	0.0	0	0.0	0	0.0	165	14.7
CREB3L1	ENST00000621158	12	0		0		0		4	3,6,10-11	1800	0	0.0	0	0.0	0	0.0	807	44.8
CREB3L3	ENST00000078445	10	0		0		0		3	3-4,7	1586	0	0.0	0	0.0	0	0.0	549	34.6
CREBBP	ENST00000262367	31	0		0		0		9	1-2,5,10,14,17,24,27,31	7949	0	0.0	0	0.0	0	0.0	4274	53.8
CREBRF	ENST00000296953	8	0		0		0		1	4	2080	0	0.0	0	0.0	0	0.0	1107	53.2
CRELD1	ENST00000452070	10	0		0		0		3	6-7,11	1463	0	0.0	0	0.0	0	0.0	548	37.5
CRH	ENST00000276571	1	0		0		0		1	2	611	0	0.0	0	0.0	0	0.0	611	100.0
CRHR1	ENST00000314537	13	0		0		0		2	8,10	1508	0	0.0	0	0.0	0	0.0	187	12.4
CRIM1	ENST00000280527	17	0		0		0		5	1,7,11,13-14	3451	0	0.0	0	0.0	0	0.0	1256	36.4
CRIP3	ENST00000372569	8	0		0		0		0		775	0	0.0	0	0.0	0	0.0	0	0.0
CRIPT	ENST00000238892	5	0		0		0		1	4	406	0	0.0	0	0.0	0	0.0	124	30.5
CRIPTO	ENST00000296145	6	0		0		0		0		687	0	0.0	0	0.0	0	0.0	0	0.0
CRLF1	ENST00000392386	9	0		1	7	1	7	2	7-8	1449	0	0.0	208	14.4	208	14.4	271	18.7
CRLS1	ENST00000378863	7	0		0		0		2	1,4	1046	0	0.0	0	0.0	0	0.0	432	41.3
CRNKL1	ENST00000536226	14	0		0		0		7	1,3,6-8,10-11	2344	0	0.0	0	0.0	0	0.0	1146	48.9
CRPPA	ENST00000407010	10	0		0		0		4	2,6,8-9	1556	0	0.0	0	0.0	0	0.0	680	43.7
CRTAP	ENST00000320954	7	0		0		0		3	1,4-5	1346	0	0.0	0	0.0	0	0.0	806	59.9
CRTC1	ENST00000321949	14	0		0		0		1	14	2185	0	0.0	0	0.0	0	0.0	232	10.6
CRX	ENST00000221996	3	0		0		0		1	3	960	0	0.0	0	0.0	0	0.0	172	17.9
CRY1	ENST00000008527	12	0		0		0		7	1-2,5-7,10,12	2001	0	0.0	0	0.0	0	0.0	1146	57.3
CRYAA	ENST00000291554	3	0		0		0		0		582	0	0.0	0	0.0	0	0.0	0	0.0
CRYAB	ENST00000650687	3	0		0		0		0		588	0	0.0	0	0.0	0	0.0	0	0.0
CRYBA1	ENST00000225387	6	0		0		0		3	1,3-4	768	0	0.0	0	0.0	0	0.0	352	45.8
CRYBA2	ENST00000295728	4	0		0		0		1	1	674	0	0.0	0	0.0	0	0.0	181	26.9
CRYBA4	ENST00000354760	5	0		0		0		2	4,6	691	0	0.0	0	0.0	0	0.0	330	47.8
CRYBB1	ENST00000647684	5	0		0		0		1	5	859	0	0.0	0	0.0	0	0.0	163	19.0
CRYBB2	ENST00000398215	5	0		0		0		1	3	718	0	0.0	0	0.0	0	0.0	139	19.4
CRYBB3	ENST00000215855	5	0		0		0		2	2,4	736	0	0.0	0	0.0	0	0.0	248	33.7
CRYGA	ENST00000304502	3	0		0		0		3	1-3	585	0	0.0	0	0.0	0	0.0	585	100.0
CRYGB	ENST00000260988	3	0		0		0		0		588	0	0.0	0	0.0	0	0.0	0	0.0
CRYGC	ENST00000282141	3	0		0		0		2	2-3	585	0	0.0	0	0.0	0	0.0	556	95.0
CRYGD	ENST00000264376	3	0		0		0		1	2	585	0	0.0	0	0.0	0	0.0	263	45.0
CRYGS	ENST00000307944	3	0		0		0		0		597	0	0.0	0	0.0	0	0.0	0	0.0
CRYM	ENST00000572914	8	0		0		0		2	2,5	1105	0	0.0	0	0.0	0	0.0	378	34.2
CRYZ	ENST00000340866	8	0		0		0		2	4,9	1150	0	0.0	0	0.0	0	0.0	366	31.8
CS	ENST00000351328	11	0		0		0		0		1621	0	0.0	0	0.0	0	0.0	0	0.0
CSAD	ENST00000444623	14	0		0		0		2	5,8	1762	0	0.0	0	0.0	0	0.0	283	16.1
CSDE1	ENST00000358528	18	0		0		0		5	4,9-10,12,14	2757	0	0.0	0	0.0	0	0.0	890	32.3
CSF1R	ENST00000675795	21	0		0		0		5	2,8,10,17,21	3339	0	0.0	0	0.0	0	0.0	874	26.2
CSF2RA	ENST00000381529	11	0		0		0		4	3,7,11,13	1423	0	0.0	0	0.0	0	0.0	504	35.4
CSF2RB	ENST00000403662	13	0		0		0		2	6,14	2954	0	0.0	0	0.0	0	0.0	1335	45.2
CSF3	ENST00000394149	5	0		0		0		1	5	715	0	0.0	0	0.0	0	0.0	185	25.9
CSF3R	ENST00000373106	15	0		0		0		2	4-5	2811	0	0.0	0	0.0	0	0.0	461	16.4
CSGALNACT1	ENST00000692225	7	0		0		0		2	3,6	1739	0	0.0	0	0.0	0	0.0	853	49.1
CSH1	ENST00000316193	5	0		0		0		2	4-5	754	0	0.0	0	0.0	0	0.0	403	53.4
CSMD1	ENST00000635120	70	0		0		1	51	21	12,14,16-18,27,31,34,36,40,44,47,49,51-52,54,61-62,64-66	12095	0	0.0	0	0.0	215	1.8	3805	31.5
CSMD3	ENST00000297405	71	0		0		0		30	1-4,6-9,13-15,17-18,20-23,26-27,29,31,37,39,43,47,52-53,57-58,70	12544	0	0.0	0	0.0	0	0.0	5587	44.5
CSNK1D	ENST00000314028	9	0		0		0		2	3-4	1428	0	0.0	0	0.0	0	0.0	418	29.3
CSNK1E	ENST00000396832	9	0		0		0		4	3,7-9	1431	0	0.0	0	0.0	0	0.0	673	47.0
CSNK1G1	ENST00000303052	11	0		0		0		4	2-4,12	1489	0	0.0	0	0.0	0	0.0	427	28.7
CSNK1G3	ENST00000696905	13	0		0		0		3	3,7-8	1631	0	0.0	0	0.0	0	0.0	272	16.7
CSNK2A1	ENST00000217244	12	0		0		0		1	7	1416	0	0.0	0	0.0	0	0.0	80	5.6
CSNK2B	ENST00000375882	6	0		0		0		2	4-5	768	0	0.0	0	0.0	0	0.0	232	30.2
CSPG4	ENST00000308508	10	0		0		0		3	3-4,10	7169	0	0.0	0	0.0	0	0.0	5915	82.5
CSPP1	ENST00000678616	30	0		0		0		8	6-7,16,19,23,26-27,31	4281	0	0.0	0	0.0	0	0.0	1409	32.9
CSRP3	ENST00000265968	5	0		0		0		1	3	685	0	0.0	0	0.0	0	0.0	189	27.6
CST1	ENST00000304749	3	0		0		0		0		486	0	0.0	0	0.0	0	0.0	0	0.0
CST3	ENST00000376925	3	0		0		0		0		501	0	0.0	0	0.0	0	0.0	0	0.0
CST6	ENST00000312134	3	0		0		0		0		510	0	0.0	0	0.0	0	0.0	0	0.0
CSTA	ENST00000264474	3	0		0		0		1	3	357	0	0.0	0	0.0	0	0.0	149	41.7
CSTB	ENST00000291568	3	0		0		0		1	1	357	0	0.0	0	0.0	0	0.0	86	24.1
CSTF2	ENST00000372972	13	0		0		0		12	1-12	1994	0	0.0	0	0.0	0	0.0	1851	92.8
CT55	ENST00000276241	6	0		1	3	1	3	5	1-5	915	0	0.0	165	18.0	165	18.0	825	90.2
CTBP1	ENST00000382952	9	0		0		0		2	3,6	1470	0	0.0	0	0.0	0	0.0	410	27.9
CTBP2	ENST00000337195	9	0		0		0		3	5-7	1518	0	0.0	0	0.0	0	0.0	627	41.3
CTC1	ENST00000651323	23	0		0		0		7	3-4,6,9,12,14,20	4114	0	0.0	0	0.0	0	0.0	1323	32.2
CTCF	ENST00000264010	10	0		0		0		3	3,5,12	2384	0	0.0	0	0.0	0	0.0	1160	48.7
CTDP1	ENST00000613122	13	0		0		0		5	1,4,8,11,13	3146	0	0.0	0	0.0	0	0.0	1883	59.9
CTF1	ENST00000279804	3	0		0		0		0		666	0	0.0	0	0.0	0	0.0	0	0.0
CTH	ENST00000370938	12	0		0		0		3	2,5,8	1458	0	0.0	0	0.0	0	0.0	427	29.3
CTHRC1	ENST00000330295	4	0		0		0		1	3	812	0	0.0	0	0.0	0	0.0	237	29.2
CTLA4	ENST00000648405	4	0		0		0		1	1	752	0	0.0	0	0.0	0	0.0	129	17.2
CTNNA1	ENST00000302763	17	0		0		0		8	7-11,14,17-18	3061	0	0.0	0	0.0	0	0.0	1382	45.1
CTNNA2	ENST00000402739	18	0		0		0		7	2,5-6,9,12-13,16	3222	0	0.0	0	0.0	0	0.0	1241	38.5
CTNNA3	ENST00000433211	17	0		0		0		8	2-5,11-12,15,18	3028	0	0.0	0	0.0	0	0.0	1567	51.8
CTNNB1	ENST00000349496	14	0		0		0		3	6,9,11	2626	0	0.0	0	0.0	0	0.0	721	27.5
CTNNBL1	ENST00000361383	16	0		0		0		0		2012	0	0.0	0	0.0	0	0.0	0	0.0
CTNND1	ENST00000399050	19	0		0		0		9	3,6-7,9,12-16	3287	0	0.0	0	0.0	0	0.0	2149	65.4
CTNND2	ENST00000304623	22	0		0		0		6	1,7,11-12,18-19	4118	0	0.0	0	0.0	0	0.0	1332	32.3
CTNS	ENST00000046640	10	0		0		0		2	7,10	1304	0	0.0	0	0.0	0	0.0	343	26.3
CTPS1	ENST00000650070	17	0		0		0		3	3-4,14	2116	0	0.0	0	0.0	0	0.0	429	20.3
CTR9	ENST00000361367	25	0		0		0		8	1-2,6-7,11,15,20,25	4022	0	0.0	0	0.0	0	0.0	1341	33.3
CTRC	ENST00000375949	8	0		0		0		1	5	967	0	0.0	0	0.0	0	0.0	157	16.2
CTSA	ENST00000646241	14	0		0		0		3	2,6,12	1723	0	0.0	0	0.0	0	0.0	486	28.2
CTSB	ENST00000353047	9	0		0		1	2	6	2,6-10	1200	0	0.0	0	0.0	146	12.2	820	68.3
CTSC	ENST00000227266	7	0		0		0		3	1-2,5	1532	0	0.0	0	0.0	0	0.0	494	32.2
CTSD	ENST00000236671	9	0		0		0		0		1419	0	0.0	0	0.0	0	0.0	0	0.0
CTSF	ENST00000310325	13	0		0		0		3	1,3,6	1715	0	0.0	0	0.0	0	0.0	638	37.2
CTSK	ENST00000271651	7	0		0		0		1	6	1130	0	0.0	0	0.0	0	0.0	186	16.5
CTSL	ENST00000343150	7	0		0		0		2	2,6	1142	0	0.0	0	0.0	0	0.0	329	28.8
CTSV	ENST00000259470	7	0		0		0		1	8	1145	0	0.0	0	0.0	0	0.0	120	10.5
CTTNBP2	ENST00000160373	23	0		0		0		7	2-6,17,20	5452	0	0.0	0	0.0	0	0.0	2674	49.0
CTU2	ENST00000453996	15	0		0		1	10	1	10	1848	0	0.0	0	0.0	112	6.1	112	6.1
CUBN	ENST00000377833	67	0		0		0		15	12,14-15,17-19,24,26-27,49-50,56,62-64	12212	0	0.0	0	0.0	0	0.0	2990	24.5
CUL3	ENST00000264414	16	0		0		0		5	3,5,12-14	2627	0	0.0	0	0.0	0	0.0	748	28.5
CUL4B	ENST00000371322	20	0		0		5	2,5,9,11-12	17	1-3,5-15,17-19	3088	0	0.0	0	0.0	656	21.2	2748	89.0
CUL7	ENST00000265348	25	0		0		0		6	4,9-10,17-18,20	5597	0	0.0	0	0.0	0	0.0	1406	25.1
CUX1	ENST00000292535	24	0		0		0		8	1,15,17-19,21-22,24	4998	0	0.0	0	0.0	0	0.0	3098	62.0
CUX1	ENST00000622516	23	0		0		0		5	1-2,7,11-12	2497	0	0.0	0	0.0	0	0.0	599	24.0
CUX2	ENST00000261726	22	0		0		0		10	1,11,14-17,19-22	4901	0	0.0	0	0.0	0	0.0	3598	73.4
CWC27	ENST00000381070	14	0		0		0		4	4,6,9,12	1699	0	0.0	0	0.0	0	0.0	469	27.6
CWF19L1	ENST00000354105	14	0		0		0		3	3,7,9	1897	0	0.0	0	0.0	0	0.0	339	17.9
CX3CR1	ENST00000399220	1	0		0		0		1	2	1088	0	0.0	0	0.0	0	0.0	1088	100.0
CXADR	ENST00000284878	7	0		0		0		4	2,4,6-7	1238	0	0.0	0	0.0	0	0.0	807	65.2
CXCL12	ENST00000343575	3	0		0		0		1	2	330	0	0.0	0	0.0	0	0.0	138	41.8
CXCR1	ENST00000295683	1	0		0		0		1	2	1073	0	0.0	0	0.0	0	0.0	1073	100.0
CXCR2	ENST00000318507	1	0		0		0		1	3	1103	0	0.0	0	0.0	0	0.0	1103	100.0
CXCR4	ENST00000241393	2	0		0		0		2	1-2	1099	0	0.0	0	0.0	0	0.0	1099	100.0
CXCR5	ENST00000292174	2	0		0		0		1	2	1159	0	0.0	0	0.0	0	0.0	1088	93.9
CYB561	ENST00000360793	5	0		0		0		1	2	856	0	0.0	0	0.0	0	0.0	222	25.9
CYB561A3	ENST00000294072	5	0		0		0		2	3-4	829	0	0.0	0	0.0	0	0.0	433	52.2
CYB5A	ENST00000340533	5	0		0		0		1	1	505	0	0.0	0	0.0	0	0.0	149	29.5
CYB5R3	ENST00000352397	9	0		0		0		1	7	1086	0	0.0	0	0.0	0	0.0	106	9.8
CYBA	ENST00000261623	6	0		0		0		0		708	0	0.0	0	0.0	0	0.0	0	0.0
CYBB	ENST00000378588	13	0		0		2	5,9	13	1-13	1973	0	0.0	0	0.0	440	22.3	1973	100.0
CYBC1	ENST00000306645	6	0		0		0		0		684	0	0.0	0	0.0	0	0.0	0	0.0
CYBRD1	ENST00000321348	4	0		0		0		0		941	0	0.0	0	0.0	0	0.0	0	0.0
CYC1	ENST00000318911	7	0		0		0		1	6	1118	0	0.0	0	0.0	0	0.0	121	10.8
CYCS	ENST00000305786	2	0		0		0		0		358	0	0.0	0	0.0	0	0.0	0	0.0
CYFIP1	ENST00000617928	30	0		0		0		10	2,6,11,13-17,19,21	4362	0	0.0	0	0.0	0	0.0	1566	35.9
CYFIP2	ENST00000620254	30	0		0		0		13	3,7-8,10-12,14-15,20-21,26,29-30	4362	0	0.0	0	0.0	0	0.0	1968	45.1
CYLC1	ENST00000329312	5	0		0		1	2	5	1-5	2056	0	0.0	0	0.0	61	3.0	2056	100.0
CYLC2	ENST00000374798	5	0		0		0		1	2	1147	0	0.0	0	0.0	0	0.0	61	5.3
CYLD	ENST00000427738	17	0		0		0		7	3-4,9-10,14,16,18	3211	0	0.0	0	0.0	0	0.0	1886	58.7
CYP11A1	ENST00000268053	9	0		0		0		3	3,8-9	1746	0	0.0	0	0.0	0	0.0	590	33.8
CYP11B1	ENST00000292427	9	0		0		0		4	1,3-4,8	1692	0	0.0	0	0.0	0	0.0	921	54.4
CYP11B2	ENST00000323110	9	0		0		0		3	3-4,8	1692	0	0.0	0	0.0	0	0.0	662	39.1
CYP17A1	ENST00000369887	8	0		0		0		5	1-2,5-6,8	1687	0	0.0	0	0.0	0	0.0	1206	71.5
CYP19A1	ENST00000396402	9	0		0		0		2	7,10	1692	0	0.0	0	0.0	0	0.0	404	23.9
CYP1B1	ENST00000610745	2	0		0		0		2	2-3	1672	0	0.0	0	0.0	0	0.0	1672	100.0
CYP21A2	ENST00000644719	10	0		0		0		2	5,10	1688	0	0.0	0	0.0	0	0.0	408	24.2
CYP24A1	ENST00000216862	11	0		0		0		4	2,4,7,10	1765	0	0.0	0	0.0	0	0.0	712	40.3
CYP26B1	ENST00000001146	6	0		0		0		3	2-4	1659	0	0.0	0	0.0	0	0.0	717	43.2
CYP26C1	ENST00000651965	6	0		0		0		5	1-3,5-6	1689	0	0.0	0	0.0	0	0.0	1513	89.6
CYP27A1	ENST00000258415	9	0		0		0		2	1,8	1776	0	0.0	0	0.0	0	0.0	508	28.6
CYP27B1	ENST00000228606	9	0		0		0		2	1,8	1707	0	0.0	0	0.0	0	0.0	433	25.4
CYP2A13	ENST00000330436	9	0		0		0		0		1665	0	0.0	0	0.0	0	0.0	0	0.0
CYP2A6	ENST00000301141	9	0		0		1	9	6	1-5,9	1665	0	0.0	0	0.0	202	12.1	1133	68.0
CYP2B6	ENST00000324071	9	0		0		0		0		1656	0	0.0	0	0.0	0	0.0	0	0.0
CYP2C19	ENST00000371321	9	0		0		0		6	1,3,5-8	1653	0	0.0	0	0.0	0	0.0	1087	65.8
CYP2C8	ENST00000371270	9	0		0		0		3	4-5,8	1653	0	0.0	0	0.0	0	0.0	540	32.7
CYP2C9	ENST00000260682	9	0		0		0		5	1,3-4,6,8	1653	0	0.0	0	0.0	0	0.0	863	52.2
CYP2D6	ENST00000645361	9	0		0		0		0		1674	0	0.0	0	0.0	0	0.0	0	0.0
CYP2R1	ENST00000334636	5	0		0		0		4	1-4	1606	0	0.0	0	0.0	0	0.0	1410	87.8
CYP2U1	ENST00000332884	5	0		0		1	2	3	1-2,5	1735	0	0.0	0	0.0	656	37.8	1365	78.7
CYP3A4	ENST00000651514	13	0		0		0		7	2,4-5,8,10-11,13	1772	0	0.0	0	0.0	0	0.0	1060	59.8
CYP3A5	ENST00000222982	13	0		0		0		7	2,4-5,7-8,11,13	1769	0	0.0	0	0.0	0	0.0	1048	59.2
CYP46A1	ENST00000261835	15	0		0		0		6	4,6,8-9,12-13	1803	0	0.0	0	0.0	0	0.0	747	41.4
CYP4F12	ENST00000550308	12	0		0		0		4	2,4-5,13	1815	0	0.0	0	0.0	0	0.0	638	35.2
CYP4F22	ENST00000269703	12	0		0		0		4	3,7-8,14	1836	0	0.0	0	0.0	0	0.0	870	47.4
CYP4V2	ENST00000378802	11	0		0		0		4	1,4,6,8	1798	0	0.0	0	0.0	0	0.0	715	39.8
CYP51A1	ENST00000003100	10	0		0		0		2	1,4	1730	0	0.0	0	0.0	0	0.0	359	20.8
CYP7A1	ENST00000301645	6	0		0		0		3	1-2,6	1635	0	0.0	0	0.0	0	0.0	681	41.7
CYP7B1	ENST00000310193	6	0		0		0		4	1,4-6	1641	0	0.0	0	0.0	0	0.0	873	53.2
CYREN	ENST00000393114	3	0		0		0		2	2-3	534	0	0.0	0	0.0	0	0.0	253	47.4
CYS1	ENST00000381813	3	0		0		0		1	3	537	0	0.0	0	0.0	0	0.0	126	23.5
D2HGDH	ENST00000321264	9	0		0		0		5	2,4,6-8	1746	0	0.0	0	0.0	0	0.0	988	56.6
DAAM2	ENST00000274867	24	0		0		0		7	2,5-6,13,20,24-25	3687	0	0.0	0	0.0	0	0.0	1487	40.3
DAB1	ENST00000371236	13	0		0		0		2	4,12	1928	0	0.0	0	0.0	0	0.0	688	35.7
DAB2IP	ENST00000408936	16	0		0		0		4	6,10,12,14	3890	0	0.0	0	0.0	0	0.0	1920	49.4
DACH2	ENST00000373125	12	0		0		1	1	12	1-12	2040	0	0.0	0	0.0	508	24.9	2040	100.0
DACT1	ENST00000395153	4	0		0		0		1	4	2480	0	0.0	0	0.0	0	0.0	1786	72.0
DAG1	ENST00000308775	2	0		0		0		2	2-3	2728	0	0.0	0	0.0	0	0.0	2728	100.0
DAGLA	ENST00000257215	19	0		0		0		4	3,5,12,20	3509	0	0.0	0	0.0	0	0.0	1467	41.8
DAGLB	ENST00000297056	15	0		0		0		9	1,6-10,12,14-15	2319	0	0.0	0	0.0	0	0.0	1292	55.7
DALRD3	ENST00000341949	12	0		0		0		5	2-3,7,9-10	1872	0	0.0	0	0.0	0	0.0	1012	54.1
DAND5	ENST00000317060	2	0		0		0		1	1	610	0	0.0	0	0.0	0	0.0	344	56.4
DAO	ENST00000228476	10	0		0		0		1	2	1244	0	0.0	0	0.0	0	0.0	214	17.2
DAOA	ENST00000375936	4	0		0		0		2	2,5	542	0	0.0	0	0.0	0	0.0	265	48.9
DAP3	ENST00000368336	12	0		0		0		1	12	1437	0	0.0	0	0.0	0	0.0	138	9.6
DAPK1	ENST00000408954	25	0		0		0		9	10,12-13,15,19,21,23,25-26	4793	0	0.0	0	0.0	0	0.0	2416	50.4
DARS1	ENST00000264161	16	0		0		0		6	2,4-5,8-9,12	1826	0	0.0	0	0.0	0	0.0	674	36.9
DARS2	ENST00000649689	17	0		0		0		4	1,5,10,13	2278	0	0.0	0	0.0	0	0.0	636	27.9
DAW1	ENST00000309931	13	0		0		0		3	1,3-4	1508	0	0.0	0	0.0	0	0.0	304	20.2
DAZL	ENST00000399444	11	0		0		0		4	1,5,7,10	1108	0	0.0	0	0.0	0	0.0	318	28.7
DBH	ENST00000393056	12	0		0		0		4	2-4,6	2094	0	0.0	0	0.0	0	0.0	829	39.6
DBR1	ENST00000260803	8	0		0		0		2	5,7	1795	0	0.0	0	0.0	0	0.0	411	22.9
DBT	ENST00000370132	11	0		0		0		4	1,5-7	1669	0	0.0	0	0.0	0	0.0	637	38.2
DCAF13	ENST00000612750	11	0		0		0		2	8,11	1558	0	0.0	0	0.0	0	0.0	293	18.8
DCAF15	ENST00000254337	13	0		0		0		0		2063	0	0.0	0	0.0	0	0.0	0	0.0
DCAF17	ENST00000375255	14	0		0		0		3	1,11-12	1843	0	0.0	0	0.0	0	0.0	361	19.6
DCAF8	ENST00000368074	12	0		0		0		2	4,12	2034	0	0.0	0	0.0	0	0.0	834	41.0
DCC	ENST00000442544	29	0		0		0		11	2,4-5,7-8,14,18,20,24,26-27	4924	0	0.0	0	0.0	0	0.0	2154	43.7
DCDC2	ENST00000378454	10	0		0		0		2	1,5	1631	0	0.0	0	0.0	0	0.0	480	29.4
DCHS1	ENST00000299441	20	0		0		0		6	2,6-7,11,14,21	10297	0	0.0	0	0.0	0	0.0	6868	66.7
DCLK2	ENST00000296550	16	0		0		0		4	1-2,15-16	2621	0	0.0	0	0.0	0	0.0	1181	45.1
DCLRE1B	ENST00000650450	4	0		0		0		0		1679	0	0.0	0	0.0	0	0.0	0	0.0
DCLRE1C	ENST00000378278	14	0		0		0		6	1-4,12,14	2359	0	0.0	0	0.0	0	0.0	1438	61.0
DCN	ENST00000052754	7	0		0		0		1	2	1220	0	0.0	0	0.0	0	0.0	231	18.9
DCP1B	ENST00000280665	9	0		0		0		6	1,3,5,7-9	2034	0	0.0	0	0.0	0	0.0	1737	85.4
DCPS	ENST00000263579	6	0		0		0		4	1,3-4,6	1134	0	0.0	0	0.0	0	0.0	808	71.3
DCT	ENST00000377028	8	0		0		0		6	1-2,4-7	1720	0	0.0	0	0.0	0	0.0	1400	81.4
DCTN1	ENST00000628224	32	0		0		0		3	21,26,32	4477	0	0.0	0	0.0	0	0.0	515	11.5
DCTN4	ENST00000447998	13	0		0		0		1	13	1643	0	0.0	0	0.0	0	0.0	234	14.2
DCX	ENST00000636035	6	0		0		1	5	6	2-7	1221	0	0.0	0	0.0	158	12.9	1221	100.0
DCXR	ENST00000306869	8	0		0		0		0		895	0	0.0	0	0.0	0	0.0	0	0.0
DDB1	ENST00000301764	27	0		0		0		4	3,11-12,24	3963	0	0.0	0	0.0	0	0.0	552	13.9
DDB2	ENST00000256996	10	0		0		0		4	1-3,8	1484	0	0.0	0	0.0	0	0.0	701	47.2
DDC	ENST00000444124	13	0		0		0		5	2,5,9,13-14	1703	0	0.0	0	0.0	0	0.0	807	47.4
DDHD1	ENST00000673822	13	0		0		0		7	1-2,5,7-10	2963	0	0.0	0	0.0	0	0.0	2001	67.5
DDHD2	ENST00000397166	16	0		0		0		0		2456	0	0.0	0	0.0	0	0.0	0	0.0
DDOST	ENST00000602624	11	0		0		0		3	2-3,9	1540	0	0.0	0	0.0	0	0.0	379	24.6
DDR1	ENST00000376568	17	0		0		0		4	3,14-16	3082	0	0.0	0	0.0	0	0.0	765	24.8
DDR2	ENST00000367921	16	0		0		0		7	4-6,9,12-13,16	2888	0	0.0	0	0.0	0	0.0	1537	53.2
DDRGK1	ENST00000354488	9	0		0		0		4	1-2,5,9	1125	0	0.0	0	0.0	0	0.0	665	59.1
DDX11	ENST00000542838	26	0		0		0		3	8-9,12	3241	0	0.0	0	0.0	0	0.0	437	13.5
DDX17	ENST00000403230	13	0		0		0		3	1,10,13	2450	0	0.0	0	0.0	0	0.0	915	37.3
DDX23	ENST00000308025	16	0		0		0		2	10,13	2783	0	0.0	0	0.0	0	0.0	509	18.3
DDX25	ENST00000263576	12	0		0		0		1	4	1692	0	0.0	0	0.0	0	0.0	156	9.2
DDX31	ENST00000372159	20	0		0		0		6	1,4,9,12,14,20	2641	0	0.0	0	0.0	0	0.0	847	32.1
DDX39B	ENST00000396172	10	0		0		0		1	9	1487	0	0.0	0	0.0	0	0.0	165	11.1
DDX3X	ENST00000644876	17	0		0		1	12	17	1-17	2329	0	0.0	0	0.0	165	7.1	2329	100.0
DDX41	ENST00000330503	17	0		0		0		3	3-4,8	2209	0	0.0	0	0.0	0	0.0	449	20.3
DDX43	ENST00000370336	16	0		0		0		6	1,3,5,7-9	2267	0	0.0	0	0.0	0	0.0	954	42.1
DDX49	ENST00000247003	13	0		0		0		7	1,4-6,11-13	1712	0	0.0	0	0.0	0	0.0	1056	61.7
DDX53	ENST00000327968	1	0		0		0		1	1	1916	0	0.0	0	0.0	0	0.0	1916	100.0
DDX54	ENST00000306014	20	0		0		0		6	1,4,13-14,19-20	3046	0	0.0	0	0.0	0	0.0	1134	37.2
DDX59	ENST00000331314	7	0		0		0		3	2,6,8	2000	0	0.0	0	0.0	0	0.0	1281	64.0
DDX6	ENST00000534980	12	0		0		0		0		1692	0	0.0	0	0.0	0	0.0	0	0.0
DDX60	ENST00000393743	37	0		0		0		17	5-6,9-11,14,16,21,24-26,30,32,34-37	5879	0	0.0	0	0.0	0	0.0	3023	51.4
DDX60L	ENST00000682922	37	0		0		0		19	4-6,8-10,12,16-17,21,24-26,30,32-36	5861	0	0.0	0	0.0	0	0.0	3357	57.3
DEAF1	ENST00000382409	12	0		0		0		7	1,3,5,7-9,12	1938	0	0.0	0	0.0	0	0.0	1189	61.4
DECR1	ENST00000220764	10	0		0		0		3	1,3,5	1208	0	0.0	0	0.0	0	0.0	335	27.7
DEF6	ENST00000316637	11	0		0		0		7	1,4,6-9,11	2116	0	0.0	0	0.0	0	0.0	1471	69.5
DEGS1	ENST00000323699	3	0		0		0		1	2	1032	0	0.0	0	0.0	0	0.0	763	73.9
DEK	ENST00000652689	10	0		0		0		3	7,9-10	1328	0	0.0	0	0.0	0	0.0	467	35.2
DENND1A	ENST00000394215	24	0		0		0		5	13,17,22-24	3693	0	0.0	0	0.0	0	0.0	1880	50.9
DENND2B	ENST00000313726	19	0		0		0		5	2-3,7,9,18	3794	0	0.0	0	0.0	0	0.0	1962	51.7
DENND2C	ENST00000393274	18	0		0		0		6	4-5,7-8,10,15	3147	0	0.0	0	0.0	0	0.0	1668	53.0
DENND4B	ENST00000361217	27	0		0		0		4	4,14,20,26	5031	0	0.0	0	0.0	0	0.0	845	16.8
DENND5A	ENST00000328194	23	0		0		0		8	1,4,6,12,17,19,21,23	4324	0	0.0	0	0.0	0	0.0	2034	47.0
DENND5B	ENST00000389082	21	0		0		0		7	2-4,9,13,16-17	4245	0	0.0	0	0.0	0	0.0	1673	39.4
DENR	ENST00000280557	7	0		0		0		0		737	0	0.0	0	0.0	0	0.0	0	0.0
DEPDC5	ENST00000651528	42	0		0		0		10	4,12,14,17,23,30,34,37-38,40	5652	0	0.0	0	0.0	0	0.0	1489	26.3
DES	ENST00000373960	9	0		0		0		3	1,5-6	1593	0	0.0	0	0.0	0	0.0	985	61.8
DGAT1	ENST00000528718	17	0		0		0		0		1807	0	0.0	0	0.0	0	0.0	0	0.0
DGAT2	ENST00000228027	8	0		0		0		4	1,5-7	1327	0	0.0	0	0.0	0	0.0	784	59.1
DGCR2	ENST00000263196	10	0		0		0		4	3-4,6,9	1853	0	0.0	0	0.0	0	0.0	840	45.3
DGCR8	ENST00000351989	13	0		0		0		6	2-6,12	2582	0	0.0	0	0.0	0	0.0	1752	67.9
DGKD	ENST00000264057	30	0		0		0		5	1,8-10,29	4245	0	0.0	0	0.0	0	0.0	762	18.0
DGKE	ENST00000284061	11	0		0		0		5	2-5,8	1924	0	0.0	0	0.0	0	0.0	1102	57.3
DGKG	ENST00000265022	24	0		0		0		2	6,22	2856	0	0.0	0	0.0	0	0.0	389	13.6
DGKZ	ENST00000456247	31	0		0		0		0		3407	0	0.0	0	0.0	0	0.0	0	0.0
DGUOK	ENST00000264093	7	0		0		0		1	1	974	0	0.0	0	0.0	0	0.0	162	16.6
DHCR24	ENST00000371269	9	0		0		0		6	1-2,5-8	1731	0	0.0	0	0.0	0	0.0	1292	74.6
DHCR7	ENST00000355527	7	0		0		0		4	4,6,8-9	1568	0	0.0	0	0.0	0	0.0	1114	71.0
DHDDS	ENST00000236342	8	0		0		0		1	5	1162	0	0.0	0	0.0	0	0.0	137	11.8
DHFR	ENST00000439211	6	0		0		0		3	3-4,6	684	0	0.0	0	0.0	0	0.0	372	54.4
DHFR2	ENST00000314636	1	0		0		0		1	2	584	0	0.0	0	0.0	0	0.0	584	100.0
DHH	ENST00000649637	3	0		0		0		3	1-3	1251	0	0.0	0	0.0	0	0.0	1251	100.0
DHODH	ENST00000219240	9	0		0		0		4	2-3,7,9	1368	0	0.0	0	0.0	0	0.0	702	51.3
DHPS	ENST00000210060	9	0		0		0		2	3,6	1290	0	0.0	0	0.0	0	0.0	268	20.8
DHRS3	ENST00000616661	6	0		0		0		2	2,5	1029	0	0.0	0	0.0	0	0.0	310	30.1
DHRS9	ENST00000674881	4	0		0		0		3	2,4-5	1040	0	0.0	0	0.0	0	0.0	761	73.2
DHRSX	ENST00000334651	7	0		0		0		3	1,5,7	1133	0	0.0	0	0.0	0	0.0	566	50.0
DHTKD1	ENST00000263035	17	0		0		0		5	3-4,8,11,15	3100	0	0.0	0	0.0	0	0.0	1141	36.8
DHX16	ENST00000376442	20	0		0		0		5	5-7,12,14	3526	0	0.0	0	0.0	0	0.0	1067	30.3
DHX30	ENST00000445061	20	0		0		0		10	4-9,11,14-15,17	3985	0	0.0	0	0.0	0	0.0	2525	63.4
DHX32	ENST00000284690	11	0		0		0		8	1-3,5,7-10	2452	0	0.0	0	0.0	0	0.0	1821	74.3
DHX34	ENST00000328771	16	0		0		0		4	2-4,7	3752	0	0.0	0	0.0	0	0.0	1527	40.7
DHX37	ENST00000308736	27	0		0		0		6	1,4,10,17,20-21	4014	0	0.0	0	0.0	0	0.0	1087	27.1
DHX38	ENST00000268482	26	0		0		0		4	7,9,14,26	4204	0	0.0	0	0.0	0	0.0	627	14.9
DHX9	ENST00000367549	27	0		0		0		12	2,5-6,10,12,17,19,21-22,24,26-27	4353	0	0.0	0	0.0	0	0.0	1973	45.3
DIABLO	ENST00000464942	6	0		0		0		2	1,6	840	0	0.0	0	0.0	0	0.0	287	34.2
DIAPH1	ENST00000389054	28	0		0		0		6	1,11,14-15,22,28	4379	0	0.0	0	0.0	0	0.0	999	22.8
DIAPH2	ENST00000324765	27	0		0		7	3-4,6,12-13,17,19	27	1-27	3846	0	0.0	0	0.0	943	24.5	3846	100.0
DIAPH3	ENST00000400324	28	0		0		0		9	1,4-6,9,15,21,25-26	4142	0	0.0	0	0.0	0	0.0	1354	32.7
DICER1	ENST00000343455	26	0		0		0		8	4,6,9,12,21,23-24,26	6289	0	0.0	0	0.0	0	0.0	2733	43.5
DIO1	ENST00000361921	4	0		0		0		2	1-2	830	0	0.0	0	0.0	0	0.0	521	62.8
DIP2A	ENST00000417564	38	0		0		0		14	2-3,5-6,11-13,20,23-24,29,34-35,37	5476	0	0.0	0	0.0	0	0.0	1950	35.6
DIP2B	ENST00000301180	38	0		0		0		11	1,7,14,19,26,28-29,31,33,36-37	5491	0	0.0	0	0.0	0	0.0	1521	27.7
DIP2C	ENST00000280886	37	0		0		1	13	17	3,5,8,11-13,18,20-22,25,27,29-31,35,37	5411	0	0.0	0	0.0	123	2.3	2997	55.4
DIS3L2	ENST00000325385	20	0		0		0		4	4,7,12,17	3058	0	0.0	0	0.0	0	0.0	491	16.1
DISC1	ENST00000439617	13	0		0		0		7	1-2,5-6,8,10-11	2825	0	0.0	0	0.0	0	0.0	1982	70.2
DISP1	ENST00000675850	7	0		0		0		2	3,9	4715	0	0.0	0	0.0	0	0.0	4137	87.7
DKC1	ENST00000369550	15	0		0		1	2	12	2-4,6-10,12-15	1845	0	0.0	0	0.0	88	4.8	1465	79.4
DLAT	ENST00000280346	14	0		0		0		5	1,6,8-9,13	2224	0	0.0	0	0.0	0	0.0	865	38.9
DLC1	ENST00000276297	17	0		0		0		9	2-3,5,7,9,11-13,16	4927	0	0.0	0	0.0	0	0.0	3684	74.8
DLD	ENST00000205402	14	0		0		0		7	3,5,7-10,14	1810	0	0.0	0	0.0	0	0.0	964	53.3
DLG1	ENST00000667157	24	0		0		0		3	16-17,25	3162	0	0.0	0	0.0	0	0.0	411	13.0
DLG2	ENST00000376104	26	0		0		0		3	5,7,27	3448	0	0.0	0	0.0	0	0.0	410	11.9
DLG3	ENST00000374360	19	0		0		2	8,16	18	1-12,14-19	2834	0	0.0	0	0.0	370	13.1	2768	97.7
DLG4	ENST00000399506	20	0		0		0		0		2575	0	0.0	0	0.0	0	0.0	0	0.0
DLG4	ENST00000648172	22	0		0		0		5	3,8-9,11,14	2744	0	0.0	0	0.0	0	0.0	921	33.6
DLG5	ENST00000372391	32	0		0		0		17	1,3,6-8,10-12,15,18-20,24,27-29,32	6400	0	0.0	0	0.0	0	0.0	4133	64.6
DLGAP2	ENST00000637795	15	0		0		0		6	5,8-9,12,14-15	3468	0	0.0	0	0.0	0	0.0	2536	73.1
DLGAP4	ENST00000339266	11	0		0		0		7	3-4,8,10-13	3199	0	0.0	0	0.0	0	0.0	2623	82.0
DLK1	ENST00000341267	5	0		0		0		2	4-5	1252	0	0.0	0	0.0	0	0.0	930	74.3
DLL1	ENST00000366756	11	0		0		0		6	2,6-10	2392	0	0.0	0	0.0	0	0.0	1852	77.4
DLL3	ENST00000356433	9	0		0		0		5	2,4,6-8	1944	0	0.0	0	0.0	0	0.0	1513	77.8
DLL4	ENST00000249749	11	0		0		0		2	9-10	2278	0	0.0	0	0.0	0	0.0	852	37.4
DLST	ENST00000334220	15	0		0		1	2	3	1-2,8	1662	0	0.0	0	0.0	54	3.2	310	18.7
DLX3	ENST00000434704	3	0		0		0		2	1-2	924	0	0.0	0	0.0	0	0.0	556	60.2
DLX4	ENST00000240306	3	0		0		0		2	2-3	783	0	0.0	0	0.0	0	0.0	480	61.3
DLX5	ENST00000648378	3	0		0		0		2	1,3	930	0	0.0	0	0.0	0	0.0	725	78.0
DLX6	ENST00000518156	3	0		0		0		2	1-2	942	0	0.0	0	0.0	0	0.0	670	71.1
DMAP1	ENST00000372289	10	0		0		0		3	2,4,9	1604	0	0.0	0	0.0	0	0.0	604	37.7
DMBX1	ENST00000360032	4	0		0		0		2	4,6	1214	0	0.0	0	0.0	0	0.0	671	55.3
DMC1	ENST00000216024	13	0		0		0		3	2-3,10	1283	0	0.0	0	0.0	0	0.0	230	17.9
DMD	ENST00000357033	79	0		0		13	1,6,11,21,23,27-28,40,48,52-54,65	75	1-25,27-70,72-74,76-77,79	12638	0	0.0	0	0.0	2384	18.9	12072	95.5
DMGDH	ENST00000255189	16	0		0		0		4	3,5,12,16	2921	0	0.0	0	0.0	0	0.0	818	28.0
DMP1	ENST00000339673	5	0		0		0		1	6	1642	0	0.0	0	0.0	0	0.0	1379	84.0
DMPK	ENST00000291270	15	0		0		0		4	2,6,8,11	2190	0	0.0	0	0.0	0	0.0	688	31.4
DMRT1	ENST00000382276	5	0		0		0		2	2-3	1222	0	0.0	0	0.0	0	0.0	508	41.6
DMRT2	ENST00000358146	3	0		0		0		2	3-4	1746	0	0.0	0	0.0	0	0.0	1201	68.8
DMRTA2	ENST00000404795	2	0		0		0		2	2-3	1669	0	0.0	0	0.0	0	0.0	1669	100.0
DMXL1	ENST00000539542	44	0		0		0		20	1,5-6,10-11,14,16-18,22-24,27,29,34,36,38-40,44	10027	0	0.0	0	0.0	0	0.0	5787	57.7
DMXL2	ENST00000560891	44	0		0		0		19	1,4,8-10,12-13,18,23-26,28,30-31,33,36,38,42	10057	0	0.0	0	0.0	0	0.0	6077	60.4
DNA2	ENST00000358410	21	0		0		0		7	1,9,11,14-15,17,20	3603	0	0.0	0	0.0	0	0.0	1297	36.0
DNAAF1	ENST00000378553	12	0		0		0		3	8-9,11	2418	0	0.0	0	0.0	0	0.0	1041	43.1
DNAAF11	ENST00000620350	12	0		0		0		3	1,3,6	1641	0	0.0	0	0.0	0	0.0	331	20.2
DNAAF19	ENST00000417826	3	0		0		0		1	4	789	0	0.0	0	0.0	0	0.0	473	59.9
DNAAF2	ENST00000298292	3	0		0		0		2	1,3	2574	0	0.0	0	0.0	0	0.0	2410	93.6
DNAAF3	ENST00000524407	11	0		0		0		2	2,5	1846	0	0.0	0	0.0	0	0.0	283	15.3
DNAAF4	ENST00000321149	9	0		0		0		3	3-4,7	1443	0	0.0	0	0.0	0	0.0	452	31.3
DNAAF5	ENST00000297440	13	0		0		0		10	2-8,10-12	2828	0	0.0	0	0.0	0	0.0	1888	66.8
DNAAF6	ENST00000372453	6	0		0		1	7	6	2-7	765	0	0.0	0	0.0	150	19.6	765	100.0
DNAAF9	ENST00000252032	37	0		0		0		7	7-8,16,19,27,31,36	4274	0	0.0	0	0.0	0	0.0	754	17.6
DNAH1	ENST00000420323	77	0		0		0		23	2,8,10-11,14,17-19,24,26,29,34,37-38,44-45,48-49,52,56,67,73,77	14338	0	0.0	0	0.0	0	0.0	5009	34.9
DNAH10	ENST00000673944	79	0		0		0		34	1,5,8,10,12,15,17,19-20,22,25,28-29,31,33,35,37,40,44,46,50,52-53,58,60-61,63,66,70-71,73,75,77-78	15350	0	0.0	0	0.0	0	0.0	7137	46.5
DNAH11	ENST00000409508	82	0		0		0		35	1,3-4,6-7,9,11,13-15,21-26,30-31,34,36,38-39,49-50,53-54,59,61-63,68,70,76-78	15191	0	0.0	0	0.0	0	0.0	6782	44.6
DNAH12	ENST00000495027	73	0		0		0		29	2,4,6,9,11,14,16,18,21,25,27,29,33-35,41,43,45,48,50-51,53,56-58,65,68-69,74	13343	0	0.0	0	0.0	0	0.0	5144	38.6
DNAH14	ENST00000682510	85	0		0		0		38	3-4,9,11,19,23,29,31-36,39,41,43-44,48,51-52,54,56-57,60-63,67,72-74,76,78-81,85-86	15554	0	0.0	0	0.0	0	0.0	7075	45.5
DNAH17	ENST00000389840	80	0		0		0		37	3,5,10-13,17,20-22,24-25,27,30-31,34-36,40,52,55,57-58,61-62,64,66-73,78-79,81	14989	0	0.0	0	0.0	0	0.0	7130	47.6
DNAH2	ENST00000572933	85	0		0		0		30	2,7,10,14-15,17-19,23,25-26,29,33,36,40-42,44,47-48,55,59,63-64,66,68-69,75,80,85	14984	0	0.0	0	0.0	0	0.0	5753	38.4
DNAH3	ENST00000698260	61	0		0		0		23	5-7,10,23-25,33-35,37,44,47-48,50-54,58-59,61-62	13433	0	0.0	0	0.0	0	0.0	7063	52.6
DNAH5	ENST00000265104	79	0		0		0		27	3-5,10-11,15,20-21,23-24,29,31,34,38,42-44,53,56,59-60,63-64,70-71,77,79	15455	0	0.0	0	0.0	0	0.0	5542	35.9
DNAH6	ENST00000389394	76	0		0		0		31	5,13-17,19,22,25-27,31,33-34,36,40,43,46,49-51,54-56,61-62,67,69,73-74,77	13997	0	0.0	0	0.0	0	0.0	6213	44.4
DNAH7	ENST00000312428	65	0		0		0		25	2-5,10-13,16-20,25,31,37,42-44,48,50-52,60,62	13375	0	0.0	0	0.0	0	0.0	5505	41.2
DNAH8	ENST00000327475	92	0		0		0		32	2-4,11-13,15,18,21,23,28-30,32,35,37,40-41,44,47,49-51,60,62,65,70,72-73,82,86-87	15964	0	0.0	0	0.0	0	0.0	5841	36.6
DNAH9	ENST00000262442	69	0		0		0		43	1-2,4,6,10-11,14-16,19-21,24,26,29,31-32,35-39,41-43,45-46,48-50,52,54-60,63,65,67-69	14841	0	0.0	0	0.0	0	0.0	9901	66.7
DNAI1	ENST00000242317	20	0		0		0		1	3	2500	0	0.0	0	0.0	0	0.0	119	4.8
DNAI2	ENST00000311014	12	0		0		0		7	2-4,7-8,11,13	2058	0	0.0	0	0.0	0	0.0	1113	54.1
DNAJA1	ENST00000330899	8	0		0		0		1	9	1354	0	0.0	0	0.0	0	0.0	239	17.7
DNAJA3	ENST00000262375	11	0		0		0		4	1,8,10-11	1663	0	0.0	0	0.0	0	0.0	622	37.4
DNAJB11	ENST00000265028	10	0		0		0		3	2,4-5	1277	0	0.0	0	0.0	0	0.0	493	38.6
DNAJB13	ENST00000339764	8	0		0		0		1	5	1111	0	0.0	0	0.0	0	0.0	134	12.1
DNAJB2	ENST00000336576	8	0		0		0		1	2	1135	0	0.0	0	0.0	0	0.0	85	7.5
DNAJB4	ENST00000370763	3	0		0		0		3	1-3	1074	0	0.0	0	0.0	0	0.0	1074	100.0
DNAJB6	ENST00000262177	9	0		0		0		3	2,5,9	1161	0	0.0	0	0.0	0	0.0	443	38.2
DNAJB8	ENST00000319153	1	0		0		0		1	3	719	0	0.0	0	0.0	0	0.0	719	100.0
DNAJC12	ENST00000225171	5	0		0		0		4	1-4	697	0	0.0	0	0.0	0	0.0	582	83.5
DNAJC13	ENST00000260818	55	0		0		0		18	3,6,10-11,17,19-20,26,29,32,34,37,41-42,44,46,53,55	7832	0	0.0	0	0.0	0	0.0	2690	34.3
DNAJC15	ENST00000379221	6	0		0		0		1	1	573	0	0.0	0	0.0	0	0.0	128	22.3
DNAJC16	ENST00000375847	14	0		0		0		3	4,8,15	2629	0	0.0	0	0.0	0	0.0	931	35.4
DNAJC19	ENST00000382564	6	0		0		0		1	1	471	0	0.0	0	0.0	0	0.0	23	4.9
DNAJC21	ENST00000648817	12	0		0		0		2	1,10	1836	0	0.0	0	0.0	0	0.0	310	16.9
DNAJC3	ENST00000602402	12	0		0		0		4	7,10-12	1755	0	0.0	0	0.0	0	0.0	640	36.5
DNAJC30	ENST00000395176	1	0		0		0		1	1	701	0	0.0	0	0.0	0	0.0	701	100.0
DNAJC5	ENST00000360864	4	0		0		0		2	3,5	677	0	0.0	0	0.0	0	0.0	358	52.9
DNAJC6	ENST00000371069	19	0		0		0		8	3,7,10-12,15-17	3293	0	0.0	0	0.0	0	0.0	1642	49.9
DNAJC7	ENST00000457167	14	0		0		0		2	11-12	1765	0	0.0	0	0.0	0	0.0	340	19.3
DNAL1	ENST00000553645	8	0		0		0		1	7	733	0	0.0	0	0.0	0	0.0	161	22.0
DNAL4	ENST00000216068	3	0		0		0		0		378	0	0.0	0	0.0	0	0.0	0	0.0
DNALI1	ENST00000652629	6	0		0		0		3	3-4,6	897	0	0.0	0	0.0	0	0.0	445	49.6
DNASE1	ENST00000246949	8	0		0		0		5	2-4,6,8	1009	0	0.0	0	0.0	0	0.0	630	62.4
DNASE1L3	ENST00000394549	8	0		0		0		1	1	1078	0	0.0	0	0.0	0	0.0	161	14.9
DNASE2	ENST00000222219	6	0		0		0		2	1,5	1203	0	0.0	0	0.0	0	0.0	324	26.9
DNASE2B	ENST00000370665	6	0		0		0		1	6	1206	0	0.0	0	0.0	0	0.0	361	29.9
DNHD1	ENST00000254579	41	0		0		0		20	3-4,6,8,11-14,18,21-22,25,29,31,34-36,38-39,42	15082	0	0.0	0	0.0	0	0.0	10734	71.2
DNM1	ENST00000372923	22	0		0		0		0		3035	0	0.0	0	0.0	0	0.0	0	0.0
DNM1	ENST00000486160	22	0		0		0		5	1,6,8-9,19	3035	0	0.0	0	0.0	0	0.0	797	26.3
DNM1L	ENST00000549701	20	0		0		0		0		2611	0	0.0	0	0.0	0	0.0	0	0.0
DNM1L	ENST00000553257	21	0		0		0		4	1,9,17,21	2670	0	0.0	0	0.0	0	0.0	404	15.1
DNM2	ENST00000389253	21	0		0		0		6	1-3,6,9-10	3033	0	0.0	0	0.0	0	0.0	873	28.8
DNM3	ENST00000627582	21	0		0		0		8	1,3,6-9,12,19	3012	0	0.0	0	0.0	0	0.0	1277	42.4
DNMBP	ENST00000324109	16	0		0		0		7	3-5,7,13,16-17	5054	0	0.0	0	0.0	0	0.0	3667	72.6
DNMT1	ENST00000359526	41	0		0		0		9	15,17,20,22,30,36,38-40	5719	0	0.0	0	0.0	0	0.0	1421	24.8
DNMT3A	ENST00000321117	22	0		0		0		4	3,6,15,19	3179	0	0.0	0	0.0	0	0.0	665	20.9
DNMT3B	ENST00000328111	22	0		0		0		7	2,9-11,19-20,23	3002	0	0.0	0	0.0	0	0.0	990	33.0
DOCK10	ENST00000258390	56	0		0		0		12	1-2,9,13,22,26,28,32,36,44,50,52	7681	0	0.0	0	0.0	0	0.0	1767	23.0
DOCK11	ENST00000276202	53	0		1	10	6	4,10,39,41-42,47	52	1-31,33-53	7282	0	0.0	104	1.4	814	11.2	7145	98.1
DOCK2	ENST00000520908	52	0		0		0		9	5-7,26,32,39-40,43,45	6533	0	0.0	0	0.0	0	0.0	1227	18.8
DOCK3	ENST00000266037	53	0		0		0		12	4,6,18,20,27,35,38-43	7153	0	0.0	0	0.0	0	0.0	1633	22.8
DOCK4	ENST00000428084	53	0		0		0		13	3,5-9,15,22,27,31,39,41,53	6988	0	0.0	0	0.0	0	0.0	2163	31.0
DOCK5	ENST00000276440	52	0		0		0		16	5,7,9,13,17,24,28,34-35,38,40,45,47-48,50,52	6653	0	0.0	0	0.0	0	0.0	2232	33.5
DOCK6	ENST00000294618	48	0		0		0		13	3,5-6,10,20,25,28-32,36,39	7104	0	0.0	0	0.0	0	0.0	2235	31.5
DOCK7	ENST00000635253	50	0		0		0		14	5-8,12,21-22,24,35,37-39,42,50	7423	0	0.0	0	0.0	0	0.0	2029	27.3
DOCK8	ENST00000432829	48	0		0		0		18	3-6,18,20-23,25-26,28,32,34,38,40,44,48	7260	0	0.0	0	0.0	0	0.0	2890	39.8
DOCK9	ENST00000682017	53	0		0		0		22	1,6-7,9-11,14,19,21-24,28,36-38,40,43,49-50,52-53	7339	0	0.0	0	0.0	0	0.0	3089	42.1
DOHH	ENST00000427575	4	0		0		0		1	2	989	0	0.0	0	0.0	0	0.0	294	29.7
DOK7	ENST00000340083	7	0		0		0		1	7	1655	0	0.0	0	0.0	0	0.0	763	46.1
DOLK	ENST00000372586	1	0		0		0		1	1	1637	0	0.0	0	0.0	0	0.0	1637	100.0
DONSON	ENST00000303071	10	0		0		0		1	2	1901	0	0.0	0	0.0	0	0.0	101	5.3
DOP1A	ENST00000349129	37	0		0		0		15	3-4,9,11,13,16-17,20-23,25,28-29,36	8138	0	0.0	0	0.0	0	0.0	4811	59.1
DOT1L	ENST00000398665	28	0		0		0		4	5,20,24,26	5174	0	0.0	0	0.0	0	0.0	1443	27.9
DPAGT1	ENST00000354202	9	0		0		0		1	6	1407	0	0.0	0	0.0	0	0.0	209	14.9
DPCD	ENST00000370151	6	0		0		0		3	1,3-4	732	0	0.0	0	0.0	0	0.0	383	52.3
DPEP1	ENST00000690203	10	0		0		0		2	7,11	1436	0	0.0	0	0.0	0	0.0	388	27.0
DPF2	ENST00000528416	11	0		0		0		4	4-6,9	1396	0	0.0	0	0.0	0	0.0	529	37.9
DPH1	ENST00000263083	12	0		0		0		2	10-11	1557	0	0.0	0	0.0	0	0.0	260	16.7
DPH2	ENST00000255108	6	0		0		0		2	1,4	1590	0	0.0	0	0.0	0	0.0	871	54.8
DPH5	ENST00000370109	7	0		0		0		0		998	0	0.0	0	0.0	0	0.0	0	0.0
DPM1	ENST00000371588	9	0		0		0		3	1,7-8	963	0	0.0	0	0.0	0	0.0	405	42.1
DPM2	ENST00000314392	4	0		0		0		0		335	0	0.0	0	0.0	0	0.0	0	0.0
DPM3	ENST00000368400	1	0		0		0		1	2	299	0	0.0	0	0.0	0	0.0	299	100.0
DPP10	ENST00000410059	26	0		0		0		10	6,9,13-16,19-21,23	2911	0	0.0	0	0.0	0	0.0	1157	39.7
DPP6	ENST00000377770	26	0		0		0		7	1,8,13,16-17,20,26	3118	0	0.0	0	0.0	0	0.0	1121	36.0
DPP8	ENST00000300141	19	0		0		0		4	5,8,14,19	3029	0	0.0	0	0.0	0	0.0	559	18.5
DPP9	ENST00000262960	20	0		0		0		5	4-5,9-11	3079	0	0.0	0	0.0	0	0.0	762	24.7
DPY19L2	ENST00000324472	22	0		0		0		6	1,3,8,10,12,19	2717	0	0.0	0	0.0	0	0.0	950	35.0
DPYD	ENST00000370192	23	0		0		0		9	5-6,8-9,11,13,16-17,19	3538	0	0.0	0	0.0	0	0.0	1510	42.7
DPYS	ENST00000351513	9	0		0		0		4	1,4,6,8	1740	0	0.0	0	0.0	0	0.0	884	50.8
DPYSL2	ENST00000521913	14	0		0		0		4	1,3,6,11	2314	0	0.0	0	0.0	0	0.0	871	37.6
DPYSL5	ENST00000288699	12	0		0		0		8	2-4,6,8,10-12	1935	0	0.0	0	0.0	0	0.0	1482	76.6
DRAM2	ENST00000484310	7	0		0		0		2	5,8	941	0	0.0	0	0.0	0	0.0	191	20.3
DRC1	ENST00000288710	17	0		0		0		7	1-2,5,7,10,13,16	2563	0	0.0	0	0.0	0	0.0	1070	41.7
DRC2	ENST00000320516	8	0		0		0		4	1-2,7-8	1615	0	0.0	0	0.0	0	0.0	809	50.1
DRC4	ENST00000268699	11	0		0		0		3	6,9,11	1657	0	0.0	0	0.0	0	0.0	626	37.8
DRD2	ENST00000362072	7	0		0		0		1	2	1472	0	0.0	0	0.0	0	0.0	305	20.7
DRD3	ENST00000383673	6	0		0		0		3	2,6-7	1323	0	0.0	0	0.0	0	0.0	810	61.2
DRD4	ENST00000176183	4	0		0		0		0		1340	0	0.0	0	0.0	0	0.0	0	0.0
DRD5	ENST00000304374	1	0		0		0		1	1	1454	0	0.0	0	0.0	0	0.0	1454	100.0
DRG1	ENST00000331457	9	0		0		0		0		1284	0	0.0	0	0.0	0	0.0	0	0.0
DROSHA	ENST00000344624	33	0		0		0		10	5,9-10,12,14,21,29-31,35	4785	0	0.0	0	0.0	0	0.0	2051	42.9
DRP2	ENST00000395209	22	0		0		7	5,7,16,18,22-24	22	3-24	3314	0	0.0	0	0.0	1354	40.9	3314	100.0
DSC2	ENST00000280904	16	0		0		0		6	3,7-8,11,13,16	3026	0	0.0	0	0.0	0	0.0	1200	39.7
DSC3	ENST00000360428	16	0		0		0		10	4,6,8-12,14-16	3011	0	0.0	0	0.0	0	0.0	1989	66.1
DSCAM	ENST00000400454	33	0		0		0		11	5-7,17,22,26,29-33	6699	0	0.0	0	0.0	0	0.0	2842	42.4
DSCAML1	ENST00000651296	33	0		0		0		8	2,5,8,15,17,21,32-33	6822	0	0.0	0	0.0	0	0.0	2381	34.9
DSE	ENST00000644252	5	0		0		0		5	2-6	2977	0	0.0	0	0.0	0	0.0	2977	100.0
DSG1	ENST00000257192	15	0		0		0		5	1,5,8,11,15	3450	0	0.0	0	0.0	0	0.0	1811	52.5
DSG2	ENST00000261590	15	0		0		0		8	1-2,4,6,9-10,12,15	3657	0	0.0	0	0.0	0	0.0	2230	61.0
DSG3	ENST00000257189	16	0		0		0		9	4-5,8-9,11-12,14-16	3320	0	0.0	0	0.0	0	0.0	2388	71.9
DSG4	ENST00000308128	16	0		0		0		11	2-4,6-7,9,12-16	3443	0	0.0	0	0.0	0	0.0	2605	75.7
DSP	ENST00000379802	24	0		0		0		7	1,8,13,16,18,23-24	9096	0	0.0	0	0.0	0	0.0	6435	70.7
DSPP	ENST00000651931	4	0		0		0		1	5	3986	0	0.0	0	0.0	0	0.0	2804	70.3
DST	ENST00000370765	24	0		0		0		3	1,23-24	8430	0	0.0	0	0.0	0	0.0	4859	57.6
DST	ENST00000680361	104	0		0		0		45	1-2,5,9,14,18,20-23,27,29,31-32,38-44,46-47,50,53-55,57,59-62,64,67,72-74,77,79,81-82,88-89,95,104	25537	0	0.0	0	0.0	0	0.0	15311	60.0
DSTYK	ENST00000367162	13	0		0		0		6	1,3-4,6-7,11	3050	0	0.0	0	0.0	0	0.0	1710	56.1
DTD1	ENST00000377452	5	0		0		0		2	3-4	730	0	0.0	0	0.0	0	0.0	383	52.5
DTHD1	ENST00000639862	10	0		0		0		5	1,4-5,8,10	2921	0	0.0	0	0.0	0	0.0	1364	46.7
DTNA	ENST00000444659	21	0		0		0		3	3,6,18	2733	0	0.0	0	0.0	0	0.0	456	16.7
DTNBP1	ENST00000344537	10	0		0		0		4	3,5,8,10	1256	0	0.0	0	0.0	0	0.0	665	52.9
DTWD2	ENST00000510708	6	0		0		0		1	4	1017	0	0.0	0	0.0	0	0.0	213	20.9
DTX3	ENST00000337737	4	0		0		0		1	5	1124	0	0.0	0	0.0	0	0.0	769	68.4
DTYMK	ENST00000305784	5	0		0		0		1	5	739	0	0.0	0	0.0	0	0.0	131	17.7
DUOX1	ENST00000389037	33	0		0		0		8	12,19,21-22,24-25,32,34	5316	0	0.0	0	0.0	0	0.0	1494	28.1
DUOX2	ENST00000389039	33	0		0		0		7	3,10,18-19,25,30,34	5307	0	0.0	0	0.0	0	0.0	1320	24.9
DUOXA1	ENST00000560572	6	0		0		0		1	4	1152	0	0.0	0	0.0	0	0.0	167	14.5
DUOXA2	ENST00000323030	6	0		0		0		2	1,4	1083	0	0.0	0	0.0	0	0.0	401	37.0
DUS1L	ENST00000306796	13	0		0		0		1	14	1682	0	0.0	0	0.0	0	0.0	160	9.5
DUS2	ENST00000565263	15	0		0		0		4	7,9,12,17	1782	0	0.0	0	0.0	0	0.0	614	34.5
DUS3L	ENST00000309061	13	0		0		0		5	1-3,6,11	2213	0	0.0	0	0.0	0	0.0	1306	59.0
DUSP6	ENST00000279488	3	0		0		0		3	1-3	1206	0	0.0	0	0.0	0	0.0	1206	100.0
DUSP8	ENST00000397374	6	0		0		0		3	3,5,7	1998	0	0.0	0	0.0	0	0.0	1416	70.9
DUT	ENST00000331200	7	0		0		0		1	7	899	0	0.0	0	0.0	0	0.0	77	8.6
DUX4	ENST00000565211	1	0		0		0		0		1295	0	0.0	0	0.0	0	0.0	0	0.0
DVL1	ENST00000378888	15	0		0		0		0		2388	0	0.0	0	0.0	0	0.0	0	0.0
DVL2	ENST00000005340	15	0		0		0		1	1	2511	0	0.0	0	0.0	0	0.0	214	8.5
DVL3	ENST00000313143	15	0		0		0		3	1,5,15	2451	0	0.0	0	0.0	0	0.0	794	32.4
DYM	ENST00000675505	17	0		0		0		5	4,9-10,12,17	2515	0	0.0	0	0.0	0	0.0	784	31.2
DYNC1H1	ENST00000360184	78	0		0		0		34	1,4-5,8,16-17,20-22,25-27,29,35,38-39,42,47,52-55,61,63,65-69,71,73,75-77	15501	0	0.0	0	0.0	0	0.0	7746	50.0
DYNC1I1	ENST00000447467	16	0		0		0		3	10,15-16	2207	0	0.0	0	0.0	0	0.0	453	20.5
DYNC1I2	ENST00000397119	17	0		0		0		2	15,18	2257	0	0.0	0	0.0	0	0.0	299	13.2
DYNC2H1	ENST00000375735	89	0		0		0		0		14704	0	0.0	0	0.0	0	0.0	0	0.0
DYNC2H1	ENST00000650373	90	0		0		0		41	1,6,8-10,13,15,17,19-20,22-27,29-31,33,35-36,38-40,45,48,50-51,53,57-58,63-65,68,71-73,76,82	14745	0	0.0	0	0.0	0	0.0	6649	45.1
DYNC2I1	ENST00000407559	25	0		0		0		6	7,10-11,18,23-24	3701	0	0.0	0	0.0	0	0.0	968	26.2
DYNC2I2	ENST00000372715	9	0		0		0		2	1-2	1791	0	0.0	0	0.0	0	0.0	475	26.5
DYNC2LI1	ENST00000260605	13	0		0		0		2	2,10	1316	0	0.0	0	0.0	0	0.0	229	17.4
DYNLT2B	ENST00000325318	5	0		0		0		3	1,3-4	529	0	0.0	0	0.0	0	0.0	307	58.0
DYRK1A	ENST00000647188	11	0		0		0		2	7,9	2485	0	0.0	0	0.0	0	0.0	468	18.8
DYRK1B	ENST00000323039	10	0		0		0		2	5-6	2090	0	0.0	0	0.0	0	0.0	475	22.7
DYSF	ENST00000258104	55	0		0		0		0		7343	0	0.0	0	0.0	0	0.0	0	0.0
DYSF	ENST00000410020	56	0		0		0		8	8,13-14,34,36,45,49,54	7480	0	0.0	0	0.0	0	0.0	982	13.1
DZIP1	ENST00000376829	20	0		0		0		8	4-6,8,15,17,19-20	3004	0	0.0	0	0.0	0	0.0	1475	49.1
DZIP1L	ENST00000327532	15	0		0		0		5	2,5,10,12-13	2604	0	0.0	0	0.0	0	0.0	1227	47.1
E4F1	ENST00000301727	14	0		0		0		3	2,6,14	2635	0	0.0	0	0.0	0	0.0	722	27.4
EARS2	ENST00000449606	9	0		0		0		6	1,3-4,6-8	1752	0	0.0	0	0.0	0	0.0	1343	76.7
EBF2	ENST00000520164	16	0		0		0		7	2-3,6-8,15-16	2048	0	0.0	0	0.0	0	0.0	830	40.5
EBF3	ENST00000440978	17	0		0		0		8	1-3,5,9-10,13,16	2230	0	0.0	0	0.0	0	0.0	1138	51.0
EBP	ENST00000495186	4	0		0		0		4	2-5	773	0	0.0	0	0.0	0	0.0	773	100.0
ECE1	ENST00000374893	19	0		0		0		9	2-3,6,13-16,18-19	2693	0	0.0	0	0.0	0	0.0	1190	44.2
ECE2	ENST00000404464	19	0		0		0		5	2,5,10-11,15	2678	0	0.0	0	0.0	0	0.0	649	24.2
ECEL1	ENST00000304546	17	0		0		0		0		2668	0	0.0	0	0.0	0	0.0	0	0.0
ECHS1	ENST00000368547	8	0		0		0		4	2-3,6-7	1033	0	0.0	0	0.0	0	0.0	594	57.5
ECM1	ENST00000369047	10	0		0		0		3	7-8,10	1823	0	0.0	0	0.0	0	0.0	887	48.7
ECRG4	ENST00000238044	4	0		0		0		1	3	527	0	0.0	0	0.0	0	0.0	178	33.8
ECSIT	ENST00000270517	7	0		0		0		3	2-4	1436	0	0.0	0	0.0	0	0.0	798	55.6
ECT2	ENST00000392692	24	0		0		0		12	2-3,9,11-13,16,18-19,21-23	3225	0	0.0	0	0.0	0	0.0	1678	52.0
EDA	ENST00000374552	8	0		0		2	4,8	7	1-2,4-8	1336	0	0.0	0	0.0	472	35.3	1292	96.7
EDA2R	ENST00000374719	5	0		0		1	3	5	2-6	994	0	0.0	0	0.0	199	20.0	994	100.0
EDAR	ENST00000258443	11	0		0		0		3	4,10,12	1567	0	0.0	0	0.0	0	0.0	725	46.3
EDARADD	ENST00000334232	6	0		0		0		1	5	768	0	0.0	0	0.0	0	0.0	66	8.6
EDC3	ENST00000315127	6	0		0		0		3	3-4,6	1647	0	0.0	0	0.0	0	0.0	934	56.7
EDEM2	ENST00000374492	11	0		0		0		2	6-7	1957	0	0.0	0	0.0	0	0.0	394	20.1
EDEM3	ENST00000318130	20	0		0		0		6	9,14-17,20	3199	0	0.0	0	0.0	0	0.0	1295	40.5
EDN1	ENST00000379375	5	0		0		0		0		739	0	0.0	0	0.0	0	0.0	0	0.0
EDN3	ENST00000337938	5	0		0		0		1	3	817	0	0.0	0	0.0	0	0.0	197	24.1
EDNRA	ENST00000651419	7	0		0		0		3	6-8	1424	0	0.0	0	0.0	0	0.0	444	31.2
EDNRB	ENST00000646607	7	0		0		0		2	1,4	1469	0	0.0	0	0.0	0	0.0	673	45.8
EED	ENST00000263360	12	0		0		0		6	1,4,7-8,10-11	1566	0	0.0	0	0.0	0	0.0	759	48.5
EEF1A2	ENST00000217182	7	0		0		0		1	7	1532	0	0.0	0	0.0	0	0.0	255	16.6
EEF1AKMT3	ENST00000300209	3	0		0		0		2	1,3	741	0	0.0	0	0.0	0	0.0	609	82.2
EEF1B2	ENST00000392222	6	0		0		0		4	3-6	798	0	0.0	0	0.0	0	0.0	555	69.5
EEF1D	ENST00000618139	8	0		0		0		2	3,5	2104	0	0.0	0	0.0	0	0.0	1203	57.2
EEF2	ENST00000309311	15	0		0		0		9	2-3,6-7,9-10,12,14-15	2877	0	0.0	0	0.0	0	0.0	1933	67.2
EEFSEC	ENST00000254730	7	0		0		0		2	3,5	1931	0	0.0	0	0.0	0	0.0	794	41.1
EFCAB7	ENST00000371088	13	0		0		0		7	2-3,5,7,9,13-14	2150	0	0.0	0	0.0	0	0.0	1218	56.7
EFEMP1	ENST00000355426	10	0		0		0		2	5,10	1682	0	0.0	0	0.0	0	0.0	551	32.8
EFEMP2	ENST00000307998	10	0		0		0		3	3,9,11	1532	0	0.0	0	0.0	0	0.0	398	26.0
EFHC1	ENST00000371068	11	0		0		0		4	3-4,7-8	2143	0	0.0	0	0.0	0	0.0	873	40.7
EFL1	ENST00000268206	19	0		0		0		6	2-3,6,11,17-18	3743	0	0.0	0	0.0	0	0.0	1647	44.0
EFNA3	ENST00000368408	5	0		0		0		0		817	0	0.0	0	0.0	0	0.0	0	0.0
EFNA4	ENST00000368409	4	0		0		0		1	1	686	0	0.0	0	0.0	0	0.0	133	19.4
EFNA5	ENST00000333274	5	0		0		0		2	1,4	787	0	0.0	0	0.0	0	0.0	246	31.3
EFNB1	ENST00000204961	5	0		0		1	5	5	1-5	1141	0	0.0	0	0.0	433	37.9	1141	100.0
EFNB2	ENST00000646441	5	0		0		0		2	1,5	1102	0	0.0	0	0.0	0	0.0	551	50.0
EFTUD2	ENST00000426333	27	0		0		0		5	9,18,22,24,26	3459	0	0.0	0	0.0	0	0.0	724	20.9
EGF	ENST00000265171	24	0		0		0		9	1,4,8,13,16,19-21,23	4104	0	0.0	0	0.0	0	0.0	1520	37.0
EGFR	ENST00000275493	28	0		0		0		8	3,7-8,10-11,15,19,28	4193	0	0.0	0	0.0	0	0.0	1387	33.1
EGLN1	ENST00000366641	5	0		0		1	1	2	1-2	1381	0	0.0	0	0.0	911	66.0	1051	76.1
EGR2	ENST00000242480	2	0		0		0		2	1-2	1471	0	0.0	0	0.0	0	0.0	1471	100.0
EHBP1	ENST00000431489	22	0		0		0		13	2,4,6,8,10,13,15-19,22-23	3923	0	0.0	0	0.0	0	0.0	2704	68.9
EHBP1L1	ENST00000309295	19	0		0		0		3	12,18-19	4952	0	0.0	0	0.0	0	0.0	908	18.3
EHD1	ENST00000320631	5	0		0		0		3	1,3,5	1705	0	0.0	0	0.0	0	0.0	1402	82.2
EHHADH	ENST00000231887	7	0		0		0		2	5,7	2312	0	0.0	0	0.0	0	0.0	1407	60.9
EHMT1	ENST00000460843	27	0		0		0		11	3,7,9-10,12,16,18-19,21-22,24	4437	0	0.0	0	0.0	0	0.0	2053	46.3
EHMT2	ENST00000375537	28	0		0		0		4	1-2,20,23	4193	0	0.0	0	0.0	0	0.0	422	10.1
EIF2A	ENST00000460851	14	0		0		0		8	1,5,7,10-14	2038	0	0.0	0	0.0	0	0.0	1309	64.2
EIF2AK1	ENST00000199389	15	0		0		0		10	1-4,6-9,11-12	2193	0	0.0	0	0.0	0	0.0	1435	65.4
EIF2AK2	ENST00000233057	15	0		0		0		4	3,10,13,16	1956	0	0.0	0	0.0	0	0.0	497	25.4
EIF2AK3	ENST00000303236	17	0		0		0		9	1-3,5,8,10,13,16-17	3691	0	0.0	0	0.0	0	0.0	2329	63.1
EIF2AK4	ENST00000263791	39	0		0		0		15	4,7,9-14,16,20-21,24,29,33,35	5730	0	0.0	0	0.0	0	0.0	2747	47.9
EIF2B1	ENST00000424014	9	0		0		0		3	1,4,8	1098	0	0.0	0	0.0	0	0.0	316	28.8
EIF2B2	ENST00000266126	8	0		0		0		3	1-3	1216	0	0.0	0	0.0	0	0.0	493	40.5
EIF2B3	ENST00000360403	11	0		0		0		2	2,8	1579	0	0.0	0	0.0	0	0.0	379	24.0
EIF2B4	ENST00000347454	13	0		0		0		2	6,13	1832	0	0.0	0	0.0	0	0.0	332	18.1
EIF2B5	ENST00000648915	16	0		0		0		6	1,3-4,7,9,15	2486	0	0.0	0	0.0	0	0.0	1245	50.1
EIF2S3	ENST00000253039	12	0		0		2	1,3	11	1-11	1659	0	0.0	0	0.0	237	14.3	1575	94.9
EIF3E	ENST00000220849	13	0		0		0		4	1,8,10-11	1598	0	0.0	0	0.0	0	0.0	510	31.9
EIF3F	ENST00000651655	8	0		0		0		2	1,7	1234	0	0.0	0	0.0	0	0.0	518	42.0
EIF3I	ENST00000677711	11	0		0		0		0		1198	0	0.0	0	0.0	0	0.0	0	0.0
EIF4A2	ENST00000323963	11	0		0		0		5	1,7-10	1444	0	0.0	0	0.0	0	0.0	581	40.2
EIF4A3	ENST00000649764	12	0		0		0		5	1,6-8,10	1476	0	0.0	0	0.0	0	0.0	739	50.1
EIF4E	ENST00000450253	7	0		0		0		0		794	0	0.0	0	0.0	0	0.0	0	0.0
EIF4ENIF1	ENST00000330125	18	0		0		0		4	6,12,14,19	3318	0	0.0	0	0.0	0	0.0	848	25.6
EIF4G1	ENST00000346169	31	0		0		0		3	21,25-26	5420	0	0.0	0	0.0	0	0.0	453	8.4
EIF5A	ENST00000336458	4	0		0		0		1	4	545	0	0.0	0	0.0	0	0.0	152	27.9
EIF6	ENST00000374450	6	0		0		0		1	4	858	0	0.0	0	0.0	0	0.0	196	22.8
ELAC2	ENST00000338034	24	0		0		0		5	16,18-20,23	2961	0	0.0	0	0.0	0	0.0	591	20.0
ELANE	ENST00000263621	5	0		0		0		2	3-4	904	0	0.0	0	0.0	0	0.0	413	45.7
ELF4	ENST00000308167	8	0		0		1	6	8	2-9	2152	0	0.0	0	0.0	104	4.8	2152	100.0
ELFN1	ENST00000424383	1	0		0		0		1	4	2507	0	0.0	0	0.0	0	0.0	2507	100.0
ELMO1	ENST00000310758	21	0		0		0		5	2,9-10,17,21	2604	0	0.0	0	0.0	0	0.0	651	25.0
ELMO2	ENST00000290246	20	0		0		0		5	14,16-17,19-20	2563	0	0.0	0	0.0	0	0.0	697	27.2
ELMOD1	ENST00000265840	11	0		0		0		3	2,4,11	1225	0	0.0	0	0.0	0	0.0	240	19.6
ELMOD3	ENST00000409013	11	0		0		0		1	14	1366	0	0.0	0	0.0	0	0.0	223	16.3
ELN	ENST00000252034	33	0		0		0		6	5,16-17,22,25,27	2835	0	0.0	0	0.0	0	0.0	561	19.8
ELOA	ENST00000613537	11	0		0		0		3	4,9-10	2539	0	0.0	0	0.0	0	0.0	1531	60.3
ELOVL1	ENST00000372458	7	0		0		0		0		980	0	0.0	0	0.0	0	0.0	0	0.0
ELOVL4	ENST00000369816	6	0		0		0		1	3	1065	0	0.0	0	0.0	0	0.0	101	9.5
ELOVL5	ENST00000304434	7	0		0		0		4	2,5,7-8	1040	0	0.0	0	0.0	0	0.0	589	56.6
ELP1	ENST00000374647	36	0		0		0		8	4-6,16,28-29,34-35	4719	0	0.0	0	0.0	0	0.0	1060	22.5
ELP2	ENST00000358232	22	0		0		0		7	1-3,8,10,13,18	2921	0	0.0	0	0.0	0	0.0	1052	36.0
ELP4	ENST00000640961	10	0		0		0		4	1,3,6-7	1475	0	0.0	0	0.0	0	0.0	699	47.4
EMC1	ENST00000477853	23	0		0		0		5	2-3,14,17,23	3442	0	0.0	0	0.0	0	0.0	791	23.0
EMC10	ENST00000334976	7	0		0		0		0		929	0	0.0	0	0.0	0	0.0	0	0.0
EMD	ENST00000369842	6	0		0		1	5	6	1-6	885	0	0.0	0	0.0	70	7.9	885	100.0
EMG1	ENST00000599672	6	0		0		0		3	3-5	855	0	0.0	0	0.0	0	0.0	411	48.1
EMILIN1	ENST00000380320	8	0		0		0		1	8	3211	0	0.0	0	0.0	0	0.0	358	11.1
EML1	ENST00000262233	22	0		0		0		10	2,4,6-8,11,14,20-22	2888	0	0.0	0	0.0	0	0.0	1482	51.3
EML4	ENST00000318522	23	0		0		1	20	6	11-12,17,20,22-23	3406	0	0.0	0	0.0	108	3.2	1112	32.6
EML5	ENST00000554922	44	0		0		0		14	1,3,6-7,9,11-12,17,22,25,27-28,32,34	6814	0	0.0	0	0.0	0	0.0	2292	33.6
EML6	ENST00000356458	41	0		0		0		12	2-3,5,17,25,28,31,33-36,40	6697	0	0.0	0	0.0	0	0.0	1900	28.4
EMP2	ENST00000359543	4	0		0		0		1	3	584	0	0.0	0	0.0	0	0.0	111	19.0
EMX2	ENST00000553456	3	0		0		0		2	1-2	819	0	0.0	0	0.0	0	0.0	631	77.0
EN1	ENST00000295206	2	0		0		0		2	1-2	1219	0	0.0	0	0.0	0	0.0	1219	100.0
ENAM	ENST00000396073	8	0		0		0		2	4,9	3589	0	0.0	0	0.0	0	0.0	2926	81.5
ENDOG	ENST00000372642	3	0		0		0		2	1,3	954	0	0.0	0	0.0	0	0.0	824	86.4
ENG	ENST00000373203	15	0		0		1	6	4	3-4,6,10	2277	0	0.0	0	0.0	147	6.5	550	24.2
ENO1	ENST00000234590	11	0		0		0		2	8,11	1525	0	0.0	0	0.0	0	0.0	297	19.5
ENO3	ENST00000519602	11	0		0		0		0		1525	0	0.0	0	0.0	0	0.0	0	0.0
ENPP1	ENST00000647893	25	0		0		0		8	4,9-11,14-15,21,23	3278	0	0.0	0	0.0	0	0.0	958	29.2
ENPP7	ENST00000328313	5	0		0		0		4	1-3,5	1477	0	0.0	0	0.0	0	0.0	1237	83.8
ENTPD1	ENST00000371205	10	0		0		0		3	4,7-8	1733	0	0.0	0	0.0	0	0.0	586	33.8
ENTPD3	ENST00000301825	10	0		0		0		3	6,10-11	1790	0	0.0	0	0.0	0	0.0	595	33.2
EOGT	ENST00000383701	15	0		0		0		7	5-6,8,13,15,17-18	1884	0	0.0	0	0.0	0	0.0	854	45.3
EOMES	ENST00000449599	6	0		0		0		3	1,4,6	2238	0	0.0	0	0.0	0	0.0	1839	82.2
EP300	ENST00000263253	31	0		0		0		9	1-2,4-5,9,22,24,30-31	7865	0	0.0	0	0.0	0	0.0	4098	52.1
EP400	ENST00000389561	52	0		0		0		22	2,5-6,14,16,19-23,25,28-29,34-35,37-39,42,47-48,52	10412	0	0.0	0	0.0	0	0.0	5620	54.0
EPAS1	ENST00000263734	16	0		0		0		5	2-4,10,12	2933	0	0.0	0	0.0	0	0.0	1213	41.4
EPB41	ENST00000343067	19	0		0		0		6	2,4,9,12,14,17	2975	0	0.0	0	0.0	0	0.0	1226	41.2
EPB41L1	ENST00000338074	21	0		0		0		3	3,15-16	3066	0	0.0	0	0.0	0	0.0	741	24.2
EPB41L3	ENST00000341928	21	0		0		0		7	2,9-11,13-14,18	3684	0	0.0	0	0.0	0	0.0	1734	47.1
EPB42	ENST00000441366	13	0		0		0		2	2,9	2336	0	0.0	0	0.0	0	0.0	469	20.1
EPCAM	ENST00000263735	9	0		0		0		2	4,7	1125	0	0.0	0	0.0	0	0.0	307	27.3
EPG5	ENST00000282041	44	0		0		0		16	2-3,7,11,15,19,22,26,28,33,37-40,42,44	8620	0	0.0	0	0.0	0	0.0	3958	45.9
EPHA10	ENST00000373048	17	0		0		0		5	3,7-8,10,13	3367	0	0.0	0	0.0	0	0.0	1390	41.3
EPHA2	ENST00000358432	17	0		0		0		8	3,5-6,8,11,13,15,17	3271	0	0.0	0	0.0	0	0.0	2078	63.5
EPHA4	ENST00000281821	17	0		0		0		3	3,5,15	3301	0	0.0	0	0.0	0	0.0	1257	38.1
EPHA5	ENST00000613740	17	0		0		0		8	3,5-7,9-10,14-15	3391	0	0.0	0	0.0	0	0.0	1983	58.5
EPHA7	ENST00000369303	17	0		0		0		7	1-3,7,11,15,17	3337	0	0.0	0	0.0	0	0.0	1651	49.5
EPHB1	ENST00000398015	16	0		0		0		6	3,5,10,13-15	3275	0	0.0	0	0.0	0	0.0	1761	53.8
EPHB2	ENST00000374630	16	0		0		0		4	3,5,8,10	3281	0	0.0	0	0.0	0	0.0	1333	40.6
EPHB4	ENST00000358173	17	0		0		0		9	3-4,6-7,9,12-14,16	3304	0	0.0	0	0.0	0	0.0	2196	66.5
EPHB6	ENST00000652003	16	0		0		0		2	15-16	3389	0	0.0	0	0.0	0	0.0	462	13.6
EPHX1	ENST00000272167	8	0		0		0		2	2,8	1528	0	0.0	0	0.0	0	0.0	349	22.8
EPHX2	ENST00000521400	19	0		0		0		7	4-5,7,14-15,17-18	2048	0	0.0	0	0.0	0	0.0	827	40.4
EPM2A	ENST00000367519	4	0		0		0		2	1,4	1076	0	0.0	0	0.0	0	0.0	619	57.5
EPO	ENST00000252723	5	0		0		0		1	5	682	0	0.0	0	0.0	0	0.0	176	25.8
EPOR	ENST00000222139	8	0		0		0		4	2,5,7-8	1687	0	0.0	0	0.0	0	0.0	1070	63.4
EPRS1	ENST00000366923	32	0		0		0		12	5,7-8,17-19,22,25,27-28,30-31	5179	0	0.0	0	0.0	0	0.0	2240	43.3
EPS15L1	ENST00000455140	24	0		0		0		9	7,9,11-12,14-15,21-22,24	3213	0	0.0	0	0.0	0	0.0	1506	46.9
EPS8	ENST00000281172	20	0		0		0		7	2-3,5,8,10-11,13	2869	0	0.0	0	0.0	0	0.0	940	32.8
EPS8L2	ENST00000318562	20	0		0		0		2	5-6	2548	0	0.0	0	0.0	0	0.0	352	13.8
EPS8L3	ENST00000361965	18	0		0		0		0		2142	0	0.0	0	0.0	0	0.0	0	0.0
EPX	ENST00000225371	12	0		0		0		6	5-7,9-11	2388	0	0.0	0	0.0	0	0.0	1441	60.3
ERAL1	ENST00000254928	10	0		0		0		3	1,7,10	1514	0	0.0	0	0.0	0	0.0	715	47.2
ERAP1	ENST00000443439	18	0		0		0		6	3,9,12,16-17,19	3186	0	0.0	0	0.0	0	0.0	930	29.2
ERAP2	ENST00000437043	18	0		0		0		5	2,4,15,17-18	3243	0	0.0	0	0.0	0	0.0	1218	37.6
ERBB2	ENST00000269571	27	0		0		0		2	20-21	4308	0	0.0	0	0.0	0	0.0	382	8.9
ERBB3	ENST00000267101	28	0		0		0		5	5-7,11,28	4589	0	0.0	0	0.0	0	0.0	1045	22.8
ERBB4	ENST00000342788	28	0		0		0		10	1-4,6,19,21-22,27-28	4487	0	0.0	0	0.0	0	0.0	1950	43.5
ERBIN	ENST00000284037	24	0		0		0		10	3-5,7,10-12,20-21,24	4719	0	0.0	0	0.0	0	0.0	2814	59.6
ERCC1	ENST00000300853	9	0		0		0		1	3	1074	0	0.0	0	0.0	0	0.0	236	22.0
ERCC2	ENST00000391945	23	0		0		0		2	2,21	2743	0	0.0	0	0.0	0	0.0	284	10.4
ERCC3	ENST00000285398	15	0		0		0		6	2-3,5,8-9,12	2649	0	0.0	0	0.0	0	0.0	1317	49.7
ERCC4	ENST00000311895	11	0		0		0		3	1-3	2971	0	0.0	0	0.0	0	0.0	644	21.7
ERCC5	ENST00000652225	15	0		0		0		5	1,8,10-12	3861	0	0.0	0	0.0	0	0.0	1741	45.1
ERCC6	ENST00000355832	20	0		0		0		4	7,14,20-21	4882	0	0.0	0	0.0	0	0.0	849	17.4
ERCC6	ENST00000447839	5	0		0		0		4	2,4-6	3286	0	0.0	0	0.0	0	0.0	3145	95.7
ERCC6L2	ENST00000653738	19	0		0		0		10	2-3,5-9,16,18-19	5033	0	0.0	0	0.0	0	0.0	3810	75.7
ERCC8	ENST00000676185	12	0		0		0		7	1,3,5,7,9-10,12	1431	0	0.0	0	0.0	0	0.0	860	60.1
ERF	ENST00000222329	4	0		0		0		2	2,4	1727	0	0.0	0	0.0	0	0.0	1549	89.7
ERG	ENST00000288319	10	0		0		0		3	4,6,10	1640	0	0.0	0	0.0	0	0.0	857	52.3
ERGIC1	ENST00000393784	10	0		0		0		1	5	1073	0	0.0	0	0.0	0	0.0	145	13.5
ERGIC3	ENST00000348547	13	0		0		0		1	4	1412	0	0.0	0	0.0	0	0.0	140	9.9
ERI1	ENST00000250263	7	0		0		0		3	1,3,7	1190	0	0.0	0	0.0	0	0.0	622	52.3
ERLEC1	ENST00000185150	14	0		0		0		4	1,4-5,11	1732	0	0.0	0	0.0	0	0.0	509	29.4
ERLIN1	ENST00000421367	11	0		0		0		4	1-2,6,11	1267	0	0.0	0	0.0	0	0.0	571	45.1
ERLIN2	ENST00000519638	11	0		0		0		4	3-5,7	1240	0	0.0	0	0.0	0	0.0	345	27.8
ERMAP	ENST00000372517	10	0		0		0		5	3-4,9-10,12	1628	0	0.0	0	0.0	0	0.0	1297	79.7
ERMARD	ENST00000366773	18	0		0		0		3	7,12,16	2397	0	0.0	0	0.0	0	0.0	590	24.6
ESAM	ENST00000278927	7	0		0		0		2	1,7	1313	0	0.0	0	0.0	0	0.0	426	32.4
ESCO2	ENST00000305188	10	0		0		0		6	2-4,6,9-10	2006	0	0.0	0	0.0	0	0.0	1513	75.4
ESF1	ENST00000617257	13	0		0		0		3	7-8,11	2816	0	0.0	0	0.0	0	0.0	411	14.6
ESPN	ENST00000645284	13	0		0		0		2	2,11	2825	0	0.0	0	0.0	0	0.0	314	11.1
ESPNL	ENST00000343063	9	0		0		0		2	5,9	3198	0	0.0	0	0.0	0	0.0	1777	55.6
ESR1	ENST00000206249	8	0		0		0		4	1,4-5,7	1948	0	0.0	0	0.0	0	0.0	1191	61.1
ESR2	ENST00000341099	8	0		0		0		4	2-3,5,8	1753	0	0.0	0	0.0	0	0.0	1096	62.5
ESRP1	ENST00000433389	15	0		0		0		1	1	2346	0	0.0	0	0.0	0	0.0	152	6.5
ESRP2	ENST00000473183	15	0		0		0		4	2-4,10	2454	0	0.0	0	0.0	0	0.0	740	30.2
ESRRB	ENST00000644823	7	0		0		0		3	2-3,6	1505	0	0.0	0	0.0	0	0.0	857	56.9
ESYT2	ENST00000275418	23	0		0		0		5	9,12,16-18	3061	0	0.0	0	0.0	0	0.0	978	32.0
ETFA	ENST00000557943	12	0		0		0		3	8,10-11	1242	0	0.0	0	0.0	0	0.0	276	22.2
ETFB	ENST00000309244	6	0		0		0		1	6	888	0	0.0	0	0.0	0	0.0	191	21.5
ETFDH	ENST00000511912	13	0		0		0		3	6-7,10	2114	0	0.0	0	0.0	0	0.0	454	21.5
ETHE1	ENST00000292147	7	0		0		0		2	2-3	905	0	0.0	0	0.0	0	0.0	334	36.9
ETS1	ENST00000392668	9	0		0		0		0		1638	0	0.0	0	0.0	0	0.0	0	0.0
ETV1	ENST00000430479	12	0		0		0		5	4-5,11-12,14	1674	0	0.0	0	0.0	0	0.0	697	41.6
ETV2	ENST00000402764	6	0		0		0		1	5	1149	0	0.0	0	0.0	0	0.0	500	43.5
ETV6	ENST00000396373	8	0		0		0		3	2,4-5	1519	0	0.0	0	0.0	0	0.0	871	57.3
EVC	ENST00000264956	21	0		0		0		8	4,6,9-10,12,14,19-20	3399	0	0.0	0	0.0	0	0.0	1488	43.8
EVC2	ENST00000344408	22	0		0		0		7	4,9,11,15,17-18,22	4367	0	0.0	0	0.0	0	0.0	1505	34.5
EVL	ENST00000392920	14	0		0		0		2	2-3	1537	0	0.0	0	0.0	0	0.0	387	25.2
EVPL	ENST00000301607	22	0		0		0		6	13,16-18,21-22	6542	0	0.0	0	0.0	0	0.0	4236	64.8
EWSR1	ENST00000397938	17	0		0		0		5	13-17	2311	0	0.0	0	0.0	0	0.0	777	33.6
EXD3	ENST00000340951	21	0		0		0		6	6,13,16-17,19,22	3051	0	0.0	0	0.0	0	0.0	1172	38.4
EXOC2	ENST00000230449	27	0		0		0		7	3,7,9-10,15,19,21	3315	0	0.0	0	0.0	0	0.0	868	26.2
EXOC3L2	ENST00000413988	11	0		0		0		4	2,10-12	2629	0	0.0	0	0.0	0	0.0	1170	44.5
EXOC6	ENST00000260762	22	0		0		0		6	5,7,10,14-15,17	2855	0	0.0	0	0.0	0	0.0	720	25.2
EXOC6B	ENST00000272427	22	0		0		0		6	2,5,8,10,12,19	2876	0	0.0	0	0.0	0	0.0	662	23.0
EXOC7	ENST00000589210	19	0		0		0		2	12,18	2435	0	0.0	0	0.0	0	0.0	241	9.9
EXOC8	ENST00000366645	1	0		0		0		1	1	2198	0	0.0	0	0.0	0	0.0	2198	100.0
EXOSC1	ENST00000370902	8	0		0		0		1	2	748	0	0.0	0	0.0	0	0.0	136	18.2
EXOSC2	ENST00000372358	9	0		0		0		2	1,7	1062	0	0.0	0	0.0	0	0.0	339	31.9
EXOSC3	ENST00000327304	4	0		0		0		1	1	908	0	0.0	0	0.0	0	0.0	344	37.9
EXOSC4	ENST00000316052	3	0		0		0		2	1,3	798	0	0.0	0	0.0	0	0.0	571	71.6
EXOSC5	ENST00000221233	6	0		0		0		3	1,3,6	828	0	0.0	0	0.0	0	0.0	423	51.1
EXOSC8	ENST00000389704	11	0		0		0		6	1,5,8-11	1051	0	0.0	0	0.0	0	0.0	624	59.4
EXOSC9	ENST00000243498	12	0		0		0		4	2-3,8,10	1560	0	0.0	0	0.0	0	0.0	566	36.3
EXPH5	ENST00000265843	6	0		0		0		4	1,3,5-6	6090	0	0.0	0	0.0	0	0.0	5840	95.9
EXT1	ENST00000378204	11	0		0		0		3	1,10-11	2461	0	0.0	0	0.0	0	0.0	1380	56.1
EXT2	ENST00000533608	13	0		0		0		3	2,4,10	2417	0	0.0	0	0.0	0	0.0	880	36.4
EXTL3	ENST00000220562	5	0		0		0		3	3-4,7	2860	0	0.0	0	0.0	0	0.0	2546	89.0
EYA1	ENST00000340726	16	0		0		0		5	4,13,16-18	2099	0	0.0	0	0.0	0	0.0	541	25.8
EYA3	ENST00000373871	17	0		0		0		0		2062	0	0.0	0	0.0	0	0.0	0	0.0
EYA4	ENST00000355286	19	0		0		0		5	2,9-11,14	2300	0	0.0	0	0.0	0	0.0	613	26.7
EYS	ENST00000503581	40	0		0		0		10	4,7,18,26-28,33,37,42-43	10235	0	0.0	0	0.0	0	0.0	4935	48.2
EZH1	ENST00000428826	19	0		0		0		3	4,12-13	2624	0	0.0	0	0.0	0	0.0	478	18.2
EZH2	ENST00000320356	19	0		0		0		4	2,4,15,17	2636	0	0.0	0	0.0	0	0.0	575	21.8
EZR	ENST00000367075	13	0		0		0		6	3,5,7,9,13-14	2021	0	0.0	0	0.0	0	0.0	1207	59.7
F10	ENST00000375559	8	0		0		0		4	2,4,6,8	1627	0	0.0	0	0.0	0	0.0	1202	73.9
F11	ENST00000403665	14	0		0		0		4	4,6,9,15	2158	0	0.0	0	0.0	0	0.0	622	28.8
F12	ENST00000253496	14	0		0		0		4	6,10,12-13	2128	0	0.0	0	0.0	0	0.0	737	34.6
F13A1	ENST00000264870	14	0		0		0		3	3,5,7	2479	0	0.0	0	0.0	0	0.0	543	21.9
F13B	ENST00000367412	12	0		0		0		5	2-3,6,10,12	2226	0	0.0	0	0.0	0	0.0	884	39.7
F2	ENST00000311907	14	0		0		0		7	5-8,10-12	2149	0	0.0	0	0.0	0	0.0	1351	62.9
F5	ENST00000367797	25	0		0		0		12	1-2,4,8-10,13,16-17,20,22-23	7175	0	0.0	0	0.0	0	0.0	4809	67.0
F7	ENST00000346342	8	0		0		0		0		1495	0	0.0	0	0.0	0	0.0	0	0.0
F7	ENST00000375581	9	0		0		0		3	7-9	1581	0	0.0	0	0.0	0	0.0	890	56.3
F8	ENST00000360256	26	0		0		7	2,5,8,10,14,19,26	26	1-26	7576	0	0.0	0	0.0	4066	53.7	7576	100.0
F8A1	ENST00000610495	1	0		0		0		1	1	1136	0	0.0	0	0.0	0	0.0	1136	100.0
F9	ENST00000218099	8	0		0		3	2-3,6	8	1-8	1546	0	0.0	0	0.0	452	29.2	1546	100.0
FA2H	ENST00000219368	7	0		0		0		3	3,5-6	1259	0	0.0	0	0.0	0	0.0	629	50.0
FAAH	ENST00000243167	15	0		0		0		3	1,3,8	2040	0	0.0	0	0.0	0	0.0	516	25.3
FAAH2	ENST00000374900	11	0		0		2	3,9	11	1-11	1819	0	0.0	0	0.0	289	15.9	1819	100.0
FAAP100	ENST00000327787	9	0		0		0		2	3,7	2826	0	0.0	0	0.0	0	0.0	1113	39.4
FAAP20	ENST00000378546	4	0		0		0		1	3	623	0	0.0	0	0.0	0	0.0	292	46.9
FAAP24	ENST00000588258	4	0		0		0		2	3,5	728	0	0.0	0	0.0	0	0.0	429	58.9
FADD	ENST00000301838	2	0		0		0		2	1-2	667	0	0.0	0	0.0	0	0.0	667	100.0
FAF1	ENST00000396153	19	0		0		0		8	2,4,6-7,10,12,16,18	2333	0	0.0	0	0.0	0	0.0	1139	48.8
FAH	ENST00000561421	14	0		0		0		3	3,11,13	1540	0	0.0	0	0.0	0	0.0	347	22.5
FAHD2A	ENST00000233379	7	0		0		0		2	2-3	1085	0	0.0	0	0.0	0	0.0	502	46.3
FAM111A	ENST00000675163	2	0		0		0		2	5-6	1876	0	0.0	0	0.0	0	0.0	1876	100.0
FAM111B	ENST00000343597	2	0		0		0		2	3-4	2245	0	0.0	0	0.0	0	0.0	2245	100.0
FAM114A1	ENST00000358869	13	0		0		0		1	9	1952	0	0.0	0	0.0	0	0.0	144	7.4
FAM120A	ENST00000277165	18	0		0		0		10	1,3,7,9-11,13,15-16,18	3717	0	0.0	0	0.0	0	0.0	2499	67.2
FAM131C	ENST00000375662	7	0		0		0		1	2	983	0	0.0	0	0.0	0	0.0	136	13.8
FAM149A	ENST00000706927	14	0		0		0		5	4-5,7-8,10	2599	0	0.0	0	0.0	0	0.0	925	35.6
FAM149B1	ENST00000242505	14	0		0		0		2	2,12	2029	0	0.0	0	0.0	0	0.0	271	13.4
FAM151A	ENST00000302250	8	0		0		0		2	2,5	1918	0	0.0	0	0.0	0	0.0	409	21.3
FAM161A	ENST00000404929	7	0		0		0		4	1,3-4,6	2291	0	0.0	0	0.0	0	0.0	1747	76.3
FAM170A	ENST00000695508	4	0		0		0		2	1,3	1073	0	0.0	0	0.0	0	0.0	885	82.5
FAM177A1	ENST00000280987	5	0		0		0		1	1	811	0	0.0	0	0.0	0	0.0	185	22.8
FAM180B	ENST00000538490	3	0		0		0		1	1	612	0	0.0	0	0.0	0	0.0	105	17.2
FAM186A	ENST00000327337	8	0		0		0		4	4,6-8	7216	0	0.0	0	0.0	0	0.0	6360	88.1
FAM20A	ENST00000592554	11	0		0		0		5	1-2,4,6,10	1846	0	0.0	0	0.0	0	0.0	944	51.1
FAM20B	ENST00000263733	7	0		0		0		3	4-6	1370	0	0.0	0	0.0	0	0.0	534	39.0
FAM20C	ENST00000313766	10	0		0		0		4	2,5-6,8	1955	0	0.0	0	0.0	0	0.0	638	32.6
FAM219A	ENST00000651358	6	0		0		0		0		678	0	0.0	0	0.0	0	0.0	0	0.0
FAM47C	ENST00000358047	1	0		0		1	1	1	1	3128	0	0.0	0	0.0	3128	100.0	3128	100.0
FAM50A	ENST00000393600	13	0		0		0		13	1-13	1280	0	0.0	0	0.0	0	0.0	1280	100.0
FAM89A	ENST00000366654	2	0		0		0		2	1-2	595	0	0.0	0	0.0	0	0.0	595	100.0
FAN1	ENST00000362065	13	0		0		1	12	9	2-5,8-10,12-13	3314	0	0.0	0	0.0	215	6.5	2751	83.0
FANCA	ENST00000389301	43	0		0		0		14	2,7,13,15-18,21,23,27-28,32-33,39	5228	0	0.0	0	0.0	0	0.0	1874	35.8
FANCB	ENST00000650831	8	0		0		4	3,5,9-10	7	3-6,8-10	2740	0	0.0	0	0.0	1777	64.9	2550	93.1
FANCC	ENST00000289081	14	0		0		0		6	2,4-5,7,13,15	1957	0	0.0	0	0.0	0	0.0	975	49.8
FANCD2	ENST00000675286	43	0		0		0		8	3,12,15,22,28,31,33,41	5216	0	0.0	0	0.0	0	0.0	1045	20.0
FANCE	ENST00000229769	10	0		0		0		0		1811	0	0.0	0	0.0	0	0.0	0	0.0
FANCF	ENST00000327470	1	0		0		0		1	1	1145	0	0.0	0	0.0	0	0.0	1145	100.0
FANCG	ENST00000378643	14	0		0		0		5	2,4,9-10,12	2149	0	0.0	0	0.0	0	0.0	907	42.2
FANCI	ENST00000310775	37	0		0		0		10	3-5,11,18-19,22-23,25-26	4727	0	0.0	0	0.0	0	0.0	1386	29.3
FANCL	ENST00000233741	14	0		0		0		5	1,7,9,12,14	1408	0	0.0	0	0.0	0	0.0	502	35.7
FANCM	ENST00000267430	23	0		0		0		13	1,3,5-6,8-9,11,14,18-22	6607	0	0.0	0	0.0	0	0.0	4996	75.6
FAR1	ENST00000354817	11	0		0		0		2	3,12	1768	0	0.0	0	0.0	0	0.0	379	21.4
FARS2	ENST00000274680	6	0		0		0		2	2,5	1476	0	0.0	0	0.0	0	0.0	813	55.1
FARSA	ENST00000314606	13	0		0		0		1	10	1787	0	0.0	0	0.0	0	0.0	189	10.6
FARSB	ENST00000281828	17	0		0		0		3	3,9,17	2110	0	0.0	0	0.0	0	0.0	429	20.3
FAS	ENST00000652046	9	0		0		0		2	2,7	1188	0	0.0	0	0.0	0	0.0	289	24.3
FASLG	ENST00000367721	4	0		0		0		2	1,4	926	0	0.0	0	0.0	0	0.0	783	84.6
FASN	ENST00000306749	42	0		0		0		2	10,32	8376	0	0.0	0	0.0	0	0.0	452	5.4
FASTKD2	ENST00000402774	11	0		0		0		5	2,4-5,8-9	2353	0	0.0	0	0.0	0	0.0	1496	63.6
FASTKD5	ENST00000380266	1	0		0		0		1	2	2315	0	0.0	0	0.0	0	0.0	2315	100.0
FAT1	ENST00000441802	26	0		0		0		13	2-4,8-10,13-14,17,19-20,25,27	14287	0	0.0	0	0.0	0	0.0	11420	79.9
FAT2	ENST00000261800	23	0		0		0		12	2-3,9-10,13-15,17,19,21-23	13510	0	0.0	0	0.0	0	0.0	10920	80.8
FAT3	ENST00000525166	27	0		0		0		14	2-4,9-10,12,14-15,19-20,22-24,28	14310	0	0.0	0	0.0	0	0.0	11829	82.7
FAT4	ENST00000394329	17	0		0		1	14	11	2,5-7,10-12,14,16-18	15292	0	0.0	0	0.0	200	1.3	14135	92.4
FBLN1	ENST00000327858	17	0		0		0		4	2,5,11,13	2452	0	0.0	0	0.0	0	0.0	504	20.6
FBLN2	ENST00000404922	17	0		0		0		4	2-3,5,12	4036	0	0.0	0	0.0	0	0.0	1823	45.2
FBLN5	ENST00000342058	11	0		0		0		4	4-5,7,9	1567	0	0.0	0	0.0	0	0.0	705	45.0
FBN1	ENST00000316623	65	0		0		0		19	2,6-7,12,19-21,23,25,30,33,39,41-42,48,50-51,62,64	9916	0	0.0	0	0.0	0	0.0	2993	30.2
FBN2	ENST00000262464	65	0		0		0		12	1,9-10,12,15,24-25,35,42,57,62,65	10039	0	0.0	0	0.0	0	0.0	2372	23.6
FBP1	ENST00000375326	7	0		0		0		4	1,3,5,7	1157	0	0.0	0	0.0	0	0.0	673	58.2
FBP2	ENST00000375337	7	0		0		0		4	1,3,6-7	1160	0	0.0	0	0.0	0	0.0	658	56.7
FBRSL1	ENST00000680143	19	0		0		0		0		3389	0	0.0	0	0.0	0	0.0	0	0.0
FBRSL1	ENST00000973242	3	0		0		1	3	1	3	1830	0	0.0	0	0.0	1301	71.1	1301	71.1
FBXL19	ENST00000338343	10	0		0		0		6	2,6-8,10-11	2225	0	0.0	0	0.0	0	0.0	1533	68.9
FBXL3	ENST00000355619	4	0		0		0		1	5	1367	0	0.0	0	0.0	0	0.0	664	48.6
FBXL4	ENST00000369244	7	0		0		0		2	4-5	2006	0	0.0	0	0.0	0	0.0	898	44.8
FBXL7	ENST00000504595	4	0		0		0		4	1-4	1556	0	0.0	0	0.0	0	0.0	1556	100.0
FBXO11	ENST00000403359	23	0		0		0		11	1,3,5,8-9,11-14,19,21	3244	0	0.0	0	0.0	0	0.0	1640	50.6
FBXO22	ENST00000308275	7	0		0		0		3	1,5,7	1352	0	0.0	0	0.0	0	0.0	783	57.9
FBXO25	ENST00000350302	9	0		0		0		4	2,5-6,8	1257	0	0.0	0	0.0	0	0.0	584	46.5
FBXO28	ENST00000366862	5	0		0		0		2	1,3	1207	0	0.0	0	0.0	0	0.0	446	37.0
FBXO31	ENST00000311635	9	0		0		0		2	1,9	1800	0	0.0	0	0.0	0	0.0	603	33.5
FBXO32	ENST00000517956	9	0		0		0		2	2,7	1248	0	0.0	0	0.0	0	0.0	336	26.9
FBXO34	ENST00000313833	1	0		0		0		1	2	2156	0	0.0	0	0.0	0	0.0	2156	100.0
FBXO38	ENST00000340253	21	0		0		0		6	2,7,14-16,22	3987	0	0.0	0	0.0	0	0.0	1581	39.7
FBXO40	ENST00000338040	3	0		0		0		2	3-4	2190	0	0.0	0	0.0	0	0.0	2167	98.9
FBXO43	ENST00000428847	5	0		0		0		3	2,4-5	2227	0	0.0	0	0.0	0	0.0	1999	89.8
FBXO7	ENST00000266087	9	0		0		0		3	5,8-9	1749	0	0.0	0	0.0	0	0.0	569	32.5
FBXW11	ENST00000517395	13	0		0		1	7	6	1,4,7,9-10,13	1952	0	0.0	0	0.0	158	8.1	1060	54.3
FBXW4	ENST00000331272	9	0		0		0		3	1,5-6	1884	0	0.0	0	0.0	0	0.0	946	50.2
FBXW7	ENST00000281708	11	0		0		0		3	4,7,13	2344	0	0.0	0	0.0	0	0.0	907	38.7
FCGR1A	ENST00000369168	6	0		0		0		4	3-6	1245	0	0.0	0	0.0	0	0.0	1153	92.6
FCGR2A	ENST00000271450	7	0		0		0		3	1,3-4	1094	0	0.0	0	0.0	0	0.0	658	60.1
FCGR2B	ENST00000358671	8	0		0		0		1	4	1093	0	0.0	0	0.0	0	0.0	275	25.2
FCGR3A	ENST00000443193	5	0		0		0		2	3-4	865	0	0.0	0	0.0	0	0.0	556	64.3
FCGR3B	ENST00000650385	5	0		0		0		2	3-4	802	0	0.0	0	0.0	0	0.0	556	69.3
FCHO1	ENST00000596536	26	0		0		0		1	7	3190	0	0.0	0	0.0	0	0.0	162	5.1
FCN1	ENST00000371806	9	0		0		0		2	2,9	1161	0	0.0	0	0.0	0	0.0	402	34.6
FCN3	ENST00000270879	8	0		0		0		1	8	1060	0	0.0	0	0.0	0	0.0	262	24.7
FCSK	ENST00000288078	23	0		0		0		6	5,9,15-16,19,21	3715	0	0.0	0	0.0	0	0.0	1280	34.5
FDFT1	ENST00000220584	8	0		0		0		4	2,6-8	1414	0	0.0	0	0.0	0	0.0	730	51.6
FDPS	ENST00000368356	10	0		0		0		0		1460	0	0.0	0	0.0	0	0.0	0	0.0
FDX2	ENST00000393708	5	0		0		0		0		652	0	0.0	0	0.0	0	0.0	0	0.0
FDXR	ENST00000293195	12	0		0		0		2	3,9	1716	0	0.0	0	0.0	0	0.0	333	19.4
FECH	ENST00000262093	11	0		0		0		1	5	1492	0	0.0	0	0.0	0	0.0	155	10.4
FEM1B	ENST00000306917	2	0		0		0		2	1-2	1924	0	0.0	0	0.0	0	0.0	1924	100.0
FEM1C	ENST00000274457	2	0		0		0		2	2-3	1894	0	0.0	0	0.0	0	0.0	1894	100.0
FERMT1	ENST00000217289	14	0		0		0		5	2,8,10,12,14	2314	0	0.0	0	0.0	0	0.0	872	37.7
FERMT3	ENST00000345728	14	0		0		0		4	3,7,14-15	2272	0	0.0	0	0.0	0	0.0	744	32.7
FERRY3	ENST00000261250	13	0		0		0		7	3-4,7,9-11,14	1919	0	0.0	0	0.0	0	0.0	1075	56.0
FES	ENST00000328850	18	0		0		0		6	4,6,8,17-19	2829	0	0.0	0	0.0	0	0.0	902	31.9
FEZ1	ENST00000278919	9	0		0		0		3	2,6,8	1359	0	0.0	0	0.0	0	0.0	719	52.9
FEZF1	ENST00000442488	4	0		0		0		3	1,3-4	1508	0	0.0	0	0.0	0	0.0	1353	89.7
FEZF2	ENST00000283268	4	0		0		0		3	2-4	1460	0	0.0	0	0.0	0	0.0	1180	80.8
FFAR1	ENST00000246553	1	0		0		0		1	2	923	0	0.0	0	0.0	0	0.0	923	100.0
FFAR2	ENST00000599180	1	0		0		0		1	2	1013	0	0.0	0	0.0	0	0.0	1013	100.0
FFAR4	ENST00000371481	3	0		0		0		2	1-2	1146	0	0.0	0	0.0	0	0.0	736	64.2
FGA	ENST00000403106	5	0		0		0		3	2-3,5	2035	0	0.0	0	0.0	0	0.0	1795	88.2
FGB	ENST00000302068	8	0		0		0		2	2,4	1636	0	0.0	0	0.0	0	0.0	460	28.1
FGD1	ENST00000375135	18	0		0		2	1-2	18	1-18	3246	0	0.0	0	0.0	521	16.1	3246	100.0
FGD4	ENST00000534526	17	0		0		0		8	4,6-8,11,14-15,17	3052	0	0.0	0	0.0	0	0.0	1808	59.2
FGD6	ENST00000343958	21	0		0		0		4	2,7-8,16	4713	0	0.0	0	0.0	0	0.0	2897	61.5
FGF1	ENST00000337706	3	0		0		0		2	2,4	528	0	0.0	0	0.0	0	0.0	404	76.5
FGF10	ENST00000264664	3	0		0		0		1	1	687	0	0.0	0	0.0	0	0.0	345	50.2
FGF12	ENST00000445105	5	0		0		0		1	3	646	0	0.0	0	0.0	0	0.0	131	20.3
FGF13	ENST00000315930	5	0		0		2	1,4	5	1-5	838	0	0.0	0	0.0	426	50.8	838	100.0
FGF14	ENST00000376131	5	0		0		0		0		859	0	0.0	0	0.0	0	0.0	0	0.0
FGF14	ENST00000376143	5	0		0		0		1	4	844	0	0.0	0	0.0	0	0.0	219	25.9
FGF16	ENST00000439435	3	0		0		1	1	3	1-3	684	0	0.0	0	0.0	294	43.0	684	100.0
FGF17	ENST00000359441	5	0		0		0		1	5	751	0	0.0	0	0.0	0	0.0	314	41.8
FGF20	ENST00000180166	3	0		0		0		1	1	696	0	0.0	0	0.0	0	0.0	306	44.0
FGF23	ENST00000237837	3	0		0		0		1	3	816	0	0.0	0	0.0	0	0.0	461	56.5
FGF3	ENST00000334134	3	0		0		0		3	1-3	780	0	0.0	0	0.0	0	0.0	780	100.0
FGF4	ENST00000168712	3	0		0		0		0		681	0	0.0	0	0.0	0	0.0	0	0.0
FGF5	ENST00000312465	3	0		0		0		2	1,3	867	0	0.0	0	0.0	0	0.0	743	85.7
FGF8	ENST00000320185	6	0		0		0		3	3-5	855	0	0.0	0	0.0	0	0.0	435	50.9
FGF9	ENST00000382353	3	0		0		0		1	1	687	0	0.0	0	0.0	0	0.0	297	43.2
FGFR1	ENST00000447712	17	0		0		0		6	4,7,9,13-15	2809	0	0.0	0	0.0	0	0.0	989	35.2
FGFR2	ENST00000358487	17	0		0		0		0		2806	0	0.0	0	0.0	0	0.0	0	0.0
FGFR2	ENST00000457416	17	0		0		0		4	10-12,18	2809	0	0.0	0	0.0	0	0.0	630	22.4
FGFR3	ENST00000440486	17	0		0		0		1	14	2761	0	0.0	0	0.0	0	0.0	143	5.2
FGFR4	ENST00000292408	17	0		0		0		5	10,15-18	2749	0	0.0	0	0.0	0	0.0	711	25.9
FGG	ENST00000336098	9	0		0		0		5	2-3,6-7,9	1542	0	0.0	0	0.0	0	0.0	881	57.1
FGGY	ENST00000303721	15	0		0		0		1	4	1956	0	0.0	0	0.0	0	0.0	172	8.8
FGL2	ENST00000248598	2	0		0		0		2	1-2	1360	0	0.0	0	0.0	0	0.0	1360	100.0
FH	ENST00000366560	10	0		0		0		2	5-6	1733	0	0.0	0	0.0	0	0.0	389	22.4
FHIT	ENST00000492590	5	0		0		0		1	6	544	0	0.0	0	0.0	0	0.0	166	30.5
FHL1	ENST00000370683	6	0		0		0		2	1-2	1011	0	0.0	0	0.0	0	0.0	244	24.1
FHL1	ENST00000394155	6	0		0		0		5	3-7	1092	0	0.0	0	0.0	0	0.0	988	90.5
FHL2	ENST00000530340	5	0		0		0		1	6	940	0	0.0	0	0.0	0	0.0	207	22.0
FHOD3	ENST00000590592	29	0		0		0		11	9,12,17-19,21-23,26-28	5449	0	0.0	0	0.0	0	0.0	2946	54.1
FIBCD1	ENST00000372338	7	0		0		0		2	5,7	1526	0	0.0	0	0.0	0	0.0	397	26.0
FIBP	ENST00000357519	10	0		0		0		1	2	1274	0	0.0	0	0.0	0	0.0	219	17.2
FICD	ENST00000552695	2	0		0		0		2	2-3	1417	0	0.0	0	0.0	0	0.0	1417	100.0
FIG4	ENST00000230124	23	0		0		0		10	1,3,8,12,16-20,23	3184	0	0.0	0	0.0	0	0.0	1412	44.3
FIGLA	ENST00000332372	5	0		0		0		1	1	760	0	0.0	0	0.0	0	0.0	251	33.0
FIGN	ENST00000333129	2	0		0		0		1	3	2320	0	0.0	0	0.0	0	0.0	2275	98.1
FILIP1	ENST00000237172	5	0		0		0		2	5-6	3742	0	0.0	0	0.0	0	0.0	3053	81.6
FITM2	ENST00000396825	2	0		0		0		1	2	829	0	0.0	0	0.0	0	0.0	636	76.7
FKBP10	ENST00000321562	10	0		0		0		3	6,9-10	1949	0	0.0	0	0.0	0	0.0	556	28.5
FKBP11	ENST00000550765	6	0		0		0		2	3,6	726	0	0.0	0	0.0	0	0.0	346	47.7
FKBP14	ENST00000222803	4	0		0		0		2	1-2	716	0	0.0	0	0.0	0	0.0	389	54.3
FKBP4	ENST00000001008	10	0		0		0		1	9	1580	0	0.0	0	0.0	0	0.0	260	16.5
FKBP5	ENST00000357266	10	0		0		0		2	6,11	1574	0	0.0	0	0.0	0	0.0	305	19.4
FKBP6	ENST00000252037	8	0		0		0		1	8	1144	0	0.0	0	0.0	0	0.0	111	9.7
FKBP8	ENST00000608443	8	0		0		0		3	3,5-6	1402	0	0.0	0	0.0	0	0.0	624	44.5
FKRP	ENST00000318584	1	0		0		0		1	4	1508	0	0.0	0	0.0	0	0.0	1508	100.0
FKTN	ENST00000357998	9	0		0		0		6	5-9,11	1566	0	0.0	0	0.0	0	0.0	1213	77.5
FLAD1	ENST00000292180	7	0		0		0		1	1	1904	0	0.0	0	0.0	0	0.0	392	20.6
FLCN	ENST00000285071	11	0		0		0		5	6-7,9,12,14	1960	0	0.0	0	0.0	0	0.0	1008	51.4
FLG	ENST00000368799	2	0		0		0		2	2-3	12226	0	0.0	0	0.0	0	0.0	12226	100.0
FLG2	ENST00000388718	2	0		0		0		2	2-3	7216	0	0.0	0	0.0	0	0.0	7216	100.0
FLI1	ENST00000527786	9	0		0		0		3	2,4,9	1539	0	0.0	0	0.0	0	0.0	1006	65.4
FLII	ENST00000327031	30	0		0		0		7	18,20-21,24,26-27,30	4410	0	0.0	0	0.0	0	0.0	1219	27.6
FLNA	ENST00000369850	47	0		0		9	2,12-13,19-20,22,38,40,45	47	2-48	8884	0	0.0	0	0.0	2274	25.6	8884	100.0
FLNB	ENST00000295956	46	0		0		0		23	1-2,6,9,11,17-18,20-21,23,25,28-29,34-39,41-42,44-45	8729	0	0.0	0	0.0	0	0.0	4997	57.2
FLNC	ENST00000325888	48	0		0		0		7	1-2,13-14,21,34-35	9138	0	0.0	0	0.0	0	0.0	1900	20.8
FLRT1	ENST00000682287	1	0		0		0		1	3	2045	0	0.0	0	0.0	0	0.0	2045	100.0
FLRT3	ENST00000341420	1	0		0		0		1	3	1970	0	0.0	0	0.0	0	0.0	1970	100.0
FLT1	ENST00000282397	30	0		0		0		11	3,8,11-12,17-19,21,23-24,26	4617	0	0.0	0	0.0	0	0.0	1639	35.5
FLT3	ENST00000241453	24	0		0		0		6	4,16,18-19,21-22	3462	0	0.0	0	0.0	0	0.0	770	22.2
FLT3LG	ENST00000597551	7	0		0		0		0		848	0	0.0	0	0.0	0	0.0	0	0.0
FLT4	ENST00000261937	30	0		0		0		3	3,14,17	4692	0	0.0	0	0.0	0	0.0	588	12.5
FLVCR1	ENST00000366971	10	0		0		0		1	2	1868	0	0.0	0	0.0	0	0.0	165	8.8
FLVCR2	ENST00000238667	10	0		0		0		4	1-2,5-6	1781	0	0.0	0	0.0	0	0.0	1106	62.1
FMC1	ENST00000297534	2	0		0		0		2	1-2	382	0	0.0	0	0.0	0	0.0	382	100.0
FMN1	ENST00000616417	18	0		0		0		4	4,15-17	4620	0	0.0	0	0.0	0	0.0	2221	48.1
FMN2	ENST00000319653	18	0		0		0		7	1,4-5,7,9-10,16	5529	0	0.0	0	0.0	0	0.0	4205	76.1
FMNL2	ENST00000288670	26	0		0		0		5	1,16-18,23	3799	0	0.0	0	0.0	0	0.0	882	23.2
FMO3	ENST00000367755	8	0		0		0		3	2-3,7	1759	0	0.0	0	0.0	0	0.0	737	41.9
FMR1	ENST00000370475	17	0		0		3	2,6,9	17	1-17	2239	0	0.0	0	0.0	286	12.8	2239	100.0
FN1	ENST00000354785	46	0		0		0		11	1,8-10,15,19,24,26-27,40,44	8354	0	0.0	0	0.0	0	0.0	2367	28.3
FN3KRP	ENST00000269373	6	0		0		0		1	6	1050	0	0.0	0	0.0	0	0.0	359	34.2
FNDC7	ENST00000370017	12	0		0		0		5	2-3,5,11-12	2442	0	0.0	0	0.0	0	0.0	694	28.4
FNIP1	ENST00000510461	18	0		0		0		3	4,6,12	3861	0	0.0	0	0.0	0	0.0	400	10.4
FNTB	ENST00000246166	12	0		0		0		4	1-3,11	1554	0	0.0	0	0.0	0	0.0	477	30.7
FOCAD	ENST00000338382	43	0		0		0		12	7-9,16,19,21,24,26-27,33-34,38	6266	0	0.0	0	0.0	0	0.0	1961	31.3
FOLR1	ENST00000393676	4	0		0		0		3	2-4	854	0	0.0	0	0.0	0	0.0	666	78.0
FOLR2	ENST00000298223	4	0		0		0		1	5	848	0	0.0	0	0.0	0	0.0	313	36.9
FOLR3	ENST00000611028	4	0		0		0		4	2-5	818	0	0.0	0	0.0	0	0.0	818	100.0
FOS	ENST00000303562	4	0		0		0		2	1,4	1223	0	0.0	0	0.0	0	0.0	823	67.3
FOSL1	ENST00000312562	4	0		0		0		0		896	0	0.0	0	0.0	0	0.0	0	0.0
FOSL2	ENST00000264716	4	0		0		0		2	1,4	1061	0	0.0	0	0.0	0	0.0	661	62.3
FOXA2	ENST00000419308	2	0		0		0		1	2	1432	0	0.0	0	0.0	0	0.0	1325	92.5
FOXC1	ENST00000645831	1	0		0		0		1	1	1682	0	0.0	0	0.0	0	0.0	1682	100.0
FOXC2	ENST00000649859	1	0		0		0		1	1	1526	0	0.0	0	0.0	0	0.0	1526	100.0
FOXD3	ENST00000371116	1	0		0		0		1	1	1457	0	0.0	0	0.0	0	0.0	1457	100.0
FOXE1	ENST00000375123	1	0		0		0		1	1	1142	0	0.0	0	0.0	0	0.0	1142	100.0
FOXE3	ENST00000335071	1	0		0		0		1	1	980	0	0.0	0	0.0	0	0.0	980	100.0
FOXF1	ENST00000262426	2	0		0		0		1	1	1180	0	0.0	0	0.0	0	0.0	999	84.7
FOXF2	ENST00000645481	2	0		0		0		1	1	1375	0	0.0	0	0.0	0	0.0	1191	86.6
FOXG1	ENST00000313071	1	0		0		0		1	1	1490	0	0.0	0	0.0	0	0.0	1490	100.0
FOXH1	ENST00000377317	3	0		0		0		0		1158	0	0.0	0	0.0	0	0.0	0	0.0
FOXI1	ENST00000306268	2	0		0		0		2	1-2	1177	0	0.0	0	0.0	0	0.0	1177	100.0
FOXI3	ENST00000428390	2	0		0		0		2	1-2	1303	0	0.0	0	0.0	0	0.0	1303	100.0
FOXJ1	ENST00000322957	2	0		0		0		1	2	1306	0	0.0	0	0.0	0	0.0	518	39.7
FOXJ3	ENST00000361346	12	0		0		0		3	4,10-11	2109	0	0.0	0	0.0	0	0.0	429	20.3
FOXK2	ENST00000335255	9	0		0		0		4	1,5-6,9	2163	0	0.0	0	0.0	0	0.0	1066	49.3
FOXL1	ENST00000320241	1	0		0		0		1	1	1058	0	0.0	0	0.0	0	0.0	1058	100.0
FOXL2	ENST00000648323	1	0		0		0		1	1	1151	0	0.0	0	0.0	0	0.0	1151	100.0
FOXN1	ENST00000579795	8	0		0		0		1	3	2107	0	0.0	0	0.0	0	0.0	485	23.0
FOXO1	ENST00000379561	2	0		0		1	1	2	1-2	2008	0	0.0	0	0.0	650	32.4	2008	100.0
FOXP1	ENST00000649528	16	0		0		0		3	6,10,15	2354	0	0.0	0	0.0	0	0.0	596	25.3
FOXP2	ENST00000350908	16	0		0		0		7	5-9,12,17	2468	0	0.0	0	0.0	0	0.0	1148	46.5
FOXP3	ENST00000376207	11	0		0		0		10	2-8,10-12	1516	0	0.0	0	0.0	0	0.0	1345	88.7
FOXP4	ENST00000307972	16	0		0		0		1	2	2363	0	0.0	0	0.0	0	0.0	224	9.5
FOXQ1	ENST00000296839	1	0		0		0		1	1	1232	0	0.0	0	0.0	0	0.0	1232	100.0
FOXR1	ENST00000317011	6	0		0		0		2	3,5	999	0	0.0	0	0.0	0	0.0	527	52.8
FOXRED1	ENST00000263578	11	0		0		0		4	1,6-7,11	1681	0	0.0	0	0.0	0	0.0	599	35.6
FOXRED2	ENST00000397224	8	0		0		0		6	2-7	2215	0	0.0	0	0.0	0	0.0	1744	78.7
FPR1	ENST00000304748	1	0		0		0		1	2	1073	0	0.0	0	0.0	0	0.0	1073	100.0
FPR2	ENST00000340023	1	0		0		0		1	2	1076	0	0.0	0	0.0	0	0.0	1076	100.0
FRA10AC1	ENST00000359204	13	0		0		0		1	8	1208	0	0.0	0	0.0	0	0.0	66	5.5
FRAS1	ENST00000512123	74	0		0		0		27	6,10,14,21,25,27,29,31,38,43-44,47-48,50-51,53,55-58,63,65-67,69,71,74	13519	0	0.0	0	0.0	0	0.0	6068	44.9
FREM1	ENST00000380880	36	0		0		0		11	2-3,6,9,11,26,28,30-31,34,37	7260	0	0.0	0	0.0	0	0.0	2465	34.0
FREM2	ENST00000280481	24	0		0		0		13	1-3,11,13-17,19,22-24	9990	0	0.0	0	0.0	0	0.0	7940	79.5
FRMD1	ENST00000283309	11	0		0		0		2	8-9	1870	0	0.0	0	0.0	0	0.0	512	27.4
FRMD4A	ENST00000357447	23	0		0		0		8	6,14,16-18,20-22	3580	0	0.0	0	0.0	0	0.0	2163	60.4
FRMD5	ENST00000417257	14	0		0		0		5	3-6,14	1993	0	0.0	0	0.0	0	0.0	1022	51.3
FRMD7	ENST00000298542	12	0		0		3	6,10,12	12	1-12	2385	0	0.0	0	0.0	1339	56.1	2385	100.0
FRMPD2	ENST00000374201	29	0		0		0		5	2-3,8,10,19	4510	0	0.0	0	0.0	0	0.0	800	17.7
FRMPD4	ENST00000675598	17	0		0		6	2-3,6,15-17	17	1-17	5629	0	0.0	0	0.0	4183	74.3	5629	100.0
FRRS1L	ENST00000561981	5	0		0		0		2	2,4	982	0	0.0	0	0.0	0	0.0	372	37.9
FRY	ENST00000542859	61	0		0		0		14	4-5,8,10,16-17,21,26,32,34,44,47,60-61	10262	0	0.0	0	0.0	0	0.0	3090	30.1
FRYL	ENST00000358350	61	0		0		1	35	13	7-8,12,24-25,35,41-42,46,52,56-57,59	10262	0	0.0	0	0.0	161	1.6	2624	25.6
FRZB	ENST00000295113	6	0		0		0		4	1,3-5	1098	0	0.0	0	0.0	0	0.0	893	81.3
FSCB	ENST00000340446	1	0		0		0		1	1	2498	0	0.0	0	0.0	0	0.0	2498	100.0
FSCN2	ENST00000417245	5	0		0		0		1	3	1579	0	0.0	0	0.0	0	0.0	142	9.0
FSD1L	ENST00000481272	14	0		0		0		3	2,5,14	1873	0	0.0	0	0.0	0	0.0	384	20.5
FSHB	ENST00000533718	2	0		0		0		1	3	430	0	0.0	0	0.0	0	0.0	251	58.4
FSHR	ENST00000406846	10	0		0		0		4	2-3,9-10	2288	0	0.0	0	0.0	0	0.0	1647	72.0
FSIP2	ENST00000424728	23	0		0		0		13	1-4,8-10,15-18,20,23	21184	0	0.0	0	0.0	0	0.0	20101	94.9
FST	ENST00000256759	6	0		0		0		2	2-3	1155	0	0.0	0	0.0	0	0.0	451	39.0
FSTL5	ENST00000306100	15	0		0		0		3	3,12,16	2844	0	0.0	0	0.0	0	0.0	916	32.2
FTCD	ENST00000397746	14	0		0		0		0		1906	0	0.0	0	0.0	0	0.0	0	0.0
FTH1	ENST00000273550	4	0		0		0		2	2,4	632	0	0.0	0	0.0	0	0.0	352	55.7
FTL	ENST00000331825	4	0		0		0		3	1-2,4	608	0	0.0	0	0.0	0	0.0	462	76.0
FTO	ENST00000471389	9	0		0		0		5	1,3-4,7,9	1698	0	0.0	0	0.0	0	0.0	1191	70.1
FTSJ1	ENST00000348411	11	0		0		1	12	10	2-4,6-12	1210	0	0.0	0	0.0	53	4.4	1111	91.8
FUCA1	ENST00000374479	8	0		0		0		3	1,6,8	1561	0	0.0	0	0.0	0	0.0	781	50.0
FURIN	ENST00000268171	15	0		0		0		2	6,16	2685	0	0.0	0	0.0	0	0.0	710	26.4
FUS	ENST00000254108	15	0		0		0		1	1	1881	0	0.0	0	0.0	0	0.0	33	1.8
FUT1	ENST00000645652	1	0		0		0		1	2	1118	0	0.0	0	0.0	0	0.0	1118	100.0
FUT2	ENST00000425340	1	0		0		0		1	2	1052	0	0.0	0	0.0	0	0.0	1052	100.0
FUT3	NM_001382745.1	1	0		0		0		1	1	1106	0	0.0	0	0.0	0	0.0	1106	100.0
FUT6	ENST00000318336	1	0		0		0		1	3	1100	0	0.0	0	0.0	0	0.0	1100	100.0
FUT8	ENST00000673929	9	0		0		0		4	3,5,10-11	1908	0	0.0	0	0.0	0	0.0	915	48.0
FUZ	ENST00000313777	11	0		0		0		0		1477	0	0.0	0	0.0	0	0.0	0	0.0
FXN	ENST00000484259	5	0		0		0		2	1,3	733	0	0.0	0	0.0	0	0.0	326	44.5
FXR1	ENST00000357559	17	0		0		0		2	12-13	2206	0	0.0	0	0.0	0	0.0	161	7.3
FXR1	ENST00000482125	17	0		0		0		10	1,3,5,8,10,12-14,16-17	2374	0	0.0	0	0.0	0	0.0	1651	69.5
FXYD2	ENST00000292079	5	0		0		0		0		301	0	0.0	0	0.0	0	0.0	0	0.0
FYB1	ENST00000512982	18	0		0		0		4	2,8,14,16	2850	0	0.0	0	0.0	0	0.0	1605	56.3
FYCO1	ENST00000296137	17	0		0		0		6	8,12,15-18	4777	0	0.0	0	0.0	0	0.0	3190	66.8
FYTTD1	ENST00000241502	9	0		0		0		2	4,9	1137	0	0.0	0	0.0	0	0.0	252	22.2
FZD2	ENST00000315323	1	0		0		0		1	1	1718	0	0.0	0	0.0	0	0.0	1718	100.0
FZD4	ENST00000531380	2	0		0		0		2	1-2	1654	0	0.0	0	0.0	0	0.0	1654	100.0
FZD5	ENST00000295417	1	0		0		0		1	2	1778	0	0.0	0	0.0	0	0.0	1778	100.0
FZD6	ENST00000358755	6	0		0		0		5	2,4-7	2241	0	0.0	0	0.0	0	0.0	2024	90.3
FZD9	ENST00000344575	1	0		0		0		1	1	1796	0	0.0	0	0.0	0	0.0	1796	100.0
FZR1	ENST00000441788	13	0		0		0		2	6,14	1742	0	0.0	0	0.0	0	0.0	165	9.5
G6PC1	ENST00000253801	5	0		0		0		2	1,5	1174	0	0.0	0	0.0	0	0.0	782	66.6
G6PC3	ENST00000269097	6	0		0		0		1	1	1161	0	0.0	0	0.0	0	0.0	238	20.5
G6PD	ENST00000393562	12	0		0		6	5-10	12	2-13	1788	0	0.0	0	0.0	1140	63.8	1788	100.0
GAA	ENST00000302262	19	0		0		0		2	2,20	3239	0	0.0	0	0.0	0	0.0	646	19.9
GAB1	ENST00000262994	10	0		0		0		3	3,7,10	2285	0	0.0	0	0.0	0	0.0	539	23.6
GABBR1	ENST00000377034	22	0		0		0		3	9,14,17	3326	0	0.0	0	0.0	0	0.0	357	10.7
GABBR2	ENST00000259455	19	0		0		0		8	2-3,6-7,10,13,17-18	3206	0	0.0	0	0.0	0	0.0	1429	44.6
GABPB2	ENST00000368918	8	0		0		0		1	4	1507	0	0.0	0	0.0	0	0.0	215	14.3
GABRA1	ENST00000393943	9	0		0		0		4	2-3,5,10	1551	0	0.0	0	0.0	0	0.0	800	51.6
GABRA2	ENST00000381620	9	0		0		0		5	3,5,7-8,10	1536	0	0.0	0	0.0	0	0.0	1031	67.1
GABRA3	ENST00000370314	9	0		0		1	5	9	2-10	1659	0	0.0	0	0.0	241	14.5	1659	100.0
GABRA4	ENST00000264318	9	0		0		0		4	1,7-9	1845	0	0.0	0	0.0	0	0.0	1110	60.2
GABRA5	ENST00000335625	9	0		0		0		5	5-8,11	1569	0	0.0	0	0.0	0	0.0	916	58.4
GABRA6	ENST00000274545	9	0		0		0		2	2,8	1542	0	0.0	0	0.0	0	0.0	419	27.2
GABRB1	ENST00000295454	9	0		0		0		2	8-9	1605	0	0.0	0	0.0	0	0.0	630	39.3
GABRB2	ENST00000393959	10	0		0		0		4	4,7-8,10	1739	0	0.0	0	0.0	0	0.0	1047	60.2
GABRB3	ENST00000311550	9	0		0		0		3	2,8-9	1602	0	0.0	0	0.0	0	0.0	739	46.1
GABRD	ENST00000378585	9	0		0		0		2	1,6	1539	0	0.0	0	0.0	0	0.0	246	16.0
GABRE	ENST00000370328	9	0		0		4	4,6,8-9	9	1-9	1701	0	0.0	0	0.0	1023	60.1	1701	100.0
GABRG1	ENST00000295452	9	0		0		0		2	4,8	1578	0	0.0	0	0.0	0	0.0	476	30.2
GABRG2	ENST00000639213	10	0		0		0		0		1628	0	0.0	0	0.0	0	0.0	0	0.0
GABRG3	ENST00000615808	10	0		0		0		4	1-2,6-7	1604	0	0.0	0	0.0	0	0.0	573	35.7
GABRP	ENST00000265294	9	0		0		0		4	5,7,9-10	1503	0	0.0	0	0.0	0	0.0	927	61.7
GABRQ	ENST00000598523	9	0		0		1	9	9	1-9	2079	0	0.0	0	0.0	761	36.6	2079	100.0
GABRR2	ENST00000402938	9	0		0		0		4	1,3-4,9	1578	0	0.0	0	0.0	0	0.0	797	50.5
GAD1	ENST00000358196	16	0		0		0		4	2,5-6,10	2105	0	0.0	0	0.0	0	0.0	551	26.2
GADD45GIP1	ENST00000316939	2	0		0		0		2	1-2	709	0	0.0	0	0.0	0	0.0	709	100.0
GAL	ENST00000265643	5	0		0		0		0		472	0	0.0	0	0.0	0	0.0	0	0.0
GALC	ENST00000261304	17	0		0		0		5	1,8,11,14,16	2398	0	0.0	0	0.0	0	0.0	799	33.3
GALE	ENST00000617979	10	0		0		0		1	6	1247	0	0.0	0	0.0	0	0.0	197	15.8
GALK1	ENST00000588479	8	0		0		0		3	2,4-5	1339	0	0.0	0	0.0	0	0.0	568	42.4
GALM	ENST00000272252	7	0		0		0		1	1	1169	0	0.0	0	0.0	0	0.0	210	18.0
GALNS	ENST00000268695	14	0		0		0		3	5,7,12	1849	0	0.0	0	0.0	0	0.0	451	24.4
GALNT1	ENST00000269195	11	0		0		0		3	3,7-8	1900	0	0.0	0	0.0	0	0.0	534	28.1
GALNT12	ENST00000375011	10	0		0		0		4	5,7,9-10	1946	0	0.0	0	0.0	0	0.0	618	31.8
GALNT2	ENST00000366672	16	0		0		0		5	5,11-13,16	2036	0	0.0	0	0.0	0	0.0	628	30.8
GALNT3	ENST00000392701	10	0		0		0		6	2,4-6,9,11	2102	0	0.0	0	0.0	0	0.0	1363	64.8
GALT	ENST00000378842	11	0		0		0		4	2-5	1360	0	0.0	0	0.0	0	0.0	505	37.1
GAMT	ENST00000252288	6	0		0		0		0		831	0	0.0	0	0.0	0	0.0	0	0.0
GAN	ENST00000648994	11	0		0		0		3	3-4,8	2014	0	0.0	0	0.0	0	0.0	766	38.0
GANAB	ENST00000356638	24	0		0		0		3	9,15,21	3315	0	0.0	0	0.0	0	0.0	452	13.6
GAPDHS	ENST00000222286	11	0		0		0		4	3,5,8,10	1447	0	0.0	0	0.0	0	0.0	518	35.8
GAPT	ENST00000502276	1	0		0		0		0		494	0	0.0	0	0.0	0	0.0	0	0.0
GAPVD1	ENST00000297933	25	0		0		0		4	5,17,23,27	4883	0	0.0	0	0.0	0	0.0	1653	33.9
GAR1	ENST00000226796	6	0		0		0		2	3-4	774	0	0.0	0	0.0	0	0.0	255	32.9
GARIN3	ENST00000302938	2	0		0		0		2	1-2	1858	0	0.0	0	0.0	0	0.0	1858	100.0
GARNL3	ENST00000373387	28	0		0		0		13	1-2,7-8,15-16,19-22,25-26,28	3602	0	0.0	0	0.0	0	0.0	1808	50.2
GARS1	ENST00000389266	17	0		0		0		3	1,13,15	2560	0	0.0	0	0.0	0	0.0	462	18.0
GAS1	ENST00000298743	1	0		0		0		1	1	1058	0	0.0	0	0.0	0	0.0	1058	100.0
GAS2	ENST00000454584	7	0		0		0		2	6-7	1082	0	0.0	0	0.0	0	0.0	290	26.8
GAS2L2	ENST00000604641	6	0		0		0		2	1,6	2763	0	0.0	0	0.0	0	0.0	1983	71.8
GATA1	ENST00000376670	5	0		0		2	2-3	5	2-6	1342	0	0.0	0	0.0	638	47.5	1342	100.0
GATA2	ENST00000341105	5	0		0		0		0		1543	0	0.0	0	0.0	0	0.0	0	0.0
GATA2	ENST00000487848	5	0		0		0		0		1543	0	0.0	0	0.0	0	0.0	0	0.0
GATA3	ENST00000379328	5	0		0		0		2	2-3	1435	0	0.0	0	0.0	0	0.0	818	57.0
GATA4	ENST00000532059	6	0		0		0		2	2,6	1452	0	0.0	0	0.0	0	0.0	805	55.4
GATA5	ENST00000252997	6	0		0		0		0		1314	0	0.0	0	0.0	0	0.0	0	0.0
GATA6	ENST00000269216	6	0		0		0		4	2-3,5,7	1908	0	0.0	0	0.0	0	0.0	1638	85.8
GATAD1	ENST00000287957	5	0		0		0		0		910	0	0.0	0	0.0	0	0.0	0	0.0
GATAD2A	ENST00000683918	11	0		0		0		1	9	2125	0	0.0	0	0.0	0	0.0	319	15.0
GATAD2B	ENST00000368655	10	0		0		0		2	3,7	1982	0	0.0	0	0.0	0	0.0	486	24.5
GATB	ENST00000263985	13	0		0		0		4	1,6,12-13	1934	0	0.0	0	0.0	0	0.0	634	32.8
GATC	ENST00000551765	4	0		0		0		1	1	491	0	0.0	0	0.0	0	0.0	101	20.6
GATM	ENST00000396659	9	0		0		0		4	1-4	1452	0	0.0	0	0.0	0	0.0	755	52.0
GBA1	ENST00000368373	11	0		0		0		0		1831	0	0.0	0	0.0	0	0.0	0	0.0
GBA2	ENST00000378103	17	0		0		0		2	3,17	3124	0	0.0	0	0.0	0	0.0	435	13.9
GBE1	ENST00000429644	16	0		0		0		3	4-5,13	2429	0	0.0	0	0.0	0	0.0	507	20.9
GBF1	ENST00000369983	39	0		0		0		7	22,29,31-32,35,37-38	6363	0	0.0	0	0.0	0	0.0	1359	21.4
GCDH	ENST00000222214	11	0		0		0		3	6,8,11	1537	0	0.0	0	0.0	0	0.0	609	39.6
GCG	ENST00000418842	5	0		0		0		2	3,5	643	0	0.0	0	0.0	0	0.0	346	53.8
GCGR	ENST00000400723	13	0		0		0		2	3,14	1694	0	0.0	0	0.0	0	0.0	359	21.2
GCH1	ENST00000491895	6	0		0		0		3	1,4-5	873	0	0.0	0	0.0	0	0.0	520	59.6
GCK	ENST00000403799	10	0		0		0		0		1598	0	0.0	0	0.0	0	0.0	0	0.0
GCKR	ENST00000264717	19	0		0		0		1	16	2258	0	0.0	0	0.0	0	0.0	104	4.6
GCLC	ENST00000650454	16	0		0		0		5	1-3,13,16	2234	0	0.0	0	0.0	0	0.0	840	37.6
GCLM	ENST00000370238	7	0		0		0		3	3,5-6	965	0	0.0	0	0.0	0	0.0	463	48.0
GCM2	ENST00000379491	5	0		0		0		1	5	1621	0	0.0	0	0.0	0	0.0	959	59.2
GCNA	ENST00000373696	12	0		0		1	8	10	2-3,5,7-13	2316	0	0.0	0	0.0	1109	47.9	2208	95.3
GCNT2	ENST00000316170	3	0		0		0		1	1	1263	0	0.0	0	0.0	0	0.0	939	74.3
GCNT2	ENST00000495262	3	0		0		0		2	3,5	1269	0	0.0	0	0.0	0	0.0	1156	91.1
GCOM1	NM_001285900.3	15	0		0		0		0		2598	0	0.0	0	0.0	0	0.0	0	0.0
GCSH	ENST00000315467	5	0		0		0		1	4	622	0	0.0	0	0.0	0	0.0	152	24.4
GDAP1	ENST00000220822	6	0		0		0		3	1,4,6	1197	0	0.0	0	0.0	0	0.0	655	54.7
GDAP2	ENST00000369443	13	0		0		0		3	6-7,13	1754	0	0.0	0	0.0	0	0.0	441	25.1
GDF1	ENST00000247005	2	0		0		0		0		1159	0	0.0	0	0.0	0	0.0	0	0.0
GDF11	ENST00000257868	3	0		0		0		3	1-3	1284	0	0.0	0	0.0	0	0.0	1284	100.0
GDF15	ENST00000252809	2	0		0		0		0		967	0	0.0	0	0.0	0	0.0	0	0.0
GDF2	ENST00000581492	2	0		0		0		2	1-2	1330	0	0.0	0	0.0	0	0.0	1330	100.0
GDF3	ENST00000329913	2	0		0		0		2	1-2	1135	0	0.0	0	0.0	0	0.0	1135	100.0
GDF5	ENST00000374369	2	0		0		0		2	1-2	1546	0	0.0	0	0.0	0	0.0	1546	100.0
GDF6	ENST00000287020	2	0		0		0		2	1-2	1408	0	0.0	0	0.0	0	0.0	1408	100.0
GDF9	ENST00000687138	2	0		0		0		2	1-2	1405	0	0.0	0	0.0	0	0.0	1405	100.0
GDI1	ENST00000447750	11	0		0		0		11	1-11	1564	0	0.0	0	0.0	0	0.0	1564	100.0
GDNF	ENST00000326524	2	0		0		0		0		676	0	0.0	0	0.0	0	0.0	0	0.0
GDPD1	ENST00000284116	10	0		0		0		2	1,8	1145	0	0.0	0	0.0	0	0.0	242	21.1
GEMIN2	ENST00000308317	10	0		0		0		2	1,8	1010	0	0.0	0	0.0	0	0.0	288	28.5
GEMIN4	ENST00000319004	2	0		0		0		1	2	3217	0	0.0	0	0.0	0	0.0	3187	99.1
GEMIN5	ENST00000285873	28	0		0		0		9	1,5,7,9,11,19-20,23,28	5087	0	0.0	0	0.0	0	0.0	1468	28.9
GEN1	ENST00000381254	13	0		0		0		10	3,5,7-14	2987	0	0.0	0	0.0	0	0.0	2515	84.2
GET3	ENST00000357332	7	0		0		0		4	2-4,6	1187	0	0.0	0	0.0	0	0.0	726	61.2
GET4	ENST00000265857	9	0		0		0		2	5,9	1164	0	0.0	0	0.0	0	0.0	268	23.0
GFAP	ENST00000588735	9	0		0		0		2	1,6	1479	0	0.0	0	0.0	0	0.0	722	48.8
GFER	ENST00000248114	3	0		0		0		1	2	678	0	0.0	0	0.0	0	0.0	217	32.0
GFI1	ENST00000294702	6	0		0		0		3	4-5,7	1389	0	0.0	0	0.0	0	0.0	865	62.3
GFI1B	ENST00000372122	6	0		0		0		3	2,6-7	1113	0	0.0	0	0.0	0	0.0	505	45.4
GFM1	ENST00000486715	18	0		0		0		6	3-4,6,8,12,14	2616	0	0.0	0	0.0	0	0.0	995	38.0
GFM2	ENST00000296805	20	0		0		0		9	5,8-11,14,18,20-21	2740	0	0.0	0	0.0	0	0.0	1287	47.0
GFPT1	ENST00000357308	20	0		0		0		4	5,8,10,15	2500	0	0.0	0	0.0	0	0.0	483	19.3
GFRA1	ENST00000355422	10	0		0		0		3	3,6,9	1598	0	0.0	0	0.0	0	0.0	873	54.6
GFUS	ENST00000425753	10	0		0		0		1	2	1166	0	0.0	0	0.0	0	0.0	166	14.2
GGCX	ENST00000233838	15	0		0		0		6	1,3,8-9,14-15	2577	0	0.0	0	0.0	0	0.0	1109	43.0
GGN	ENST00000334928	2	0		0		0		1	3	1999	0	0.0	0	0.0	0	0.0	1861	93.1
GGPS1	ENST00000282841	3	0		0		0		2	3-4	963	0	0.0	0	0.0	0	0.0	873	90.7
GGT1	ENST00000400382	12	0		0		0		3	7,9,13	1950	0	0.0	0	0.0	0	0.0	433	22.2
GH1	ENST00000323322	5	0		0		0		1	3	754	0	0.0	0	0.0	0	0.0	140	18.6
GHR	ENST00000230882	9	0		0		0		3	2-3,10	2097	0	0.0	0	0.0	0	0.0	1168	55.7
GHRH	ENST00000373614	4	0		0		0		0		407	0	0.0	0	0.0	0	0.0	0	0.0
GHRHR	ENST00000326139	13	0		0		0		2	1,7	1532	0	0.0	0	0.0	0	0.0	251	16.4
GHRL	ENST00000335542	4	0		0		0		0		434	0	0.0	0	0.0	0	0.0	0	0.0
GHSR	ENST00000241256	2	0		0		0		1	1	1141	0	0.0	0	0.0	0	0.0	816	71.5
GIGYF1	ENST00000678049	24	0		0		0		1	13	3588	0	0.0	0	0.0	0	0.0	158	4.4
GIGYF2	ENST00000373563	27	0		0		1	21	3	10,21-22	4440	0	0.0	0	0.0	179	4.0	674	15.2
GIMAP5	ENST00000358647	2	0		0		0		0		964	0	0.0	0	0.0	0	0.0	0	0.0
GIMAP6	ENST00000328902	2	0		0		0		1	3	919	0	0.0	0	0.0	0	0.0	814	88.6
GINS1	ENST00000262460	7	0		0		0		2	5-6	731	0	0.0	0	0.0	0	0.0	232	31.7
GINS2	ENST00000253462	5	0		0		0		1	1	658	0	0.0	0	0.0	0	0.0	110	16.7
GINS3	ENST00000318129	3	0		0		0		3	1-3	711	0	0.0	0	0.0	0	0.0	711	100.0
GIP	ENST00000357424	5	0		0		0		0		562	0	0.0	0	0.0	0	0.0	0	0.0
GIPC1	ENST00000393033	6	0		0		0		1	9	1122	0	0.0	0	0.0	0	0.0	172	15.3
GIPC3	ENST00000644452	6	0		0		0		0		1059	0	0.0	0	0.0	0	0.0	0	0.0
GJA1	ENST00000282561	1	0		0		0		1	2	1169	0	0.0	0	0.0	0	0.0	1169	100.0
GJA3	ENST00000241125	1	0		0		0		1	2	1328	0	0.0	0	0.0	0	0.0	1328	100.0
GJA5	ENST00000579774	1	0		0		0		1	2	1097	0	0.0	0	0.0	0	0.0	1097	100.0
GJA8	ENST00000369235	1	0		0		0		1	2	1322	0	0.0	0	0.0	0	0.0	1322	100.0
GJB1	ENST00000361726	1	0		0		1	2	1	2	872	0	0.0	0	0.0	872	100.0	872	100.0
GJB2	ENST00000382848	1	0		0		0		1	2	701	0	0.0	0	0.0	0	0.0	701	100.0
GJB3	ENST00000373366	1	0		0		0		1	2	833	0	0.0	0	0.0	0	0.0	833	100.0
GJB4	ENST00000339480	1	0		0		0		1	2	821	0	0.0	0	0.0	0	0.0	821	100.0
GJB6	ENST00000647029	1	0		0		0		1	5	806	0	0.0	0	0.0	0	0.0	806	100.0
GJC2	ENST00000366714	1	0		0		0		1	2	1340	0	0.0	0	0.0	0	0.0	1340	100.0
GJC3	ENST00000312891	2	0		0		0		2	1-2	880	0	0.0	0	0.0	0	0.0	880	100.0
GJD2	ENST00000290374	2	0		0		0		1	2	1006	0	0.0	0	0.0	0	0.0	915	91.0
GJE1	ENST00000450456	3	0		0		0		1	3	678	0	0.0	0	0.0	0	0.0	404	59.6
GK	ENST00000427190	21	0		0		3	11,15,19	20	1-11,13-21	2100	0	0.0	0	0.0	306	14.6	2037	97.0
GLA	ENST00000218516	7	0		0		1	3	7	1-7	1430	0	0.0	0	0.0	198	13.8	1430	100.0
GLB1	ENST00000307363	16	0		0		0		3	2,6,10	2354	0	0.0	0	0.0	0	0.0	524	22.3
GLCCI1	ENST00000223145	8	0		0		0		3	1,6,8	1804	0	0.0	0	0.0	0	0.0	1074	59.5
GLDC	ENST00000321612	25	0		0		0		8	2,12-13,15,19-20,23,25	3563	0	0.0	0	0.0	0	0.0	1137	31.9
GLDN	ENST00000335449	10	0		0		0		3	4,9-10	1856	0	0.0	0	0.0	0	0.0	797	42.9
GLE1	ENST00000309971	16	0		0		0		4	1,7,9,13	2417	0	0.0	0	0.0	0	0.0	586	24.2
GLG1	ENST00000422840	26	0		0		0		8	1,8-9,15-18,25	4060	0	0.0	0	0.0	0	0.0	1456	35.9
GLI1	ENST00000228682	11	0		0		0		2	11-12	3541	0	0.0	0	0.0	0	0.0	2053	58.0
GLI2	ENST00000361492	13	0		0		0		4	2-3,10-11	4970	0	0.0	0	0.0	0	0.0	649	13.1
GLI3	ENST00000395925	14	0		0		0		4	5-6,13,15	5023	0	0.0	0	0.0	0	0.0	3036	60.4
GLIS1	ENST00000628545	10	0		0		0		1	4	2588	0	0.0	0	0.0	0	0.0	903	34.9
GLIS2	ENST00000433375	6	0		0		0		1	4	1695	0	0.0	0	0.0	0	0.0	197	11.6
GLIS3	ENST00000381971	10	0		0		0		6	2-4,6-7,10	2993	0	0.0	0	0.0	0	0.0	2269	75.8
GLMN	ENST00000370360	18	0		0		0		4	4,12,15,18	2145	0	0.0	0	0.0	0	0.0	435	20.3
GLP1R	ENST00000373256	13	0		0		0		0		1652	0	0.0	0	0.0	0	0.0	0	0.0
GLRA1	ENST00000274576	9	0		0		0		2	3,7	1530	0	0.0	0	0.0	0	0.0	323	21.1
GLRA2	ENST00000218075	9	0		0		1	1	8	1-7,9	1539	0	0.0	0	0.0	88	5.7	1369	89.0
GLRB	ENST00000264428	9	0		0		0		4	2,5,8,10	1674	0	0.0	0	0.0	0	0.0	882	52.7
GLRX3	ENST00000331244	11	0		0		0		4	2-3,7,9	1228	0	0.0	0	0.0	0	0.0	362	29.5
GLRX5	ENST00000331334	2	0		0		0		0		514	0	0.0	0	0.0	0	0.0	0	0.0
GLS	ENST00000320717	18	0		0		0		3	1,7,13	2370	0	0.0	0	0.0	0	0.0	637	26.9
GLT8D1	ENST00000266014	9	0		0		0		5	4-5,7-8,10	1296	0	0.0	0	0.0	0	0.0	903	69.7
GLUD1	ENST00000277865	13	0		0		0		4	1,8,12-13	1937	0	0.0	0	0.0	0	0.0	846	43.7
GLUD2	ENST00000328078	1	0		0		1	1	1	1	1697	0	0.0	0	0.0	1697	100.0	1697	100.0
GLUL	ENST00000331872	6	0		0		0		2	4,7	1242	0	0.0	0	0.0	0	0.0	506	40.7
GLYCTK	ENST00000436784	4	0		0		0		1	5	1652	0	0.0	0	0.0	0	0.0	887	53.7
GM2A	ENST00000357164	4	0		0		0		0		662	0	0.0	0	0.0	0	0.0	0	0.0
GMNN	ENST00000230056	6	0		0		0		2	3,7	750	0	0.0	0	0.0	0	0.0	280	37.3
GMPPA	ENST00000313597	12	0		0		0		1	5	1503	0	0.0	0	0.0	0	0.0	207	13.8
GMPPB	ENST00000308388	9	0		0		0		0		1263	0	0.0	0	0.0	0	0.0	0	0.0
GNA11	ENST00000078429	7	0		0		0		1	5	1220	0	0.0	0	0.0	0	0.0	150	12.3
GNA12	ENST00000275364	4	0		0		0		3	1-2,4	1226	0	0.0	0	0.0	0	0.0	1155	94.2
GNAI1	ENST00000649796	8	0		0		0		2	1,8	1225	0	0.0	0	0.0	0	0.0	349	28.5
GNAI2	ENST00000313601	8	0		0		0		1	8	1228	0	0.0	0	0.0	0	0.0	211	17.2
GNAI3	ENST00000369851	8	0		0		0		1	8	1225	0	0.0	0	0.0	0	0.0	211	17.2
GNAL	ENST00000334049	12	0		0		0		1	1	1617	0	0.0	0	0.0	0	0.0	396	24.5
GNAL	ENST00000423027	12	0		0		0		6	1,8-12	1386	0	0.0	0	0.0	0	0.0	791	57.1
GNAO1	ENST00000262493	8	0		0		0		1	4	1225	0	0.0	0	0.0	0	0.0	181	14.8
GNAQ	ENST00000286548	7	0		0		0		3	3,6-7	1220	0	0.0	0	0.0	0	0.0	560	45.9
GNAS	ENST00000371075	1	0		0		0		1	1	758	0	0.0	0	0.0	0	0.0	758	100.0
GNAS	ENST00000371085	13	0		0		0		0		1445	0	0.0	0	0.0	0	0.0	0	0.0
GNAS	ENST00000371100	13	0		0		0		4	1,8-10	3374	0	0.0	0	0.0	0	0.0	2402	71.2
GNAT1	ENST00000232461	8	0		0		0		1	1	1213	0	0.0	0	0.0	0	0.0	126	10.4
GNAT2	ENST00000679935	8	0		0		0		3	5-6,8	1225	0	0.0	0	0.0	0	0.0	501	40.9
GNB1	ENST00000378609	9	0		0		0		3	4,6,11	1203	0	0.0	0	0.0	0	0.0	270	22.4
GNB2	ENST00000303210	9	0		0		0		0		1203	0	0.0	0	0.0	0	0.0	0	0.0
GNB3	ENST00000229264	9	0		0		0		1	9	1203	0	0.0	0	0.0	0	0.0	237	19.7
GNB4	ENST00000232564	9	0		0		0		3	2-3,7	1203	0	0.0	0	0.0	0	0.0	223	18.5
GNB5	ENST00000261837	12	0		0		0		4	2-3,10,12	1428	0	0.0	0	0.0	0	0.0	534	37.4
GNE	ENST00000396594	12	0		0		0		1	2	2502	0	0.0	0	0.0	0	0.0	226	9.0
GNE	ENST00000642385	11	0		0		0		4	2-3,7-8	2389	0	0.0	0	0.0	0	0.0	1037	43.4
GNMT	ENST00000372808	6	0		0		0		2	1,4	1008	0	0.0	0	0.0	0	0.0	389	38.6
GNPAT	ENST00000366647	16	0		0		0		7	1-3,9,11-12,15	2363	0	0.0	0	0.0	0	0.0	1085	45.9
GNPNAT1	ENST00000216410	5	0		0		0		1	4	655	0	0.0	0	0.0	0	0.0	148	22.6
GNPTAB	ENST00000299314	21	0		0		0		7	2,4,10,13-14,16,18	4191	0	0.0	0	0.0	0	0.0	1955	46.6
GNPTG	ENST00000204679	11	0		0		0		3	2,9-10	1138	0	0.0	0	0.0	0	0.0	332	29.2
GNRH1	ENST00000421054	3	0		0		0		0		339	0	0.0	0	0.0	0	0.0	0	0.0
GNRHR	ENST00000226413	3	0		0		0		2	1-2	1047	0	0.0	0	0.0	0	0.0	782	74.7
GNS	ENST00000258145	14	0		0		0		3	1,10-11	1939	0	0.0	0	0.0	0	0.0	462	23.8
GOLGA2	ENST00000611957	27	0		0		0		5	15-16,19,26-27	3630	0	0.0	0	0.0	0	0.0	784	21.6
GOLGA3	ENST00000450791	23	0		0		0		8	3,5,7,10,13,15,17,23	4957	0	0.0	0	0.0	0	0.0	2404	48.5
GOLGA7B	ENST00000370602	5	0		0		0		1	3	604	0	0.0	0	0.0	0	0.0	173	28.6
GON4L	ENST00000368331	31	0		0		0		6	12,18,21,24,29-30	7346	0	0.0	0	0.0	0	0.0	3117	42.4
GON7	ENST00000306954	2	0		0		0		1	1	343	0	0.0	0	0.0	0	0.0	228	66.5
GORAB	ENST00000367763	5	0		0		0		3	2-3,5	1210	0	0.0	0	0.0	0	0.0	968	80.0
GOSR2	ENST00000640051	6	0		0		0		0		759	0	0.0	0	0.0	0	0.0	0	0.0
GOT1	ENST00000370508	9	0		0		0		3	1,7-8	1422	0	0.0	0	0.0	0	0.0	487	34.2
GOT2	ENST00000245206	10	0		0		0		5	1-3,5-6	1493	0	0.0	0	0.0	0	0.0	742	49.7
GP1BA	ENST00000329125	1	0		0		0		1	2	1979	0	0.0	0	0.0	0	0.0	1979	100.0
GP1BB	ENST00000366425	2	0		0		0		1	2	661	0	0.0	0	0.0	0	0.0	631	95.5
GP5	ENST00000692618	1	0		0		0		1	2	1703	0	0.0	0	0.0	0	0.0	1703	100.0
GP6	ENST00000417454	8	0		0		0		3	3-4,8	1180	0	0.0	0	0.0	0	0.0	848	71.9
GP9	ENST00000307395	1	0		0		0		0		554	0	0.0	0	0.0	0	0.0	0	0.0
GPAA1	ENST00000355091	12	0		0		0		1	2	2106	0	0.0	0	0.0	0	0.0	200	9.5
GPATCH11	ENST00000674370	8	0		0		0		2	6,9	952	0	0.0	0	0.0	0	0.0	187	19.6
GPATCH2L	ENST00000261530	9	0		0		0		1	2	1629	0	0.0	0	0.0	0	0.0	682	41.9
GPATCH3	ENST00000361720	7	0		0		0		3	1-2,7	1718	0	0.0	0	0.0	0	0.0	1153	67.1
GPC3	ENST00000370818	8	0		0		3	3,6-7	8	1-8	1903	0	0.0	0	0.0	1036	54.4	1903	100.0
GPC4	ENST00000370828	9	0		0		1	9	9	1-9	1851	0	0.0	0	0.0	223	12.0	1851	100.0
GPC6	ENST00000377047	9	0		0		0		2	1,7	1848	0	0.0	0	0.0	0	0.0	337	18.2
GPD1	ENST00000301149	8	0		0		0		3	2-4	1210	0	0.0	0	0.0	0	0.0	518	42.8
GPD1L	ENST00000282541	8	0		0		0		3	1-3	1216	0	0.0	0	0.0	0	0.0	426	35.0
GPD2	ENST00000438166	16	0		0		0		2	8,16	2504	0	0.0	0	0.0	0	0.0	284	11.3
GPHN	ENST00000478722	23	0		0		0		6	1-3,9,11,13	2770	0	0.0	0	0.0	0	0.0	650	23.5
GPI	ENST00000356487	18	0		0		0		5	2,6,14-16	2037	0	0.0	0	0.0	0	0.0	620	30.4
GPIHBP1	ENST00000622500	4	0		0		0		0		635	0	0.0	0	0.0	0	0.0	0	0.0
GPKOW	ENST00000156109	11	0		0		2	4,11	10	1-8,10-11	1651	0	0.0	0	0.0	285	17.3	1561	94.5
GPM6A	ENST00000393658	7	0		0		0		2	2,5	977	0	0.0	0	0.0	0	0.0	310	31.7
GPN2	ENST00000374135	5	0		0		0		2	1,5	1033	0	0.0	0	0.0	0	0.0	524	50.7
GPNMB	ENST00000258733	11	0		0		0		4	3,6-7,9	1903	0	0.0	0	0.0	0	0.0	850	44.7
GPR101	ENST00000651716	1	0		0		1	2	1	2	1547	0	0.0	0	0.0	1547	100.0	1547	100.0
GPR143	ENST00000467482	9	0		0		3	4-5,7	7	1,3-8	1395	0	0.0	0	0.0	381	27.3	1150	82.4
GPR156	ENST00000464295	9	0		0		0		5	4,6,8-10	2625	0	0.0	0	0.0	0	0.0	2105	80.2
GPR161	ENST00000682931	5	0		0		0		3	2-3,6	1690	0	0.0	0	0.0	0	0.0	1425	84.3
GPR179	ENST00000616987	11	0		0		0		2	1,11	7324	0	0.0	0	0.0	0	0.0	5901	80.6
GPR37L1	ENST00000367282	2	0		0		0		1	2	1486	0	0.0	0	0.0	0	0.0	836	56.3
GPR45	ENST00000258456	1	0		0		0		1	1	1139	0	0.0	0	0.0	0	0.0	1139	100.0
GPR68	ENST00000650645	1	0		0		0		1	2	1118	0	0.0	0	0.0	0	0.0	1118	100.0
GPR88	ENST00000315033	1	0		0		0		1	2	1175	0	0.0	0	0.0	0	0.0	1175	100.0
GPRASP1	ENST00000537097	1	0		0		1	6	1	6	4208	0	0.0	0	0.0	4208	100.0	4208	100.0
GPRASP2	ENST00000483720	1	0		0		1	5	1	5	2537	0	0.0	0	0.0	2537	100.0	2537	100.0
GPRC5B	ENST00000300571	3	0		0		0		2	2-3	1272	0	0.0	0	0.0	0	0.0	1207	94.9
GPSM2	ENST00000264126	14	0		0		0		4	7,9-10,12	2335	0	0.0	0	0.0	0	0.0	612	26.2
GPT2	ENST00000340124	11	0		0		0		5	2,6,9-11	1792	0	0.0	0	0.0	0	0.0	1031	57.5
GPX1	ENST00000419783	2	0		0		0		1	2	652	0	0.0	0	0.0	0	0.0	380	58.3
GPX4	ENST00000354171	7	0		0		0		0		734	0	0.0	0	0.0	0	0.0	0	0.0
GRAMD1B	ENST00000635736	20	0		0		0		6	1,9,11,16,18,20	3034	0	0.0	0	0.0	0	0.0	1202	39.6
GRAMD1C	ENST00000358160	18	1	1	1	1	1	1	8	1,4-5,7,9-10,12,18	2349	47	2.0	47	2.0	47	2.0	1028	43.8
GRAMD4	ENST00000406902	18	0		0		0		8	2-3,6,11-13,15,17	2097	0	0.0	0	0.0	0	0.0	1032	49.2
GRAP	ENST00000284154	5	0		0		0		4	2-5	754	0	0.0	0	0.0	0	0.0	656	87.0
GRB10	ENST00000401949	16	0		0		0		5	7,11,16,18-19	2105	0	0.0	0	0.0	0	0.0	688	32.7
GRB14	ENST00000263915	14	0		0		1	4	6	2,4-6,10,12	1903	0	0.0	0	0.0	142	7.5	793	41.7
GRB2	ENST00000316804	5	0		0		0		1	4	754	0	0.0	0	0.0	0	0.0	143	19.0
GREB1L	ENST00000424526	31	0		0		0		8	4,15,18-19,21-23,28	6392	0	0.0	0	0.0	0	0.0	2122	33.2
GREM1	ENST00000651154	1	0		0		0		1	2	575	0	0.0	0	0.0	0	0.0	575	100.0
GREM2	ENST00000318160	1	0		0		0		1	2	527	0	0.0	0	0.0	0	0.0	527	100.0
GRHL2	ENST00000646743	16	0		0		0		5	4,6,10-11,16	2198	0	0.0	0	0.0	0	0.0	994	45.2
GRHL3	ENST00000361548	16	0		0		0		2	4,16	2129	0	0.0	0	0.0	0	0.0	501	23.5
GRHPR	ENST00000318158	9	0		0		0		1	6	1167	0	0.0	0	0.0	0	0.0	125	10.7
GRIA1	ENST00000285900	16	0		0		0		4	2,10,13,16	3041	0	0.0	0	0.0	0	0.0	874	28.7
GRIA2	ENST00000264426	15	0		0		0		4	6,10-11,15	2952	0	0.0	0	0.0	0	0.0	1066	36.1
GRIA3	ENST00000620443	15	0		0		1	14	1	14	2985	0	0.0	0	0.0	135	4.5	135	4.5
GRIA3	ENST00000622768	15	0		0		2	2,8	15	1-15	2985	0	0.0	0	0.0	304	10.2	2985	100.0
GRIA4	ENST00000282499	16	0		0		0		4	9,12,15-16	3029	0	0.0	0	0.0	0	0.0	806	26.6
GRID2	ENST00000282020	16	0		0		0		5	1-2,4,10,14	3344	0	0.0	0	0.0	0	0.0	915	27.4
GRIK1	ENST00000327783	18	0		0		0		3	4,8,16	3210	0	0.0	0	0.0	0	0.0	601	18.7
GRIK2	ENST00000369134	16	0		0		0		6	2,10-11,15-17	3047	0	0.0	0	0.0	0	0.0	1198	39.3
GRIK4	ENST00000527524	19	0		0		0		4	6,16,19,21	3251	0	0.0	0	0.0	0	0.0	906	27.9
GRIN1	ENST00000371561	20	0		0		0		1	18	3217	0	0.0	0	0.0	0	0.0	166	5.2
GRIN2A	ENST00000330684	12	0		0		0		6	2-3,5,8,12-13	4635	0	0.0	0	0.0	0	0.0	3498	75.5
GRIN2B	ENST00000609686	12	0		0		0		3	3-4,14	4695	0	0.0	0	0.0	0	0.0	2927	62.3
GRIN2C	ENST00000293190	12	0		0		0		8	2-5,8,10,12-13	3942	0	0.0	0	0.0	0	0.0	3124	79.2
GRIN2D	ENST00000263269	12	0		0		0		8	3-4,6,10-14	4251	0	0.0	0	0.0	0	0.0	3607	84.9
GRINA	ENST00000395068	6	0		0		0		0		1236	0	0.0	0	0.0	0	0.0	0	0.0
GRIP1	ENST00000359742	25	0		0		0		6	2-6,14	3887	0	0.0	0	0.0	0	0.0	724	18.6
GRIPAP1	ENST00000376423	26	0		0		2	18,23	24	1-12,14-20,22-26	3046	0	0.0	0	0.0	241	7.9	2813	92.4
GRK1	ENST00000335678	7	0		0		0		4	1-3,7	1832	0	0.0	0	0.0	0	0.0	1361	74.3
GRK2	ENST00000308595	21	0		0		0		3	1,14,20	2490	0	0.0	0	0.0	0	0.0	354	14.2
GRM1	ENST00000282753	8	0		0		0		6	1-4,7-8	3745	0	0.0	0	0.0	0	0.0	3409	91.0
GRM3	ENST00000361669	5	0		0		0		4	2-5	2740	0	0.0	0	0.0	0	0.0	2646	96.6
GRM4	ENST00000538487	10	0		0		0		5	2,6-9	2939	0	0.0	0	0.0	0	0.0	2034	69.2
GRM5	ENST00000305447	9	0		0		0		5	2,4-5,8,10	3819	0	0.0	0	0.0	0	0.0	3097	81.1
GRM6	ENST00000517717	10	0		0		0		3	8-9,11	2834	0	0.0	0	0.0	0	0.0	1028	36.3
GRM7	ENST00000357716	10	0		0		1	1	5	1,3,7-9	2948	0	0.0	0	0.0	539	18.3	2084	70.7
GRM8	ENST00000339582	10	0		0		0		5	2,4-6,9	2927	0	0.0	0	0.0	0	0.0	1975	67.5
GRN	ENST00000053867	12	0		0		0		0		2022	0	0.0	0	0.0	0	0.0	0	0.0
GRWD1	ENST00000253237	7	0		0		0		5	1-2,5-7	1481	0	0.0	0	0.0	0	0.0	1064	71.8
GRXCR1	ENST00000399770	4	0		0		0		4	1-4	953	0	0.0	0	0.0	0	0.0	953	100.0
GRXCR2	ENST00000377976	3	0		0		0		2	1,3	807	0	0.0	0	0.0	0	0.0	559	69.3
GSC	ENST00000238558	3	0		0		0		3	1-3	834	0	0.0	0	0.0	0	0.0	834	100.0
GSDME	ENST00000645220	9	0		0		0		5	2,4-7	1671	0	0.0	0	0.0	0	0.0	897	53.7
GSK3B	ENST00000264235	11	0		0		0		1	8	1483	0	0.0	0	0.0	0	0.0	116	7.8
GSN	ENST00000432226	16	0		0		0		6	3,7,9-11,13	2516	0	0.0	0	0.0	0	0.0	1016	40.4
GSPT2	ENST00000340438	1	0		0		1	1	1	1	1907	0	0.0	0	0.0	1907	100.0	1907	100.0
GSR	ENST00000221130	13	0		0		0		2	1,5	1829	0	0.0	0	0.0	0	0.0	494	27.0
GSS	ENST00000651619	12	0		0		0		5	2,5,8-10	1665	0	0.0	0	0.0	0	0.0	709	42.6
GSTCD	ENST00000515279	11	0		0		0		5	2-3,6,8,12	2122	0	0.0	0	0.0	0	0.0	1376	64.8
GSTM1	ENST00000309851	8	7	1-7	8	1-8	8	1-8	8	1-8	817	707	86.5	817	100.0	817	100.0	817	100.0
GSTM3	ENST00000361066	8	0		0		0		0		838	0	0.0	0	0.0	0	0.0	0	0.0
GSTP1	ENST00000398606	7	0		0		0		0		773	0	0.0	0	0.0	0	0.0	0	0.0
GSTZ1	ENST00000216465	9	0		0		0		4	1,3,5,9	831	0	0.0	0	0.0	0	0.0	416	50.1
GSX2	ENST00000326902	2	0		0		0		2	1-2	955	0	0.0	0	0.0	0	0.0	955	100.0
GTF2A2	ENST00000396060	4	0		0		0		1	2	410	0	0.0	0	0.0	0	0.0	92	22.4
GTF2E2	ENST00000355904	7	0		0		0		7	2-8	1016	0	0.0	0	0.0	0	0.0	1016	100.0
GTF2H5	ENST00000607778	2	0		0		0		0		256	0	0.0	0	0.0	0	0.0	0	0.0
GTF2I	ENST00000573035	33	0		0		1	28	6	9,18,20-21,28,32	3657	0	0.0	0	0.0	101	2.8	761	20.8
GTF2IRD1	ENST00000424337	26	0		0		0		13	3-8,13,16,19-21,25-26	3355	0	0.0	0	0.0	0	0.0	1874	55.9
GTF2IRD2	ENST00000451013	15	0		1	10	1	10	8	3-4,9-11,13-14,16	3150	0	0.0	77	2.4	77	2.4	2492	79.1
GTF3A	ENST00000381140	9	0		0		0		1	6	1278	0	0.0	0	0.0	0	0.0	101	7.9
GTF3C3	ENST00000263956	18	0		0		0		5	1,4,14,16-17	3021	0	0.0	0	0.0	0	0.0	842	27.9
GTF3C5	ENST00000372097	11	0		0		0		4	1,6-7,11	1780	0	0.0	0	0.0	0	0.0	596	33.5
GTPBP1	ENST00000216044	12	0		0		0		3	1,4,10	2250	0	0.0	0	0.0	0	0.0	780	34.7
GTPBP2	ENST00000307126	12	0		0		0		2	7,10	2049	0	0.0	0	0.0	0	0.0	432	21.1
GTPBP3	ENST00000324894	9	0		0		0		6	1-2,4,6,8-9	1659	0	0.0	0	0.0	0	0.0	1273	76.7
GUCA1A	ENST00000372958	4	0		0		0		1	2	686	0	0.0	0	0.0	0	0.0	170	24.8
GUCA1B	ENST00000230361	4	0		0		0		2	2-3	683	0	0.0	0	0.0	0	0.0	308	45.1
GUCY1A1	ENST00000506455	8	0		0		0		5	6-10	2233	0	0.0	0	0.0	0	0.0	1797	80.5
GUCY2C	ENST00000261170	27	0		0		0		10	1,4,7-8,10-11,16,19,22-23	3762	0	0.0	0	0.0	0	0.0	1625	43.2
GUCY2D	ENST00000254854	18	0		0		0		4	3-4,9,13	3672	0	0.0	0	0.0	0	0.0	1108	30.2
GUF1	ENST00000281543	17	0		0		0		6	1-3,9,15,17	2350	0	0.0	0	0.0	0	0.0	944	40.2
GUK1	ENST00000453943	8	0		0		0		0		817	0	0.0	0	0.0	0	0.0	0	0.0
GUSB	ENST00000304895	12	0		0		0		3	6-7,10	2196	0	0.0	0	0.0	0	0.0	569	25.9
GYG1	ENST00000345003	8	0		0		0		1	6	1213	0	0.0	0	0.0	0	0.0	240	19.8
GYG2	ENST00000398806	10	0		0		2	5,8	9	2-8,10-11	1613	0	0.0	0	0.0	404	25.0	1488	92.3
GYPA	ENST00000641688	7	0		0		0		0		593	0	0.0	0	0.0	0	0.0	0	0.0
GYPB	ENST00000502664	5	0		0		0		0		376	0	0.0	0	0.0	0	0.0	0	0.0
GYPC	ENST00000259254	4	0		0		0		2	2-3	467	0	0.0	0	0.0	0	0.0	181	38.8
GYS1	ENST00000323798	16	0		0		0		3	1,4,16	2534	0	0.0	0	0.0	0	0.0	688	27.2
GYS2	ENST00000261195	16	0		0		0		5	1,3-4,9,15	2432	0	0.0	0	0.0	0	0.0	737	30.3
GZF1	ENST00000338121	5	0		0		0		5	2-6	2236	0	0.0	0	0.0	0	0.0	2236	100.0
GZMB	ENST00000216341	5	0		0		0		1	4	844	0	0.0	0	0.0	0	0.0	281	33.3
H1-4	ENST00000304218	1	0		0		0		1	1	680	0	0.0	0	0.0	0	0.0	680	100.0
H2AC6	ENST00000377791	1	0		0		0		1	1	413	0	0.0	0	0.0	0	0.0	413	100.0
H3-3A	ENST00000366815	3	0		0		0		0		471	0	0.0	0	0.0	0	0.0	0	0.0
H3-3B	ENST00000254810	3	0		0		0		2	2-3	471	0	0.0	0	0.0	0	0.0	322	68.4
H3-4	ENST00000366696	1	0		0		0		1	1	431	0	0.0	0	0.0	0	0.0	431	100.0
H4C11	ENST00000355057	1	0		0		0		1	1	332	0	0.0	0	0.0	0	0.0	332	100.0
H4C2	ENST00000377745	1	0		0		0		1	1	332	0	0.0	0	0.0	0	0.0	332	100.0
H4C3	ENST00000377803	1	0		0		0		0		332	0	0.0	0	0.0	0	0.0	0	0.0
H4C4	ENST00000614247	1	0		0		0		1	1	332	0	0.0	0	0.0	0	0.0	332	100.0
H4C5	ENST00000615164	1	0		0		0		1	1	332	0	0.0	0	0.0	0	0.0	332	100.0
H4C6	ENST00000244537	1	0		0		0		1	1	332	0	0.0	0	0.0	0	0.0	332	100.0
H4C9	ENST00000615353	1	0		0		0		1	1	332	0	0.0	0	0.0	0	0.0	332	100.0
H6PD	ENST00000377403	4	0		0		0		2	2,5	2456	0	0.0	0	0.0	0	0.0	2028	82.6
HAAO	ENST00000294973	10	0		0		0		1	4	1061	0	0.0	0	0.0	0	0.0	127	12.0
HABP2	ENST00000351270	13	0		0		0		5	4,6,9,12-13	1943	0	0.0	0	0.0	0	0.0	895	46.1
HACD1	ENST00000361271	7	0		0		0		3	1-2,7	1007	0	0.0	0	0.0	0	0.0	518	51.4
HACD3	ENST00000261875	11	0		0		0		3	1,10-11	1309	0	0.0	0	0.0	0	0.0	356	27.2
HACE1	ENST00000262903	24	0		0		0		9	1,3,7,9,12,14,16,21,23	3210	0	0.0	0	0.0	0	0.0	1265	39.4
HADH	ENST00000309522	8	0		0		0		0		1105	0	0.0	0	0.0	0	0.0	0	0.0
HADHA	ENST00000380649	20	0		0		0		9	7-10,13,15-16,18-19	2692	0	0.0	0	0.0	0	0.0	1225	45.5
HADHB	ENST00000317799	15	0		0		0		4	4-5,9,13	1725	0	0.0	0	0.0	0	0.0	494	28.6
HAGH	ENST00000397356	9	0		0		0		1	7	1107	0	0.0	0	0.0	0	0.0	122	11.0
HAL	ENST00000261208	20	0		0		0		8	2,7,11,13,15-17,21	2374	0	0.0	0	0.0	0	0.0	1072	45.2
HAMP	ENST00000222304	3	0		0		0		1	3	315	0	0.0	0	0.0	0	0.0	125	39.7
HAND1	ENST00000231121	2	0		0		0		2	1-2	688	0	0.0	0	0.0	0	0.0	688	100.0
HAND2	ENST00000359562	2	0		0		0		2	1-2	694	0	0.0	0	0.0	0	0.0	694	100.0
HAP1	ENST00000347901	11	0		0		0		3	1,4,7	2080	0	0.0	0	0.0	0	0.0	842	40.5
HARS1	ENST00000504156	13	0		0		0		3	7,9,13	1790	0	0.0	0	0.0	0	0.0	359	20.1
HARS2	ENST00000230771	13	0		0		0		3	5-7	1781	0	0.0	0	0.0	0	0.0	393	22.1
HAS2	ENST00000303924	3	0		0		0		2	2,4	1719	0	0.0	0	0.0	0	0.0	1597	92.9
HAVCR2	ENST00000307851	7	0		0		0		2	2,7	1046	0	0.0	0	0.0	0	0.0	569	54.4
HAX1	ENST00000328703	7	0		0		0		0		980	0	0.0	0	0.0	0	0.0	0	0.0
HBA1	ENST00000320868	3	0		0		0		0		489	0	0.0	0	0.0	0	0.0	0	0.0
HBA2	ENST00000251595	3	0		0		0		0		489	0	0.0	0	0.0	0	0.0	0	0.0
HBB	ENST00000335295	3	0		0		0		1	1	504	0	0.0	0	0.0	0	0.0	112	22.2
HBD	ENST00000650601	3	0		0		0		2	1,3	504	0	0.0	0	0.0	0	0.0	261	51.8
HBEGF	ENST00000230990	5	0		0		0		2	1-2	727	0	0.0	0	0.0	0	0.0	260	35.8
HBG1	ENST00000330597	3	0		0		0		2	1-2	504	0	0.0	0	0.0	0	0.0	355	70.4
HBG2	ENST00000336906	3	0		0		0		1	2	504	0	0.0	0	0.0	0	0.0	243	48.2
HBM	ENST00000356815	3	0		0		0		1	1	486	0	0.0	0	0.0	0	0.0	112	23.0
HBS1L	ENST00000367837	18	0		0		0		5	1-2,10-11,16	2415	0	0.0	0	0.0	0	0.0	503	20.8
HCCS	ENST00000380762	6	0		0		0		6	2-7	927	0	0.0	0	0.0	0	0.0	927	100.0
HCFC1	ENST00000310441	26	0		0		6	1,4,17,20,22,24	26	1-26	6628	0	0.0	0	0.0	2756	41.6	6628	100.0
HCFC2	ENST00000229330	15	0		0		0		8	1-2,5-7,11,13-14	2679	0	0.0	0	0.0	0	0.0	1381	51.5
HCK	ENST00000375852	13	0		0		0		6	5,7-9,11,13	1841	0	0.0	0	0.0	0	0.0	1059	57.5
HCN1	ENST00000303230	8	0		0		0		4	1-2,6,8	2833	0	0.0	0	0.0	0	0.0	2060	72.7
HCN2	ENST00000251287	8	0		0		0		3	1-2,6	2830	0	0.0	0	0.0	0	0.0	1357	48.0
HCN4	ENST00000261917	8	0		0		0		5	1-3,5-6	3772	0	0.0	0	0.0	0	0.0	1859	49.3
HCRT	ENST00000293330	2	0		0		0		1	2	436	0	0.0	0	0.0	0	0.0	395	90.6
HDAC1	ENST00000373548	14	0		0		0		4	5,7,13-14	1729	0	0.0	0	0.0	0	0.0	389	22.5
HDAC11	ENST00000295757	10	0		0		0		2	5,10	1244	0	0.0	0	0.0	0	0.0	299	24.0
HDAC2	ENST00000519065	14	0		0		0		6	4-5,8-9,11,13	1747	0	0.0	0	0.0	0	0.0	773	44.2
HDAC3	ENST00000305264	15	0		0		0		1	15	1587	0	0.0	0	0.0	0	0.0	90	5.7
HDAC4	ENST00000543185	26	0		0		0		8	4-5,11,13-15,18,26	3790	0	0.0	0	0.0	0	0.0	1584	41.8
HDAC6	ENST00000334136	28	0		0		2	5,22	27	2-10,12-29	4208	0	0.0	0	0.0	318	7.6	4061	96.5
HDAC8	ENST00000373573	11	0		0		3	3-4,7	10	1,3-11	1354	0	0.0	0	0.0	442	32.6	1281	94.6
HDAC9	ENST00000686413	25	0		0		0		7	3-4,6,12,14,19,23	3710	0	0.0	0	0.0	0	0.0	1275	34.4
HDC	ENST00000267845	12	0		0		0		6	6-10,12	2229	0	0.0	0	0.0	0	0.0	1431	64.2
HEATR3	ENST00000299192	15	0		0		0		5	1,7,10-11,14	2343	0	0.0	0	0.0	0	0.0	913	39.0
HEATR5B	ENST00000233099	35	0		0		0		15	6,9-10,14,17-18,21,23-24,27-28,33-36	6916	0	0.0	0	0.0	0	0.0	3265	47.2
HECTD1	ENST00000399332	42	0		0		0		11	2,5-7,14,25-26,37-38,41,43	8673	0	0.0	0	0.0	0	0.0	3348	38.6
HECTD4	ENST00000682272	76	0		0		0		27	1-2,12-14,16,25,29-30,32,37,39,41,49-50,53,60-61,63,66,68-74	14777	0	0.0	0	0.0	0	0.0	6582	44.5
HECW1	ENST00000395891	28	0		0		0		9	4-5,8-9,11,15-16,19-20	5381	0	0.0	0	0.0	0	0.0	2768	51.4
HECW2	ENST00000644978	28	0		0		0		8	2,7,9-11,14,17,22	5279	0	0.0	0	0.0	0	0.0	2631	49.8
HELB	ENST00000247815	13	0		0		0		9	1,3-4,7-8,10-13	3524	0	0.0	0	0.0	0	0.0	2644	75.0
HELLS	ENST00000348459	22	0		0		0		7	1-2,4,11,16,19,22	2957	0	0.0	0	0.0	0	0.0	886	30.0
HELQ	ENST00000295488	18	0		0		0		8	1-2,4-5,8,12-14	3666	0	0.0	0	0.0	0	0.0	2072	56.5
HELZ	ENST00000358691	30	0		0		0		10	5,7,10-12,14,16,29,32-33	6429	0	0.0	0	0.0	0	0.0	2572	40.0
HEPACAM	ENST00000298251	7	0		0		0		1	2	1391	0	0.0	0	0.0	0	0.0	362	26.0
HEPH	ENST00000343002	20	0		0		5	3,6,13,15,17	19	2-8,10-21	3877	0	0.0	0	0.0	1172	30.2	3725	96.1
HEPHL1	ENST00000315765	20	0		0		0		6	1,4-5,12-14	3880	0	0.0	0	0.0	0	0.0	1220	31.4
HERC1	ENST00000443617	77	0		0		0		24	2,5,9-10,15,19-20,22,30,32,37,39,41,44,47,49-50,53,56,61,68,72-73,75	16126	0	0.0	0	0.0	0	0.0	6012	37.3
HERC2	ENST00000261609	92	0		0		0		42	5,10,12-15,17,20-21,26,28-29,31-32,37,40-42,44-47,50,52-54,58,60,62-63,66,68,70,72-74,80,82,86-87,91,93	16345	0	0.0	0	0.0	0	0.0	7398	45.3
HES1	ENST00000232424	4	0		0		0		2	2,4	923	0	0.0	0	0.0	0	0.0	687	74.4
HES4	ENST00000304952	4	0		0		0		0		746	0	0.0	0	0.0	0	0.0	0	0.0
HES7	ENST00000541682	4	0		0		0		0		773	0	0.0	0	0.0	0	0.0	0	0.0
HESX1	ENST00000295934	4	0		0		0		3	2-4	638	0	0.0	0	0.0	0	0.0	461	72.3
HEXA	ENST00000268097	14	0		0		0		5	1,3,8,10-11	1870	0	0.0	0	0.0	0	0.0	857	45.8
HEXB	ENST00000261416	14	0		0		0		3	1,3,12	1951	0	0.0	0	0.0	0	0.0	516	26.4
HEY2	ENST00000368364	5	0		0		0		3	1,3,5	1114	0	0.0	0	0.0	0	0.0	913	82.0
HFE	ENST00000357618	6	0		0		0		4	1-4	1167	0	0.0	0	0.0	0	0.0	972	83.3
HFM1	ENST00000370425	38	0		0		0		17	4-6,9,11-13,18,23,27,29,32,34-36,38-39	5068	0	0.0	0	0.0	0	0.0	2573	50.8
HGD	ENST00000283871	14	0		0		0		1	14	1618	0	0.0	0	0.0	0	0.0	170	10.5
HGF	ENST00000222390	18	0		0		0		7	6-7,9-11,13,15	2547	0	0.0	0	0.0	0	0.0	983	38.6
HGSNAT	ENST00000379644	18	0		0		0		4	2,8,16,18	2268	0	0.0	0	0.0	0	0.0	526	23.2
HHAT	ENST00000261458	11	0		0		0		7	3-8,10	1702	0	0.0	0	0.0	0	0.0	1258	73.9
HHIP	ENST00000296575	13	0		0		0		5	1-3,9-10	2363	0	0.0	0	0.0	0	0.0	984	41.6
HHIPL1	ENST00000330710	9	0		0		0		5	2,4-5,8-9	2529	0	0.0	0	0.0	0	0.0	1822	72.0
HIBADH	ENST00000265395	8	0		0		0		5	1-2,5-7	1171	0	0.0	0	0.0	0	0.0	720	61.5
HIBCH	ENST00000359678	14	0		0		0		2	8,14	1441	0	0.0	0	0.0	0	0.0	302	21.0
HID1	ENST00000425042	19	0		0		0		3	6-7,18	2747	0	0.0	0	0.0	0	0.0	559	20.3
HIKESHI	ENST00000278483	5	0		0		0		3	1-2,4	694	0	0.0	0	0.0	0	0.0	447	64.4
HINT1	ENST00000304043	3	0		0		0		1	1	441	0	0.0	0	0.0	0	0.0	131	29.7
HINT3	ENST00000229633	5	0		0		0		2	1,4	649	0	0.0	0	0.0	0	0.0	368	56.7
HIP1	ENST00000336926	31	0		0		0		8	2,5,11,14-15,19,23,31	3734	0	0.0	0	0.0	0	0.0	1019	27.3
HIPK4	ENST00000291823	4	0		0		0		2	1,3	1931	0	0.0	0	0.0	0	0.0	1351	70.0
HIRA	ENST00000263208	25	0		0		0		7	8,10,18-19,22-23,25	3554	0	0.0	0	0.0	0	0.0	1094	30.8
HIVEP1	ENST00000379388	8	0		0		0		3	4,8-9	8317	0	0.0	0	0.0	0	0.0	7711	92.7
HIVEP2	ENST00000367603	6	0		0		0		4	5-7,10	7461	0	0.0	0	0.0	0	0.0	6423	86.1
HJV	ENST00000336751	3	0		0		0		2	3-4	1341	0	0.0	0	0.0	0	0.0	1224	91.3
HK1	ENST00000359426	18	0		0		0		1	1	3114	0	0.0	0	0.0	0	0.0	83	2.7
HK1	ENST00000643399	19	0		0		0		4	4,6,11,16	3146	0	0.0	0	0.0	0	0.0	529	16.8
HKDC1	ENST00000354624	18	0		0		0		10	1-3,5,8-11,16-17	3114	0	0.0	0	0.0	0	0.0	1902	61.1
HLA-A	ENST00000376809	8	0		0		0		0		1258	0	0.0	0	0.0	0	0.0	0	0.0
HLA-B	ENST00000412585	7	0		0		0		1	4	1229	0	0.0	0	0.0	0	0.0	296	24.1
HLA-C	ENST00000376228	8	0		0		0		5	1-5	1261	0	0.0	0	0.0	0	0.0	1115	88.4
HLA-DPB1	ENST00000418931	5	0		0		0		1	2	877	0	0.0	0	0.0	0	0.0	284	32.4
HLA-DQA1	ENST00000343139	4	0		0		0		0		848	0	0.0	0	0.0	0	0.0	0	0.0
HLA-DQB1	ENST00000434651	5	0		0		0		2	2-3	886	0	0.0	0	0.0	0	0.0	592	66.8
HLA-DRB1	ENST00000360004	6	0		1	5	4	2-5	5	2-6	921	0	0.0	44	4.8	767	83.3	801	87.0
HLA-G	ENST00000360323	6	0		0		0		4	3-6	1137	0	0.0	0	0.0	0	0.0	754	66.3
HLCS	ENST00000674895	11	0		0		0		2	4,6	2842	0	0.0	0	0.0	0	0.0	1256	44.2
HMBS	ENST00000652429	14	0		0		0		1	14	1366	0	0.0	0	0.0	0	0.0	194	14.2
HMCN1	ENST00000271588	107	0		0		0		27	5,8,11,27-28,32-34,37,39,42,46,49-51,54,56,69,72,74,81,89-91,97,105,107	19048	0	0.0	0	0.0	0	0.0	5449	28.6
HMGA1	ENST00000311487	4	0		0		0		1	3	404	0	0.0	0	0.0	0	0.0	155	38.4
HMGA2	ENST00000403681	5	0		0		0		1	4	430	0	0.0	0	0.0	0	0.0	53	12.3
HMGB1	ENST00000341423	4	0		0		0		1	3	728	0	0.0	0	0.0	0	0.0	166	22.8
HMGB3	ENST00000325307	4	0		0		0		4	2-5	683	0	0.0	0	0.0	0	0.0	683	100.0
HMGB4	ENST00000681531	1	0		0		0		1	1	581	0	0.0	0	0.0	0	0.0	581	100.0
HMGCL	ENST00000374490	9	0		0		0		3	3,6-7	1158	0	0.0	0	0.0	0	0.0	421	36.4
HMGCR	ENST00000287936	19	0		0		0		5	3,5,11,13,19	3047	0	0.0	0	0.0	0	0.0	790	25.9
HMGCS1	ENST00000325110	9	0		0		0		5	3,6-7,9-10	1743	0	0.0	0	0.0	0	0.0	1175	67.4
HMGCS2	ENST00000369406	9	0		0		0		4	1-2,6,8	1707	0	0.0	0	0.0	0	0.0	936	54.8
HMGXB3	ENST00000502717	19	0		0		0		5	4,7-8,12,16	4259	0	0.0	0	0.0	0	0.0	1715	40.3
HMMR	ENST00000393915	18	0		0		0		7	1,9-11,13-14,16	2538	0	0.0	0	0.0	0	0.0	1206	47.5
HMOX1	ENST00000216117	5	0		0		0		2	3-4	967	0	0.0	0	0.0	0	0.0	632	65.4
HMX1	ENST00000400677	2	0		0		0		2	1-2	1087	0	0.0	0	0.0	0	0.0	1087	100.0
HNF1A	ENST00000257555	10	0		0		0		2	1-2	2096	0	0.0	0	0.0	0	0.0	566	27.0
HNF1B	ENST00000617811	9	0		0		0		3	1,3,7	1854	0	0.0	0	0.0	0	0.0	864	46.6
HNF4A	ENST00000316673	10	0		0		0		4	1,5-6,8	1559	0	0.0	0	0.0	0	0.0	610	39.1
HNMT	ENST00000280097	6	0		0		0		3	1,3,6	999	0	0.0	0	0.0	0	0.0	661	66.2
HNRNPA0	ENST00000314940	1	0		0		0		1	1	938	0	0.0	0	0.0	0	0.0	938	100.0
HNRNPA1	ENST00000340913	10	0		0		0		2	1,4	1319	0	0.0	0	0.0	0	0.0	266	20.2
HNRNPA2B1	ENST00000618183	10	0		0		0		1	3	1226	0	0.0	0	0.0	0	0.0	167	13.6
HNRNPAB	ENST00000358344	7	0		0		0		2	2,5	1139	0	0.0	0	0.0	0	0.0	381	33.5
HNRNPC	ENST00000553300	7	0		0		0		1	7	1022	0	0.0	0	0.0	0	0.0	134	13.1
HNRNPD	ENST00000313899	8	0		0		0		4	1,4,7-8	1228	0	0.0	0	0.0	0	0.0	690	56.2
HNRNPDL	ENST00000295470	7	0		0		0		2	1,4	1403	0	0.0	0	0.0	0	0.0	615	43.8
HNRNPH1	ENST00000393432	12	0		0		0		2	2,9	1590	0	0.0	0	0.0	0	0.0	273	17.2
HNRNPH2	ENST00000316594	1	0		0		1	2	1	2	1370	0	0.0	0	0.0	1370	100.0	1370	100.0
HNRNPK	ENST00000376263	15	0		0		0		2	4-5	1695	0	0.0	0	0.0	0	0.0	195	11.5
HNRNPL	ENST00000221419	13	0		0		0		3	1,10-11	2030	0	0.0	0	0.0	0	0.0	587	28.9
HNRNPR	ENST00000302271	10	0		0		0		4	4,8-9,11	2102	0	0.0	0	0.0	0	0.0	1157	55.0
HNRNPU	ENST00000640218	14	0		0		0		3	1,6,12	2758	0	0.0	0	0.0	0	0.0	1049	38.0
HNRNPUL2	ENST00000301785	14	0		0		0		3	1,4,7	2524	0	0.0	0	0.0	0	0.0	1002	39.7
HOGA1	ENST00000370646	7	0		0		0		2	5-6	1124	0	0.0	0	0.0	0	0.0	271	24.1
HOMER2	ENST00000450735	9	0		0		0		2	8-9	1212	0	0.0	0	0.0	0	0.0	310	25.6
HOOK3	ENST00000307602	22	0		0		0		3	3,10,17	2597	0	0.0	0	0.0	0	0.0	309	11.9
HORMAD1	ENST00000361824	14	0		0		0		4	4,6,13,15	1465	0	0.0	0	0.0	0	0.0	330	22.5
HOXA1	ENST00000643460	2	0		0		0		2	1-2	1048	0	0.0	0	0.0	0	0.0	1048	100.0
HOXA10	ENST00000283921	2	0		0		0		2	1-2	1273	0	0.0	0	0.0	0	0.0	1273	100.0
HOXA11	ENST00000006015	2	0		0		0		1	1	982	0	0.0	0	0.0	0	0.0	729	74.2
HOXA13	ENST00000649031	2	0		0		1	1	2	1-2	1207	0	0.0	0	0.0	942	78.0	1207	100.0
HOXA2	ENST00000222718	2	0		0		0		2	1-2	1171	0	0.0	0	0.0	0	0.0	1171	100.0
HOXA4	ENST00000360046	2	0		0		0		1	1	1003	0	0.0	0	0.0	0	0.0	636	63.4
HOXA6	ENST00000222728	2	0		0		0		0		742	0	0.0	0	0.0	0	0.0	0	0.0
HOXB1	ENST00000239174	2	0		0		0		2	1-2	946	0	0.0	0	0.0	0	0.0	946	100.0
HOXB13	ENST00000290295	2	0		0		0		2	1-2	895	0	0.0	0	0.0	0	0.0	895	100.0
HOXB6	ENST00000225648	2	0		0		0		2	3-4	715	0	0.0	0	0.0	0	0.0	715	100.0
HOXC13	ENST00000243056	2	0		0		0		2	1-2	1033	0	0.0	0	0.0	0	0.0	1033	100.0
HOXD10	ENST00000249501	2	0		0		0		1	1	1063	0	0.0	0	0.0	0	0.0	765	72.0
HOXD12	ENST00000406506	2	0		0		0		2	1-2	853	0	0.0	0	0.0	0	0.0	853	100.0
HOXD13	ENST00000392539	2	0		0		0		1	1	1072	0	0.0	0	0.0	0	0.0	801	74.7
HP	ENST00000355906	7	0		0		0		3	4-5,7	1361	0	0.0	0	0.0	0	0.0	1016	74.7
HPCA	ENST00000373467	3	0		0		0		1	2	642	0	0.0	0	0.0	0	0.0	398	62.0
HPD	ENST00000289004	14	0		0		0		6	7,10-14	1462	0	0.0	0	0.0	0	0.0	796	54.4
HPDL	ENST00000334815	1	0		0		0		1	1	1136	0	0.0	0	0.0	0	0.0	1136	100.0
HPGD	ENST00000296522	7	0		0		0		2	1-2	941	0	0.0	0	0.0	0	0.0	257	27.3
HPRT1	ENST00000298556	9	0		0		1	9	9	1-9	837	0	0.0	0	0.0	68	8.1	837	100.0
HPS1	ENST00000361490	18	0		0		0		9	4-5,9-10,12,14-15,19-20	2463	0	0.0	0	0.0	0	0.0	1241	50.4
HPS3	ENST00000296051	17	0		0		0		7	1-2,8-9,12,16-17	3355	0	0.0	0	0.0	0	0.0	1548	46.1
HPS4	ENST00000398145	13	0		0		0		4	9-11,13	2387	0	0.0	0	0.0	0	0.0	1233	51.7
HPS5	ENST00000349215	22	0		0		0		6	2,5,11,13,18,22	3830	0	0.0	0	0.0	0	0.0	1131	29.5
HPS6	ENST00000299238	1	0		0		0		1	1	2348	0	0.0	0	0.0	0	0.0	2348	100.0
HPSE2	ENST00000370552	12	0		0		0		5	2,6,10-12	2019	0	0.0	0	0.0	0	0.0	765	37.9
HR	ENST00000381418	18	0		0		0		0		3930	0	0.0	0	0.0	0	0.0	0	0.0
HRAS	ENST00000311189	4	0		0		0		0		650	0	0.0	0	0.0	0	0.0	0	0.0
HRAS	ENST00000417302	4	0		0		0		1	2	593	0	0.0	0	0.0	0	0.0	131	22.1
HRG	ENST00000232003	7	0		0		0		1	7	1718	0	0.0	0	0.0	0	0.0	857	49.9
HROB	ENST00000585683	10	0		0		0		4	3,6,9-10	2141	0	0.0	0	0.0	0	0.0	1530	71.5
HRURF	ENST00000518377	1	0		0		0		0		125	0	0.0	0	0.0	0	0.0	0	0.0
HS2ST1	ENST00000370550	7	0		0		0		3	1,3,7	1211	0	0.0	0	0.0	0	0.0	497	41.0
HS3ST6	ENST00000454677	2	0		0		0		1	2	1069	0	0.0	0	0.0	0	0.0	636	59.5
HS6ST1	ENST00000259241	2	0		0		1	1	2	1-2	1276	0	0.0	0	0.0	547	42.9	1276	100.0
HS6ST2	ENST00000370833	5	0		0		3	1-2,5	4	1-2,4-5	2038	0	0.0	0	0.0	1878	92.1	1985	97.4
HSCB	ENST00000216027	6	0		0		0		3	1-3	828	0	0.0	0	0.0	0	0.0	483	58.3
HSD11B1	ENST00000367027	6	0		0		0		2	1,6	999	0	0.0	0	0.0	0	0.0	346	34.6
HSD11B2	ENST00000326152	5	0		0		0		1	2	1318	0	0.0	0	0.0	0	0.0	233	17.7
HSD17B10	ENST00000168216	6	0		0		0		6	1-6	906	0	0.0	0	0.0	0	0.0	906	100.0
HSD17B13	ENST00000328546	7	0		0		0		3	1-3	1043	0	0.0	0	0.0	0	0.0	510	48.9
HSD17B3	ENST00000375263	11	0		0		0		3	3,8-9	1153	0	0.0	0	0.0	0	0.0	284	24.6
HSD17B4	ENST00000510025	24	0		0		0		3	11,18,23	2691	0	0.0	0	0.0	0	0.0	387	14.4
HSD3B2	ENST00000369416	3	0		0		0		1	4	1179	0	0.0	0	0.0	0	0.0	832	70.6
HSD3B7	ENST00000297679	6	0		0		0		2	6-7	1230	0	0.0	0	0.0	0	0.0	619	50.3
HSF2BP	ENST00000291560	8	0		0		0		2	6,9	1165	0	0.0	0	0.0	0	0.0	382	32.8
HSF4	ENST00000521374	13	0		0		0		3	2,12-13	1739	0	0.0	0	0.0	0	0.0	394	22.7
HSPA12A	ENST00000369209	12	0		0		0		3	4,7,12	2268	0	0.0	0	0.0	0	0.0	1057	46.6
HSPA1L	ENST00000375654	1	0		0		0		1	2	1946	0	0.0	0	0.0	0	0.0	1946	100.0
HSPA9	ENST00000297185	17	0		0		0		5	1,4,6,13-14	2380	0	0.0	0	0.0	0	0.0	650	27.3
HSPB1	ENST00000248553	3	0		0		0		2	1,3	678	0	0.0	0	0.0	0	0.0	594	87.6
HSPB3	ENST00000302005	1	0		0		0		1	1	473	0	0.0	0	0.0	0	0.0	473	100.0
HSPB8	ENST00000281938	3	0		0		0		1	1	651	0	0.0	0	0.0	0	0.0	387	59.4
HSPD1	ENST00000388968	11	0		0		0		6	2-4,6,10-11	1942	0	0.0	0	0.0	0	0.0	1078	55.5
HSPE1	ENST00000233893	4	0		0		0		1	1	389	0	0.0	0	0.0	0	0.0	23	5.9
HSPG2	ENST00000374695	97	0		0		0		9	1,14-16,56,64,74-75,79	15116	0	0.0	0	0.0	0	0.0	1682	11.1
HTR1A	ENST00000323865	1	0		0		0		1	1	1289	0	0.0	0	0.0	0	0.0	1289	100.0
HTR1F	ENST00000319595	1	0		0		0		1	3	1121	0	0.0	0	0.0	0	0.0	1121	100.0
HTR2A	ENST00000542664	3	0		0		0		2	2,4	1476	0	0.0	0	0.0	0	0.0	1255	85.0
HTR2C	ENST00000276198	4	0		0		1	4	4	3-6	1457	0	0.0	0	0.0	334	22.9	1457	100.0
HTR6	ENST00000289753	3	0		0		0		3	1-3	1383	0	0.0	0	0.0	0	0.0	1383	100.0
HTRA1	ENST00000368984	9	0		0		0		2	3-4	1623	0	0.0	0	0.0	0	0.0	440	27.1
HTRA2	ENST00000258080	8	0		0		0		3	1-3	1537	0	0.0	0	0.0	0	0.0	966	62.8
HTT	ENST00000355072	67	0		0		0		20	1,7-8,12,14,22,30,35,37,40,43,46,51-53,61-63,65-66	10769	0	0.0	0	0.0	0	0.0	3658	34.0
HUWE1	ENST00000262854	81	0		0		11	6,9,26,30,37,42,49,55,61,64-65	80	4,6-84	14745	0	0.0	0	0.0	2624	17.8	14626	99.2
HYAL1	ENST00000395144	3	0		0		0		2	3-4	1368	0	0.0	0	0.0	0	0.0	448	32.7
HYAL2	ENST00000357750	3	0		0		0		1	2	1482	0	0.0	0	0.0	0	0.0	941	63.5
HYCC1	ENST00000432176	10	0		0		0		2	8,11	1766	0	0.0	0	0.0	0	0.0	732	41.4
HYDIN	ENST00000393567	85	0		0		0		40	4,9,12,14-15,18,20,26,28,30-35,39-40,42,44,46-49,51-52,54,57,60-62,64,67,71,75,79,81,83-86	17066	0	0.0	0	0.0	0	0.0	8726	51.1
HYKK	ENST00000388988	4	0		0		0		3	2-3,5	1202	0	0.0	0	0.0	0	0.0	998	83.0
HYLS1	ENST00000425380	1	0		0		0		1	3	920	0	0.0	0	0.0	0	0.0	920	100.0
HYOU1	ENST00000617285	25	0		0		0		4	7,9-10,21	3500	0	0.0	0	0.0	0	0.0	724	20.7
IARS1	ENST00000443024	33	0		0		0		6	2,8,23-24,29,31	4449	0	0.0	0	0.0	0	0.0	855	19.2
IARS2	ENST00000366922	23	0		0		0		6	1-2,4,8,17,20	3499	0	0.0	0	0.0	0	0.0	1047	29.9
IBA57	ENST00000366711	3	0		0		0		1	1	1131	0	0.0	0	0.0	0	0.0	361	31.9
ICAM1	ENST00000264832	7	0		0		0		5	2-4,6-7	1739	0	0.0	0	0.0	0	0.0	1377	79.2
ICAM3	ENST00000160262	7	0		0		0		5	3-7	1784	0	0.0	0	0.0	0	0.0	1401	78.5
ICAM4	ENST00000380770	3	0		0		0		2	1-2	876	0	0.0	0	0.0	0	0.0	737	84.1
ICE1	ENST00000296564	19	0		0		0		8	2,5,9-10,13,15,18-19	7181	0	0.0	0	0.0	0	0.0	5661	78.8
ICOS	ENST00000316386	5	0		0		0		1	1	700	0	0.0	0	0.0	0	0.0	78	11.1
ICOSLG	ENST00000407780	7	0		0		0		2	3-4	1049	0	0.0	0	0.0	0	0.0	682	65.0
ID2	ENST00000396290	2	0		0		0		1	1	445	0	0.0	0	0.0	0	0.0	368	82.7
IDH1	ENST00000345146	8	0		0		0		2	4,8	1405	0	0.0	0	0.0	0	0.0	473	33.7
IDH2	ENST00000330062	11	0		0		0		2	7-8	1579	0	0.0	0	0.0	0	0.0	305	19.3
IDH3A	ENST00000299518	11	0		0		0		3	9-11	1321	0	0.0	0	0.0	0	0.0	382	28.9
IDH3B	ENST00000380843	12	0		0		0		3	2-3,6	1398	0	0.0	0	0.0	0	0.0	373	26.7
IDH3G	ENST00000217901	13	0		0		0		12	1-4,6-13	1442	0	0.0	0	0.0	0	0.0	1309	90.8
IDO1	ENST00000518237	10	0		0		0		6	1-2,5-7,10	1412	0	0.0	0	0.0	0	0.0	892	63.2
IDS	ENST00000340855	9	0		0		3	2,5,9	9	1-9	1833	0	0.0	0	0.0	871	47.5	1833	100.0
IDUA	ENST00000514224	14	0		0		0		2	6,13	2242	0	0.0	0	0.0	0	0.0	344	15.3
IER3IP1	ENST00000256433	3	0		0		0		1	1	309	0	0.0	0	0.0	0	0.0	111	35.9
IFIH1	ENST00000649979	16	0		0		0		11	1-10,16	3398	0	0.0	0	0.0	0	0.0	2444	71.9
IFITM3	ENST00000399808	2	0		0		0		1	1	442	0	0.0	0	0.0	0	0.0	269	60.9
IFITM5	ENST00000382614	2	0		0		0		1	2	439	0	0.0	0	0.0	0	0.0	233	53.1
IFNA1	ENST00000276927	1	0		0		0		1	1	590	0	0.0	0	0.0	0	0.0	590	100.0
IFNA8	ENST00000380205	1	0		0		0		1	1	590	0	0.0	0	0.0	0	0.0	590	100.0
IFNAR1	ENST00000270139	11	0		0		0		5	4-7,11	1894	0	0.0	0	0.0	0	0.0	946	49.9
IFNAR2	ENST00000342136	8	0		0		0		2	6,9	1708	0	0.0	0	0.0	0	0.0	894	52.3
IFNG	ENST00000229135	4	0		0		0		2	1,3	581	0	0.0	0	0.0	0	0.0	337	58.0
IFNGR1	ENST00000367739	7	0		0		0		2	6-7	1610	0	0.0	0	0.0	0	0.0	777	48.3
IFNGR2	ENST00000290219	7	0		0		0		1	4	1154	0	0.0	0	0.0	0	0.0	169	14.6
IFNL3	ENST00000413851	5	0		0		0		1	5	691	0	0.0	0	0.0	0	0.0	119	17.2
IFNLR1	ENST00000327535	7	0		0		0		2	3,7	1703	0	0.0	0	0.0	0	0.0	987	58.0
IFRD1	ENST00000403825	12	0		0		0		7	1,5-6,8,10-12	1596	0	0.0	0	0.0	0	0.0	867	54.3
IFT122	ENST00000348417	30	0		0		0		7	4,10,12-14,16,19	4326	0	0.0	0	0.0	0	0.0	1225	28.3
IFT140	ENST00000426508	29	0		0		0		11	11,13-14,16-17,22,24,27-29,31	4969	0	0.0	0	0.0	0	0.0	1975	39.7
IFT172	ENST00000260570	48	0		0		0		7	4,14,22,27,29-30,33	6210	0	0.0	0	0.0	0	0.0	1054	17.0
IFT27	ENST00000433985	7	0		0		0		2	6-7	701	0	0.0	0	0.0	0	0.0	249	35.5
IFT43	ENST00000314067	9	0		0		0		3	1,3,8	807	0	0.0	0	0.0	0	0.0	245	30.4
IFT52	ENST00000373030	13	0		0		0		8	3-5,7,11-14	1574	0	0.0	0	0.0	0	0.0	972	61.8
IFT56	ENST00000464848	18	0		0		0		5	4-5,14-15,18	2025	0	0.0	0	0.0	0	0.0	531	26.2
IFT57	ENST00000264538	11	0		0		0		4	1,3,5,11	1510	0	0.0	0	0.0	0	0.0	659	43.6
IFT70A	ENST00000355689	1	0		0		0		1	1	2018	0	0.0	0	0.0	0	0.0	2018	100.0
IFT74	ENST00000380062	19	0		0		0		7	2,5,7,14-16,18	2183	0	0.0	0	0.0	0	0.0	824	37.7
IFT80	ENST00000326448	19	0		0		0		5	3,7,13-14,18	2714	0	0.0	0	0.0	0	0.0	786	29.0
IFT81	ENST00000242591	18	0		0		0		9	2-3,6-7,10,12,14,17,19	2391	0	0.0	0	0.0	0	0.0	1210	50.6
IFT88	ENST00000351808	25	0		0		0		6	5,8-9,11,13,18	2975	0	0.0	0	0.0	0	0.0	665	22.4
IGBP1	ENST00000356413	6	0		0		0		5	2-5,7	1140	0	0.0	0	0.0	0	0.0	1007	88.3
IGF1	ENST00000337514	4	0		0		0		3	2-4	542	0	0.0	0	0.0	0	0.0	459	84.7
IGF1R	ENST00000650285	21	0		0		0		10	2-3,5-6,8,10-12,16,21	4524	0	0.0	0	0.0	0	0.0	2896	64.0
IGF2	ENST00000416167	3	0		0		0		2	2,4	603	0	0.0	0	0.0	0	0.0	434	72.0
IGF2BP2	ENST00000382199	16	0		0		0		6	3,5,7,11,14-15	2120	0	0.0	0	0.0	0	0.0	683	32.2
IGF2R	ENST00000356956	48	0		0		0		12	6,9,15-16,18-19,22,34,37-38,40,45	8436	0	0.0	0	0.0	0	0.0	2453	29.1
IGFALS	ENST00000215539	2	0		0		0		1	2	1858	0	0.0	0	0.0	0	0.0	1822	98.1
IGFBP1	ENST00000275525	4	0		0		0		3	2-4	860	0	0.0	0	0.0	0	0.0	491	57.1
IGFBP2	ENST00000233809	4	0		0		0		0		1058	0	0.0	0	0.0	0	0.0	0	0.0
IGFBP3	ENST00000613132	4	0		0		0		4	1-4	956	0	0.0	0	0.0	0	0.0	956	100.0
IGFBP4	ENST00000269593	4	0		0		0		2	2-3	857	0	0.0	0	0.0	0	0.0	333	38.9
IGFBP5	ENST00000233813	4	0		0		0		0		899	0	0.0	0	0.0	0	0.0	0	0.0
IGFBP7	ENST00000295666	5	0		0		0		2	1,4	949	0	0.0	0	0.0	0	0.0	642	67.7
IGHMBP2	ENST00000255078	15	0		0		0		3	13-15	3282	0	0.0	0	0.0	0	0.0	1286	39.2
IGLL1	ENST00000330377	3	0		0		0		1	3	702	0	0.0	0	0.0	0	0.0	340	48.4
IGSF1	ENST00000361420	19	0		0		5	5,7,13,16,18	19	2-20	4391	0	0.0	0	0.0	1528	34.8	4391	100.0
IGSF10	ENST00000282466	6	0		0		0		3	6-8	7992	0	0.0	0	0.0	0	0.0	7217	90.3
IGSF3	ENST00000369486	10	0		0		0		8	2,4-10	3785	0	0.0	0	0.0	0	0.0	3116	82.3
IGSF6	ENST00000268389	6	0		0		0		1	2	846	0	0.0	0	0.0	0	0.0	380	44.9
IGSF8	ENST00000314485	6	0		0		0		1	2	1962	0	0.0	0	0.0	0	0.0	398	20.3
IHH	ENST00000295731	3	0		0		0		2	1,3	1296	0	0.0	0	0.0	0	0.0	1014	78.2
IKBKB	ENST00000520810	21	0		0		0		4	8-9,13,19	2691	0	0.0	0	0.0	0	0.0	585	21.7
IKBKE	ENST00000581977	20	0		0		0		1	15	2551	0	0.0	0	0.0	0	0.0	133	5.2
IKBKG	ENST00000594239	9	0		0		2	3,8	8	2-6,8-10	1440	0	0.0	0	0.0	395	27.4	1276	88.6
IKZF1	ENST00000331340	7	0		0		0		3	3,5,8	1700	0	0.0	0	0.0	0	0.0	1058	62.2
IKZF2	ENST00000434687	7	0		0		0		4	3,5,8-9	1721	0	0.0	0	0.0	0	0.0	1250	72.6
IKZF3	ENST00000346872	8	0		0		0		4	1,5,7-8	1690	0	0.0	0	0.0	0	0.0	1076	63.7
IKZF4	ENST00000547167	8	0		0		0		1	8	1918	0	0.0	0	0.0	0	0.0	781	40.7
IKZF5	ENST00000368886	3	0		0		0		1	5	1320	0	0.0	0	0.0	0	0.0	964	73.0
IL10	ENST00000423557	5	0		0		0		0		637	0	0.0	0	0.0	0	0.0	0	0.0
IL10RA	ENST00000227752	7	0		0		0		2	4,7	1877	0	0.0	0	0.0	0	0.0	1137	60.6
IL10RB	ENST00000290200	7	0		0		0		2	2,6	1118	0	0.0	0	0.0	0	0.0	322	28.8
IL11RA	ENST00000441545	12	0		0		0		3	2,8-9	1509	0	0.0	0	0.0	0	0.0	466	30.9
IL12B	ENST00000231228	6	0		0		0		3	4,6-7	1107	0	0.0	0	0.0	0	0.0	468	42.3
IL12RB1	ENST00000593993	17	0		0		0		6	6-9,12,14	2329	0	0.0	0	0.0	0	0.0	845	36.3
IL12RB2	ENST00000674203	15	0		0		0		4	6,10,15,17	2889	0	0.0	0	0.0	0	0.0	1119	38.7
IL13	ENST00000304506	4	0		0		0		2	1,4	521	0	0.0	0	0.0	0	0.0	322	61.8
IL17F	ENST00000336123	3	0		0		0		1	3	552	0	0.0	0	0.0	0	0.0	258	46.7
IL17RA	ENST00000319363	13	0		0		0		1	13	2861	0	0.0	0	0.0	0	0.0	1534	53.6
IL17RC	ENST00000403601	19	0		0		0		1	11	2543	0	0.0	0	0.0	0	0.0	202	7.9
IL17RD	ENST00000296318	13	0		0		0		6	2-3,5,10-12	2480	0	0.0	0	0.0	0	0.0	1664	67.1
IL18BP	ENST00000393703	5	0		0		0		0		685	0	0.0	0	0.0	0	0.0	0	0.0
IL1B	ENST00000263341	6	0		0		0		2	3,5	930	0	0.0	0	0.0	0	0.0	257	27.6
IL1R1	ENST00000410023	10	0		0		0		2	4,12	1910	0	0.0	0	0.0	0	0.0	682	35.7
IL1RAP	ENST00000447382	10	0		0		0		5	3-4,7,9,12	1913	0	0.0	0	0.0	0	0.0	1039	54.3
IL1RAPL1	ENST00000378993	10	0		0		4	5-7,11	10	2-11	2291	0	0.0	0	0.0	1161	50.7	2291	100.0
IL1RN	ENST00000409930	4	0		0		0		1	4	614	0	0.0	0	0.0	0	0.0	236	38.4
IL2	ENST00000226730	4	0		0		0		1	3	542	0	0.0	0	0.0	0	0.0	164	30.3
IL21	ENST00000648588	5	0		0		0		2	1,4	589	0	0.0	0	0.0	0	0.0	286	48.6
IL21R	ENST00000337929	8	0		0		0		2	6,9	1777	0	0.0	0	0.0	0	0.0	968	54.5
IL23A	ENST00000228534	4	0		0		0		1	4	650	0	0.0	0	0.0	0	0.0	182	28.0
IL23R	ENST00000347310	10	0		0		0		5	3,7,9-11	2090	0	0.0	0	0.0	0	0.0	1399	66.9
IL27RA	ENST00000263379	14	0		0		0		5	3-4,8-9,14	2191	0	0.0	0	0.0	0	0.0	902	41.2
IL2RA	ENST00000379959	8	0		0		0		1	5	979	0	0.0	0	0.0	0	0.0	92	9.4
IL2RB	ENST00000216223	9	0		0		0		1	10	1836	0	0.0	0	0.0	0	0.0	773	42.1
IL2RG	ENST00000374202	8	0		0		1	5	7	1-3,5-8	1270	0	0.0	0	0.0	183	14.4	1110	87.4
IL31RA	ENST00000652347	15	0		0		0		5	4,6,12-14	2595	0	0.0	0	0.0	0	0.0	765	29.5
IL36RN	ENST00000393200	4	0		0		0		1	2	548	0	0.0	0	0.0	0	0.0	49	8.9
IL37	ENST00000263326	5	0		0		0		0		757	0	0.0	0	0.0	0	0.0	0	0.0
IL4	ENST00000231449	4	0		0		0		2	3-4	542	0	0.0	0	0.0	0	0.0	319	58.9
IL4R	ENST00000395762	9	0		0		0		2	7,11	2658	0	0.0	0	0.0	0	0.0	1776	66.8
IL6	ENST00000258743	5	0		0		0		1	2	739	0	0.0	0	0.0	0	0.0	211	28.6
IL6R	ENST00000368485	10	0		0		0		3	2-3,10	1607	0	0.0	0	0.0	0	0.0	680	42.3
IL6ST	ENST00000381298	15	0		0		0		5	5,8-9,13,17	3057	0	0.0	0	0.0	0	0.0	1349	44.1
IL7	ENST00000263851	6	0		0		0		2	1,5	654	0	0.0	0	0.0	0	0.0	104	15.9
IL7R	ENST00000303115	8	0		0		0		2	4,8	1540	0	0.0	0	0.0	0	0.0	702	45.6
ILDR1	ENST00000344209	8	0		0		0		1	7	1801	0	0.0	0	0.0	0	0.0	841	46.7
ILF3	ENST00000588657	19	0		0		0		3	13-15	3077	0	0.0	0	0.0	0	0.0	543	17.6
ILK	ENST00000299421	12	0		0		0		3	4,10,13	1599	0	0.0	0	0.0	0	0.0	428	26.8
IMMP2L	ENST00000405709	5	0		0		0		1	5	628	0	0.0	0	0.0	0	0.0	123	19.6
IMPA1	ENST00000256108	8	0		0		0		4	3,5,7,9	994	0	0.0	0	0.0	0	0.0	485	48.8
IMPDH1	ENST00000338791	17	0		0		0		2	3,10	2140	0	0.0	0	0.0	0	0.0	304	14.2
IMPDH2	ENST00000326739	14	0		0		0		3	5,8,10	1825	0	0.0	0	0.0	0	0.0	502	27.5
IMPG1	ENST00000369950	17	0		0		0		8	1,3,6,8,12-13,15-16	2734	0	0.0	0	0.0	0	0.0	1441	52.7
IMPG2	ENST00000193391	19	0		0		0		9	2-3,5-7,10,12-13,15	4106	0	0.0	0	0.0	0	0.0	2910	70.9
INA	ENST00000369849	3	0		0		0		2	1-2	1560	0	0.0	0	0.0	0	0.0	1230	78.8
INAVA	ENST00000413687	9	0		0		0		1	9	1917	0	0.0	0	0.0	0	0.0	705	36.8
INCENP	ENST00000394818	18	0		0		0		6	2,4,7,9,18-19	3117	0	0.0	0	0.0	0	0.0	1671	53.6
INF2	ENST00000392634	21	0		0		0		1	8	4170	0	0.0	0	0.0	0	0.0	770	18.5
ING1	ENST00000333219	2	0		0		0		2	1-2	880	0	0.0	0	0.0	0	0.0	880	100.0
ING5	ENST00000313552	8	0		0		0		2	5,7	883	0	0.0	0	0.0	0	0.0	196	22.2
INO80	ENST00000648947	35	0		0		0		15	2-3,6-7,10-11,13-14,16,21,23-24,26,34,36	5371	0	0.0	0	0.0	0	0.0	2537	47.2
INPP4A	ENST00000409851	23	0		0		0		0		3379	0	0.0	0	0.0	0	0.0	0	0.0
INPP4A	ENST00000715854	24	0		0		0		9	3-4,7-8,13,16,21-23	3300	0	0.0	0	0.0	0	0.0	1217	36.9
INPP5B	ENST00000373024	23	0		0		0		5	4,6,9,23-24	3202	0	0.0	0	0.0	0	0.0	705	22.0
INPP5E	ENST00000371712	10	0		0		0		2	1,3	2135	0	0.0	0	0.0	0	0.0	950	44.5
INPP5K	ENST00000421807	12	0		0		0		3	5-6,11	1587	0	0.0	0	0.0	0	0.0	453	28.5
INPPL1	ENST00000298229	28	0		0		0		3	1,26-27	4337	0	0.0	0	0.0	0	0.0	1049	24.2
INS	ENST00000381330	2	0		0		0		1	3	373	0	0.0	0	0.0	0	0.0	166	44.5
INSL3	ENST00000317306	2	0		0		0		0		436	0	0.0	0	0.0	0	0.0	0	0.0
INSR	ENST00000302850	22	0		0		0		8	2,5-6,11-12,17,20,22	4589	0	0.0	0	0.0	0	0.0	2113	46.0
INTS1	ENST00000404767	47	0		0		0		4	3,11,17,28	7513	0	0.0	0	0.0	0	0.0	787	10.5
INTS11	ENST00000435064	17	0		0		0		1	15	2143	0	0.0	0	0.0	0	0.0	163	7.6
INTS13	ENST00000261191	16	0		0		0		6	2-3,7-8,10-11	2441	0	0.0	0	0.0	0	0.0	903	37.0
INTS8	ENST00000523731	27	0		0		0		11	1-2,6,9,11-12,17-18,24,26-27	3528	0	0.0	0	0.0	0	0.0	1510	42.8
INTU	ENST00000335251	16	0		0		0		5	5-6,10,13,16	3149	0	0.0	0	0.0	0	0.0	582	18.5
INVS	ENST00000262457	16	0		0		0		5	5,12-15	3518	0	0.0	0	0.0	0	0.0	1713	48.7
IP6K3	ENST00000293756	5	0		0		0		3	2,4,6	1333	0	0.0	0	0.0	0	0.0	903	67.7
IPMK	ENST00000373935	6	0		0		0		3	1,3,6	1371	0	0.0	0	0.0	0	0.0	970	70.8
IPO13	ENST00000372343	20	0		0		0		2	2,5	3292	0	0.0	0	0.0	0	0.0	944	28.7
IPO8	ENST00000256079	25	0		0		0		10	4,8-9,12-16,18,22	3614	0	0.0	0	0.0	0	0.0	1571	43.5
IQCB1	ENST00000310864	13	0		0		0		4	3-4,8,10	2057	0	0.0	0	0.0	0	0.0	632	30.7
IQCC	ENST00000291358	5	0		0		0		4	2-5	1501	0	0.0	0	0.0	0	0.0	1439	95.9
IQCE	ENST00000402050	22	0		0		0		7	5,7,11,14-15,17,21	2528	0	0.0	0	0.0	0	0.0	1016	40.2
IQCN	ENST00000392413	3	0		0		0		2	3-4	4164	0	0.0	0	0.0	0	0.0	4131	99.2
IQGAP2	ENST00000274364	36	0		0		0		15	1,5-6,8-12,14,17-18,31,34-36	5448	0	0.0	0	0.0	0	0.0	2003	36.8
IQGAP3	ENST00000361170	38	0		0		0		7	7,17-20,26-27	5656	0	0.0	0	0.0	0	0.0	1183	20.9
IQSEC1	ENST00000613206	14	0		0		0		3	2-4	3625	0	0.0	0	0.0	0	0.0	1767	48.7
IQSEC2	ENST00000639161	3	0		0		0		3	1-3	282	0	0.0	0	0.0	0	0.0	282	100.0
IQSEC2	ENST00000642864	15	0		0		2	1,9	14	1-13,15	4767	0	0.0	0	0.0	887	18.6	4697	98.5
IQSEC3	ENST00000538872	14	0		0		0		2	4-5	3829	0	0.0	0	0.0	0	0.0	1290	33.7
IRAG1	ENST00000423302	21	0		0		0		5	5,9,14-15,18	3159	0	0.0	0	0.0	0	0.0	1231	39.0
IRAK1	ENST00000369980	14	0		0		0		14	1-14	2419	0	0.0	0	0.0	0	0.0	2419	100.0
IRAK2	ENST00000256458	13	0		0		0		7	2-5,9,11-12	2138	0	0.0	0	0.0	0	0.0	1458	68.2
IRAK3	ENST00000261233	12	0		0		0		3	4-5,12	2031	0	0.0	0	0.0	0	0.0	744	36.6
IRAK4	ENST00000613694	11	0		0		0		5	2-5,9	1603	0	0.0	0	0.0	0	0.0	935	58.3
IREB2	ENST00000258886	22	0		0		0		6	2-3,8-9,11,17	3332	0	0.0	0	0.0	0	0.0	907	27.2
IRF1	ENST00000245414	9	0		0		0		4	2,4,7,9	1158	0	0.0	0	0.0	0	0.0	603	52.1
IRF2BP2	ENST00000366609	2	0		0		0		2	1-2	1804	0	0.0	0	0.0	0	0.0	1804	100.0
IRF2BPL	ENST00000238647	1	0		0		0		1	1	2411	0	0.0	0	0.0	0	0.0	2411	100.0
IRF3	ENST00000377139	7	0		0		0		0		1424	0	0.0	0	0.0	0	0.0	0	0.0
IRF4	ENST00000380956	8	0		0		0		4	2-3,5,7	1516	0	0.0	0	0.0	0	0.0	982	64.8
IRF5	ENST00000357234	8	0		0		0		4	3,6-7,9	1705	0	0.0	0	0.0	0	0.0	1215	71.3
IRF6	ENST00000367021	7	0		0		0		3	5,7-8	1544	0	0.0	0	0.0	0	0.0	701	45.4
IRF7	ENST00000525445	10	0		0		0		1	9	1712	0	0.0	0	0.0	0	0.0	410	23.9
IRF8	ENST00000268638	8	0		0		0		4	2-3,7,9	1441	0	0.0	0	0.0	0	0.0	1002	69.5
IRF9	ENST00000396864	8	0		0		0		1	7	1342	0	0.0	0	0.0	0	0.0	362	27.0
IRGM	ENST00000522154	1	0		0		0		1	2	566	0	0.0	0	0.0	0	0.0	566	100.0
IRS1	ENST00000305123	1	0		0		0		1	1	3749	0	0.0	0	0.0	0	0.0	3749	100.0
IRS2	ENST00000375856	2	0		0		0		1	1	4057	0	0.0	0	0.0	0	0.0	4032	99.4
IRS4	ENST00000372129	2	0		1	1	2	1-2	2	1-2	3811	0	0.0	3786	99.3	3811	100.0	3811	100.0
IRX4	ENST00000231357	5	0		0		0		2	2,4	1660	0	0.0	0	0.0	0	0.0	621	37.4
IRX5	ENST00000394636	3	0		0		0		2	2-3	1512	0	0.0	0	0.0	0	0.0	1243	82.2
IRX6	ENST00000290552	6	0		0		0		4	2-5	1461	0	0.0	0	0.0	0	0.0	1368	93.6
ISCA1	ENST00000375991	4	0		0		0		1	3	470	0	0.0	0	0.0	0	0.0	126	26.8
ISCA2	ENST00000556816	4	0		0		0		1	3	545	0	0.0	0	0.0	0	0.0	136	25.0
ISCU	ENST00000311893	5	0		0		0		2	2,4	604	0	0.0	0	0.0	0	0.0	233	38.6
ISG15	ENST00000649529	2	0		0		0		1	2	538	0	0.0	0	0.0	0	0.0	515	95.7
ISL1	ENST00000230658	6	0		0		0		2	3-4	1170	0	0.0	0	0.0	0	0.0	587	50.2
ISLR2	ENST00000453268	1	0		0		0		1	3	2258	0	0.0	0	0.0	0	0.0	2258	100.0
ITCH	ENST00000374864	23	0		0		0		10	3,6,8,10,16,19,21-24	3049	0	0.0	0	0.0	0	0.0	1264	41.5
ITFG2	ENST00000228799	12	0		0		0		3	3-4,12	1584	0	0.0	0	0.0	0	0.0	378	23.9
ITGA2	ENST00000296585	30	0		0		0		13	2-4,8-9,14-16,19-20,22,24,27	4146	0	0.0	0	0.0	0	0.0	1900	45.8
ITGA2B	ENST00000262407	30	0		0		0		5	1,8,11-12,16	3720	0	0.0	0	0.0	0	0.0	657	17.7
ITGA3	ENST00000320031	25	0		0		0		4	1,3-4,12	3656	0	0.0	0	0.0	0	0.0	753	20.6
ITGA4	ENST00000397033	28	0		0		0		9	2,5,8,18,20,22-24,26	3659	0	0.0	0	0.0	0	0.0	1088	29.7
ITGA5	ENST00000293379	30	0		0		0		1	1	3750	0	0.0	0	0.0	0	0.0	238	6.3
ITGA6	ENST00000442250	26	0		0		0		0		3913	0	0.0	0	0.0	0	0.0	0	0.0
ITGA6	ENST00000684293	25	0		0		0		3	7,21,23	3722	0	0.0	0	0.0	0	0.0	452	12.1
ITGA7	ENST00000257879	25	0		0		0		2	4,14	3914	0	0.0	0	0.0	0	0.0	412	10.5
ITGA8	ENST00000378076	30	0		0		0		7	12-13,15,17-19,29	3792	0	0.0	0	0.0	0	0.0	1130	29.8
ITGAM	ENST00000544665	30	0		0		1	6	8	6-7,9,12-13,16,19,26	4059	0	0.0	0	0.0	151	3.7	1194	29.4
ITGAV	ENST00000261023	30	0		0		0		7	7,14-15,20,24-25,28	3747	0	0.0	0	0.0	0	0.0	941	25.1
ITGB1	ENST00000302278	15	0		0		0		6	2-4,8,11,14	2697	0	0.0	0	0.0	0	0.0	1025	38.0
ITGB1BP1	ENST00000355346	6	0		0		0		2	6-7	723	0	0.0	0	0.0	0	0.0	262	36.2
ITGB2	ENST00000652462	15	0		0		0		2	9-10	2610	0	0.0	0	0.0	0	0.0	271	10.4
ITGB3	ENST00000559488	15	0		0		0		5	1,6,10,13-14	2667	0	0.0	0	0.0	0	0.0	1058	39.7
ITGB4	ENST00000200181	39	0		0		0		6	25,27-30,32	6249	0	0.0	0	0.0	0	0.0	1114	17.8
ITGB5	ENST00000296181	15	0		0		0		5	3,5,10,14-15	2700	0	0.0	0	0.0	0	0.0	1167	43.2
ITGB6	ENST00000283249	15	0		0		0		4	4,7-8,10	2667	0	0.0	0	0.0	0	0.0	931	34.9
ITGB7	ENST00000267082	14	0		0		0		5	3-5,13-14	2677	0	0.0	0	0.0	0	0.0	1103	41.2
ITIH4	ENST00000266041	24	0		0		0		4	8,10-11,17	3273	0	0.0	0	0.0	0	0.0	743	22.7
ITK	ENST00000422843	17	0		0		0		2	4,16	2203	0	0.0	0	0.0	0	0.0	327	14.8
ITLN1	ENST00000326245	7	0		0		0		3	2-3,5	1082	0	0.0	0	0.0	0	0.0	376	34.8
ITM2B	ENST00000647800	6	0		0		0		0		921	0	0.0	0	0.0	0	0.0	0	0.0
ITPA	ENST00000380113	8	0		0		0		2	3,6	745	0	0.0	0	0.0	0	0.0	221	29.7
ITPK1	ENST00000267615	10	0		0		0		3	2,4,10	1445	0	0.0	0	0.0	0	0.0	444	30.7
ITPKB	ENST00000429204	7	0		0		0		2	2,6	2981	0	0.0	0	0.0	0	0.0	2074	69.6
ITPKC	ENST00000263370	7	0		0		0		3	1,4,7	2192	0	0.0	0	0.0	0	0.0	1624	74.1
ITPR1	ENST00000649015	60	0		0		0		11	8,13,16,18,20,29,37,47,50-51,59	9477	0	0.0	0	0.0	0	0.0	1833	19.3
ITPR2	ENST00000381340	57	0		0		0		13	3-4,6,11,19-20,27-28,37,39,42,44,54	9246	0	0.0	0	0.0	0	0.0	2087	22.6
ITPR3	ENST00000605930	58	0		0		0		13	8,10-11,13,19-20,32,35,42,50,55-57	9176	0	0.0	0	0.0	0	0.0	2339	25.5
ITPRID2	ENST00000431877	17	0		0		0		10	2-3,5-6,8,11,13-14,16-17	4120	0	0.0	0	0.0	0	0.0	3197	77.6
ITSN1	ENST00000381318	39	0		0		0		10	6,14,16-17,21,23,26,32-34	5946	0	0.0	0	0.0	0	0.0	1740	29.3
ITSN2	ENST00000355123	39	0		0		0		14	5,8,10,14,16,21,23,25-26,28,35,37,39-40	5874	0	0.0	0	0.0	0	0.0	2332	39.7
IVD	ENST00000487418	12	0		0		0		2	6-7	1512	0	0.0	0	0.0	0	0.0	274	18.1
IVNS1ABP	ENST00000367498	13	0		0		0		5	3,5,9,12-13	2189	0	0.0	0	0.0	0	0.0	676	30.9
IYD	ENST00000344419	5	0		0		0		4	1-3,5	970	0	0.0	0	0.0	0	0.0	793	81.8
JAG1	ENST00000254958	26	0		0		0		8	2,6,9-10,13,22,25-26	4177	0	0.0	0	0.0	0	0.0	1695	40.6
JAG2	ENST00000331782	26	0		0		0		3	2,16,26	4237	0	0.0	0	0.0	0	0.0	1001	23.6
JAGN1	ENST00000647897	2	0		0		0		2	1-2	592	0	0.0	0	0.0	0	0.0	592	100.0
JAK1	ENST00000342505	24	0		0		0		11	3,5,7-8,17-20,23-25	3945	0	0.0	0	0.0	0	0.0	2018	51.2
JAK2	ENST00000381652	23	0		0		0		9	5,7-8,15,17-19,23-24	3859	0	0.0	0	0.0	0	0.0	1540	39.9
JAK3	ENST00000458235	23	0		0		0		6	6,8,16-17,20-21	3835	0	0.0	0	0.0	0	0.0	1174	30.6
JAKMIP1	ENST00000409021	20	0		0		0		6	3-4,7,9-10,19	2896	0	0.0	0	0.0	0	0.0	1428	49.3
JAM2	ENST00000480456	10	0		0		0		4	1,3,8-9	1097	0	0.0	0	0.0	0	0.0	314	28.6
JAM3	ENST00000299106	9	0		0		0		4	1,4,6,8	1113	0	0.0	0	0.0	0	0.0	464	41.7
JARID2	ENST00000341776	18	0		0		0		6	2,7-10,14	4101	0	0.0	0	0.0	0	0.0	2193	53.5
JAZF1	ENST00000283928	5	0		0		0		1	4	832	0	0.0	0	0.0	0	0.0	190	22.8
JKAMP	ENST00000616435	7	0		0		0		3	1-2,7	1076	0	0.0	0	0.0	0	0.0	375	34.9
JMJD1C	ENST00000399262	26	0		0		0		10	1,3,5,8,10-11,18-19,23,26	8143	0	0.0	0	0.0	0	0.0	5373	66.0
JPH1	ENST00000342232	5	0		0		0		3	2,4-5	2086	0	0.0	0	0.0	0	0.0	1548	74.2
JPH2	ENST00000372980	5	0		0		0		2	2,4	2191	0	0.0	0	0.0	0	0.0	1552	70.8
JPH3	ENST00000284262	5	0		0		0		3	1-2,4	2347	0	0.0	0	0.0	0	0.0	2101	89.5
JRK	ENST00000612905	1	0		0		0		1	2	1727	0	0.0	0	0.0	0	0.0	1727	100.0
JUP	ENST00000393931	13	0		0		0		6	2,4-5,8,11-12	2498	0	0.0	0	0.0	0	0.0	1381	55.3
KALRN	ENST00000682506	60	0		0		1	33	19	1,3,5,8-9,11-12,14-16,27,33,35,38,46-48,56,60	10161	0	0.0	0	0.0	123	1.2	4244	41.8
KANK1	ENST00000382297	11	0		0		0		6	3-4,6,10-12	4279	0	0.0	0	0.0	0	0.0	3582	83.7
KANK2	ENST00000586659	11	0		0		0		3	4,11,13	2776	0	0.0	0	0.0	0	0.0	1527	55.0
KANK4	ENST00000371153	9	0		0		0		3	3,5,7	3168	0	0.0	0	0.0	0	0.0	2383	75.2
KANSL1	ENST00000432791	14	0		0		0		5	3-4,9,12-13	3598	0	0.0	0	0.0	0	0.0	704	19.6
KARS1	ENST00000302445	14	0		0		0		4	1,4,6,11	2074	0	0.0	0	0.0	0	0.0	448	21.6
KASH5	ENST00000447857	19	0		0		0		4	15,17-19	2069	0	0.0	0	0.0	0	0.0	422	20.4
KAT14	ENST00000688188	10	0		0		0		4	2,4-5,7	2546	0	0.0	0	0.0	0	0.0	1212	47.6
KAT2B	ENST00000263754	18	0		0		0		5	2,5,7,10,13	2859	0	0.0	0	0.0	0	0.0	869	30.4
KAT5	ENST00000341318	13	0		0		0		5	3,5,7-9	1901	0	0.0	0	0.0	0	0.0	792	41.7
KAT6A	ENST00000265713	16	0		0		0		7	2-3,7,11,15-17	6335	0	0.0	0	0.0	0	0.0	4910	77.5
KAT6B	ENST00000287239	16	0		0		0		6	3,8,11-12,14,18	6542	0	0.0	0	0.0	0	0.0	4767	72.9
KAT8	ENST00000219797	11	0		0		0		2	3,10	1597	0	0.0	0	0.0	0	0.0	371	23.2
KATNAL2	ENST00000683218	16	0		1	11	1	11	6	5-6,11,13,15,17	1937	0	0.0	119	6.1	119	6.1	762	39.3
KATNB1	ENST00000379661	19	0		0		0		1	12	2348	0	0.0	0	0.0	0	0.0	151	6.4
KATNIP	ENST00000261588	28	0		0		0		10	6-7,11,13-16,18,20,27	5417	0	0.0	0	0.0	0	0.0	2998	55.3
KBTBD13	ENST00000432196	1	0		0		0		1	1	1397	0	0.0	0	0.0	0	0.0	1397	100.0
KBTBD2	ENST00000304056	3	0		0		0		3	2-4	1932	0	0.0	0	0.0	0	0.0	1932	100.0
KCNA1	ENST00000382545	1	0		0		0		1	2	1508	0	0.0	0	0.0	0	0.0	1508	100.0
KCNA2	ENST00000316361	1	0		0		0		1	3	1520	0	0.0	0	0.0	0	0.0	1520	100.0
KCNA3	ENST00000369769	1	0		0		0		1	1	1748	0	0.0	0	0.0	0	0.0	1748	100.0
KCNA4	ENST00000328224	1	0		0		0		1	2	1982	0	0.0	0	0.0	0	0.0	1982	100.0
KCNA5	ENST00000252321	1	0		0		0		1	1	1862	0	0.0	0	0.0	0	0.0	1862	100.0
KCNA6	ENST00000280684	1	0		0		0		1	1	1610	0	0.0	0	0.0	0	0.0	1610	100.0
KCNAB1	ENST00000490337	14	0		0		0		7	1,3-4,7,9,11,14	1540	0	0.0	0	0.0	0	0.0	848	55.1
KCNAB2	ENST00000378083	15	0		0		0		5	2,5,7-8,16	1548	0	0.0	0	0.0	0	0.0	577	37.3
KCNAB3	ENST00000303790	14	0		0		0		3	1,5,10	1495	0	0.0	0	0.0	0	0.0	468	31.3
KCNB1	ENST00000371741	2	0		0		0		2	1-2	2617	0	0.0	0	0.0	0	0.0	2617	100.0
KCNB2	ENST00000523207	2	0		0		0		2	2-3	2776	0	0.0	0	0.0	0	0.0	2776	100.0
KCNC1	ENST00000265969	4	0		0		0		2	1-2	1838	0	0.0	0	0.0	0	0.0	1544	84.0
KCNC2	ENST00000549446	4	0		0		0		2	2-3	1997	0	0.0	0	0.0	0	0.0	1655	82.9
KCNC3	ENST00000477616	4	0		0		0		2	1-2	2354	0	0.0	0	0.0	0	0.0	2018	85.7
KCND1	ENST00000218176	6	0		0		1	1	6	1-6	2064	0	0.0	0	0.0	1141	55.3	2064	100.0
KCND2	ENST00000331113	6	0		0		0		5	1-3,5-6	2013	0	0.0	0	0.0	0	0.0	1900	94.4
KCND3	ENST00000302127	7	0		0		0		1	2	2108	0	0.0	0	0.0	0	0.0	1126	53.4
KCNE1	ENST00000399286	1	0		0		0		1	4	410	0	0.0	0	0.0	0	0.0	410	100.0
KCNE2	ENST00000290310	1	0		0		0		1	2	392	0	0.0	0	0.0	0	0.0	392	100.0
KCNE3	ENST00000310128	1	0		0		0		1	3	332	0	0.0	0	0.0	0	0.0	332	100.0
KCNE4	ENST00000281830	1	0		0		0		1	2	533	0	0.0	0	0.0	0	0.0	533	100.0
KCNE5	ENST00000372101	1	0		0		1	1	1	1	449	0	0.0	0	0.0	449	100.0	449	100.0
KCNG1	ENST00000371571	2	0		0		0		2	2-3	1582	0	0.0	0	0.0	0	0.0	1582	100.0
KCNH1	ENST00000271751	11	0		0		0		7	1,3,5-7,9,11	3190	0	0.0	0	0.0	0	0.0	2460	77.1
KCNH2	ENST00000262186	15	0		0		0		3	3,7-8	3780	0	0.0	0	0.0	0	0.0	813	21.5
KCNH3	ENST00000257981	15	0		0		0		2	4,15	3552	0	0.0	0	0.0	0	0.0	774	21.8
KCNH5	ENST00000322893	11	0		0		0		7	2-6,9,11	3187	0	0.0	0	0.0	0	0.0	2210	69.3
KCNH7	ENST00000332142	16	0		0		0		10	1-2,4,6-9,13-14,16	3911	0	0.0	0	0.0	0	0.0	2865	73.3
KCNH8	ENST00000328405	16	0		0		0		8	1-3,5,8,10,14-15	3644	0	0.0	0	0.0	0	0.0	1475	40.5
KCNIP1	ENST00000328939	8	0		0		0		1	2	811	0	0.0	0	0.0	0	0.0	145	17.9
KCNJ1	ENST00000392666	1	0		0		0		1	3	1139	0	0.0	0	0.0	0	0.0	1139	100.0
KCNJ10	ENST00000644903	1	0		0		0		1	2	1160	0	0.0	0	0.0	0	0.0	1160	100.0
KCNJ11	ENST00000339994	1	0		0		0		1	1	1193	0	0.0	0	0.0	0	0.0	1193	100.0
KCNJ12	ENST00000583088	1	0		0		0		1	3	1322	0	0.0	0	0.0	0	0.0	1322	100.0
KCNJ13	ENST00000233826	2	0		0		0		1	3	1123	0	0.0	0	0.0	0	0.0	643	57.3
KCNJ16	ENST00000392671	1	0		0		0		1	4	1277	0	0.0	0	0.0	0	0.0	1277	100.0
KCNJ18	ENST00000567955	1	0		0		0		0		1322	0	0.0	0	0.0	0	0.0	0	0.0
KCNJ2	ENST00000243457	1	0		0		0		1	2	1304	0	0.0	0	0.0	0	0.0	1304	100.0
KCNJ3	ENST00000295101	3	0		0		0		2	1,3	1566	0	0.0	0	0.0	0	0.0	1329	84.9
KCNJ5	ENST00000529694	2	0		0		0		2	2-3	1300	0	0.0	0	0.0	0	0.0	1300	100.0
KCNJ6	ENST00000609713	3	0		0		0		1	3	1332	0	0.0	0	0.0	0	0.0	941	70.6
KCNJ8	ENST00000240662	2	0		0		0		2	2-3	1315	0	0.0	0	0.0	0	0.0	1315	100.0
KCNK17	ENST00000373231	5	0		0		0		1	4	1099	0	0.0	0	0.0	0	0.0	195	17.7
KCNK18	ENST00000334549	3	0		0		0		2	1,3	1215	0	0.0	0	0.0	0	0.0	1066	87.7
KCNK3	ENST00000302909	2	0		0		0		2	1-2	1225	0	0.0	0	0.0	0	0.0	1225	100.0
KCNK4	ENST00000422670	6	0		0		0		3	2,5-6	1302	0	0.0	0	0.0	0	0.0	576	44.2
KCNK5	ENST00000359534	5	0		0		0		2	1,5	1600	0	0.0	0	0.0	0	0.0	1092	68.2
KCNK9	ENST00000520439	2	0		0		0		2	1-2	1165	0	0.0	0	0.0	0	0.0	1165	100.0
KCNMA1	ENST00000286628	28	0		0		0		4	1,11,19,22	4271	0	0.0	0	0.0	0	0.0	963	22.5
KCNMB1	ENST00000274629	3	0		0		0		2	3-4	636	0	0.0	0	0.0	0	0.0	482	75.8
KCNMB3	ENST00000392685	3	0		0		0		1	2	888	0	0.0	0	0.0	0	0.0	219	24.7
KCNN2	ENST00000673685	8	0		0		0		6	1-4,7-8	2536	0	0.0	0	0.0	0	0.0	2257	89.0
KCNN3	ENST00000271915	8	0		0		0		1	3	2356	0	0.0	0	0.0	0	0.0	439	18.6
KCNN4	ENST00000648319	8	0		0		0		1	3	1444	0	0.0	0	0.0	0	0.0	448	31.0
KCNQ1	ENST00000155840	16	0		0		0		3	1,6,16	2351	0	0.0	0	0.0	0	0.0	824	35.0
KCNQ2	ENST00000359125	17	0		0		0		1	13	2959	0	0.0	0	0.0	0	0.0	244	8.2
KCNQ3	ENST00000388996	15	0		0		0		2	3,15	2919	0	0.0	0	0.0	0	0.0	902	30.9
KCNQ4	ENST00000347132	14	0		0		0		0		2368	0	0.0	0	0.0	0	0.0	0	0.0
KCNQ5	ENST00000370398	14	0		0		0		7	1,3-5,7,10,14	3079	0	0.0	0	0.0	0	0.0	2247	73.0
KCNT1	ENST00000371757	31	0		0		0		5	3,14,25,27,29	4328	0	0.0	0	0.0	0	0.0	800	18.5
KCNT2	ENST00000294725	28	0		0		0		9	10,14-18,21,26,28	3968	0	0.0	0	0.0	0	0.0	1702	42.9
KCNU1	ENST00000399881	27	0		0		0		11	1,5,8-9,11-12,17,19,25-27	3990	0	0.0	0	0.0	0	0.0	1901	47.6
KCNV2	ENST00000382082	2	0		0		0		1	1	1678	0	0.0	0	0.0	0	0.0	1376	82.0
KCTD1	ENST00000580059	5	0		0		0		2	1,4	2698	0	0.0	0	0.0	0	0.0	2155	79.9
KCTD10	ENST00000228495	7	0		0		0		2	3,6	1082	0	0.0	0	0.0	0	0.0	406	37.5
KCTD13	ENST00000568000	6	0		0		0		2	2,5	1110	0	0.0	0	0.0	0	0.0	406	36.6
KCTD14	ENST00000353172	2	0		0		0		1	2	808	0	0.0	0	0.0	0	0.0	698	86.4
KCTD15	ENST00000683859	5	0		0		0		2	4,6	952	0	0.0	0	0.0	0	0.0	522	54.8
KCTD17	ENST00000403888	9	0		0		0		0		1125	0	0.0	0	0.0	0	0.0	0	0.0
KCTD19	ENST00000304372	16	0		0		0		5	2,4-5,14-15	3101	0	0.0	0	0.0	0	0.0	978	31.5
KCTD3	ENST00000259154	18	0		0		0		8	1-2,6,8,11-13,15	2808	0	0.0	0	0.0	0	0.0	942	33.5
KCTD7	ENST00000639828	4	0		0		0		1	4	950	0	0.0	0	0.0	0	0.0	397	41.8
KDELR2	ENST00000258739	5	0		0		0		2	1,4	739	0	0.0	0	0.0	0	0.0	384	52.0
KDF1	ENST00000320567	3	0		0		0		1	2	1257	0	0.0	0	0.0	0	0.0	1059	84.2
KDM1A	ENST00000400181	21	0		0		0		5	1-2,5,7,11	3051	0	0.0	0	0.0	0	0.0	946	31.0
KDM2A	ENST00000529006	20	0		0		0		5	2,12,15,17-18	3889	0	0.0	0	0.0	0	0.0	1546	39.8
KDM2B	ENST00000377071	23	0		0		0		7	2,4-5,16,19-21	4471	0	0.0	0	0.0	0	0.0	1778	39.8
KDM3A	ENST00000312912	25	0		0		0		7	2,10,16,18,21,25-26	4466	0	0.0	0	0.0	0	0.0	1618	36.2
KDM3B	ENST00000314358	24	0		0		0		5	7-8,12,15,24	5766	0	0.0	0	0.0	0	0.0	2395	41.5
KDM4B	ENST00000159111	21	0		0		0		5	4,6,9,21,23	3711	0	0.0	0	0.0	0	0.0	905	24.4
KDM5A	ENST00000399788	28	0		0		0		7	1,3,5,7,20,23,28	5633	0	0.0	0	0.0	0	0.0	1553	27.6
KDM5B	ENST00000367265	27	0		0		0		9	1,3,5-6,14,18,20,23,26	5175	0	0.0	0	0.0	0	0.0	1995	38.6
KDM5C	ENST00000375401	26	0		0		5	8,10,12,14,19	25	1-4,6-26	5203	0	0.0	0	0.0	1135	21.8	5048	97.0
KDM6A	ENST00000611820	30	0		0		10	1-2,16-18,21-23,27,30	27	1-5,7-14,16-19,21-30	4962	0	0.0	0	0.0	2220	44.7	4579	92.3
KDM6B	ENST00000448097	20	0		0		0		1	19	5332	0	0.0	0	0.0	0	0.0	135	2.5
KDM7A	ENST00000397560	20	0		0		0		7	2,4-5,11,13,16,18	3226	0	0.0	0	0.0	0	0.0	976	30.3
KDR	ENST00000263923	30	0		0		0		10	1,3-4,8,11,13,17-18,27-28	4671	0	0.0	0	0.0	0	0.0	1669	35.7
KDSR	ENST00000645214	10	0		0		0		2	1,10	1199	0	0.0	0	0.0	0	0.0	268	22.4
KEAP1	ENST00000171111	5	0		0		0		2	2-3	1975	0	0.0	0	0.0	0	0.0	1365	69.1
KEL	ENST00000355265	19	0		0		0		3	2,11,13	2579	0	0.0	0	0.0	0	0.0	327	12.7
KERA	ENST00000266719	2	0		0		0		2	2-3	1099	0	0.0	0	0.0	0	0.0	1099	100.0
KGD4	ENST00000256441	4	0		0		0		3	1-3	392	0	0.0	0	0.0	0	0.0	354	90.3
KHDC3L	ENST00000370367	3	0		0		0		3	1-3	714	0	0.0	0	0.0	0	0.0	714	100.0
KHDRBS1	ENST00000327300	9	0		0		0		2	5-6	1512	0	0.0	0	0.0	0	0.0	376	24.9
KHK	ENST00000260598	8	0		0		0		2	2,5	1057	0	0.0	0	0.0	0	0.0	304	28.8
KIAA0319L	ENST00000325722	20	0		0		0		10	3,9-12,16-19,21	3550	0	0.0	0	0.0	0	0.0	2048	57.7
KIAA0586	ENST00000652326	31	0		0		0		9	3-4,9,11,15,17,20-21,31	5267	0	0.0	0	0.0	0	0.0	1442	27.4
KIAA0753	ENST00000361413	18	0		0		0		7	3,10,13,15,17-19	3264	0	0.0	0	0.0	0	0.0	1611	49.4
KIAA0825	ENST00000682413	19	0		0		0		9	3-8,11,17,19	4208	0	0.0	0	0.0	0	0.0	2398	57.0
KIAA1217	ENST00000376454	21	0		0		0		11	2-3,5-6,10-12,15-17,19	6252	0	0.0	0	0.0	0	0.0	4136	66.2
KIAA1549	ENST00000422774	20	0		0		0		11	2,8-11,13-16,18,20	6253	0	0.0	0	0.0	0	0.0	4935	78.9
KICS2	ENST00000398055	3	0		0		0		3	1-3	1398	0	0.0	0	0.0	0	0.0	1398	100.0
KIDINS220	ENST00000256707	29	0		0		0		9	2,12-15,20,22-23,30	5896	0	0.0	0	0.0	0	0.0	2671	45.3
KIF11	ENST00000260731	22	0		0		0		6	4,8,17-18,20-21	3611	0	0.0	0	0.0	0	0.0	1098	30.4
KIF12	ENST00000640217	19	0		0		0		3	7,9-10	2336	0	0.0	0	0.0	0	0.0	472	20.2
KIF13B	ENST00000524189	40	0		0		0		13	4,8,12,17,20,22,28-29,31,36-37,39-40	6281	0	0.0	0	0.0	0	0.0	2662	42.4
KIF14	ENST00000367350	29	0		0		0		10	2,5,10-13,17,21,28,30	5527	0	0.0	0	0.0	0	0.0	2645	47.9
KIF15	ENST00000326047	35	0		0		0		11	1,8-11,16,18,21,25,29-30	4867	0	0.0	0	0.0	0	0.0	1603	32.9
KIF17	ENST00000400463	15	0		0		0		9	1,5,7-11,14-15	3387	0	0.0	0	0.0	0	0.0	2391	70.6
KIF1A	ENST00000498729	48	0		0		0		6	6,31,33,40,42,46	6336	0	0.0	0	0.0	0	0.0	1023	16.1
KIF1B	ENST00000676179	48	0		0		0		12	6,8-9,11,20,27,32-33,43-44,46,48	6411	0	0.0	0	0.0	0	0.0	1763	27.5
KIF1C	ENST00000320785	21	0		0		0		4	14,18,22-23	3732	0	0.0	0	0.0	0	0.0	1647	44.1
KIF20A	ENST00000394894	18	0		0		0		6	6,8,12-13,15,18	3033	0	0.0	0	0.0	0	0.0	1075	35.4
KIF21A	ENST00000361418	38	0		0		0		15	3,7,9,11,14-16,19-20,23,27,29,32,34,38	5785	0	0.0	0	0.0	0	0.0	2775	48.0
KIF21B	ENST00000461742	35	0		0		0		9	6,15,20,25-26,30-32,34	5572	0	0.0	0	0.0	0	0.0	1688	30.3
KIF22	ENST00000160827	14	0		0		0		6	1-2,5-6,10,12	2278	0	0.0	0	0.0	0	0.0	1200	52.7
KIF23	ENST00000679126	24	0		0		0		10	2,9,11-13,15-16,22-24	3405	0	0.0	0	0.0	0	0.0	1172	34.4
KIF26A	ENST00000423312	15	0		0		0		2	2,11	5949	0	0.0	0	0.0	0	0.0	449	7.5
KIF26B	ENST00000407071	15	0		0		0		8	2-4,6-7,9,12,14	6627	0	0.0	0	0.0	0	0.0	5302	80.0
KIF2A	ENST00000407818	21	0		0		0		6	6-7,12-15	2655	0	0.0	0	0.0	0	0.0	868	32.7
KIF3B	ENST00000375712	8	0		0		0		1	4	2404	0	0.0	0	0.0	0	0.0	143	5.9
KIF3C	ENST00000264712	8	0		0		0		2	1,4	2542	0	0.0	0	0.0	0	0.0	1704	67.0
KIF4A	ENST00000374403	30	0		0		5	11,19,23,30-31	30	2-31	4299	0	0.0	0	0.0	774	18.0	4299	100.0
KIF5A	ENST00000455537	28	0		0		0		5	14-17,20	3659	0	0.0	0	0.0	0	0.0	863	23.6
KIF5B	ENST00000302418	25	0		0		0		9	1-2,4,8,10,12,14,21,24	3392	0	0.0	0	0.0	0	0.0	1449	42.7
KIF5C	ENST00000435030	25	0		0		0		11	1,5,7,12,14-16,18,20,24-25	3374	0	0.0	0	0.0	0	0.0	1705	50.5
KIF6	ENST00000287152	23	0		0		0		6	2-3,14-15,18,22	2905	0	0.0	0	0.0	0	0.0	713	24.5
KIF7	ENST00000394412	18	0		0		0		11	2-5,11-15,18-19	4392	0	0.0	0	0.0	0	0.0	3098	70.5
KIFBP	ENST00000361983	7	0		0		0		4	1,4-5,7	2006	0	0.0	0	0.0	0	0.0	1651	82.3
KIR3DL1	ENST00000391728	9	0		0		0		2	3,5	1515	0	0.0	0	0.0	0	0.0	619	40.9
KIRREL1	ENST00000359209	15	0		0		0		3	5,11,15	2574	0	0.0	0	0.0	0	0.0	887	34.5
KIRREL3	ENST00000525144	17	0		0		0		5	3,5-6,10,15	2677	0	0.0	0	0.0	0	0.0	796	29.7
KISS1	ENST00000367194	2	0		0		0		0		457	0	0.0	0	0.0	0	0.0	0	0.0
KISS1R	ENST00000234371	5	0		0		0		0		1297	0	0.0	0	0.0	0	0.0	0	0.0
KIT	ENST00000288135	21	0		0		0		7	1-2,4,10-11,13,18	3351	0	0.0	0	0.0	0	0.0	1071	32.0
KITLG	ENST00000644744	9	0		0		0		1	5	1002	0	0.0	0	0.0	0	0.0	177	17.7
KIZ	ENST00000619189	13	0		0		0		4	3,5,12-13	2282	0	0.0	0	0.0	0	0.0	1022	44.8
KL	ENST00000380099	5	0		0		0		5	1-5	3139	0	0.0	0	0.0	0	0.0	3139	100.0
KLB	ENST00000257408	5	0		0		0		4	1-2,4-5	3235	0	0.0	0	0.0	0	0.0	2946	91.1
KLC1	ENST00000334553	15	0		0		0		4	2,5,9,13	2220	0	0.0	0	0.0	0	0.0	829	37.3
KLC2	ENST00000394067	15	0		0		0		1	5	2169	0	0.0	0	0.0	0	0.0	243	11.2
KLC4	ENST00000347162	15	0		0		0		1	3	2160	0	0.0	0	0.0	0	0.0	251	11.6
KLF1	ENST00000264834	3	0		0		0		3	1-3	1149	0	0.0	0	0.0	0	0.0	1149	100.0
KLF10	ENST00000285407	4	0		0		0		3	1,3-4	1523	0	0.0	0	0.0	0	0.0	1269	83.3
KLF11	ENST00000305883	4	0		0		0		2	2-3	1619	0	0.0	0	0.0	0	0.0	1256	77.6
KLF13	ENST00000307145	2	0		0		0		1	1	907	0	0.0	0	0.0	0	0.0	597	65.8
KLF2	ENST00000248071	3	0		0		0		1	3	1128	0	0.0	0	0.0	0	0.0	196	17.4
KLF4	ENST00000374672	5	0		0		0		5	1-5	1540	0	0.0	0	0.0	0	0.0	1540	100.0
KLF6	ENST00000497571	4	0		0		0		1	2	932	0	0.0	0	0.0	0	0.0	594	63.7
KLF7	ENST00000309446	4	0		0		0		1	2	989	0	0.0	0	0.0	0	0.0	651	65.8
KLHDC4	ENST00000270583	11	0		0		0		5	1-2,5,9-10	1783	0	0.0	0	0.0	0	0.0	1040	58.3
KLHDC8B	ENST00000332780	5	0		0		0		0		1165	0	0.0	0	0.0	0	0.0	0	0.0
KLHDC9	ENST00000368011	4	0		0		0		0		1130	0	0.0	0	0.0	0	0.0	0	0.0
KLHL10	ENST00000293303	5	0		0		0		4	1-3,5	1927	0	0.0	0	0.0	0	0.0	1757	91.2
KLHL13	ENST00000540167	7	0		0		3	5-6,8	7	2-8	2060	0	0.0	0	0.0	1541	74.8	2060	100.0
KLHL15	ENST00000328046	2	0		0		2	3-4	2	3-4	1855	0	0.0	0	0.0	1855	100.0	1855	100.0
KLHL17	ENST00000338591	12	0		0		0		1	3	2169	0	0.0	0	0.0	0	0.0	142	6.5
KLHL20	ENST00000209884	11	0		0		0		3	3,6,10	2050	0	0.0	0	0.0	0	0.0	959	46.8
KLHL24	ENST00000242810	6	0		0		0		2	4,7	1923	0	0.0	0	0.0	0	0.0	414	21.5
KLHL3	ENST00000309755	15	0		0		0		2	13,15	2064	0	0.0	0	0.0	0	0.0	210	10.2
KLHL40	ENST00000287777	6	0		0		0		2	1,4	1986	0	0.0	0	0.0	0	0.0	1378	69.4
KLHL41	ENST00000284669	6	0		0		0		3	1,4-5	1941	0	0.0	0	0.0	0	0.0	1503	77.4
KLHL42	ENST00000381271	3	0		0		0		2	1,3	1578	0	0.0	0	0.0	0	0.0	1364	86.4
KLHL7	ENST00000339077	11	0		0		0		6	1,4-6,9,11	1981	0	0.0	0	0.0	0	0.0	1202	60.7
KLHL9	ENST00000359039	1	0		0		0		1	1	1874	0	0.0	0	0.0	0	0.0	1874	100.0
KLK1	ENST00000301420	5	0		0		0		0		889	0	0.0	0	0.0	0	0.0	0	0.0
KLK11	ENST00000453757	5	0		0		0		0		853	0	0.0	0	0.0	0	0.0	0	0.0
KLK4	ENST00000324041	5	0		0		0		1	4	865	0	0.0	0	0.0	0	0.0	271	31.3
KLK5	ENST00000336334	5	0		0		0		0		982	0	0.0	0	0.0	0	0.0	0	0.0
KLK7	ENST00000595820	5	0		0		0		0		862	0	0.0	0	0.0	0	0.0	0	0.0
KLKB1	ENST00000264690	14	0		0		0		5	2,4,6-7,11	2197	0	0.0	0	0.0	0	0.0	704	32.0
KLLN	ENST00000445946	1	0		0		0		1	1	557	0	0.0	0	0.0	0	0.0	557	100.0
KLRG1	ENST00000356986	5	0		0		0		1	2	670	0	0.0	0	0.0	0	0.0	125	18.7
KLRG2	ENST00000340940	5	0		0		0		1	1	1330	0	0.0	0	0.0	0	0.0	777	58.4
KMO	ENST00000366559	15	0		0		0		2	5-6	1761	0	0.0	0	0.0	0	0.0	177	10.1
KMT2A	ENST00000534358	36	0		0		0		15	2-4,9,11,13,22,27-31,34-36	12639	0	0.0	0	0.0	0	0.0	8892	70.4
KMT2B	ENST00000420124	37	0		0		0		5	6-8,16,37	8888	0	0.0	0	0.0	0	0.0	1173	13.2
KMT2C	ENST00000262189	59	0		0		0		18	1,9,12,14,17,24,26,33,36-37,39-40,42-43,46,49,51-52	15916	0	0.0	0	0.0	0	0.0	7983	50.2
KMT2D	ENST00000301067	54	0		0		0		8	4,12,30,32-33,40,49,52	17694	0	0.0	0	0.0	0	0.0	7779	44.0
KMT2E	ENST00000311117	25	0		0		0		8	4,7,13,16-17,19,23,26	6077	0	0.0	0	0.0	0	0.0	1448	23.8
KMT5B	ENST00000304363	10	0		0		0		4	5,7,10-11	2858	0	0.0	0	0.0	0	0.0	2094	73.3
KNG1	ENST00000644859	10	0		0		0		4	1,6-7,10	2135	0	0.0	0	0.0	0	0.0	1343	62.9
KNL1	ENST00000399668	25	0		0		0		9	2,4,6-7,9-10,12,16,26	7451	0	0.0	0	0.0	0	0.0	5716	76.7
KNSTRN	ENST00000249776	9	0		0		0		2	1,3	1131	0	0.0	0	0.0	0	0.0	382	33.8
KNTC1	ENST00000333479	63	0		0		0		20	4,7-9,19,22,25-26,30,34-36,40,47,50-52,54,60-61	7890	0	0.0	0	0.0	0	0.0	2776	35.2
KPLCE	ENST00000368775	1	0		0		0		1	1	773	0	0.0	0	0.0	0	0.0	773	100.0
KPNA3	ENST00000261667	17	0		0		0		3	6,14,17	1906	0	0.0	0	0.0	0	0.0	327	17.2
KPNA4	ENST00000334256	17	0		0		0		4	1,9,14,16	1906	0	0.0	0	0.0	0	0.0	486	25.5
KPNA7	ENST00000327442	10	0		0		0		4	4-5,9-10	1751	0	0.0	0	0.0	0	0.0	762	43.5
KPTN	ENST00000338134	12	0		0		0		3	2,10,12	1551	0	0.0	0	0.0	0	0.0	408	26.3
KRAS	ENST00000256078	4	0		0		0		0		650	0	0.0	0	0.0	0	0.0	0	0.0
KRAS	ENST00000311936	4	0		0		0		2	2,4	647	0	0.0	0	0.0	0	0.0	311	48.1
KREMEN1	ENST00000400335	9	0		0		0		2	4-5	1557	0	0.0	0	0.0	0	0.0	319	20.5
KRIT1	ENST00000394505	16	0		0		0		9	4-6,9-10,12,14-15,19	2531	0	0.0	0	0.0	0	0.0	1291	51.0
KRT1	ENST00000252244	9	0		0		0		3	4,7,9	2115	0	0.0	0	0.0	0	0.0	802	37.9
KRT10	ENST00000269576	8	0		0		0		3	4,6-7	1915	0	0.0	0	0.0	0	0.0	815	42.6
KRT12	ENST00000251643	8	0		0		0		4	4-7	1645	0	0.0	0	0.0	0	0.0	660	40.1
KRT13	ENST00000246635	8	0		0		0		1	4	1537	0	0.0	0	0.0	0	0.0	182	11.8
KRT14	ENST00000167586	8	0		0		0		2	5-6	1579	0	0.0	0	0.0	0	0.0	387	24.5
KRT16	ENST00000301653	8	0		0		0		1	2	1582	0	0.0	0	0.0	0	0.0	103	6.5
KRT17	ENST00000311208	8	0		0		0		1	1	1459	0	0.0	0	0.0	0	0.0	452	31.0
KRT18	ENST00000388835	7	0		0		0		2	1,6	1433	0	0.0	0	0.0	0	0.0	681	47.5
KRT2	ENST00000309680	9	0		0		0		2	5,7	2100	0	0.0	0	0.0	0	0.0	426	20.3
KRT25	ENST00000312150	8	0		0		0		3	1,5-6	1513	0	0.0	0	0.0	0	0.0	833	55.1
KRT3	ENST00000417996	9	0		0		0		4	2,4-5,7	2067	0	0.0	0	0.0	0	0.0	783	37.9
KRT4	ENST00000551956	9	0		0		0		3	1-2,5	1743	0	0.0	0	0.0	0	0.0	902	51.7
KRT5	ENST00000252242	9	0		0		0		5	1-2,6-7,9	1953	0	0.0	0	0.0	0	0.0	1516	77.6
KRT6A	ENST00000330722	9	0		0		0		4	1-2,5,9	1875	0	0.0	0	0.0	0	0.0	1236	65.9
KRT6B	ENST00000252252	9	0		0		0		4	1-2,5,8	1875	0	0.0	0	0.0	0	0.0	1035	55.2
KRT6C	ENST00000252250	9	0		0		0		5	1-2,7-9	1875	0	0.0	0	0.0	0	0.0	1347	71.8
KRT71	ENST00000267119	9	0		0		0		4	2,5-7	1752	0	0.0	0	0.0	0	0.0	807	46.1
KRT74	ENST00000305620	9	0		0		0		3	1,8-9	1770	0	0.0	0	0.0	0	0.0	766	43.3
KRT75	ENST00000252245	9	0		0		0		4	1-2,6-7	1836	0	0.0	0	0.0	0	0.0	1140	62.1
KRT8	ENST00000692008	8	0		0		0		6	1-6	1612	0	0.0	0	0.0	0	0.0	1322	82.0
KRT81	ENST00000327741	9	0		0		0		6	1-3,5-7	1698	0	0.0	0	0.0	0	0.0	1271	74.9
KRT83	ENST00000293670	9	0		0		0		1	5	1662	0	0.0	0	0.0	0	0.0	185	11.1
KRT85	ENST00000257901	9	0		0		0		4	1,5,7,9	1704	0	0.0	0	0.0	0	0.0	1080	63.4
KRT86	ENST00000423955	9	0		0		0		4	4,7,9-10	1641	0	0.0	0	0.0	0	0.0	707	43.1
KRT9	ENST00000246662	7	0		0		0		1	6	2012	0	0.0	0	0.0	0	0.0	244	12.1
KRTDAP	ENST00000338897	6	0		0		0		0		420	0	0.0	0	0.0	0	0.0	0	0.0
KSR2	ENST00000339824	20	0		0		0		7	3-5,12,14,16,18	3253	0	0.0	0	0.0	0	0.0	1695	52.1
KY	ENST00000423778	11	0		0		0		3	1,3,11	2206	0	0.0	0	0.0	0	0.0	1155	52.4
KYNU	ENST00000264170	13	0		0		0		1	11	1658	0	0.0	0	0.0	0	0.0	73	4.4
L1CAM	ENST00000370060	28	0		0		1	5	27	2-14,16-29	4334	0	0.0	0	0.0	223	5.1	4189	96.7
L2HGDH	ENST00000267436	10	0		0		0		4	1,6,9-10	1592	0	0.0	0	0.0	0	0.0	583	36.6
LACC1	ENST00000325686	5	0		0		0		2	3,6	1393	0	0.0	0	0.0	0	0.0	379	27.2
LACTB	ENST00000261893	6	0		0		0		2	3-4	1764	0	0.0	0	0.0	0	0.0	568	32.2
LAGE3	ENST00000357360	3	0		0		0		3	1-3	492	0	0.0	0	0.0	0	0.0	492	100.0
LAMA1	ENST00000389658	63	0		0		0		24	4-5,9-10,13-14,19,23-25,27,31,34,36,38-39,42,44,48,52-53,56,58,62	10488	0	0.0	0	0.0	0	0.0	4232	40.4
LAMA2	ENST00000421865	65	0		0		0		17	2,5,8-9,11,16,23,30,33,40,45-46,50,57,60,63-64	10669	0	0.0	0	0.0	0	0.0	3052	28.6
LAMA3	ENST00000269217	38	0		0		0		1	1	5935	0	0.0	0	0.0	0	0.0	191	3.2
LAMA3	ENST00000313654	75	0		0		0		22	1,7,16,19-21,24,27,31,35,48,50,52-53,56-59,62,64,68-69	11502	0	0.0	0	0.0	0	0.0	3822	33.2
LAMA4	ENST00000230538	38	0		0		0		10	9,11,18-19,21,26-28,32,34	6232	0	0.0	0	0.0	0	0.0	1709	27.4
LAMA5	ENST00000252999	80	0		0		0		7	12-13,37,39,41,53-54	12688	0	0.0	0	0.0	0	0.0	1207	9.5
LAMB1	ENST00000222399	33	0		0		0		11	2,8-9,11,18,23-25,28-29,33	6021	0	0.0	0	0.0	0	0.0	2157	35.8
LAMB2	ENST00000305544	32	0		0		0		5	10,14-15,28,32	6037	0	0.0	0	0.0	0	0.0	912	15.1
LAMB3	ENST00000356082	22	0		0		0		6	7,9,12,14,19,23	3959	0	0.0	0	0.0	0	0.0	1226	31.0
LAMC1	ENST00000258341	28	0		0		0		10	1-2,9-10,12,19,21-22,26,28	5390	0	0.0	0	0.0	0	0.0	2363	43.8
LAMC2	ENST00000264144	23	0		0		0		10	1,7-9,11,13,15-16,19,23	4042	0	0.0	0	0.0	0	0.0	1809	44.8
LAMC3	ENST00000361069	28	0		0		0		15	1-2,4,12-15,17,19-20,23-26,28	5288	0	0.0	0	0.0	0	0.0	3266	61.8
LAMP2	ENST00000200639	9	0		0		3	2-4	8	1-6,8-9	1413	0	0.0	0	0.0	552	39.1	1329	94.1
LAMP3	ENST00000265598	6	0		0		0		3	1,3,5	1371	0	0.0	0	0.0	0	0.0	409	29.8
LAMTOR2	ENST00000368305	4	0		0		0		1	2	458	0	0.0	0	0.0	0	0.0	183	40.0
LARGE1	ENST00000397394	14	0		0		0		6	3,10-11,13-15	2551	0	0.0	0	0.0	0	0.0	1283	50.3
LARP1	ENST00000518297	19	0		0		0		7	6,8-9,11-12,16,18	3671	0	0.0	0	0.0	0	0.0	1445	39.4
LARP1B	ENST00000326639	18	0		0		0		7	3,8,10,16-19	3105	0	0.0	0	0.0	0	0.0	1044	33.6
LARP4	ENST00000398473	16	0		0		0		7	1,3,6-7,14-16	2495	0	0.0	0	0.0	0	0.0	1159	46.5
LARP7	ENST00000344442	12	0		0		0		3	3,8,12	1989	0	0.0	0	0.0	0	0.0	398	20.0
LARS1	ENST00000394434	32	0		0		0		9	4-5,7,10-11,18,30-32	4171	0	0.0	0	0.0	0	0.0	1344	32.2
LARS2	ENST00000645846	20	0		0		0		5	8,13,15-16,22	3112	0	0.0	0	0.0	0	0.0	947	30.4
LAS1L	ENST00000374811	14	0		0		2	2,11	14	1-14	2485	0	0.0	0	0.0	314	12.6	2485	100.0
LAT	ENST00000395456	11	0		0		0		0		922	0	0.0	0	0.0	0	0.0	0	0.0
LBR	ENST00000272163	13	0		0		0		2	10,14	2108	0	0.0	0	0.0	0	0.0	327	15.5
LBX1	ENST00000370193	2	0		0		0		2	1-2	886	0	0.0	0	0.0	0	0.0	886	100.0
LCA5	ENST00000369846	7	0		0		0		3	3,6,8	2234	0	0.0	0	0.0	0	0.0	1596	71.4
LCAT	ENST00000264005	6	0		0		0		1	6	1443	0	0.0	0	0.0	0	0.0	595	41.2
LCE3B	ENST00000335633	1	0		1	1	1	1	1	1	308	0	0.0	308	100.0	308	100.0	308	100.0
LCE3C	ENST00000684028	1	0		1	2	1	2	1	2	305	0	0.0	305	100.0	305	100.0	305	100.0
LCK	ENST00000336890	12	0		0		0		2	10,13	1770	0	0.0	0	0.0	0	0.0	320	18.1
LCORL	ENST00000635767	8	0		0		0		4	1,5-7	5776	0	0.0	0	0.0	0	0.0	5406	93.6
LCP1	ENST00000323076	15	0		0		0		6	4,7-11	2184	0	0.0	0	0.0	0	0.0	930	42.6
LCP2	ENST00000046794	21	0		0		0		4	7,13,17,19	2022	0	0.0	0	0.0	0	0.0	515	25.5
LCT	ENST00000264162	17	0		0		0		13	1,4,6-10,12-17	6124	0	0.0	0	0.0	0	0.0	5602	91.5
LCTL	ENST00000695545	13	0		0		0		4	5,7,10,13	1964	0	0.0	0	0.0	0	0.0	625	31.8
LDB1	ENST00000673968	11	0		0		0		1	11	1456	0	0.0	0	0.0	0	0.0	251	17.2
LDB3	ENST00000263066	8	0		0		0		0		1012	0	0.0	0	0.0	0	0.0	0	0.0
LDB3	ENST00000361373	13	0		0		0		4	5-6,8,12	2444	0	0.0	0	0.0	0	0.0	928	38.0
LDHA	ENST00000422447	7	0		0		0		1	3	1139	0	0.0	0	0.0	0	0.0	138	12.1
LDHB	ENST00000350669	7	0		0		0		1	3	1145	0	0.0	0	0.0	0	0.0	138	12.1
LDHD	ENST00000450168	11	0		0		0		3	1,3,7	1675	0	0.0	0	0.0	0	0.0	403	24.1
LDLR	ENST00000558518	18	0		0		0		9	1,3-5,9-10,14,16-17	2943	0	0.0	0	0.0	0	0.0	1663	56.5
LDLRAP1	ENST00000374338	9	0		0		0		1	7	1107	0	0.0	0	0.0	0	0.0	151	13.6
LEAP2	ENST00000296877	3	0		0		0		0		294	0	0.0	0	0.0	0	0.0	0	0.0
LEF1	ENST00000265165	11	0		0		0		2	1,3	1420	0	0.0	0	0.0	0	0.0	387	27.3
LEFTY2	ENST00000366820	4	0		0		0		3	1,3-4	1181	0	0.0	0	0.0	0	0.0	914	77.4
LEMD2	ENST00000293760	9	0		0		0		0		1692	0	0.0	0	0.0	0	0.0	0	0.0
LEMD3	ENST00000308330	13	0		0		0		3	1-2,9	2996	0	0.0	0	0.0	0	0.0	1799	60.0
LEO1	ENST00000299601	12	0		0		0		5	1-2,5-6,12	2241	0	0.0	0	0.0	0	0.0	1250	55.8
LEP	ENST00000308868	2	0		0		0		1	3	544	0	0.0	0	0.0	0	0.0	380	69.9
LEPR	ENST00000349533	18	0		0		0		9	3-4,6-7,9,11,14-15,20	3858	0	0.0	0	0.0	0	0.0	2521	65.3
LETM1	ENST00000302787	14	0		0		0		3	3,5,14	2500	0	0.0	0	0.0	0	0.0	799	32.0
LFNG	ENST00000222725	8	0		0		0		2	1,7	1300	0	0.0	0	0.0	0	0.0	558	42.9
LGALS2	ENST00000215886	4	0		0		0		2	3-4	479	0	0.0	0	0.0	0	0.0	350	73.1
LGALS3BP	ENST00000262776	5	0		0		0		2	5-6	1858	0	0.0	0	0.0	0	0.0	1422	76.5
LGALSL	ENST00000238875	5	0		0		0		2	2,5	619	0	0.0	0	0.0	0	0.0	256	41.4
LGI1	ENST00000371418	8	0		0		0		2	1,8	1834	0	0.0	0	0.0	0	0.0	1091	59.5
LGI3	ENST00000306317	8	0		0		0		2	6,8	1807	0	0.0	0	0.0	0	0.0	1028	56.9
LGI4	ENST00000310123	9	0		0		0		2	3,9	1794	0	0.0	0	0.0	0	0.0	427	23.8
LGR4	ENST00000379214	18	0		0		0		5	1,4-5,12,18	3216	0	0.0	0	0.0	0	0.0	1916	59.6
LGSN	ENST00000370657	4	0		0		0		3	2-4	1610	0	0.0	0	0.0	0	0.0	1560	96.9
LHB	ENST00000649238	3	0		0		0		0		486	0	0.0	0	0.0	0	0.0	0	0.0
LHCGR	ENST00000294954	11	0		0		0		5	3-4,7,9,11	2320	0	0.0	0	0.0	0	0.0	1658	71.5
LHFPL5	ENST00000360215	3	0		0		0		1	1	720	0	0.0	0	0.0	0	0.0	432	60.0
LHX1	ENST00000614239	5	0		0		0		3	1,3-4	1321	0	0.0	0	0.0	0	0.0	674	51.0
LHX2	ENST00000373615	5	0		0		0		1	3	1321	0	0.0	0	0.0	0	0.0	424	32.1
LHX3	ENST00000371748	6	0		0		0		2	2-3	1314	0	0.0	0	0.0	0	0.0	415	31.6
LHX4	ENST00000263726	6	0		0		0		4	1-2,4,6	1293	0	0.0	0	0.0	0	0.0	878	67.9
LHX8	ENST00000356261	8	0		0		0		3	3,5,9	1201	0	0.0	0	0.0	0	0.0	520	43.3
LIAS	ENST00000640888	11	0		0		0		3	1,10-11	1339	0	0.0	0	0.0	0	0.0	270	20.2
LIFR	ENST00000453190	19	0		0		0		9	4-5,8,10-11,13-14,19-20	3674	0	0.0	0	0.0	0	0.0	2020	55.0
LIG1	ENST00000263274	27	0		0		0		6	11,19,22-23,27-28	3300	0	0.0	0	0.0	0	0.0	678	20.5
LIG3	ENST00000378526	19	0		0		0		6	4,15-17,19-20	3410	0	0.0	0	0.0	0	0.0	1039	30.5
LIG4	ENST00000442234	1	0		0		0		1	3	2756	0	0.0	0	0.0	0	0.0	2756	100.0
LIM2	ENST00000596399	4	0		0		0		0		602	0	0.0	0	0.0	0	0.0	0	0.0
LIMA1	ENST00000341247	10	0		0		0		3	7,10-11	2480	0	0.0	0	0.0	0	0.0	1308	52.7
LIMK1	ENST00000336180	16	0		0		0		2	7,13	2264	0	0.0	0	0.0	0	0.0	364	16.1
LIMS2	ENST00000355119	10	0		0		0		1	5	1226	0	0.0	0	0.0	0	0.0	170	13.9
LINGO1	ENST00000355300	2	0		0		0		1	2	1903	0	0.0	0	0.0	0	0.0	1877	98.6
LINGO4	ENST00000368820	1	0		0		0		1	2	1802	0	0.0	0	0.0	0	0.0	1802	100.0
LINS1	ENST00000314742	6	0		0		0		4	2-3,5,7	2394	0	0.0	0	0.0	0	0.0	2040	85.2
LIPA	ENST00000336233	9	0		0		0		3	3,9-10	1380	0	0.0	0	0.0	0	0.0	484	35.1
LIPC	ENST00000299022	9	0		0		0		4	3,5-6,9	1680	0	0.0	0	0.0	0	0.0	852	50.7
LIPE	ENST00000244289	10	0		0		0		5	1-2,4,6,9	3431	0	0.0	0	0.0	0	0.0	2385	69.5
LIPH	ENST00000296252	10	0		0		0		5	2-4,7,10	1556	0	0.0	0	0.0	0	0.0	863	55.5
LIPI	ENST00000681601	10	0		0		0		3	2-3,8	1583	0	0.0	0	0.0	0	0.0	667	42.1
LIPN	ENST00000404459	9	0		0		0		3	6,8,10	1377	0	0.0	0	0.0	0	0.0	503	36.5
LIPT1	ENST00000651691	1	0		0		0		1	2	1142	0	0.0	0	0.0	0	0.0	1142	100.0
LIPT2	ENST00000310109	2	0		0		0		1	2	736	0	0.0	0	0.0	0	0.0	250	34.0
LITAF	ENST00000622633	3	0		0		0		0		546	0	0.0	0	0.0	0	0.0	0	0.0
LMAN1	ENST00000251047	13	0		0		0		4	5-6,9,13	1793	0	0.0	0	0.0	0	0.0	535	29.8
LMAN1L	ENST00000309664	14	0		0		0		4	1,9,13-14	1861	0	0.0	0	0.0	0	0.0	665	35.7
LMAN2L	ENST00000264963	8	0		0		0		1	8	1207	0	0.0	0	0.0	0	0.0	163	13.5
LMBR1	ENST00000353442	17	0		0		0		7	3,5,9,11,13,15-16	1813	0	0.0	0	0.0	0	0.0	737	40.7
LMBRD1	ENST00000649934	16	0		0		0		6	2,6,8-9,11,14	1943	0	0.0	0	0.0	0	0.0	847	43.6
LMBRD2	ENST00000296603	17	0		0		0		4	2,8-9,14	2428	0	0.0	0	0.0	0	0.0	656	27.0
LMF1	ENST00000262301	11	0		0		0		2	4,7	1924	0	0.0	0	0.0	0	0.0	370	19.2
LMNA	ENST00000368300	12	0		0		0		0		2235	0	0.0	0	0.0	0	0.0	0	0.0
LMNA	ENST00000677389	10	0		0		0		3	1,4,6	1919	0	0.0	0	0.0	0	0.0	808	42.1
LMNB1	ENST00000261366	11	0		0		0		3	1,9-10	1981	0	0.0	0	0.0	0	0.0	647	32.7
LMNB2	ENST00000325327	12	0		0		0		4	1,3,8,11	2103	0	0.0	0	0.0	0	0.0	892	42.4
LMNTD2	ENST00000329451	14	0		0		0		2	10,12	2185	0	0.0	0	0.0	0	0.0	421	19.3
LMO1	ENST00000335790	4	0		0		0		2	2,4	551	0	0.0	0	0.0	0	0.0	360	65.3
LMO2	ENST00000257818	4	0		0		0		2	4-5	764	0	0.0	0	0.0	0	0.0	497	65.1
LMOD1	ENST00000367288	3	0		0		0		1	1	1863	0	0.0	0	0.0	0	0.0	281	15.1
LMOD2	ENST00000458573	3	0		0		0		2	1-2	1704	0	0.0	0	0.0	0	0.0	1657	97.2
LMOD3	ENST00000420581	3	0		0		0		2	1-2	1743	0	0.0	0	0.0	0	0.0	1696	97.3
LMTK3	ENST00000600059	15	0		0		0		2	9,11	4683	0	0.0	0	0.0	0	0.0	2687	57.4
LMX1A	ENST00000342310	8	0		0		0		2	3,9	1309	0	0.0	0	0.0	0	0.0	388	29.6
LMX1B	ENST00000373474	8	0		0		0		3	1-3	1369	0	0.0	0	0.0	0	0.0	619	45.2
LNPK	ENST00000272748	12	0		0		0		5	3,5-6,9,12	1527	0	0.0	0	0.0	0	0.0	626	41.0
LNX1	ENST00000263925	10	0		0		0		5	2,4,6-7,10	2387	0	0.0	0	0.0	0	0.0	1299	54.4
LONP1	ENST00000360614	18	0		0		0		8	1,3-4,7-8,10,16,18	3240	0	0.0	0	0.0	0	0.0	1820	56.2
LORICRIN	ENST00000368742	1	0		0		0		1	2	959	0	0.0	0	0.0	0	0.0	959	100.0
LOX	ENST00000231004	7	0		0		0		2	1-2	1394	0	0.0	0	0.0	0	0.0	780	56.0
LOXHD1	ENST00000642948	41	0		0		0		17	2,6-9,13-14,18,20,26,28-30,32,36-37,41	7642	0	0.0	0	0.0	0	0.0	3508	45.9
LOXL1	ENST00000261921	7	0		0		0		1	1	1865	0	0.0	0	0.0	0	0.0	1122	60.2
LOXL3	ENST00000264094	13	0		0		0		2	4,13	2522	0	0.0	0	0.0	0	0.0	367	14.6
LOXL4	ENST00000260702	14	0		0		0		5	2,6-7,10-11	2551	0	0.0	0	0.0	0	0.0	1188	46.6
LPA	ENST00000316300	39	0		0		0		6	17,19,21,27,37-38	6903	0	0.0	0	0.0	0	0.0	1074	15.6
LPAR2	ENST00000407877	2	0		0		0		1	2	1087	0	0.0	0	0.0	0	0.0	753	69.3
LPAR6	ENST00000620633	1	0		0		0		1	1	1055	0	0.0	0	0.0	0	0.0	1055	100.0
LPIN1	ENST00000674199	20	0		0		0		6	3-4,10,12,14,21	3181	0	0.0	0	0.0	0	0.0	1025	32.2
LPIN2	ENST00000677752	19	0		0		0		6	4,9,12,14-15,17	3071	0	0.0	0	0.0	0	0.0	1147	37.3
LPL	ENST00000650287	10	0		0		0		3	1-2,6	1628	0	0.0	0	0.0	0	0.0	552	33.9
LPP	ENST00000617246	9	0		0		0		4	5,7,10-11	2019	0	0.0	0	0.0	0	0.0	1177	58.3
LRAT	ENST00000336356	2	0		0		0		1	2	733	0	0.0	0	0.0	0	0.0	560	76.4
LRBA	ENST00000651943	56	0		0		0		19	2,6-7,11-12,15-17,20,23,25,30,32,35,39,42-43,47,55	9679	0	0.0	0	0.0	0	0.0	3926	40.6
LRCH1	ENST00000389797	20	0		0		0		4	1,6,9,12	2692	0	0.0	0	0.0	0	0.0	730	27.1
LRFN2	ENST00000338305	2	0		0		0		2	2-3	2410	0	0.0	0	0.0	0	0.0	2410	100.0
LRFN5	ENST00000298119	4	0		0		0		2	3-4	2240	0	0.0	0	0.0	0	0.0	2138	95.4
LRIF1	ENST00000369763	4	0		0		0		3	1-2,4	2390	0	0.0	0	0.0	0	0.0	2097	87.7
LRIG1	ENST00000273261	19	0		0		0		13	1,4-8,10,12-13,15-16,18-19	3662	0	0.0	0	0.0	0	0.0	2807	76.7
LRIG2	ENST00000361127	18	0		0		0		8	1-4,8,11,14-15	3558	0	0.0	0	0.0	0	0.0	1620	45.5
LRIT3	ENST00000594814	4	0		0		0		4	1-4	2120	0	0.0	0	0.0	0	0.0	2120	100.0
LRMDA	ENST00000611255	7	0		0		0		1	3	821	0	0.0	0	0.0	0	0.0	147	17.9
LRP1	ENST00000243077	89	0		0		0		9	7-8,11-12,23,27,41,60-61	15415	0	0.0	0	0.0	0	0.0	2248	14.6
LRP10	ENST00000359591	7	0		0		0		2	2,5	2282	0	0.0	0	0.0	0	0.0	1103	48.3
LRP12	ENST00000276654	7	0		0		0		5	2-5,7	2720	0	0.0	0	0.0	0	0.0	2468	90.7
LRP1B	ENST00000389484	91	0		0		0		30	1,6-7,9,11-13,21-22,24-25,28-32,40-41,45,54-55,61,64-65,68,70,72,75,78,82	15620	0	0.0	0	0.0	0	0.0	5680	36.4
LRP2	ENST00000649046	79	0		0		0		24	2,8,11-14,18,21,24-25,32-33,35,37,39,42-43,56,61,63-64,66-68	15548	0	0.0	0	0.0	0	0.0	5676	36.5
LRP4	ENST00000378623	38	0		0		0		17	2,6,12-13,15-16,19-22,25,27-29,35,37-38	6478	0	0.0	0	0.0	0	0.0	3398	52.5
LRP5	ENST00000294304	23	0		0		0		9	2,6-7,9,12,15,19,21,23	5308	0	0.0	0	0.0	0	0.0	2464	46.4
LRP6	ENST00000261349	23	0		0		0		6	3,6,9,16,20,23	5302	0	0.0	0	0.0	0	0.0	1741	32.8
LRP8	ENST00000306052	19	0		0		0		4	5,7-8,10	3272	0	0.0	0	0.0	0	0.0	941	28.8
LRPAP1	ENST00000650182	8	0		0		0		3	1-2,5	1234	0	0.0	0	0.0	0	0.0	568	46.0
LRPPRC	ENST00000260665	38	0		0		0		13	2,4,6,11-12,15,20-23,26,30,36	4945	0	0.0	0	0.0	0	0.0	1741	35.2
LRRC23	ENST00000443597	6	0		0		0		2	5,7	1152	0	0.0	0	0.0	0	0.0	445	38.6
LRRC24	ENST00000529415	4	0		0		0		3	3-5	1622	0	0.0	0	0.0	0	0.0	1443	89.0
LRRC32	ENST00000260061	2	0		0		0		1	3	2029	0	0.0	0	0.0	0	0.0	1925	94.9
LRRC37A3	ENST00000584306	12	0		0		0		4	7,12-13,15	5145	0	0.0	0	0.0	0	0.0	1835	35.7
LRRC4	ENST00000249363	1	0		0		0		1	2	1982	0	0.0	0	0.0	0	0.0	1982	100.0
LRRC40	ENST00000370952	15	0		0		0		6	1,9,11-13,15	2109	0	0.0	0	0.0	0	0.0	720	34.1
LRRC45	ENST00000306688	17	0		0		0		0		2353	0	0.0	0	0.0	0	0.0	0	0.0
LRRC4C	ENST00000528697	1	0		0		0		1	7	1943	0	0.0	0	0.0	0	0.0	1943	100.0
LRRC56	ENST00000270115	11	0		0		0		0		1849	0	0.0	0	0.0	0	0.0	0	0.0
LRRC7	ENST00000651989	27	0		0		0		8	4,7,13,17-18,21-22,24	5268	0	0.0	0	0.0	0	0.0	2945	55.9
LRRC74A	ENST00000689127	14	0		0		0		5	2-3,5,7,11	1696	0	0.0	0	0.0	0	0.0	728	42.9
LRRC8A	ENST00000372600	2	0		0		0		2	3-4	2473	0	0.0	0	0.0	0	0.0	2473	100.0
LRRC8C	ENST00000370454	2	0		0		0		2	2-3	2452	0	0.0	0	0.0	0	0.0	2452	100.0
LRRD1	ENST00000458448	5	0		0		0		3	2-3,5	2683	0	0.0	0	0.0	0	0.0	2294	85.5
LRRIQ4	ENST00000340806	5	0		0		0		2	2-3	1783	0	0.0	0	0.0	0	0.0	1234	69.2
LRRK1	ENST00000388948	33	0		0		0		13	4,7-8,10,12,18,20-23,25-26,32	6708	0	0.0	0	0.0	0	0.0	3095	46.1
LRRK2	ENST00000298910	51	0		0		2	24-25	20	6,11,15-16,20-21,23-26,28-29,31-32,35-37,39,49,51	8604	0	0.0	0	0.0	440	5.1	3706	43.1
LRSAM1	ENST00000300417	24	0		0		0		7	4,10,12-13,18-19,23	2652	0	0.0	0	0.0	0	0.0	736	27.8
LRTOMT	NM_001145309.4	5	0		0		0		1	1	976	0	0.0	0	0.0	0	0.0	54	5.5
LSM1	ENST00000311351	4	0		0		0		3	1,3-4	482	0	0.0	0	0.0	0	0.0	393	81.5
LSM11	ENST00000286307	4	0		0		0		2	2,4	1163	0	0.0	0	0.0	0	0.0	591	50.8
LSM7	ENST00000252622	4	0		0		0		1	1	392	0	0.0	0	0.0	0	0.0	26	6.6
LSR	ENST00000605618	10	0		0		0		2	2,4	2006	0	0.0	0	0.0	0	0.0	442	22.0
LSS	ENST00000397728	22	0		0		0		1	15	2639	0	0.0	0	0.0	0	0.0	170	6.4
LTA	ENST00000418386	3	0		0		0		0		678	0	0.0	0	0.0	0	0.0	0	0.0
LTBP1	ENST00000404816	34	0		0		0		7	1-3,6,21-22,27	5846	0	0.0	0	0.0	0	0.0	1657	28.3
LTBP2	ENST00000261978	36	0		0		0		5	3-7	6186	0	0.0	0	0.0	0	0.0	1221	19.7
LTBP3	ENST00000301873	28	0		0		0		3	2,20,28	4472	0	0.0	0	0.0	0	0.0	710	15.9
LTBP4	ENST00000396819	30	0		0		0		7	6,8,20,23,26-27,30	5274	0	0.0	0	0.0	0	0.0	1267	24.0
LTC4S	ENST00000292596	5	0		0		0		0		553	0	0.0	0	0.0	0	0.0	0	0.0
LTV1	ENST00000367576	11	0		0		0		2	4,8	1648	0	0.0	0	0.0	0	0.0	268	16.3
LY96	ENST00000284818	5	0		0		0		0		583	0	0.0	0	0.0	0	0.0	0	0.0
LYL1	ENST00000264824	3	0		0		0		1	4	903	0	0.0	0	0.0	0	0.0	436	48.3
LYN	ENST00000519728	12	0		0		0		5	4,6,9-10,13	1779	0	0.0	0	0.0	0	0.0	773	43.5
LYPLA2	ENST00000374514	9	0		0		0		0		876	0	0.0	0	0.0	0	0.0	0	0.0
LYRM1	ENST00000567954	3	0		0		0		1	4	429	0	0.0	0	0.0	0	0.0	137	31.9
LYRM4	ENST00000330636	3	0		0		0		1	3	336	0	0.0	0	0.0	0	0.0	89	26.5
LYRM7	ENST00000379380	5	0		0		0		2	1,3	415	0	0.0	0	0.0	0	0.0	129	31.1
LYSET	ENST00000415050	2	0		0		0		1	2	532	0	0.0	0	0.0	0	0.0	432	81.2
LYST	ENST00000389793	51	0		0		0		20	3,5-10,12,14-15,17-18,23,27,30,32-33,45,51-52	12426	0	0.0	0	0.0	0	0.0	7185	57.8
LYZ	ENST00000261267	4	0		0		0		1	3	527	0	0.0	0	0.0	0	0.0	99	18.8
LZTFL1	ENST00000296135	10	0		0		0		3	4,8,10	1100	0	0.0	0	0.0	0	0.0	317	28.8
LZTR1	ENST00000646124	21	0		0		0		1	10	2943	0	0.0	0	0.0	0	0.0	176	6.0
LZTS1	ENST00000381569	3	0		0		0		3	2-4	1851	0	0.0	0	0.0	0	0.0	1851	100.0
M1AP	ENST00000421985	10	0		0		0		0		1793	0	0.0	0	0.0	0	0.0	0	0.0
MAB21L1	ENST00000379919	1	0		0		0		1	1	1100	0	0.0	0	0.0	0	0.0	1100	100.0
MAB21L2	ENST00000317605	1	0		0		0		1	1	1100	0	0.0	0	0.0	0	0.0	1100	100.0
MACF1	ENST00000564288	101	0		0		0		28	10,18,29-30,34,36-37,39,43,45,48,51,55-58,61,65-66,68,70,78-79,82-83,85,89,91	24688	0	0.0	0	0.0	0	0.0	12667	51.3
MACROD2	ENST00000684519	18	0		0		0		2	3,12	1707	0	0.0	0	0.0	0	0.0	217	12.7
MACROH2A1	ENST00000511689	8	0		0		0		3	2-3,8	1279	0	0.0	0	0.0	0	0.0	514	40.2
MAD1L1	ENST00000265854	17	0		0		0		5	4-5,9,12,19	2497	0	0.0	0	0.0	0	0.0	840	33.6
MAD2L2	ENST00000376692	8	0		0		0		1	8	796	0	0.0	0	0.0	0	0.0	113	14.2
MADD	ENST00000706887	36	0		0		0		10	3-4,12-13,17-18,23-24,33,37	5673	0	0.0	0	0.0	0	0.0	2291	40.4
MAF	ENST00000326043	2	0		0		0		2	1-2	1252	0	0.0	0	0.0	0	0.0	1252	100.0
MAFA	ENST00000333480	1	0		0		0		1	1	1082	0	0.0	0	0.0	0	0.0	1082	100.0
MAFB	ENST00000373313	1	0		0		0		1	1	992	0	0.0	0	0.0	0	0.0	992	100.0
MAG	ENST00000392213	9	0		0		0		4	6-9	2061	0	0.0	0	0.0	0	0.0	984	47.7
MAGED1	ENST00000326587	11	0		0		3	3-4,12	10	3-12	2557	0	0.0	0	0.0	1815	71.0	2492	97.5
MAGED2	ENST00000375068	11	0		0		3	3,11-12	11	2-12	2041	0	0.0	0	0.0	1102	54.0	2041	100.0
MAGEE2	ENST00000373359	1	0		0		1	1	1	1	1592	0	0.0	0	0.0	1592	100.0	1592	100.0
MAGEL2	ENST00000650528	1	0		0		0		1	1	3770	0	0.0	0	0.0	0	0.0	3770	100.0
MAGI1	ENST00000402939	23	0		0		0		8	1,9,11-12,14,16-17,23	4849	0	0.0	0	0.0	0	0.0	2870	59.2
MAGI2	ENST00000354212	22	0		0		0		9	1,4,7-8,10,16-17,21-22	4808	0	0.0	0	0.0	0	0.0	2752	57.2
MAGI3	ENST00000307546	21	0		0		0		8	1,4-5,10,12-13,15,21	4866	0	0.0	0	0.0	0	0.0	3023	62.1
MAGT1	ENST00000618282	10	0		0		3	2,4-5	10	1-10	1208	0	0.0	0	0.0	512	42.4	1208	100.0
MAK	ENST00000354489	14	0		0		0		7	4-5,8,10,12-13,15	2227	0	0.0	0	0.0	0	0.0	1045	46.9
MAL	ENST00000309988	4	0		0		0		1	2	542	0	0.0	0	0.0	0	0.0	188	34.7
MALT1	ENST00000649217	17	0		0		0		5	9,11-14	2815	0	0.0	0	0.0	0	0.0	664	23.6
MAMDC2	ENST00000377182	14	0		0		0		7	1-2,6-7,9-11	2341	0	0.0	0	0.0	0	0.0	1152	49.2
MAML2	ENST00000524717	5	0		0		0		4	1-3,5	3571	0	0.0	0	0.0	0	0.0	3439	96.3
MAMLD1	ENST00000370401	6	0		0		3	2,4-5	5	2-6	2445	0	0.0	0	0.0	2025	82.8	2384	97.5
MAN1B1	ENST00000371589	13	0		0		0		7	1,3,6-8,10-11	2360	0	0.0	0	0.0	0	0.0	1339	56.7
MAN2A2	ENST00000559717	22	0		0		0		5	3-4,8,13,16	3893	0	0.0	0	0.0	0	0.0	881	22.6
MAN2B1	ENST00000456935	24	0		0		0		6	3-7,21	3516	0	0.0	0	0.0	0	0.0	1112	31.6
MAN2B2	ENST00000285599	19	0		0		0		7	2,4,12-14,16,18	3410	0	0.0	0	0.0	0	0.0	1272	37.3
MAN2C1	ENST00000267978	26	0		0		0		4	5,22-23,26	3643	0	0.0	0	0.0	0	0.0	575	15.8
MANBA	ENST00000647097	17	0		0		0		7	1,7,10,13-16	2980	0	0.0	0	0.0	0	0.0	1226	41.1
MANF	ENST00000528157	4	0		0		0		2	2,4	629	0	0.0	0	0.0	0	0.0	353	56.1
MAOA	ENST00000338702	15	0		0		1	1	14	1-10,12-15	1884	0	0.0	0	0.0	93	4.9	1806	95.9
MAOB	ENST00000378069	15	0		0		0		14	1-11,13-15	1863	0	0.0	0	0.0	0	0.0	1745	93.7
MAP1B	ENST00000296755	7	0		0		0		4	1,4-6	7547	0	0.0	0	0.0	0	0.0	7146	94.7
MAP1LC3B2	ENST00000556529	1	0		0		0		1	2	398	0	0.0	0	0.0	0	0.0	398	100.0
MAP2	ENST00000682079	12	0		0		0		3	8-9,11	5724	0	0.0	0	0.0	0	0.0	4055	70.8
MAP2K1	ENST00000307102	11	0		0		0		2	5,7	1402	0	0.0	0	0.0	0	0.0	294	21.0
MAP2K2	ENST00000262948	11	0		0		0		3	2,5,7	1423	0	0.0	0	0.0	0	0.0	537	37.7
MAP3K1	ENST00000399503	20	0		0		0		9	1-4,7,14,17-18,20	4939	0	0.0	0	0.0	0	0.0	3059	61.9
MAP3K14	ENST00000344686	15	0		0		0		8	2,5-8,12-14	3144	0	0.0	0	0.0	0	0.0	2037	64.8
MAP3K20	ENST00000375213	19	0		0		0		7	3,8,11-12,16-17,20	2783	0	0.0	0	0.0	0	0.0	1407	50.6
MAP3K3	ENST00000361733	16	0		0		0		3	11-12,16	2201	0	0.0	0	0.0	0	0.0	630	28.6
MAP3K6	ENST00000357582	29	0		0		0		6	5,16-17,22-23,29	4447	0	0.0	0	0.0	0	0.0	976	21.9
MAP3K7	ENST00000369329	17	0		0		0		6	1,7-9,14,16	2161	0	0.0	0	0.0	0	0.0	804	37.2
MAP3K8	ENST00000263056	7	0		0		0		2	5-6	1544	0	0.0	0	0.0	0	0.0	409	26.5
MAP4K4	ENST00000324219	33	0		0		0		15	1-7,10,12,15,17-18,20,25-26	4815	0	0.0	0	0.0	0	0.0	2273	47.2
MAP7D3	ENST00000316077	18	0		0		2	8,16	17	1-13,15-18	2991	0	0.0	0	0.0	916	30.6	2917	97.5
MAPK1	ENST00000215832	8	0		0		0		1	2	1243	0	0.0	0	0.0	0	0.0	203	16.3
MAPK10	ENST00000641462	12	0		0		0		3	3,9-10	1635	0	0.0	0	0.0	0	0.0	381	23.3
MAPK3	ENST00000263025	8	0		0		0		5	2-6	1300	0	0.0	0	0.0	0	0.0	837	64.4
MAPK8	ENST00000374189	11	0		0		0		3	4,8-9	1504	0	0.0	0	0.0	0	0.0	427	28.4
MAPK8IP1	ENST00000241014	12	0		0		0		0		2376	0	0.0	0	0.0	0	0.0	0	0.0
MAPK8IP3	ENST00000610761	32	0		0		0		2	1-2	4654	0	0.0	0	0.0	0	0.0	479	10.3
MAPKAPK3	ENST00000621469	10	0		0		0		2	10-11	1349	0	0.0	0	0.0	0	0.0	274	20.3
MAPKAPK5	ENST00000550735	14	0		0		0		4	1,5,13-14	1696	0	0.0	0	0.0	0	0.0	425	25.1
MAPKBP1	ENST00000457542	30	0		0		0		4	2,11-12,14	5127	0	0.0	0	0.0	0	0.0	643	12.5
MAPRE2	ENST00000300249	7	0		0		0		4	1,4-5,7	1124	0	0.0	0	0.0	0	0.0	631	56.1
MAPT	ENST00000262410	12	0		0		0		2	5,12	2742	0	0.0	0	0.0	0	0.0	1218	44.4
MARCHF6	ENST00000274140	26	0		0		0		0		3253	0	0.0	0	0.0	0	0.0	0	0.0
MARCHF9	ENST00000266643	4	0		0		0		0		1121	0	0.0	0	0.0	0	0.0	0	0.0
MARK2	ENST00000402010	19	0		0		0		4	8-9,16,19	2747	0	0.0	0	0.0	0	0.0	1056	38.4
MARK3	ENST00000429436	18	0		0		0		2	13,15	2622	0	0.0	0	0.0	0	0.0	516	19.7
MARK4	ENST00000262891	17	0		0		0		5	2,8,11-12,17	2599	0	0.0	0	0.0	0	0.0	1145	44.1
MARS1	ENST00000262027	21	0		0		0		4	6,12,17-18	3123	0	0.0	0	0.0	0	0.0	716	22.9
MARS2	ENST00000282276	1	0		0		0		1	1	1802	0	0.0	0	0.0	0	0.0	1802	100.0
MARVELD2	ENST00000325631	6	0		0		0		3	2-4	1797	0	0.0	0	0.0	0	0.0	1391	77.4
MASP1	ENST00000296280	11	0		0		0		1	11	2407	0	0.0	0	0.0	0	0.0	904	37.6
MASP1	ENST00000337774	16	0		0		0		2	3,11	2420	0	0.0	0	0.0	0	0.0	356	14.7
MASP2	ENST00000400897	11	0		0		0		4	2,4,6,11	2281	0	0.0	0	0.0	0	0.0	1353	59.3
MAST1	ENST00000251472	26	0		0		0		14	4-7,9,12,14-17,21,24-26	5233	0	0.0	0	0.0	0	0.0	3466	66.2
MAST2	ENST00000361297	29	0		0		0		9	5,7-8,15-17,24,28-29	5977	0	0.0	0	0.0	0	0.0	2905	48.6
MAST3	ENST00000687212	28	0		0		0		3	2-3,14	4604	0	0.0	0	0.0	0	0.0	391	8.5
MAST4	ENST00000403625	29	0		0		0		10	1,6,12,14-17,23,25,29	8452	0	0.0	0	0.0	0	0.0	5704	67.5
MASTL	ENST00000375940	12	0		0		0		5	1-2,8,10,12	2880	0	0.0	0	0.0	0	0.0	1836	63.8
MAT1A	ENST00000372213	9	0		0		0		1	8	1368	0	0.0	0	0.0	0	0.0	154	11.3
MAT2A	ENST00000306434	9	0		0		0		3	3-5	1368	0	0.0	0	0.0	0	0.0	440	32.2
MATN2	ENST00000254898	18	0		0		0		6	2-3,9-10,13-14	3231	0	0.0	0	0.0	0	0.0	1615	50.0
MATN3	ENST00000407540	8	0		0		0		2	2,6	1621	0	0.0	0	0.0	0	0.0	733	45.2
MATN4	ENST00000372756	9	0		0		0		4	3,5,7,9	1926	0	0.0	0	0.0	0	0.0	1295	67.2
MATR3	ENST00000394805	14	0		0		0		8	2,5,7,9-12,15	2824	0	0.0	0	0.0	0	0.0	2076	73.5
MAU2	ENST00000262815	19	0		0		0		6	1-2,7,11,15-16	2222	0	0.0	0	0.0	0	0.0	838	37.7
MAX	ENST00000358664	5	0		0		0		0		583	0	0.0	0	0.0	0	0.0	0	0.0
MB	ENST00000397326	3	0		0		0		2	2-3	525	0	0.0	0	0.0	0	0.0	410	78.1
MBD2	ENST00000256429	6	0		0		0		2	1-2	1356	0	0.0	0	0.0	0	0.0	742	54.7
MBD3L1	ENST00000595891	1	0		0		0		1	3	605	0	0.0	0	0.0	0	0.0	605	100.0
MBD4	ENST00000429544	8	0		0		0		2	1,3	1885	0	0.0	0	0.0	0	0.0	992	52.6
MBD5	ENST00000642680	10	0		0		0		3	8-9,11	5384	0	0.0	0	0.0	0	0.0	4416	82.0
MBL2	ENST00000674931	4	0		0		0		3	2-3,5	827	0	0.0	0	0.0	0	0.0	738	89.2
MBOAT2	ENST00000305997	13	0		0		0		6	5-6,10-13	1823	0	0.0	0	0.0	0	0.0	807	44.3
MBOAT7	ENST00000245615	7	0		0		0		3	5-6,8	1559	0	0.0	0	0.0	0	0.0	969	62.2
MBTPS1	ENST00000343411	22	0		0		0		10	2,4,6,10-12,15-16,20,23	3599	0	0.0	0	0.0	0	0.0	1738	48.3
MBTPS2	ENST00000379484	11	0		0		1	9	11	1-11	1780	0	0.0	0	0.0	216	12.1	1780	100.0
MC1R	ENST00000555147	1	0		0		0		1	1	974	0	0.0	0	0.0	0	0.0	974	100.0
MC2R	ENST00000327606	1	0		0		0		1	2	914	0	0.0	0	0.0	0	0.0	914	100.0
MC3R	ENST00000243911	1	0		0		0		1	1	992	0	0.0	0	0.0	0	0.0	992	100.0
MC4R	ENST00000299766	1	0		0		0		1	1	1019	0	0.0	0	0.0	0	0.0	1019	100.0
MCAT	ENST00000290429	4	0		0		0		2	3-4	1253	0	0.0	0	0.0	0	0.0	702	56.0
MCC	ENST00000408903	19	0		0		0		8	1-3,7-8,16-18	3440	0	0.0	0	0.0	0	0.0	1589	46.2
MCCC1	ENST00000265594	19	0		0		0		7	2,5,7,9-10,14,16	2558	0	0.0	0	0.0	0	0.0	866	33.9
MCCC2	ENST00000340941	17	0		0		0		7	1,6-7,11-12,15-16	2032	0	0.0	0	0.0	0	0.0	847	41.7
MCEE	ENST00000244217	3	0		0		0		1	1	591	0	0.0	0	0.0	0	0.0	60	10.2
MCF2	ENST00000519895	28	0		0		3	19,23-24	27	2-10,12-29	3566	0	0.0	0	0.0	445	12.5	3354	94.1
MCF2L	ENST00000535094	30	0		0		0		7	12-13,20-21,24-26	3978	0	0.0	0	0.0	0	0.0	976	24.5
MCFD2	ENST00000319466	3	0		0		0		0		501	0	0.0	0	0.0	0	0.0	0	0.0
MCIDAS	ENST00000513312	7	0		0		0		3	3-4,7	1298	0	0.0	0	0.0	0	0.0	666	51.3
MCM10	ENST00000378714	19	0		0		0		4	4,14,16,20	3005	0	0.0	0	0.0	0	0.0	617	20.5
MCM2	ENST00000265056	16	0		0		0		8	1,4-6,10-11,13-14	3035	0	0.0	0	0.0	0	0.0	1668	55.0
MCM3AP	ENST00000291688	28	0		0		0		11	1,4-5,8-9,11-12,14-15,21,23	6503	0	0.0	0	0.0	0	0.0	3548	54.6
MCM4	ENST00000649973	16	0		0		0		9	3-5,7-9,11-12,16	2912	0	0.0	0	0.0	0	0.0	1827	62.7
MCM5	ENST00000216122	16	0		0		0		8	2-5,8-9,13,17	2525	0	0.0	0	0.0	0	0.0	1255	49.7
MCM6	ENST00000264156	17	0		0		0		6	1,3,6,8,14,17	2806	0	0.0	0	0.0	0	0.0	879	31.3
MCM7	ENST00000303887	15	0		0		0		4	8,11,13-14	2460	0	0.0	0	0.0	0	0.0	868	35.3
MCM8	ENST00000610722	18	0		0		0		4	5,7,15,17	2883	0	0.0	0	0.0	0	0.0	726	25.2
MCM9	ENST00000619706	12	0		0		0		4	3,6,9,14	3672	0	0.0	0	0.0	0	0.0	2231	60.8
MCMDC2	ENST00000422365	14	0		0		0		6	7-9,11-12,14	2326	0	0.0	0	0.0	0	0.0	1046	45.0
MCOLN1	ENST00000264079	14	0		0		0		1	14	2023	0	0.0	0	0.0	0	0.0	57	2.8
MCPH1	ENST00000344683	14	0		0		0		3	3,8,11	2788	0	0.0	0	0.0	0	0.0	1497	53.7
MCRS1	ENST00000343810	14	0		0		0		1	6	1669	0	0.0	0	0.0	0	0.0	130	7.8
MCTP2	ENST00000357742	22	0		0		0		4	3,5,9-10	3077	0	0.0	0	0.0	0	0.0	582	18.9
MCTS1	ENST00000371317	6	0		0		0		6	1-6	666	0	0.0	0	0.0	0	0.0	666	100.0
MDFIC	ENST00000393486	4	0		0		0		2	2-3	821	0	0.0	0	0.0	0	0.0	257	31.3
MDH1	ENST00000233114	9	0		0		0		5	1-2,6-8	1185	0	0.0	0	0.0	0	0.0	583	49.2
MDH2	ENST00000315758	9	0		0		1	9	5	3-4,6,8-9	1197	0	0.0	0	0.0	152	12.7	656	54.8
MDM2	ENST00000258149	11	0		0		0		5	1-2,4,9,11	1714	0	0.0	0	0.0	0	0.0	1065	62.1
MDM4	ENST00000367182	10	0		0		0		4	2,4,9,11	1673	0	0.0	0	0.0	0	0.0	1012	60.5
MDN1	ENST00000369393	102	0		0		0		43	1-3,6-7,12,14,16,19,24,28,30,34-35,39-40,42,44-45,52,56,60-61,63,65-66,69-70,72-74,76,78-80,87-88,91-93,98-99,101	18831	0	0.0	0	0.0	0	0.0	8969	47.6
ME2	ENST00000321341	15	0		0		0		5	2-3,6-7,15	2055	0	0.0	0	0.0	0	0.0	707	34.4
ME3	ENST00000543262	14	0		0		0		3	2,4,13	2095	0	0.0	0	0.0	0	0.0	567	27.1
MECOM	ENST00000651503	17	0		0		0		3	2,7-8	4060	0	0.0	0	0.0	0	0.0	1909	47.0
MECP2	ENST00000303391	3	0		0		1	2	1	2	1521	0	0.0	0	0.0	46	3.0	46	3.0
MECP2	ENST00000453960	3	0		0		1	3	3	1-3	1557	0	0.0	0	0.0	1104	70.9	1557	100.0
MECR	ENST00000263702	10	0		0		0		2	1,10	1322	0	0.0	0	0.0	0	0.0	374	28.3
MED11	ENST00000293777	3	0		0		0		3	1-3	414	0	0.0	0	0.0	0	0.0	414	100.0
MED12	ENST00000374080	45	0		0		4	4,20,23,37	40	1-10,12-16,19-21,23-33,35-45	7434	0	0.0	0	0.0	921	12.4	6694	90.0
MED12L	ENST00000687756	44	0		0		0		16	2,4,6,14,18-20,25-26,29-30,33,36,39-40,42	7423	0	0.0	0	0.0	0	0.0	2613	35.2
MED13	ENST00000397786	30	0		0		0		13	5,7-10,13,15-16,18-20,24,28	7125	0	0.0	0	0.0	0	0.0	4029	56.5
MED13L	ENST00000281928	31	0		0		0		9	1,10,16-17,21-22,24,29,31	7253	0	0.0	0	0.0	0	0.0	3291	45.4
MED16	ENST00000325464	15	0		0		1	12	7	2-3,5-6,8,12-13	2934	0	0.0	0	0.0	213	7.3	1577	53.7
MED17	ENST00000251871	12	0		0		0		9	1-3,6-10,12	2196	0	0.0	0	0.0	0	0.0	1754	79.9
MED20	ENST00000265350	4	0		0		0		1	4	719	0	0.0	0	0.0	0	0.0	236	32.8
MED22	ENST00000343730	4	0		0		0		1	4	683	0	0.0	0	0.0	0	0.0	229	33.5
MED23	ENST00000368068	29	0		0		0		7	7,11,15,18,22,24,29	4687	0	0.0	0	0.0	0	0.0	1262	26.9
MED25	ENST00000312865	18	0		0		0		4	1-2,5,16	2604	0	0.0	0	0.0	0	0.0	600	23.0
MED27	ENST00000292035	8	0		0		0		2	1,6	1096	0	0.0	0	0.0	0	0.0	285	26.0
MED30	ENST00000297347	4	0		0		0		1	1	617	0	0.0	0	0.0	0	0.0	197	31.9
MEF2A	ENST00000557942	10	0		0		0		5	4-6,11-12	1718	0	0.0	0	0.0	0	0.0	1165	67.8
MEF2C	ENST00000504921	10	0		0		0		3	4,9,11	1622	0	0.0	0	0.0	0	0.0	656	40.4
MEFV	ENST00000219596	10	0		0		0		4	2-3,5,10	2546	0	0.0	0	0.0	0	0.0	1848	72.6
MEGF10	ENST00000503335	24	0		0		0		6	6,9,14,17,19,22	3903	0	0.0	0	0.0	0	0.0	1109	28.4
MEGF6	ENST00000356575	37	0		0		0		1	1	5366	0	0.0	0	0.0	0	0.0	151	2.8
MEGF8	ENST00000251268	42	0		0		1	40	4	6,40-42	9378	0	0.0	0	0.0	151	1.6	2029	21.6
MEI1	ENST00000401548	31	0		0		0		7	1,7,16,18-19,21,30	4445	0	0.0	0	0.0	0	0.0	1102	24.8
MEI4	ENST00000684080	4	0		0		0		2	3,5	1238	0	0.0	0	0.0	0	0.0	834	67.4
MEIOB	ENST00000325962	13	0		0		0		6	2-3,7,10,12-13	1676	0	0.0	0	0.0	0	0.0	721	43.0
MEIS2	ENST00000561208	12	0		0		0		1	7	1674	0	0.0	0	0.0	0	0.0	135	8.1
MEN1	ENST00000450708	9	0		0		0		2	2,10	2013	0	0.0	0	0.0	0	0.0	968	48.1
MEOX1	ENST00000318579	3	0		0		0		1	1	825	0	0.0	0	0.0	0	0.0	489	59.3
MEPCE	ENST00000310512	4	0		0		0		1	1	2150	0	0.0	0	0.0	0	0.0	1691	78.7
MEPE	ENST00000361056	3	0		0		0		2	3-4	1638	0	0.0	0	0.0	0	0.0	1564	95.5
MERTK	ENST00000295408	19	0		0		0		9	3-4,9-12,15,18-19	3380	0	0.0	0	0.0	0	0.0	1715	50.7
MESD	ENST00000261758	3	0		0		0		2	1-2	765	0	0.0	0	0.0	0	0.0	486	63.5
MESP1	ENST00000300057	2	0		0		0		1	2	847	0	0.0	0	0.0	0	0.0	104	12.3
MESP2	ENST00000341735	2	0		0		0		2	1-2	1234	0	0.0	0	0.0	0	0.0	1234	100.0
MEST	ENST00000223215	12	0		0		0		1	9	1248	0	0.0	0	0.0	0	0.0	122	9.8
MET	ENST00000397752	20	0		0		0		6	2,9,13,17-18,21	4573	0	0.0	0	0.0	0	0.0	2169	47.4
METAP1	ENST00000296411	11	0		0		0		1	7	1381	0	0.0	0	0.0	0	0.0	159	11.5
METRN	ENST00000568223	4	0		0		0		0		962	0	0.0	0	0.0	0	0.0	0	0.0
METTL13	ENST00000361735	8	0		0		0		4	1-4	2260	0	0.0	0	0.0	0	0.0	1389	61.5
METTL21A	ENST00000411432	3	0		0		0		1	4	717	0	0.0	0	0.0	0	0.0	418	58.3
METTL22	ENST00000381920	10	0		0		0		6	3,5-6,9-11	1415	0	0.0	0	0.0	0	0.0	1026	72.5
METTL23	ENST00000341249	4	0		0		0		0		653	0	0.0	0	0.0	0	0.0	0	0.0
METTL25B	ENST00000368216	8	0		0		0		3	2,6-7	1588	0	0.0	0	0.0	0	0.0	855	53.8
METTL4	ENST00000574538	8	0		0		0		3	4-5,8	1579	0	0.0	0	0.0	0	0.0	592	37.5
METTL5	ENST00000260953	7	0		0		0		2	1,7	770	0	0.0	0	0.0	0	0.0	188	24.4
MFAP5	ENST00000359478	9	0		0		0		0		702	0	0.0	0	0.0	0	0.0	0	0.0
MFF	ENST00000304593	7	0		0		0		2	3,5	1016	0	0.0	0	0.0	0	0.0	310	30.5
MFGE8	ENST00000268150	8	0		0		0		0		1324	0	0.0	0	0.0	0	0.0	0	0.0
MFHAS1	ENST00000276282	3	0		0		0		1	1	3219	0	0.0	0	0.0	0	0.0	3018	93.8
MFN1	ENST00000471841	17	0		0		0		6	2,8-9,12,17-18	2566	0	0.0	0	0.0	0	0.0	773	30.1
MFN2	ENST00000235329	17	0		0		0		7	3,5,8,12,15,17-18	2614	0	0.0	0	0.0	0	0.0	1266	48.4
MFRP	ENST00000619721	13	0		0		0		1	6	2000	0	0.0	0	0.0	0	0.0	151	7.5
MFSD2A	ENST00000372811	14	0		0		0		3	8-9,13	1873	0	0.0	0	0.0	0	0.0	443	23.7
MFSD6	ENST00000392328	6	0		0		0		3	3,7-8	2496	0	0.0	0	0.0	0	0.0	2077	83.2
MFSD6L	ENST00000329805	1	0		0		0		1	1	1781	0	0.0	0	0.0	0	0.0	1781	100.0
MFSD8	ENST00000641686	12	0		0		0		2	8,11	1797	0	0.0	0	0.0	0	0.0	397	22.1
MGA	ENST00000703841	23	0		0		0		14	2-3,6-8,11,13-17,20,23-24	9805	0	0.0	0	0.0	0	0.0	8275	84.4
MGAT2	ENST00000305386	1	0		0		0		1	1	1364	0	0.0	0	0.0	0	0.0	1364	100.0
MGME1	ENST00000377710	4	0		0		0		4	2-5	1115	0	0.0	0	0.0	0	0.0	1115	100.0
MGP	ENST00000539261	4	0		0		0		0		392	0	0.0	0	0.0	0	0.0	0	0.0
MIA3	ENST00000344922	28	0		0		0		8	1,3-4,6,9,11,22,25	6284	0	0.0	0	0.0	0	0.0	3678	58.5
MIB1	ENST00000261537	21	0		0		0		5	10-11,14,20-21	3441	0	0.0	0	0.0	0	0.0	735	21.4
MICA	ENST00000449934	5	0		0		0		2	3-4	1099	0	0.0	0	0.0	0	0.0	607	55.2
MICAL1	ENST00000358807	24	0		0		0		2	3,23	3684	0	0.0	0	0.0	0	0.0	348	9.4
MICAL3	ENST00000441493	31	0		0		0		11	2-4,8-9,16,23,25-26,28,32	6629	0	0.0	0	0.0	0	0.0	3669	55.3
MICALL1	ENST00000215957	16	0		0		0		5	6,9-10,13,16	2912	0	0.0	0	0.0	0	0.0	1302	44.7
MICOS13	ENST00000309324	4	0		0		0		1	2	437	0	0.0	0	0.0	0	0.0	198	45.3
MICU1	ENST00000361114	11	0		0		0		4	7-9,12	1651	0	0.0	0	0.0	0	0.0	660	40.0
MICU2	ENST00000382374	12	0		0		0		7	1,5-10	1545	0	0.0	0	0.0	0	0.0	926	59.9
MID1	ENST00000317552	9	0		0		1	2	9	2-10	2184	0	0.0	0	0.0	680	31.1	2184	100.0
MID2	ENST00000262843	10	0		0		2	2,7	10	1-10	2408	0	0.0	0	0.0	990	41.1	2408	100.0
MIEF1	ENST00000325301	4	0		0		0		2	5-6	1472	0	0.0	0	0.0	0	0.0	1110	75.4
MIEF2	ENST00000323019	3	0		0		0		1	4	1425	0	0.0	0	0.0	0	0.0	1075	75.4
MIF	ENST00000215754	3	0		0		0		0		408	0	0.0	0	0.0	0	0.0	0	0.0
MILR1	ENST00000619286	9	0		0		0		3	4,6,9	1212	0	0.0	0	0.0	0	0.0	488	40.3
MINAR2	ENST00000564719	3	0		0		0		2	1,3	633	0	0.0	0	0.0	0	0.0	385	60.8
MINDY2	ENST00000559228	9	0		0		0		4	1-2,5,8	2046	0	0.0	0	0.0	0	0.0	1276	62.4
MINPP1	ENST00000371996	5	0		0		0		5	1-5	1564	0	0.0	0	0.0	0	0.0	1564	100.0
MIP	ENST00000652304	4	0		0		0		2	1-2	872	0	0.0	0	0.0	0	0.0	565	64.8
MIPEP	ENST00000382172	19	0		0		0		6	1,4,7,9,17-18	2522	0	0.0	0	0.0	0	0.0	810	32.1
MITF	ENST00000352241	10	0		0		0		1	1	1781	0	0.0	0	0.0	0	0.0	124	7.0
MITF	ENST00000394351	9	0		0		0		5	2,5-6,8-9	1440	0	0.0	0	0.0	0	0.0	1071	74.4
MKI67	ENST00000368654	14	0		0		0		4	2-3,6-7	10051	0	0.0	0	0.0	0	0.0	1377	13.7
MKKS	ENST00000347364	4	0		0		0		2	3,6	1793	0	0.0	0	0.0	0	0.0	1466	81.8
MKRN2	ENST00000170447	8	0		0		0		4	3,5,7-8	1411	0	0.0	0	0.0	0	0.0	760	53.9
MKRN3	ENST00000314520	1	0		0		0		1	1	1544	0	0.0	0	0.0	0	0.0	1544	100.0
MKS1	ENST00000393119	18	0		0		0		6	1,4,8,11,17-18	2040	0	0.0	0	0.0	0	0.0	721	35.3
MLANA	ENST00000381477	4	0		0		0		1	4	437	0	0.0	0	0.0	0	0.0	134	30.7
MLC1	ENST00000311597	11	0		0		0		4	2,4-6	1354	0	0.0	0	0.0	0	0.0	515	38.0
MLF1	ENST00000466246	8	0		0		0		5	1-2,5-6,8	1012	0	0.0	0	0.0	0	0.0	690	68.2
MLH1	ENST00000231790	19	0		0		0		6	1-2,9,11,15,19	2651	0	0.0	0	0.0	0	0.0	826	31.2
MLH3	ENST00000355774	12	0		0		1	5	4	2,5-6,12	4602	0	0.0	0	0.0	125	2.7	3690	80.2
MLIP	ENST00000502396	14	0		0		0		2	3,13	3262	0	0.0	0	0.0	0	0.0	487	14.9
MLLT1	ENST00000252674	12	0		0		0		0		1920	0	0.0	0	0.0	0	0.0	0	0.0
MLLT10	ENST00000307729	22	0		0		0		6	2,5,14,20-21,23	3647	0	0.0	0	0.0	0	0.0	1073	29.4
MLLT3	ENST00000380338	11	0		0		0		2	2,10	1927	0	0.0	0	0.0	0	0.0	293	15.2
MLPH	ENST00000264605	15	0		0		0		4	3,7,10-11	2103	0	0.0	0	0.0	0	0.0	849	40.4
MLXIPL	ENST00000313375	17	0		0		0		3	1,14-15	2899	0	0.0	0	0.0	0	0.0	605	20.9
MLYCD	ENST00000262430	5	0		0		0		2	4-5	1582	0	0.0	0	0.0	0	0.0	724	45.8
MMAA	ENST00000649156	6	0		0		0		1	5	1377	0	0.0	0	0.0	0	0.0	106	7.7
MMAB	ENST00000545712	9	0		0		0		2	1,8	933	0	0.0	0	0.0	0	0.0	234	25.1
MMACHC	ENST00000401061	4	0		0		0		3	1-2,4	929	0	0.0	0	0.0	0	0.0	756	81.4
MMADHC	ENST00000303319	7	0		0		0		3	4,7-8	1031	0	0.0	0	0.0	0	0.0	560	54.3
MME	ENST00000360490	22	0		0		0		9	4,6-7,9,11-13,18,20	2693	0	0.0	0	0.0	0	0.0	1238	46.0
MMGT1	ENST00000305963	4	0		0		0		4	1-4	476	0	0.0	0	0.0	0	0.0	476	100.0
MMP1	ENST00000315274	10	0		0		0		4	2-3,6-7	1610	0	0.0	0	0.0	0	0.0	726	45.1
MMP12	ENST00000571244	10	0		0		0		3	5,7,9	1613	0	0.0	0	0.0	0	0.0	463	28.7
MMP13	ENST00000260302	10	0		0		0		4	2-4,7	1616	0	0.0	0	0.0	0	0.0	731	45.2
MMP14	ENST00000311852	10	0		0		0		2	4,10	1949	0	0.0	0	0.0	0	0.0	680	34.9
MMP15	ENST00000219271	10	0		0		0		5	1,3-5,8	2210	0	0.0	0	0.0	0	0.0	1012	45.8
MMP19	ENST00000322569	9	0		0		0		3	4,8-9	1707	0	0.0	0	0.0	0	0.0	743	43.5
MMP2	ENST00000219070	13	0		0		0		2	2,7	2243	0	0.0	0	0.0	0	0.0	441	19.7
MMP20	ENST00000260228	10	0		0		0		2	1,4	1652	0	0.0	0	0.0	0	0.0	292	17.7
MMP21	ENST00000368808	7	0		0		0		5	1-4,6	1850	0	0.0	0	0.0	0	0.0	1252	67.7
MMP23B	ENST00000356026	8	0		0		0		2	5,7	1333	0	0.0	0	0.0	0	0.0	332	24.9
MMP27	ENST00000260229	10	0		0		0		4	4-5,7-8	1742	0	0.0	0	0.0	0	0.0	662	38.0
MMP3	ENST00000299855	10	0		0		0		2	5,10	1634	0	0.0	0	0.0	0	0.0	306	18.7
MMP9	ENST00000372330	13	0		0		0		3	4,10,13	2384	0	0.0	0	0.0	0	0.0	448	18.8
MMRN1	ENST00000264790	8	0		0		0		7	1-2,4-8	3847	0	0.0	0	0.0	0	0.0	3720	96.7
MMRN2	ENST00000372027	7	0		0		0		4	2,5-7	2990	0	0.0	0	0.0	0	0.0	2578	86.2
MMS19	ENST00000438925	31	0		0		0		4	1,3,17,23	3713	0	0.0	0	0.0	0	0.0	521	14.0
MMUT	ENST00000274813	12	0		0		0		6	3,5,7,10-11,13	2493	0	0.0	0	0.0	0	0.0	1181	47.4
MN1	ENST00000302326	2	0		0		0		1	1	4003	0	0.0	0	0.0	0	0.0	3801	95.0
MNS1	ENST00000260453	10	0		0		0		5	4-5,8-10	1688	0	0.0	0	0.0	0	0.0	910	53.9
MNX1	ENST00000252971	3	0		0		0		2	1-2	1266	0	0.0	0	0.0	0	0.0	892	70.5
MOCOS	ENST00000261326	15	0		0		0		6	1,4,7-8,11,13	2967	0	0.0	0	0.0	0	0.0	1747	58.9
MOCS1	ENST00000340692	11	0		0		0		3	1,4,11	2131	0	0.0	0	0.0	0	0.0	1109	52.0
MOCS2	ENST00000396954	5	0		0		0		3	4,6-7	667	0	0.0	0	0.0	0	0.0	378	56.7
MOCS2	ENST00000450852	3	0		0		0		1	2	327	0	0.0	0	0.0	0	0.0	142	43.4
MOCS3	ENST00000244051	1	0		0		0		1	1	1403	0	0.0	0	0.0	0	0.0	1403	100.0
MOG	ENST00000376917	8	0		0		0		1	1	904	0	0.0	0	0.0	0	0.0	108	11.9
MOGS	ENST00000448666	4	0		0		0		3	1-2,4	2594	0	0.0	0	0.0	0	0.0	2377	91.6
MORC2	ENST00000397641	26	0		0		0		7	6,9,11,15,19,23,25	3619	0	0.0	0	0.0	0	0.0	1382	38.2
MOS	ENST00000311923	1	0		0		0		1	1	1061	0	0.0	0	0.0	0	0.0	1061	100.0
MOSPD2	ENST00000380492	15	0		0		3	3,7,14	15	1-15	1857	0	0.0	0	0.0	358	19.3	1857	100.0
MOV10L1	ENST00000262794	27	0		0		0		6	3,7-9,18,23	4176	0	0.0	0	0.0	0	0.0	1147	27.5
MPC1	ENST00000360961	5	0		0		0		1	3	430	0	0.0	0	0.0	0	0.0	117	27.2
MPC2	ENST00000271373	5	0		0		0		1	2	484	0	0.0	0	0.0	0	0.0	129	26.7
MPDU1	ENST00000250124	7	0		0		0		1	1	884	0	0.0	0	0.0	0	0.0	123	13.9
MPDZ	ENST00000319217	46	0		0		0		11	7,10,19,23,27-28,30,35,39,42,47	7133	0	0.0	0	0.0	0	0.0	1579	22.1
MPEG1	ENST00000361050	1	0		0		0		1	1	2171	0	0.0	0	0.0	0	0.0	2171	100.0
MPI	ENST00000352410	8	0		0		0		3	3-4,6	1432	0	0.0	0	0.0	0	0.0	577	40.3
MPIG6B	ENST00000649779	6	0		0		0		2	2-3	846	0	0.0	0	0.0	0	0.0	479	56.6
MPL	ENST00000372470	12	0		0		0		4	4-5,9-10	2148	0	0.0	0	0.0	0	0.0	799	37.2
MPLKIP	ENST00000306984	2	0		0		0		1	1	580	0	0.0	0	0.0	0	0.0	359	61.9
MPO	ENST00000225275	12	0		0		0		2	9,11	2478	0	0.0	0	0.0	0	0.0	534	21.5
MPP4	ENST00000409474	21	0		0		0		1	5	2334	0	0.0	0	0.0	0	0.0	101	4.3
MPP7	ENST00000683449	16	0		0		0		5	4,6,8,10,17	2051	0	0.0	0	0.0	0	0.0	773	37.7
MPV17	ENST00000380044	7	0		0		0		1	8	671	0	0.0	0	0.0	0	0.0	90	13.4
MPZ	ENST00000533357	6	0		0		0		0		867	0	0.0	0	0.0	0	0.0	0	0.0
MPZL2	ENST00000278937	5	0		0		0		1	5	748	0	0.0	0	0.0	0	0.0	84	11.2
MR1	ENST00000367580	6	0		0		0		1	4	1146	0	0.0	0	0.0	0	0.0	296	25.8
MRAP	ENST00000303645	3	0		0		0		1	3	579	0	0.0	0	0.0	0	0.0	333	57.5
MRAP2	ENST00000257776	3	0		0		0		0		678	0	0.0	0	0.0	0	0.0	0	0.0
MRAS	ENST00000423968	5	0		0		0		2	2,6	727	0	0.0	0	0.0	0	0.0	333	45.8
MRC2	ENST00000303375	30	0		0		0		7	2-3,7,10-11,13,30	5040	0	0.0	0	0.0	0	0.0	1534	30.4
MRE11	ENST00000323929	19	0		0		0		7	8,11,13,16-19	2507	0	0.0	0	0.0	0	0.0	914	36.5
MRI1	ENST00000040663	6	0		0		0		4	2-4,6	1230	0	0.0	0	0.0	0	0.0	833	67.7
MRM2	ENST00000242257	3	0		0		0		2	2-3	801	0	0.0	0	0.0	0	0.0	773	96.5
MRPL12	ENST00000333676	5	0		0		0		2	3,5	697	0	0.0	0	0.0	0	0.0	241	34.6
MRPL3	ENST00000264995	10	0		0		0		2	1,3	1247	0	0.0	0	0.0	0	0.0	224	18.0
MRPL35	ENST00000337109	4	0		0		0		0		647	0	0.0	0	0.0	0	0.0	0	0.0
MRPL38	ENST00000309352	9	0		0		0		2	1,8	1323	0	0.0	0	0.0	0	0.0	244	18.4
MRPL39	ENST00000352957	10	0		0		0		1	6	1217	0	0.0	0	0.0	0	0.0	133	10.9
MRPL40	ENST00000333130	4	0		0		0		2	3-4	701	0	0.0	0	0.0	0	0.0	524	74.8
MRPL42	ENST00000549982	5	0		0		0		2	2-3	529	0	0.0	0	0.0	0	0.0	174	32.9
MRPL44	ENST00000258383	4	0		0		0		2	1-2	1079	0	0.0	0	0.0	0	0.0	688	63.8
MRPL49	ENST00000279242	4	0		0		0		1	4	581	0	0.0	0	0.0	0	0.0	167	28.7
MRPL50	ENST00000374865	2	0		0		0		0		517	0	0.0	0	0.0	0	0.0	0	0.0
MRPL54	ENST00000330133	3	0		0		0		0		477	0	0.0	0	0.0	0	0.0	0	0.0
MRPS14	ENST00000476371	3	0		0		0		0		447	0	0.0	0	0.0	0	0.0	0	0.0
MRPS16	ENST00000372945	3	0		0		0		3	1-3	474	0	0.0	0	0.0	0	0.0	474	100.0
MRPS2	ENST00000241600	4	0		0		0		2	3-4	971	0	0.0	0	0.0	0	0.0	762	78.5
MRPS22	ENST00000680020	8	0		0		0		2	1,6	1243	0	0.0	0	0.0	0	0.0	358	28.8
MRPS23	ENST00000313608	5	0		0		0		2	1-2	673	0	0.0	0	0.0	0	0.0	255	37.9
MRPS25	ENST00000253686	4	0		0		0		3	1-2,4	602	0	0.0	0	0.0	0	0.0	494	82.1
MRPS27	ENST00000261413	11	0		0		0		1	4	1465	0	0.0	0	0.0	0	0.0	79	5.4
MRPS28	ENST00000276585	3	0		0		0		1	1	624	0	0.0	0	0.0	0	0.0	233	37.3
MRPS34	ENST00000397375	3	0		0		0		1	3	717	0	0.0	0	0.0	0	0.0	313	43.7
MRPS6	ENST00000399312	3	0		0		0		2	1-2	438	0	0.0	0	0.0	0	0.0	225	51.4
MRPS7	ENST00000245539	5	0		0		0		2	2,5	829	0	0.0	0	0.0	0	0.0	454	54.8
MRTFA	ENST00000355630	13	0		0		0		3	10-12	3356	0	0.0	0	0.0	0	0.0	1497	44.6
MRTFB	ENST00000571589	15	0		0		0		5	6,12,14,16-17	3600	0	0.0	0	0.0	0	0.0	1970	54.7
MRTO4	ENST00000330263	8	0		0		0		2	5,8	880	0	0.0	0	0.0	0	0.0	258	29.3
MS4A1	ENST00000345732	6	0		0		0		3	6-8	1014	0	0.0	0	0.0	0	0.0	618	60.9
MS4A10	ENST00000308287	7	0		0		0		2	5,7	944	0	0.0	0	0.0	0	0.0	291	30.8
MS4A2	ENST00000278888	7	0		0		0		2	3,5	875	0	0.0	0	0.0	0	0.0	334	38.2
MSC	ENST00000325509	2	0		0		0		1	1	661	0	0.0	0	0.0	0	0.0	554	83.8
MSGN1	ENST00000281047	1	0		0		0		1	1	602	0	0.0	0	0.0	0	0.0	602	100.0
MSH2	ENST00000233146	16	0		0		0		8	1,4,9-11,13,15-16	3125	0	0.0	0	0.0	0	0.0	1443	46.2
MSH3	ENST00000265081	24	0		0		0		11	1,3,9,11-15,20-22	3894	0	0.0	0	0.0	0	0.0	1951	50.1
MSH4	ENST00000263187	20	0		0		0		7	1,6,9,12-13,16,19	3211	0	0.0	0	0.0	0	0.0	1082	33.7
MSH5	ENST00000375750	24	0		0		0		2	7,23	2985	0	0.0	0	0.0	0	0.0	288	9.6
MSH6	ENST00000234420	10	0		0		0		4	1,4,8,10	4283	0	0.0	0	0.0	0	0.0	3122	72.9
MSI1	ENST00000257552	14	0		0		0		2	4,9	1369	0	0.0	0	0.0	0	0.0	243	17.8
MSL2	ENST00000309993	2	0		0		0		1	2	1774	0	0.0	0	0.0	0	0.0	1612	90.9
MSL3	ENST00000312196	13	0		0		3	2,4,6	13	1-13	1826	0	0.0	0	0.0	367	20.1	1826	100.0
MSMB	ENST00000582163	4	0		0		0		2	3-4	425	0	0.0	0	0.0	0	0.0	276	64.9
MSMO1	ENST00000261507	5	0		0		0		2	4-5	982	0	0.0	0	0.0	0	0.0	322	32.8
MSN	ENST00000360270	13	0		0		1	3	13	1-13	1994	0	0.0	0	0.0	116	5.8	1994	100.0
MSR1	ENST00000262101	9	0		0		0		4	4-7	1536	0	0.0	0	0.0	0	0.0	842	54.8
MSRB3	ENST00000308259	6	0		0		0		1	5	678	0	0.0	0	0.0	0	0.0	49	7.2
MST1	ENST00000449682	18	0		0		0		3	1,8,18	2538	0	0.0	0	0.0	0	0.0	485	19.1
MST1R	ENST00000296474	20	0		0		0		3	1,3,20	4603	0	0.0	0	0.0	0	0.0	1675	36.4
MSTN	ENST00000260950	3	0		0		0		3	1-3	1188	0	0.0	0	0.0	0	0.0	1188	100.0
MSTO1	ENST00000245564	14	0		0		0		5	1-2,9-10,14	1993	0	0.0	0	0.0	0	0.0	820	41.1
MSX1	ENST00000382723	2	0		0		0		2	1-2	952	0	0.0	0	0.0	0	0.0	952	100.0
MSX2	ENST00000239243	2	0		0		0		2	1-2	844	0	0.0	0	0.0	0	0.0	844	100.0
MT-ATP6	chrM	1	0		0		0		0		681	0	0.0	0	0.0	0	0.0	0	0.0
MT-ATP8	chrM	1	0		0		0		0		207	0	0.0	0	0.0	0	0.0	0	0.0
MT-CO1	chrM	1	0		0		0		0		1542	0	0.0	0	0.0	0	0.0	0	0.0
MT-CO2	chrM	1	0		0		0		0		684	0	0.0	0	0.0	0	0.0	0	0.0
MT-CO3	chrM	1	0		0		0		0		784	0	0.0	0	0.0	0	0.0	0	0.0
MT-CYB	chrM	1	0		0		0		0		1141	0	0.0	0	0.0	0	0.0	0	0.0
MT-ND1	chrM	1	0		0		0		0		956	0	0.0	0	0.0	0	0.0	0	0.0
MT-ND2	chrM	1	0		0		0		0		1042	0	0.0	0	0.0	0	0.0	0	0.0
MT-ND3	chrM	1	0		0		0		0		346	0	0.0	0	0.0	0	0.0	0	0.0
MT-ND4	chrM	1	0		0		0		0		1378	0	0.0	0	0.0	0	0.0	0	0.0
MT-ND4L	chrM	1	0		0		0		0		297	0	0.0	0	0.0	0	0.0	0	0.0
MT-ND5	chrM	1	0		0		0		0		1812	0	0.0	0	0.0	0	0.0	0	0.0
MT-ND6	chrM	1	0		0		0		0		525	0	0.0	0	0.0	0	0.0	0	0.0
MT1A	ENST00000290705	3	0		0		0		1	2	246	0	0.0	0	0.0	0	0.0	86	35.0
MTAP	ENST00000644715	8	0		0		0		2	5,8	1012	0	0.0	0	0.0	0	0.0	182	18.0
MTCH1	ENST00000373627	12	0		0		0		2	1,8	1410	0	0.0	0	0.0	0	0.0	506	35.9
MTCL1	ENST00000695636	15	0		0		0		7	1-2,5,7,9,11,14	6336	0	0.0	0	0.0	0	0.0	4839	76.4
MTERF1	ENST00000351870	2	0		0		0		1	3	1240	0	0.0	0	0.0	0	0.0	1191	96.0
MTF1	ENST00000373036	10	0		0		0		4	2-3,7,9	2462	0	0.0	0	0.0	0	0.0	1401	56.9
MTFMT	ENST00000220058	9	0		0		0		2	1,4	1350	0	0.0	0	0.0	0	0.0	352	26.1
MTHFD1	ENST00000652337	27	0		0		0		6	6,10-14	3348	0	0.0	0	0.0	0	0.0	785	23.4
MTHFD1L	ENST00000367321	27	0		0		0		11	2-3,5,9,11-12,14-15,18-19,21	3477	0	0.0	0	0.0	0	0.0	1417	40.8
MTHFR	ENST00000376590	11	0		0		0		4	2-3,5,9	2191	0	0.0	0	0.0	0	0.0	932	42.5
MTHFS	ENST00000258874	3	0		0		0		0		672	0	0.0	0	0.0	0	0.0	0	0.0
MTM1	ENST00000370396	14	0		0		2	3,8	14	2-15	2092	0	0.0	0	0.0	263	12.6	2092	100.0
MTMR14	ENST00000296003	19	0		0		0		6	2-3,10,12,14,17	2333	0	0.0	0	0.0	0	0.0	773	33.1
MTMR2	ENST00000346299	15	0		0		0		4	1,6,12,14	2232	0	0.0	0	0.0	0	0.0	532	23.8
MTMR9	ENST00000221086	10	0		0		0		4	1,4-5,8	1850	0	0.0	0	0.0	0	0.0	875	47.3
MTNR1B	ENST00000257068	2	0		0		0		2	1-2	1129	0	0.0	0	0.0	0	0.0	1129	100.0
MTO1	ENST00000498286	12	0		0		0		5	1-2,8,10-11	2319	0	0.0	0	0.0	0	0.0	1002	43.2
MTOR	ENST00000361445	57	0		0		0		17	4,10-11,13-14,16,19,27,30,35-36,39,46-47,49-50,54	8790	0	0.0	0	0.0	0	0.0	3013	34.3
MTPAP	ENST00000263063	9	0		0		0		4	4,7-9	1929	0	0.0	0	0.0	0	0.0	835	43.3
MTR	ENST00000366577	33	0		0		0		8	2,7,14-15,23,25,31-32	4458	0	0.0	0	0.0	0	0.0	1218	27.3
MTRFR	ENST00000253233	2	0		0		0		1	2	541	0	0.0	0	0.0	0	0.0	302	55.8
MTRR	ENST00000440940	14	0		0		0		6	3,5,11-14	2377	0	0.0	0	0.0	0	0.0	1235	52.0
MTSS1	ENST00000518547	14	0		0		0		6	1,4,8,12-14	2548	0	0.0	0	0.0	0	0.0	1423	55.8
MTSS2	ENST00000338779	15	0		0		0		1	9	2544	0	0.0	0	0.0	0	0.0	128	5.0
MTTP	ENST00000265517	18	0		0		0		5	6,8,12,16,18	3045	0	0.0	0	0.0	0	0.0	907	29.8
MTX2	ENST00000249442	10	0		0		0		3	1,4,9	992	0	0.0	0	0.0	0	0.0	250	25.2
MUC1	NM_001371720.2	12	1	8	2	8-9	3	8-10	7	4,6-11	3933	128	3.3	311	7.9	657	16.7	3372	85.7
MUC4	ENST00000463781	25	0		0		1	2	6	2,8,14,16-18	16739	0	0.0	0	0.0	12728	76.0	13639	81.5
MUC5B	ENST00000529681	49	0		0		0		3	22-23,35	18269	0	0.0	0	0.0	0	0.0	497	2.7
MUC7	ENST00000304887	2	0		0		0		0		1174	0	0.0	0	0.0	0	0.0	0	0.0
MUSK	ENST00000374448	15	0		0		0		4	5,9,13,15	2910	0	0.0	0	0.0	0	0.0	1361	46.8
MUTYH	ENST00000456914	15	0		0		0		2	2-3	1866	0	0.0	0	0.0	0	0.0	304	16.3
MUTYH	ENST00000710952	16	0		0		0		5	1-3,12-13	1970	0	0.0	0	0.0	0	0.0	774	39.3
MVD	ENST00000301012	10	0		0		0		2	3,5	1403	0	0.0	0	0.0	0	0.0	355	25.3
MVK	ENST00000228510	10	0		0		0		3	3-4,10	1391	0	0.0	0	0.0	0	0.0	507	36.4
MXI1	ENST00000332674	6	0		0		0		1	1	1008	0	0.0	0	0.0	0	0.0	294	29.2
MYADML2	ENST00000409745	1	0		0		0		1	3	944	0	0.0	0	0.0	0	0.0	944	100.0
MYB	ENST00000341911	16	0		0		0		4	6,10-11,13	2606	0	0.0	0	0.0	0	0.0	947	36.3
MYBBP1A	ENST00000254718	26	0		0		0		2	15,20	4507	0	0.0	0	0.0	0	0.0	445	9.9
MYBPC1	ENST00000361466	31	0		0		0		12	6-7,9,11,13-16,23,25-26,30	4136	0	0.0	0	0.0	0	0.0	1843	44.6
MYBPC3	ENST00000545968	34	0		0		0		2	6,33	4505	0	0.0	0	0.0	0	0.0	345	7.7
MYBPHL	ENST00000357155	8	0		0		0		1	5	1225	0	0.0	0	0.0	0	0.0	180	14.7
MYC	ENST00000621592	3	0		0		0		2	2-3	1425	0	0.0	0	0.0	0	0.0	1375	96.5
MYCBP2	ENST00000544440	83	0		0		0		23	1,4,6-8,11,14,23,30,35,37,42-43,56,61-62,65,67,71,74-76,83	15697	0	0.0	0	0.0	0	0.0	5631	35.9
MYCBPAP	ENST00000323776	19	0		0		0		8	1-2,4,7-10,12	3206	0	0.0	0	0.0	0	0.0	1145	35.7
MYCN	ENST00000281043	2	0		0		0		2	2-3	1435	0	0.0	0	0.0	0	0.0	1435	100.0
MYD88	ENST00000650905	5	0		0		0		1	1	991	0	0.0	0	0.0	0	0.0	348	35.1
MYF5	ENST00000228644	3	0		0		0		2	1-2	828	0	0.0	0	0.0	0	0.0	617	74.5
MYF6	ENST00000228641	3	0		0		0		2	1,3	789	0	0.0	0	0.0	0	0.0	678	85.9
MYH1	ENST00000226207	38	0		0		0		15	3,5,9,12,16,21,23-24,26,29,31-32,34,36-37	6580	0	0.0	0	0.0	0	0.0	2897	44.0
MYH10	ENST00000360416	42	0		0		0		16	5,7,11,13-14,26,28-30,32,35-38,40,42	6864	0	0.0	0	0.0	0	0.0	2756	40.2
MYH11	ENST00000300036	40	0		0		0		0		6719	0	0.0	0	0.0	0	0.0	0	0.0
MYH11	ENST00000452625	41	0		0		0		12	2-3,14,16,25-26,32-35,37,39	6658	0	0.0	0	0.0	0	0.0	2462	37.0
MYH14	ENST00000642316	42	0		0		0		14	2-3,18-19,21,24,27-28,31-34,37-38	6951	0	0.0	0	0.0	0	0.0	2843	40.9
MYH2	ENST00000245503	38	0		0		0		25	3,5,7-9,14-16,19,21,23,25-29,31-32,34-40	6586	0	0.0	0	0.0	0	0.0	4649	70.6
MYH3	ENST00000583535	39	0		0		0		18	3,8,11-12,17-18,20-22,25,27-29,31,34,36,38,40	6603	0	0.0	0	0.0	0	0.0	3220	48.8
MYH6	ENST00000405093	37	0		0		0		11	12,14-15,18-19,21-22,26,33-34,37	6560	0	0.0	0	0.0	0	0.0	2580	39.3
MYH7	ENST00000355349	38	0		0		0		9	4,7,11,15,22,26,29,35,37	6568	0	0.0	0	0.0	0	0.0	1654	25.2
MYH7B	ENST00000262873	41	0		0		0		7	5,16,25,27,29-30,40	6646	0	0.0	0	0.0	0	0.0	1199	18.0
MYH8	ENST00000403437	38	0		0		0		13	3,5,9-10,14,17,23,26-27,29,33,35,40	6574	0	0.0	0	0.0	0	0.0	2330	35.4
MYH9	ENST00000216181	40	0		0		0		20	2-3,7,9,11,13-17,20-21,26-28,31-34,38	6683	0	0.0	0	0.0	0	0.0	3848	57.6
MYL1	ENST00000352451	6	0		0		0		2	1-2	705	0	0.0	0	0.0	0	0.0	200	28.4
MYL11	ENST00000322861	7	0		0		0		1	7	650	0	0.0	0	0.0	0	0.0	125	19.2
MYL2	ENST00000228841	7	0		0		0		1	1	641	0	0.0	0	0.0	0	0.0	23	3.6
MYL3	ENST00000292327	6	0		0		0		0		708	0	0.0	0	0.0	0	0.0	0	0.0
MYL4	ENST00000393450	6	0		0		0		1	4	714	0	0.0	0	0.0	0	0.0	194	27.2
MYL9	ENST00000279022	3	0		0		0		1	3	579	0	0.0	0	0.0	0	0.0	182	31.4
MYLK	ENST00000360304	31	0		0		0		14	5,8,10-11,13,16,18,20,26-28,30-31,33	6365	0	0.0	0	0.0	0	0.0	3798	59.7
MYLK2	ENST00000375985	12	0		0		0		2	3-4	2031	0	0.0	0	0.0	0	0.0	760	37.4
MYLK3	ENST00000394809	13	0		0		0		7	1-4,6,8,11	2720	0	0.0	0	0.0	0	0.0	1991	73.2
MYMK	ENST00000339996	5	0		0		0		3	1,3-4	766	0	0.0	0	0.0	0	0.0	461	60.2
MYMX	ENST00000573382	1	0		0		0		0		275	0	0.0	0	0.0	0	0.0	0	0.0
MYO10	ENST00000513610	41	0		0		0		14	1-2,5-6,9-10,13,17,24-25,27,35-36,39	6997	0	0.0	0	0.0	0	0.0	3203	45.8
MYO15A	ENST00000647165	65	0		0		0		10	2,5,22-23,30,34,60-62,65	11893	0	0.0	0	0.0	0	0.0	5092	42.8
MYO16	ENST00000457511	35	0		0		0		14	13-16,18-19,23,25,27,29,31-33,35	6343	0	0.0	0	0.0	0	0.0	3419	53.9
MYO18A	ENST00000527372	41	0		0		0		5	2,10,33-34,39	6985	0	0.0	0	0.0	0	0.0	1645	23.6
MYO18B	ENST00000335473	42	0		0		0		18	2-3,7-8,13,15,17-19,23,27,31,34-35,39-40,42-43	8544	0	0.0	0	0.0	0	0.0	4188	49.0
MYO1A	ENST00000300119	27	0		0		0		3	3,16-17	3672	0	0.0	0	0.0	0	0.0	604	16.4
MYO1B	ENST00000392318	30	0		0		0		6	4,10,15-17,26	4011	0	0.0	0	0.0	0	0.0	989	24.7
MYO1C	ENST00000648651	32	0		0		0		0		3832	0	0.0	0	0.0	0	0.0	0	0.0
MYO1E	ENST00000288235	28	0		0		0		8	1,7,10,14-15,24-26	3887	0	0.0	0	0.0	0	0.0	1199	30.8
MYO1F	ENST00000644032	28	0		0		0		3	10,21-22	3857	0	0.0	0	0.0	0	0.0	573	14.9
MYO1H	ENST00000310903	32	0		0		0		7	2,4,7,10,13,16,23	3757	0	0.0	0	0.0	0	0.0	933	24.8
MYO3A	ENST00000642920	33	0		0		0		13	3,8,10-11,13,15-16,20-21,26,31-32,34	5511	0	0.0	0	0.0	0	0.0	2141	38.8
MYO3B	ENST00000408978	35	0		0		0		8	3,5,8-9,15,28-29,35	4726	0	0.0	0	0.0	0	0.0	1038	22.0
MYO5A	ENST00000399233	42	0		0		0		9	2,7,12,20-21,27,30,32,39	6483	0	0.0	0	0.0	0	0.0	1548	23.9
MYO5B	ENST00000285039	40	0		0		0		11	3,12,15,19,21,24,28-29,31,35,39	6347	0	0.0	0	0.0	0	0.0	1995	31.4
MYO5C	ENST00000261839	41	0		0		0		19	3-4,6-7,10-12,15,17-18,24-26,30,32,34-35,38,41	6049	0	0.0	0	0.0	0	0.0	3032	50.1
MYO6	ENST00000369977	34	0		0		0		15	5-6,8-10,12,16,18,20,22,25,28,32-34	4538	0	0.0	0	0.0	0	0.0	2189	48.2
MYO7A	ENST00000409709	48	0		0		0		12	7,13,15,23,27-28,30-31,35,40,42,45	7608	0	0.0	0	0.0	0	0.0	2308	30.3
MYO9A	ENST00000356056	41	0		0		0		12	2,4,12,16,19,23-26,31,40,42	8467	0	0.0	0	0.0	0	0.0	4465	52.7
MYO9B	ENST00000682292	39	0		0		0		13	2,5-6,11-12,15,20-22,27,35,39-40	7254	0	0.0	0	0.0	0	0.0	3812	52.6
MYOC	ENST00000037502	3	0		0		0		3	1-3	1575	0	0.0	0	0.0	0	0.0	1575	100.0
MYOCD	ENST00000425538	14	0		0		0		4	7,10,12,14	3241	0	0.0	0	0.0	0	0.0	1840	56.8
MYOD1	ENST00000250003	3	0		0		0		2	1,3	1023	0	0.0	0	0.0	0	0.0	924	90.3
MYOF	ENST00000359263	54	0		0		0		19	1-2,5,7,10,13-15,19-21,24,26,30,32,40,46,49-50	7266	0	0.0	0	0.0	0	0.0	2462	33.9
MYOG	ENST00000241651	3	0		0		0		1	1	735	0	0.0	0	0.0	0	0.0	491	66.8
MYOM1	ENST00000356443	37	0		0		0		12	2,14,18-20,22-25,27,36,38	5798	0	0.0	0	0.0	0	0.0	2153	37.1
MYOM2	ENST00000262113	36	0		0		0		9	9-11,19,22,24,27,30,37	5118	0	0.0	0	0.0	0	0.0	1444	28.2
MYORG	ENST00000297625	1	0		0		0		1	2	2165	0	0.0	0	0.0	0	0.0	2165	100.0
MYOT	ENST00000239926	9	0		0		0		1	10	1677	0	0.0	0	0.0	0	0.0	193	11.5
MYOZ1	ENST00000359322	5	0		0		0		2	5-6	1000	0	0.0	0	0.0	0	0.0	438	43.8
MYOZ2	ENST00000307128	5	0		0		0		1	4	895	0	0.0	0	0.0	0	0.0	150	16.8
MYPN	ENST00000358913	19	0		0		0		7	2,10-14,20	4343	0	0.0	0	0.0	0	0.0	2687	61.9
MYRF	ENST00000278836	27	0		0		0		1	22	3996	0	0.0	0	0.0	0	0.0	272	6.8
MYSM1	ENST00000472487	20	0		0		0		5	5-6,17,19-20	2887	0	0.0	0	0.0	0	0.0	553	19.2
MYT1	ENST00000328439	21	0		0		0		8	5,7,11-12,14,17-18,23	3786	0	0.0	0	0.0	0	0.0	1888	49.9
MYT1L	ENST00000647738	20	0		0		0		9	6-7,10-13,19,24-25	3961	0	0.0	0	0.0	0	0.0	1929	48.7
MYZAP	ENST00000267853	13	0		0		0		4	2,9-10,13	1661	0	0.0	0	0.0	0	0.0	450	27.1
MZT2B	ENST00000281871	3	0		0		0		0		537	0	0.0	0	0.0	0	0.0	0	0.0
N4BP1	ENST00000262384	7	0		0		0		4	1-2,5,7	2831	0	0.0	0	0.0	0	0.0	2435	86.0
NAA10	ENST00000464845	8	0		0		1	8	8	1-8	868	0	0.0	0	0.0	257	29.6	868	100.0
NAA15	ENST00000296543	20	0		0		1	18	9	1,4-8,11,18,20	3001	0	0.0	0	0.0	167	5.6	1415	47.2
NAA20	ENST00000334982	6	0		0		0		2	3,6	657	0	0.0	0	0.0	0	0.0	217	33.0
NAA25	ENST00000261745	24	0		0		0		7	1-3,6-8,21	3399	0	0.0	0	0.0	0	0.0	820	24.1
NAA30	ENST00000556492	4	0		0		0		1	2	1169	0	0.0	0	0.0	0	0.0	791	67.7
NAA60	ENST00000407558	5	0		0		0		0		829	0	0.0	0	0.0	0	0.0	0	0.0
NAA80	ENST00000443094	1	0		0		0		1	2	881	0	0.0	0	0.0	0	0.0	881	100.0
NACC1	ENST00000292431	5	0		0		0		3	2-3,6	1684	0	0.0	0	0.0	0	0.0	1440	85.5
NADK2	ENST00000381937	12	0		0		0		4	1,6-7,11	1569	0	0.0	0	0.0	0	0.0	720	45.9
NADSYN1	ENST00000319023	21	0		0		0		5	7,9,11,14,18	2541	0	0.0	0	0.0	0	0.0	685	27.0
NAE1	ENST00000290810	20	0		0		0		7	1-2,7,11,13-14,16	2005	0	0.0	0	0.0	0	0.0	796	39.7
NAF1	ENST00000274054	8	0		0		0		4	1-2,4-5	1645	0	0.0	0	0.0	0	0.0	864	52.5
NAGA	ENST00000396398	9	0		0		0		5	2,4,7-9	1416	0	0.0	0	0.0	0	0.0	891	62.9
NAGLU	ENST00000225927	6	0		0		0		2	3,6	2352	0	0.0	0	0.0	0	0.0	1398	59.4
NAGS	ENST00000293404	7	0		0		0		3	2-3,7	1745	0	0.0	0	0.0	0	0.0	703	40.3
NALCN	ENST00000251127	43	0		0		0		12	2,7,11-13,16,18,25-26,29,34,41	6077	0	0.0	0	0.0	0	0.0	1898	31.2
NANOS1	ENST00000425699	1	0		0		0		1	1	899	0	0.0	0	0.0	0	0.0	899	100.0
NANOS3	ENST00000339133	2	0		0		0		1	1	619	0	0.0	0	0.0	0	0.0	537	86.8
NANS	ENST00000210444	6	0		0		0		3	3,5-6	1200	0	0.0	0	0.0	0	0.0	637	53.1
NAPB	ENST00000377026	11	0		0		0		2	2,6	1117	0	0.0	0	0.0	0	0.0	176	15.8
NARS1	ENST00000256854	14	0		0		0		3	5,8-9	1927	0	0.0	0	0.0	0	0.0	561	29.1
NARS2	ENST00000281038	14	0		0		0		4	3,6-7,14	1714	0	0.0	0	0.0	0	0.0	574	33.5
NAT2	ENST00000286479	1	0		0		0		1	2	893	0	0.0	0	0.0	0	0.0	893	100.0
NAT8	ENST00000272425	1	0		0		0		1	2	704	0	0.0	0	0.0	0	0.0	704	100.0
NAV2	ENST00000349880	38	0		0		0		14	1-2,7,10-16,19,25,35-36	8050	0	0.0	0	0.0	0	0.0	4599	57.1
NAV3	ENST00000397909	40	0		0		0		19	4,6,8,10-11,13-16,18-20,22,25,29,31-32,34,37	7958	0	0.0	0	0.0	0	0.0	5028	63.2
NAXD	ENST00000680254	10	0		0		0		2	1,4	1190	0	0.0	0	0.0	0	0.0	175	14.7
NAXE	ENST00000368235	6	0		0		0		3	2,5-6	987	0	0.0	0	0.0	0	0.0	520	52.7
NBAS	ENST00000281513	52	0		0		0		19	1-2,4-5,12-13,26-27,30,38-39,41,43-47,49,52	8156	0	0.0	0	0.0	0	0.0	3240	39.7
NBEA	ENST00000379939	59	0		0		0		21	1,5,9,15,19,22-24,26-31,34,36-38,41,57,59	10084	0	0.0	0	0.0	0	0.0	4586	45.5
NBEAL1	ENST00000683969	55	0		0		0		16	4,14,20-22,28-30,32,36-38,43,45,48-49	9272	0	0.0	0	0.0	0	0.0	3597	38.8
NBEAL2	ENST00000450053	54	0		0		0		4	11,31-32,51	9345	0	0.0	0	0.0	0	0.0	842	9.0
NBN	ENST00000265433	16	0		0		0		7	3,6-8,11,13-14	2585	0	0.0	0	0.0	0	0.0	1417	54.8
NCAPD2	ENST00000315579	31	0		0		0		7	8,10,12-13,25-26,32	4826	0	0.0	0	0.0	0	0.0	1151	23.8
NCAPD3	ENST00000534548	35	0		0		0		10	5,8,11,15,22,25-26,30-31,34	5197	0	0.0	0	0.0	0	0.0	1635	31.5
NCAPG2	ENST00000356309	27	0		0		0		7	7-8,11,18-19,24,28	3972	0	0.0	0	0.0	0	0.0	952	24.0
NCAPH	ENST00000240423	18	0		0		0		5	2-3,10,13,18	2586	0	0.0	0	0.0	0	0.0	764	29.5
NCBP1	ENST00000375147	23	0		0		0		4	2,8,16,20	2833	0	0.0	0	0.0	0	0.0	623	22.0
NCBP3	ENST00000389005	13	0		0		0		5	3,5-6,8,13	2123	0	0.0	0	0.0	0	0.0	748	35.2
NCDN	ENST00000373243	7	0		0		0		4	2,4-5,7	2330	0	0.0	0	0.0	0	0.0	1125	48.3
NCEH1	ENST00000475381	5	0		0		0		3	1-2,5	1327	0	0.0	0	0.0	0	0.0	1045	78.7
NCF1	ENST00000289473	11	0		0		0		7	2-4,6-9	1393	0	0.0	0	0.0	0	0.0	917	65.8
NCF2	ENST00000367535	15	0		0		0		6	1-2,7,11-12,15	1881	0	0.0	0	0.0	0	0.0	712	37.9
NCF4	ENST00000248899	10	0		0		0		2	1,5	1220	0	0.0	0	0.0	0	0.0	200	16.4
NCKAP1	ENST00000361354	31	0		0		0		12	1-4,9,12,17,20,27-28,30-31	4007	0	0.0	0	0.0	0	0.0	1556	38.8
NCKAP1L	ENST00000293373	31	0		0		0		6	3,7-8,15,20,23	4004	0	0.0	0	0.0	0	0.0	689	17.2
NCKAP5	ENST00000409261	18	0		0		0		5	12-14,16,18	6090	0	0.0	0	0.0	0	0.0	4380	71.9
NCOA3	ENST00000371998	21	0		0		0		6	9,15-17,20-21	4695	0	0.0	0	0.0	0	0.0	1276	27.2
NCOA6	ENST00000359003	13	0		0		0		5	3,7-9,11	6452	0	0.0	0	0.0	0	0.0	5463	84.7
NCOR1	ENST00000268712	45	0		0		0		14	4,9,12,19-20,22-23,27,30-31,35,37,44,46	8223	0	0.0	0	0.0	0	0.0	3522	42.8
NCOR2	ENST00000405201	47	0		0		0		7	17-20,34,36,40	8485	0	0.0	0	0.0	0	0.0	1702	20.1
NCR3	ENST00000340027	4	0		0		0		1	2	686	0	0.0	0	0.0	0	0.0	365	53.2
NCSTN	ENST00000294785	17	0		0		0		2	6,13	2470	0	0.0	0	0.0	0	0.0	287	11.6
NDC1	ENST00000371429	18	0		0		0		6	3,7-10,12	2385	0	0.0	0	0.0	0	0.0	831	34.8
NDC80	ENST00000261597	16	0		0		0		5	3-4,9,11-12	2249	0	0.0	0	0.0	0	0.0	768	34.1
NDE1	ENST00000396354	8	0		0		0		4	5-6,8-9	1168	0	0.0	0	0.0	0	0.0	610	52.2
NDEL1	ENST00000334527	8	0		0		0		3	5,7-8	1198	0	0.0	0	0.0	0	0.0	441	36.8
NDFIP2	ENST00000218652	7	0		0		0		3	1,3,5	1151	0	0.0	0	0.0	0	0.0	640	55.6
NDN	ENST00000649030	1	0		0		0		1	1	986	0	0.0	0	0.0	0	0.0	986	100.0
NDNF	ENST00000379692	3	0		0		0		1	4	1767	0	0.0	0	0.0	0	0.0	1414	80.0
NDP	ENST00000642620	2	0		0		1	3	2	2-3	442	0	0.0	0	0.0	248	56.1	442	100.0
NDRG1	ENST00000323851	15	0		0		0		4	2,4,14,16	1485	0	0.0	0	0.0	0	0.0	527	35.5
NDRG4	ENST00000570248	15	0		0		0		1	3	1359	0	0.0	0	0.0	0	0.0	141	10.4
NDST1	ENST00000261797	14	0		0		0		4	2-3,10,12	2929	0	0.0	0	0.0	0	0.0	1383	47.2
NDUFA1	ENST00000371437	3	0		0		1	1	2	1-2	273	0	0.0	0	0.0	122	44.7	232	85.0
NDUFA10	ENST00000252711	10	0		0		0		1	5	1268	0	0.0	0	0.0	0	0.0	142	11.2
NDUFA11	ENST00000308961	4	0		0		0		1	4	506	0	0.0	0	0.0	0	0.0	133	26.3
NDUFA12	ENST00000327772	4	0		0		0		2	1,4	518	0	0.0	0	0.0	0	0.0	307	59.3
NDUFA13	ENST00000507754	5	0		0		0		1	1	535	0	0.0	0	0.0	0	0.0	114	21.3
NDUFA2	ENST00000252102	3	0		0		0		0		360	0	0.0	0	0.0	0	0.0	0	0.0
NDUFA3	ENST00000485876	4	0		0		0		0		335	0	0.0	0	0.0	0	0.0	0	0.0
NDUFA5	ENST00000355749	5	0		0		0		0		451	0	0.0	0	0.0	0	0.0	0	0.0
NDUFA6	ENST00000498737	3	0		0		0		1	1	447	0	0.0	0	0.0	0	0.0	159	35.6
NDUFA7	ENST00000301457	4	0		0		0		0		422	0	0.0	0	0.0	0	0.0	0	0.0
NDUFA8	ENST00000373768	4	0		0		0		1	1	599	0	0.0	0	0.0	0	0.0	71	11.9
NDUFA9	ENST00000266544	11	0		0		0		3	2,4-5	1354	0	0.0	0	0.0	0	0.0	465	34.3
NDUFAB1	ENST00000007516	4	0		0		0		3	2-4	551	0	0.0	0	0.0	0	0.0	363	65.9
NDUFAF1	ENST00000260361	4	0		0		0		1	2	1064	0	0.0	0	0.0	0	0.0	593	55.7
NDUFAF2	ENST00000296597	4	0		0		0		2	1,3	590	0	0.0	0	0.0	0	0.0	208	35.3
NDUFAF3	ENST00000326925	5	0		0		0		4	2-5	655	0	0.0	0	0.0	0	0.0	558	85.2
NDUFAF4	ENST00000316149	3	0		0		0		3	1-3	588	0	0.0	0	0.0	0	0.0	588	100.0
NDUFAF5	ENST00000378106	11	0		0		1	4	3	1,4-5	1258	0	0.0	0	0.0	68	5.4	434	34.5
NDUFAF6	ENST00000396124	9	0		0		0		3	1,4-5	1182	0	0.0	0	0.0	0	0.0	417	35.3
NDUFAF7	ENST00000002125	10	0		0		0		5	1-2,5,7,9	1526	0	0.0	0	0.0	0	0.0	815	53.4
NDUFAF8	ENST00000431388	3	0		0		0		0		285	0	0.0	0	0.0	0	0.0	0	0.0
NDUFB1	ENST00000605997	2	0		0		0		1	3	217	0	0.0	0	0.0	0	0.0	57	26.3
NDUFB10	ENST00000268668	4	0		0		0		1	2	599	0	0.0	0	0.0	0	0.0	159	26.5
NDUFB11	ENST00000377811	3	0		1	1	2	1,3	3	1-3	522	0	0.0	227	43.5	371	71.1	522	100.0
NDUFB2	ENST00000247866	3	0		0		0		0		378	0	0.0	0	0.0	0	0.0	0	0.0
NDUFB3	ENST00000237889	2	0		0		0		0		337	0	0.0	0	0.0	0	0.0	0	0.0
NDUFB4	ENST00000184266	3	0		0		0		1	1	450	0	0.0	0	0.0	0	0.0	200	44.4
NDUFB5	ENST00000259037	6	0		0		0		2	5-6	690	0	0.0	0	0.0	0	0.0	268	38.8
NDUFB6	ENST00000379847	4	0		0		0		1	1	467	0	0.0	0	0.0	0	0.0	200	42.8
NDUFB7	ENST00000215565	3	0		0		0		1	1	474	0	0.0	0	0.0	0	0.0	132	27.8
NDUFB8	ENST00000299166	5	0		0		0		2	1,3	661	0	0.0	0	0.0	0	0.0	225	34.0
NDUFB9	ENST00000276689	4	0		0		0		1	1	620	0	0.0	0	0.0	0	0.0	121	19.5
NDUFC1	ENST00000394223	3	0		0		0		2	3-4	291	0	0.0	0	0.0	0	0.0	211	72.5
NDUFC2	ENST00000281031	3	0		0		0		2	1,3	420	0	0.0	0	0.0	0	0.0	256	61.0
NDUFS1	ENST00000233190	18	0		0		0		6	2,6,11,13-15	2544	0	0.0	0	0.0	0	0.0	855	33.6
NDUFS2	ENST00000676972	14	0		0		0		2	1,12	1672	0	0.0	0	0.0	0	0.0	219	13.1
NDUFS3	ENST00000263774	7	0		0		0		0		935	0	0.0	0	0.0	0	0.0	0	0.0
NDUFS4	ENST00000296684	5	0		0		0		2	1,3	628	0	0.0	0	0.0	0	0.0	311	49.5
NDUFS5	ENST00000372969	2	0		0		0		0		361	0	0.0	0	0.0	0	0.0	0	0.0
NDUFS6	ENST00000274137	4	0		0		0		1	2	455	0	0.0	0	0.0	0	0.0	74	16.3
NDUFS7	ENST00000233627	8	0		0		0		1	1	802	0	0.0	0	0.0	0	0.0	36	4.5
NDUFS8	ENST00000313468	6	0		0		0		1	7	753	0	0.0	0	0.0	0	0.0	152	20.2
NDUFV1	ENST00000322776	10	0		0		0		3	1,9-10	1595	0	0.0	0	0.0	0	0.0	365	22.9
NDUFV2	ENST00000318388	8	0		0		0		2	2,7	910	0	0.0	0	0.0	0	0.0	183	20.1
NDUFV3	ENST00000354250	4	0		0		0		1	2	1502	0	0.0	0	0.0	0	0.0	141	9.4
NEB	ENST00000397345	180	0		0		0		0		29178	0	0.0	0	0.0	0	0.0	0	0.0
NEB	ENST00000427231	180	0		0		1	84	49	5,14,21,33,36,39-40,47-48,50,52,54,57,60-61,64-66,68-69,71,73,77-78,81,83-86,93-94,102,108-109,119,121,125,133,142,148,151,154,158,164,171-173,177-178	29178	0	0.0	0	0.0	128	0.4	9300	31.9
NEBL	ENST00000377122	28	0		0		0		9	3,9-12,15-16,18,24	3605	0	0.0	0	0.0	0	0.0	1201	33.3
NECAB1	ENST00000417640	13	0		0		0		6	1-3,5-6,13	1316	0	0.0	0	0.0	0	0.0	614	46.7
NECAP1	ENST00000339754	8	0		0		0		1	2	988	0	0.0	0	0.0	0	0.0	121	12.2
NECTIN1	ENST00000264025	6	0		0		0		0		1674	0	0.0	0	0.0	0	0.0	0	0.0
NECTIN2	ENST00000252483	9	0		0		0		1	2	1797	0	0.0	0	0.0	0	0.0	410	22.8
NECTIN3	ENST00000485303	6	0		0		0		3	2-4	1770	0	0.0	0	0.0	0	0.0	817	46.2
NECTIN4	ENST00000368012	9	0		0		0		3	2-4	1713	0	0.0	0	0.0	0	0.0	832	48.6
NEDD4	ENST00000435532	29	0		0		0		8	10,19,21,23-24,26,28-29	3283	0	0.0	0	0.0	0	0.0	998	30.4
NEDD4L	ENST00000400345	31	0		0		0		4	6,8-9,18	3548	0	0.0	0	0.0	0	0.0	456	12.9
NEFH	ENST00000310624	4	0		0		0		2	1,3	3143	0	0.0	0	0.0	0	0.0	1048	33.3
NEFL	ENST00000610854	4	0		0		0		3	1-3	1712	0	0.0	0	0.0	0	0.0	1549	90.5
NEIL1	ENST00000355059	9	0		0		0		1	2	1353	0	0.0	0	0.0	0	0.0	454	33.6
NEIL2	ENST00000284503	4	0		0		0		2	3,5	1079	0	0.0	0	0.0	0	0.0	704	65.2
NEK1	ENST00000507142	34	0		0		0		8	5,13,18-19,24,26-27,35	4541	0	0.0	0	0.0	0	0.0	1200	26.4
NEK10	ENST00000691995	35	0		0		0		14	2,4,11-13,18,20,23,27-31,36	4048	0	0.0	0	0.0	0	0.0	1699	42.0
NEK2	ENST00000366999	8	0		0		0		3	3-4,8	1498	0	0.0	0	0.0	0	0.0	611	40.8
NEK8	ENST00000268766	15	0		0		0		6	1,4-6,9,12	2379	0	0.0	0	0.0	0	0.0	811	34.1
NEK9	ENST00000238616	22	0		0		0		7	1,5,8,10,16,20-21	3380	0	0.0	0	0.0	0	0.0	1260	37.3
NELL1	ENST00000357134	20	0		0		0		4	6,15,17,19	2833	0	0.0	0	0.0	0	0.0	668	23.6
NELL2	ENST00000429094	20	0		0		0		5	2-3,11,19-20	2851	0	0.0	0	0.0	0	0.0	759	26.6
NEMF	ENST00000298310	33	0		0		1	19	8	1,12,14,17-19,21,23	3891	0	0.0	0	0.0	133	3.4	1105	28.4
NEU1	ENST00000375631	6	0		0		0		5	1,3-6	1368	0	0.0	0	0.0	0	0.0	1155	84.4
NEUROD1	ENST00000295108	1	0		0		0		1	2	1091	0	0.0	0	0.0	0	0.0	1091	100.0
NEUROD2	ENST00000302584	1	0		0		0		1	2	1169	0	0.0	0	0.0	0	0.0	1169	100.0
NEUROG1	ENST00000314744	1	0		0		0		1	1	734	0	0.0	0	0.0	0	0.0	734	100.0
NEUROG3	ENST00000242462	1	0		0		0		1	2	665	0	0.0	0	0.0	0	0.0	665	100.0
NEXMIF	ENST00000055682	3	0		0		1	3	3	2-4	4611	0	0.0	0	0.0	4398	95.4	4611	100.0
NEXN	ENST00000334785	12	0		0		0		3	6,8,12	2268	0	0.0	0	0.0	0	0.0	465	20.5
NF1	ENST00000356175	57	0		0		0		0		9597	0	0.0	0	0.0	0	0.0	0	0.0
NF1	ENST00000358273	58	0		0		0		21	4,8,13,15-16,20-21,26-28,32,36-37,39-40,42-43,46,52-53,58	9680	0	0.0	0	0.0	0	0.0	4283	44.2
NF2	ENST00000338641	16	0		0		0		4	1-2,10,15	2108	0	0.0	0	0.0	0	0.0	597	28.3
NFASC	ENST00000339876	28	0		0		0		2	26-27	4283	0	0.0	0	0.0	0	0.0	310	7.2
NFASC	ENST00000539706	27	0		0		0		7	4,8-9,18-20,22	4110	0	0.0	0	0.0	0	0.0	1331	32.4
NFAT5	ENST00000349945	14	0		0		0		6	4,6-7,11,13-14	4930	0	0.0	0	0.0	0	0.0	3854	78.2
NFATC1	ENST00000427363	10	0		0		0		1	2	3032	0	0.0	0	0.0	0	0.0	1119	36.9
NFATC2	ENST00000371564	10	0		0		0		6	1-3,5,9-10	2966	0	0.0	0	0.0	0	0.0	2359	79.5
NFE2	ENST00000435572	2	0		0		0		1	3	1162	0	0.0	0	0.0	0	0.0	1028	88.5
NFE2L1	ENST00000362042	5	0		0		0		2	2,6	2419	0	0.0	0	0.0	0	0.0	1897	78.4
NFE2L2	ENST00000397062	5	0		0		0		3	2,4-5	1918	0	0.0	0	0.0	0	0.0	1743	90.9
NFIA	ENST00000403491	11	0		0		0		3	2,8-9	1750	0	0.0	0	0.0	0	0.0	937	53.5
NFIB	ENST00000380953	11	0		0		0		2	2,9	1705	0	0.0	0	0.0	0	0.0	711	41.7
NFIC	ENST00000443272	11	0		0		0		3	2,6-7	1747	0	0.0	0	0.0	0	0.0	843	48.3
NFIX	ENST00000592199	11	0		0		0		3	3,6,11	1729	0	0.0	0	0.0	0	0.0	275	15.9
NFKB1	ENST00000226574	23	0		0		0		8	2-3,7,10,13,18,22-23	3370	0	0.0	0	0.0	0	0.0	1124	33.4
NFKB2	ENST00000661543	22	0		0		0		1	14	3143	0	0.0	0	0.0	0	0.0	162	5.2
NFKBIA	ENST00000216797	6	0		0		0		2	2-3	1074	0	0.0	0	0.0	0	0.0	360	33.5
NFKBIL1	ENST00000376148	4	0		0		0		1	4	1226	0	0.0	0	0.0	0	0.0	610	49.8
NFKBIZ	ENST00000326172	12	0		0		0		2	1,5	2397	0	0.0	0	0.0	0	0.0	1102	46.0
NFS1	ENST00000374092	13	0		0		0		2	1,6	1634	0	0.0	0	0.0	0	0.0	231	14.1
NFU1	ENST00000410022	8	0		0		0		1	1	925	0	0.0	0	0.0	0	0.0	82	8.9
NFX1	ENST00000379540	24	0		0		0		5	2,8-9,13,23	3843	0	0.0	0	0.0	0	0.0	1640	42.7
NGF	ENST00000369512	1	0		0		0		1	3	746	0	0.0	0	0.0	0	0.0	746	100.0
NGLY1	ENST00000280700	12	0		0		0		3	4,6,12	2205	0	0.0	0	0.0	0	0.0	524	23.8
NHEJ1	ENST00000356853	7	0		0		0		0		1040	0	0.0	0	0.0	0	0.0	0	0.0
NHERF1	ENST00000262613	6	0		0		0		3	1-2,5	1197	0	0.0	0	0.0	0	0.0	753	62.9
NHLH2	ENST00000320238	1	0		0		0		1	3	428	0	0.0	0	0.0	0	0.0	428	100.0
NHLRC1	ENST00000340650	1	0		0		0		1	1	1208	0	0.0	0	0.0	0	0.0	1208	100.0
NHLRC2	ENST00000369301	11	0		0		0		6	3,5,7,9-11	2401	0	0.0	0	0.0	0	0.0	1625	67.7
NHP2	ENST00000274606	4	0		0		0		1	2	542	0	0.0	0	0.0	0	0.0	90	16.6
NHS	ENST00000676302	9	0		0		2	7,9	8	1-3,5-9	5136	0	0.0	0	0.0	3629	70.7	5053	98.4
NID1	ENST00000264187	20	0		0		0		9	2,4,6-7,10-12,14,20	4144	0	0.0	0	0.0	0	0.0	2010	48.5
NID2	ENST00000216286	22	0		0		0		9	2,4-5,7-8,15,17,19,21	4568	0	0.0	0	0.0	0	0.0	2218	48.6
NIN	ENST00000530997	29	0		0		0		15	3,5,7,12-14,18-21,23,25,27-29	6982	0	0.0	0	0.0	0	0.0	4491	64.3
NINJ2	ENST00000305108	3	0		0		0		1	3	489	0	0.0	0	0.0	0	0.0	187	38.2
NINL	ENST00000278886	23	0		0		0		15	2-5,7,9-13,16-17,21-22,24	4609	0	0.0	0	0.0	0	0.0	3399	73.7
NIPA1	ENST00000337435	5	0		0		0		2	4-5	1090	0	0.0	0	0.0	0	0.0	713	65.4
NIPA2	ENST00000337451	5	0		0		0		2	7-8	1183	0	0.0	0	0.0	0	0.0	836	70.7
NIPAL4	ENST00000311946	6	0		0		0		3	2,4,6	1335	0	0.0	0	0.0	0	0.0	1020	76.4
NIPBL	ENST00000282516	46	0		0		0		8	11,17,25,28,35,37,44,47	9335	0	0.0	0	0.0	0	0.0	1701	18.2
NIT1	ENST00000368009	7	0		0		0		3	3-4,6	1124	0	0.0	0	0.0	0	0.0	545	48.5
NKAIN3	ENST00000623646	7	0		0		0		0		797	0	0.0	0	0.0	0	0.0	0	0.0
NKAP	ENST00000371410	9	0		0		1	8	8	1-2,4-9	1428	0	0.0	0	0.0	170	11.9	1337	93.6
NKX2-1	ENST00000354822	3	0		0		0		1	2	1266	0	0.0	0	0.0	0	0.0	406	32.1
NKX2-2	ENST00000377142	2	0		0		0		2	1-2	862	0	0.0	0	0.0	0	0.0	862	100.0
NKX2-3	ENST00000344586	2	0		0		1	2	2	1-2	1135	0	0.0	0	0.0	757	66.7	1135	100.0
NKX2-5	ENST00000329198	2	0		0		0		2	1-2	1015	0	0.0	0	0.0	0	0.0	1015	100.0
NKX2-6	ENST00000325017	2	0		0		0		2	1-2	946	0	0.0	0	0.0	0	0.0	946	100.0
NKX3-2	ENST00000382438	2	0		0		0		2	1-2	1042	0	0.0	0	0.0	0	0.0	1042	100.0
NKX6-2	ENST00000368592	3	0		0		0		0		894	0	0.0	0	0.0	0	0.0	0	0.0
NLGN1	ENST00000695368	6	0		0		0		3	2,6-7	2652	0	0.0	0	0.0	0	0.0	2166	81.7
NLGN3	ENST00000358741	7	0		0		3	2,7-8	7	2-8	2687	0	0.0	0	0.0	2151	80.1	2687	100.0
NLGN4X	ENST00000381095	5	0		0		3	2,5-6	5	2-6	2551	0	0.0	0	0.0	2172	85.1	2551	100.0
NLGN4Y	ENST00000684976	6	6	2-7	6	2-7	6	2-7	6	2-7	2631	2631	100.0	2631	100.0	2631	100.0	2631	100.0
NLRC4	ENST00000402280	8	0		0		0		3	4,7,9	3235	0	0.0	0	0.0	0	0.0	2441	75.5
NLRP1	ENST00000572272	17	0		0		0		6	1-2,4,7,11,17	4762	0	0.0	0	0.0	0	0.0	2927	61.5
NLRP12	ENST00000324134	10	0		0		0		3	1,3,9	3386	0	0.0	0	0.0	0	0.0	2222	65.6
NLRP2	ENST00000448584	12	0		0		0		5	2-3,6,8,12	3429	0	0.0	0	0.0	0	0.0	2328	67.9
NLRP3	ENST00000336119	9	0		0		0		5	2,4,6,8-9	3285	0	0.0	0	0.0	0	0.0	2643	80.5
NLRP5	ENST00000850973	14	0		0		0		3	5-7	3730	0	0.0	0	0.0	0	0.0	1771	47.5
NLRP7	ENST00000592784	10	0		0		0		4	4,6,8,11	3314	0	0.0	0	0.0	0	0.0	2134	64.4
NLRP8	ENST00000850972	10	0		0		0		4	1,3,5,10	3347	0	0.0	0	0.0	0	0.0	2315	69.2
NMD3	ENST00000351193	15	0		0		0		4	7,11,14,16	1812	0	0.0	0	0.0	0	0.0	555	30.6
NME3	ENST00000219302	5	0		0		0		0		610	0	0.0	0	0.0	0	0.0	0	0.0
NME5	ENST00000265191	5	0		0		0		4	2-5	739	0	0.0	0	0.0	0	0.0	635	85.9
NME7	ENST00000367811	12	0		0		0		5	2-4,8,11	1371	0	0.0	0	0.0	0	0.0	659	48.1
NME8	ENST00000199447	15	0		0		0		5	5,9,13,15,17	2067	0	0.0	0	0.0	0	0.0	801	38.8
NMNAT1	ENST00000377205	4	0		0		0		3	2-3,5	920	0	0.0	0	0.0	0	0.0	760	82.6
NMNAT2	ENST00000287713	11	0		0		0		3	1,4-5	1144	0	0.0	0	0.0	0	0.0	351	30.7
NMT1	ENST00000258960	12	0		0		0		4	1,7,11-12	1731	0	0.0	0	0.0	0	0.0	541	31.3
NNMT	ENST00000299964	3	0		0		0		3	1-3	855	0	0.0	0	0.0	0	0.0	855	100.0
NNT	ENST00000344920	21	0		0		0		5	4,8,10,15,21	3681	0	0.0	0	0.0	0	0.0	956	26.0
NOBOX	ENST00000645489	8	0		0		0		2	2,8	1885	0	0.0	0	0.0	0	0.0	894	47.4
NOD2	ENST00000647318	11	0		0		0		2	4,12	3262	0	0.0	0	0.0	0	0.0	1929	59.1
NODAL	ENST00000287139	3	0		0		0		1	2	1104	0	0.0	0	0.0	0	0.0	718	65.0
NOG	ENST00000332822	1	0		0		0		1	1	719	0	0.0	0	0.0	0	0.0	719	100.0
NOL3	ENST00000564992	3	0		0		0		1	3	687	0	0.0	0	0.0	0	0.0	344	50.1
NOLC1	ENST00000605788	13	0		0		0		3	1,10-11	2360	0	0.0	0	0.0	0	0.0	929	39.4
NOMO2	ENST00000622306	31	0		0		0		12	1,5,21,23-31	4289	0	0.0	0	0.0	0	0.0	1698	39.6
NONO	ENST00000276079	10	0		0		3	6-7,12	9	3-9,11-12	1616	0	0.0	0	0.0	488	30.2	1556	96.3
NOP10	ENST00000328848	2	0		0		0		0		235	0	0.0	0	0.0	0	0.0	0	0.0
NOP56	ENST00000329276	12	0		0		0		7	2-3,5-6,8-9,12	2025	0	0.0	0	0.0	0	0.0	1348	66.6
NOS1	ENST00000317775	28	0		0		0		13	2,5,9-11,16,18,20-21,23,25-27	4865	0	0.0	0	0.0	0	0.0	2732	56.2
NOS1AP	ENST00000361897	10	0		0		0		2	3,10	1721	0	0.0	0	0.0	0	0.0	549	31.9
NOS2	ENST00000313735	26	0		0		0		8	4,6,11-13,17-18,22	3982	0	0.0	0	0.0	0	0.0	1342	33.7
NOS3	ENST00000297494	26	0		0		0		3	2,6,25	4132	0	0.0	0	0.0	0	0.0	459	11.1
NOTCH1	ENST00000651671	34	0		0		0		3	6,28-29	8348	0	0.0	0	0.0	0	0.0	599	7.2
NOTCH2	ENST00000256646	34	0		0		0		13	4-7,10-11,13,19,23,25-26,33-34	8096	0	0.0	0	0.0	0	0.0	4430	54.7
NOTCH2NLA	ENST00000362074	4	0		0		0		2	3-4	791	0	0.0	0	0.0	0	0.0	636	80.4
NOTCH2NLC	ENST00000650865	5	0		0		0		3	1,3-4	982	0	0.0	0	0.0	0	0.0	791	80.5
NOTCH3	ENST00000263388	33	0		0		0		5	1,4-5,22,24	7626	0	0.0	0	0.0	0	0.0	1504	19.7
NOTUM	ENST00000409678	11	0		0		0		2	1,8	1711	0	0.0	0	0.0	0	0.0	464	27.1
NOVA2	ENST00000263257	4	0		0		0		1	4	1559	0	0.0	0	0.0	0	0.0	1103	70.8
NOX1	ENST00000372966	13	0		0		2	7,12	13	1-13	1955	0	0.0	0	0.0	298	15.2	1955	100.0
NPAS2	ENST00000335681	20	0		0		0		6	4,8,11,16-18	2875	0	0.0	0	0.0	0	0.0	1015	35.3
NPAS4	ENST00000311034	8	0		0		0		2	1,7	2569	0	0.0	0	0.0	0	0.0	1651	64.3
NPAT	ENST00000278612	18	0		0		0		7	2,4,7-8,11,13,17	4644	0	0.0	0	0.0	0	0.0	3387	72.9
NPC1	ENST00000269228	25	0		0		0		9	1,7-8,10,12,21-23,25	4337	0	0.0	0	0.0	0	0.0	1606	37.0
NPC1L1	ENST00000381160	19	0		0		0		7	1-2,6,10,15,18-19	4379	0	0.0	0	0.0	0	0.0	2510	57.3
NPC2	ENST00000555619	5	0		0		0		0		556	0	0.0	0	0.0	0	0.0	0	0.0
NPHP1	ENST00000445609	20	0		0		0		6	1,3-4,6,9,20	2434	0	0.0	0	0.0	0	0.0	838	34.4
NPHP3	ENST00000337331	27	0		0		0		9	1,3,7-8,12-14,20,25	4533	0	0.0	0	0.0	0	0.0	1617	35.7
NPHP4	ENST00000378156	29	0		0		0		10	3,9,11,15-16,18,21-22,28,30	4861	0	0.0	0	0.0	0	0.0	1906	39.2
NPHS1	ENST00000378910	29	0		0		0		10	2,9-10,12,16,21-23,28-29	4306	0	0.0	0	0.0	0	0.0	1643	38.2
NPHS2	ENST00000367615	8	0		0		0		3	1,7-8	1312	0	0.0	0	0.0	0	0.0	692	52.7
NPL	ENST00000367553	11	0		0		0		2	9,13	1183	0	0.0	0	0.0	0	0.0	374	31.6
NPM1	ENST00000296930	11	0		0		0		4	1-2,8,10	1105	0	0.0	0	0.0	0	0.0	380	34.4
NPNT	ENST00000379987	12	0		0		0		2	4,8	1938	0	0.0	0	0.0	0	0.0	556	28.7
NPPA	ENST00000376480	3	0		0		0		1	2	516	0	0.0	0	0.0	0	0.0	347	67.2
NPPB	ENST00000376468	3	0		0		0		2	1-2	465	0	0.0	0	0.0	0	0.0	428	92.0
NPPC	ENST00000409852	2	0		0		0		0		421	0	0.0	0	0.0	0	0.0	0	0.0
NPR1	ENST00000368680	22	0		0		0		2	1,13	3626	0	0.0	0	0.0	0	0.0	918	25.3
NPR2	ENST00000342694	22	0		0		0		1	1	3584	0	0.0	0	0.0	0	0.0	687	19.2
NPR3	ENST00000265074	8	0		0		0		1	1	1786	0	0.0	0	0.0	0	0.0	789	44.2
NPRL2	ENST00000232501	11	0		0		0		1	3	1363	0	0.0	0	0.0	0	0.0	189	13.9
NPRL3	ENST00000611875	13	0		0		0		4	3,6,9,14	1970	0	0.0	0	0.0	0	0.0	627	31.8
NPSR1	ENST00000360581	9	0		0		0		3	5,7-8	1296	0	0.0	0	0.0	0	0.0	530	40.9
NPTX1	ENST00000306773	5	0		0		0		2	1,5	1399	0	0.0	0	0.0	0	0.0	706	50.5
NQO1	ENST00000320623	6	0		0		0		3	2-3,6	945	0	0.0	0	0.0	0	0.0	662	70.1
NQO2	ENST00000380455	6	0		0		0		2	4-5	816	0	0.0	0	0.0	0	0.0	285	34.9
NR0B1	ENST00000378970	2	0		0		2	1-2	2	1-2	1453	0	0.0	0	0.0	1453	100.0	1453	100.0
NR0B2	ENST00000254227	2	0		0		0		2	1-2	814	0	0.0	0	0.0	0	0.0	814	100.0
NR1H4	ENST00000392986	9	0		0		0		4	3-4,8,11	1611	0	0.0	0	0.0	0	0.0	864	53.6
NR1I2	ENST00000393716	8	0		0		0		2	3,5	1465	0	0.0	0	0.0	0	0.0	449	30.6
NR1I3	ENST00000367983	8	0		0		0		0		1207	0	0.0	0	0.0	0	0.0	0	0.0
NR2E1	ENST00000368986	9	0		0		0		3	3-4,9	1338	0	0.0	0	0.0	0	0.0	547	40.9
NR2E3	ENST00000617575	8	0		0		0		3	1,5-6	1393	0	0.0	0	0.0	0	0.0	601	43.1
NR2F1	ENST00000327111	3	0		0		0		2	1-2	1332	0	0.0	0	0.0	0	0.0	1031	77.4
NR2F2	ENST00000394166	3	0		0		0		2	1-2	1305	0	0.0	0	0.0	0	0.0	1010	77.4
NR3C1	ENST00000394464	8	0		0		0		1	2	2494	0	0.0	0	0.0	0	0.0	1204	48.3
NR3C2	ENST00000358102	8	0		0		0		5	2,5-6,8-9	3115	0	0.0	0	0.0	0	0.0	2667	85.6
NR4A2	ENST00000339562	6	0		0		0		2	3,5	1917	0	0.0	0	0.0	0	0.0	1068	55.7
NR4A3	ENST00000395097	6	0		0		0		3	3,6,8	2001	0	0.0	0	0.0	0	0.0	1459	72.9
NR5A1	ENST00000373588	6	0		0		0		3	2,4-5	1506	0	0.0	0	0.0	0	0.0	908	60.3
NR6A1	ENST00000487099	10	0		0		0		3	3,5,7	1643	0	0.0	0	0.0	0	0.0	713	43.4
NRAP	ENST00000359988	42	0		0		0		9	4,7-8,22,27-28,30,40-41	6033	0	0.0	0	0.0	0	0.0	1458	24.2
NRAS	ENST00000369535	4	0		0		0		0		650	0	0.0	0	0.0	0	0.0	0	0.0
NRCAM	ENST00000379028	30	0		0		0		6	4,7,14,16,22,27	4515	0	0.0	0	0.0	0	0.0	982	21.7
NRDC	ENST00000352171	31	0		0		0		10	1,3-4,6,13,19,21,25,29,31	4076	0	0.0	0	0.0	0	0.0	1475	36.2
NRG1	ENST00000405005	12	0		0		0		4	1,5,8,12	2163	0	0.0	0	0.0	0	0.0	989	45.7
NRG2	ENST00000361474	10	0		0		1	10	4	1-2,9-10	2753	0	0.0	0	0.0	801	29.1	1961	71.2
NRG3	ENST00000372141	9	0		0		0		4	1-2,7,9	2271	0	0.0	0	0.0	0	0.0	1669	73.5
NRIP1	ENST00000318948	1	0		0		0		1	4	3497	0	0.0	0	0.0	0	0.0	3497	100.0
NRL	ENST00000561028	2	0		0		0		1	3	754	0	0.0	0	0.0	0	0.0	353	46.8
NRP1	ENST00000374867	17	0		0		0		5	2,4,10-11,14	3112	0	0.0	0	0.0	0	0.0	1025	32.9
NRROS	ENST00000328557	2	0		0		0		2	2-3	2119	0	0.0	0	0.0	0	0.0	2119	100.0
NRXN1	ENST00000401669	22	0		0		0		10	2,6,9-10,14,19-23	4964	0	0.0	0	0.0	0	0.0	3457	69.6
NRXN2	ENST00000265459	22	0		0		0		5	2,8,10,19,23	5579	0	0.0	0	0.0	0	0.0	2438	43.7
NRXN3	ENST00000335750	20	0		0		0		9	2,5,7-8,12,16,18-19,21	5116	0	0.0	0	0.0	0	0.0	3599	70.3
NSD1	ENST00000439151	22	0		0		0		12	2,4-11,17-18,23	8531	0	0.0	0	0.0	0	0.0	6756	79.2
NSD2	ENST00000508803	21	0		0		0		8	2,4-5,9,13,16,19,22	4518	0	0.0	0	0.0	0	0.0	2230	49.4
NSDHL	ENST00000370274	7	0		0		5	3-4,6-8	7	2-8	1262	0	0.0	0	0.0	985	78.1	1262	100.0
NSF	ENST00000398238	21	0		0		1	2	12	1-10,12,18	2655	0	0.0	0	0.0	106	4.0	1674	63.1
NSMCE2	ENST00000287437	6	0		0		0		2	3,8	864	0	0.0	0	0.0	0	0.0	315	36.5
NSMCE3	ENST00000332303	1	0		0		0		1	1	935	0	0.0	0	0.0	0	0.0	935	100.0
NSMF	ENST00000371475	16	0		0		0		1	3	1913	0	0.0	0	0.0	0	0.0	515	26.9
NSRP1	ENST00000247026	7	0		0		0		1	4	1817	0	0.0	0	0.0	0	0.0	149	8.2
NSUN2	ENST00000264670	19	0		0		0		6	1-2,4,6,16-17	2684	0	0.0	0	0.0	0	0.0	785	29.2
NSUN3	ENST00000314622	6	0		0		0		4	1,3-4,6	1143	0	0.0	0	0.0	0	0.0	871	76.2
NSUN6	ENST00000377304	11	0		0		0		5	1,5,7,9-10	1630	0	0.0	0	0.0	0	0.0	724	44.4
NT5C	ENST00000245552	5	0		0		0		1	5	706	0	0.0	0	0.0	0	0.0	175	24.8
NT5C2	ENST00000404739	17	0		0		0		5	10-11,16-18	2026	0	0.0	0	0.0	0	0.0	528	26.1
NT5C3A	ENST00000610140	9	0		0		0		4	1-2,4,8	1176	0	0.0	0	0.0	0	0.0	565	48.0
NT5E	ENST00000257770	9	0		0		0		4	1-2,7,9	1905	0	0.0	0	0.0	0	0.0	956	50.2
NTAN1	ENST00000287706	10	0		0		0		5	5-9	1133	0	0.0	0	0.0	0	0.0	494	43.6
NTF3	ENST00000423158	2	0		0		0		1	2	853	0	0.0	0	0.0	0	0.0	815	95.5
NTF4	ENST00000593537	1	0		0		0		1	2	653	0	0.0	0	0.0	0	0.0	653	100.0
NTHL1	ENST00000651570	6	0		0		0		3	2-4	1035	0	0.0	0	0.0	0	0.0	630	60.9
NTN1	ENST00000173229	6	0		0		0		2	2,7	1935	0	0.0	0	0.0	0	0.0	1387	71.7
NTN3	ENST00000293973	6	0		0		0		1	1	1863	0	0.0	0	0.0	0	0.0	948	50.9
NTNG1	ENST00000370068	7	0		0		0		6	2-7	1760	0	0.0	0	0.0	0	0.0	1510	85.8
NTNG2	ENST00000393229	7	0		0		0		2	2-3	1733	0	0.0	0	0.0	0	0.0	897	51.8
NTRK1	ENST00000524377	17	0		0		0		2	8,16	2731	0	0.0	0	0.0	0	0.0	526	19.3
NTRK2	ENST00000277120	18	0		0		0		10	2,5-6,9,11,14-18	2877	0	0.0	0	0.0	0	0.0	1930	67.1
NUAK1	ENST00000261402	7	0		0		0		1	7	2126	0	0.0	0	0.0	0	0.0	1174	55.2
NUAK2	ENST00000367157	7	0		0		0		5	1,3-5,7	2027	0	0.0	0	0.0	0	0.0	1733	85.5
NUBP2	ENST00000262302	7	0		0		0		0		956	0	0.0	0	0.0	0	0.0	0	0.0
NUBPL	ENST00000281081	11	0		0		0		3	1,8,10	1180	0	0.0	0	0.0	0	0.0	337	28.6
NUDCD2	ENST00000302764	4	0		0		0		1	1	554	0	0.0	0	0.0	0	0.0	209	37.7
NUDCD3	ENST00000355451	6	0		0		0		4	1,3-4,6	1206	0	0.0	0	0.0	0	0.0	660	54.7
NUDT15	ENST00000258662	3	0		0		0		2	1-2	555	0	0.0	0	0.0	0	0.0	395	71.2
NUDT19	ENST00000397061	3	0		0		0		1	1	1188	0	0.0	0	0.0	0	0.0	734	61.8
NUDT2	ENST00000379158	2	0		0		0		2	4-5	484	0	0.0	0	0.0	0	0.0	484	100.0
NUF2	ENST00000271452	13	0		0		0		6	2,10-14	1655	0	0.0	0	0.0	0	0.0	969	58.5
NUMA1	ENST00000393695	25	0		0		0		2	15,22	6848	0	0.0	0	0.0	0	0.0	3635	53.1
NUP107	ENST00000229179	28	0		0		0		10	1,3,8,10-11,14,19-20,23,25	3338	0	0.0	0	0.0	0	0.0	976	29.2
NUP133	ENST00000261396	26	0		0		0		11	1,4,6-7,15,17-18,20-21,25-26	3991	0	0.0	0	0.0	0	0.0	1935	48.5
NUP155	ENST00000231498	35	0		0		0		8	1,6,10,16-17,20,30,32	4876	0	0.0	0	0.0	0	0.0	1075	22.0
NUP160	ENST00000378460	36	0		0		0		6	2,16,23-24,31,33	4929	0	0.0	0	0.0	0	0.0	842	17.1
NUP188	ENST00000372577	44	0		0		0		7	8,23,30-31,35,40,44	6130	0	0.0	0	0.0	0	0.0	1269	20.7
NUP205	ENST00000285968	43	0		0		0		17	2,4-5,8-10,12,19,22-23,27-30,33-35	6899	0	0.0	0	0.0	0	0.0	2814	40.8
NUP210L	ENST00000368559	40	0		0		0		8	1,7,10,12,23,25,31,37	6467	0	0.0	0	0.0	0	0.0	1513	23.4
NUP214	ENST00000359428	36	0		0		0		8	1,8,15,18,20,29,31,34	6993	0	0.0	0	0.0	0	0.0	2686	38.4
NUP37	ENST00000552283	9	0		0		0		0		1161	0	0.0	0	0.0	0	0.0	0	0.0
NUP50	ENST00000347635	7	0		0		0		3	2,4-5	1547	0	0.0	0	0.0	0	0.0	979	63.3
NUP54	ENST00000264883	12	0		0		0		3	1,5,8	1764	0	0.0	0	0.0	0	0.0	409	23.2
NUP62	ENST00000352066	1	0		0		0		1	3	1589	0	0.0	0	0.0	0	0.0	1589	100.0
NUP85	ENST00000245544	19	0		0		0		6	3,9-10,14-15,17	2351	0	0.0	0	0.0	0	0.0	960	40.8
NUP88	ENST00000573584	17	0		0		0		3	1,4,15	2566	0	0.0	0	0.0	0	0.0	571	22.3
NUP93	ENST00000308159	21	0		0		0		3	8-9,14	2880	0	0.0	0	0.0	0	0.0	460	16.0
NUS1	ENST00000368494	5	0		0		0		2	1,3	982	0	0.0	0	0.0	0	0.0	605	61.6
NUTM2F	ENST00000253262	7	0		0		0		3	1-2,7	2411	0	0.0	0	0.0	0	0.0	1559	64.7
NUTM2G	ENST00000372322	7	0		0		0		1	2	2366	0	0.0	0	0.0	0	0.0	717	30.3
NXN	ENST00000336868	8	0		0		0		4	1-2,7-8	1468	0	0.0	0	0.0	0	0.0	866	59.0
NXNL1	ENST00000301944	2	0		0		0		2	1-2	679	0	0.0	0	0.0	0	0.0	679	100.0
NXPE4	ENST00000375478	5	0		0		0		3	2-3,6	1735	0	0.0	0	0.0	0	0.0	1426	82.2
NYNRIN	ENST00000382554	8	0		0		0		4	3-5,9	5857	0	0.0	0	0.0	0	0.0	5278	90.1
NYX	ENST00000378220	2	0		0		1	3	1	3	1471	0	0.0	0	0.0	1429	97.1	1429	97.1
OAS1	ENST00000202917	6	0		0		0		3	2,4,6	1323	0	0.0	0	0.0	0	0.0	744	56.2
OAS2	ENST00000392583	10	0		0		0		7	1-4,7-8,10	2264	0	0.0	0	0.0	0	0.0	1649	72.8
OAT	ENST00000368845	9	0		0		0		5	3-5,7,9	1500	0	0.0	0	0.0	0	0.0	823	54.9
OBSCN	ENST00000680850	115	0		0		0		24	2,6,8-9,14-21,24,27,34-35,37-39,61,66,72,102,105	29078	0	0.0	0	0.0	0	0.0	9695	33.3
OBSL1	ENST00000404537	21	0		0		0		7	1-5,9,15	6111	0	0.0	0	0.0	0	0.0	2814	46.0
OCA2	ENST00000354638	23	0		0		0		9	2-3,10,12-14,16,20-21	2977	0	0.0	0	0.0	0	0.0	1212	40.7
OCEL1	ENST00000215061	6	0		0		0		2	2-3	915	0	0.0	0	0.0	0	0.0	423	46.2
OCLN	ENST00000396442	8	0		0		0		4	3,5-6,8	1729	0	0.0	0	0.0	0	0.0	1163	67.3
OCRL	ENST00000371113	24	0		0		6	5-6,14,20,22-23	23	2-24	3186	0	0.0	0	0.0	788	24.7	3127	98.1
OCSTAMP	ENST00000279028	3	0		0		0		2	2-3	1761	0	0.0	0	0.0	0	0.0	1697	96.4
ODAD1	ENST00000674294	14	0		0		0		4	3,7,13,16	2404	0	0.0	0	0.0	0	0.0	971	40.4
ODAD2	ENST00000305242	19	0		0		0		6	3,5,7,10,16,18	3515	0	0.0	0	0.0	0	0.0	1082	30.8
ODAD3	ENST00000356392	13	0		0		0		2	1,11	2048	0	0.0	0	0.0	0	0.0	440	21.5
ODAD4	ENST00000377540	12	0		0		0		5	2,4-5,9,11	2259	0	0.0	0	0.0	0	0.0	742	32.8
ODAPH	ENST00000311623	2	0		0		0		1	2	433	0	0.0	0	0.0	0	0.0	346	79.9
ODC1	ENST00000234111	10	0		0		0		3	4,11-12	1586	0	0.0	0	0.0	0	0.0	594	37.5
ODF4	ENST00000328248	3	0		0		0		1	1	834	0	0.0	0	0.0	0	0.0	474	56.8
OFD1	ENST00000340096	23	0		0		6	1,6,12-13,16,19	23	1-23	3499	0	0.0	0	0.0	1236	35.3	3499	100.0
OGDH	ENST00000222673	22	0		0		0		4	6,11,17,19	3512	0	0.0	0	0.0	0	0.0	723	20.6
OGDHL	ENST00000374103	22	0		0		0		10	2,5,7,9-11,17,19-20,23	3473	0	0.0	0	0.0	0	0.0	1658	47.7
OGG1	ENST00000344629	7	0		0		0		0		1178	0	0.0	0	0.0	0	0.0	0	0.0
OGT	ENST00000373719	22	0		0		4	11,14,16-17	22	1-22	3581	0	0.0	0	0.0	560	15.6	3581	100.0
OLAH	ENST00000378228	7	0		0		0		3	6-8	938	0	0.0	0	0.0	0	0.0	456	48.6
OLFM1	ENST00000371793	6	0		0		0		3	4-6	1578	0	0.0	0	0.0	0	0.0	1062	67.3
OLFML2A	ENST00000373580	8	0		0		0		3	5-6,8	2119	0	0.0	0	0.0	0	0.0	1164	54.9
OLFML3	ENST00000320334	3	0		0		0		2	2-3	1281	0	0.0	0	0.0	0	0.0	1147	89.5
OLR1	ENST00000309539	6	0		0		0		0		942	0	0.0	0	0.0	0	0.0	0	0.0
OMG	ENST00000247271	1	0		0		0		1	2	1343	0	0.0	0	0.0	0	0.0	1343	100.0
ONECUT1	ENST00000305901	2	0		0		0		1	1	1438	0	0.0	0	0.0	0	0.0	1125	78.2
OOEP	ENST00000370359	3	0		0		0		2	1-2	510	0	0.0	0	0.0	0	0.0	410	80.4
OPA1	ENST00000361510	30	0		0		0		10	2,4-5,12-13,17-18,25,28,30	3648	0	0.0	0	0.0	0	0.0	1222	33.5
OPA3	ENST00000263275	2	0		0		0		1	2	580	0	0.0	0	0.0	0	0.0	418	72.1
OPCML	ENST00000524381	8	0		0		0		0		1177	0	0.0	0	0.0	0	0.0	0	0.0
OPHN1	ENST00000355520	23	0		0		2	11,21	23	2-24	2869	0	0.0	0	0.0	456	15.9	2869	100.0
OPLAH	ENST00000618853	26	0		0		0		4	10,14,20,27	4387	0	0.0	0	0.0	0	0.0	817	18.6
OPN1LW	ENST00000369951	6	0		0		3	3-4,6	6	1-6	1215	0	0.0	0	0.0	506	41.6	1215	100.0
OPN1MW	ENST00000595290	6	0		3	1-2,4	6	1-6	6	1-6	1215	0	0.0	635	52.3	1215	100.0	1215	100.0
OPN1SW	ENST00000249389	5	0		0		0		2	2,5	1138	0	0.0	0	0.0	0	0.0	329	28.9
OPRM1	ENST00000330432	4	0		0		0		1	1	1283	0	0.0	0	0.0	0	0.0	310	24.2
OPTN	ENST00000378747	13	0		0		0		4	3,6,9,12	1994	0	0.0	0	0.0	0	0.0	595	29.8
OR10G9	ENST00000375024	1	0		0		0		1	1	956	0	0.0	0	0.0	0	0.0	956	100.0
OR10H2	ENST00000305899	1	0		0		0		1	1	968	0	0.0	0	0.0	0	0.0	968	100.0
OR10Q1	ENST00000316770	1	0		0		0		1	1	980	0	0.0	0	0.0	0	0.0	980	100.0
OR10Z1	ENST00000641002	1	0		0		0		1	2	962	0	0.0	0	0.0	0	0.0	962	100.0
OR11A1	ENST00000377149	1	0		0		0		1	5	968	0	0.0	0	0.0	0	0.0	968	100.0
OR2J3	ENST00000641151	1	0		0		0		1	4	956	0	0.0	0	0.0	0	0.0	956	100.0
OR2W3	ENST00000360358	1	0		0		0		1	1	965	0	0.0	0	0.0	0	0.0	965	100.0
OR4N4	ENST00000328795	1	1	1	1	1	1	1	1	1	971	971	100.0	971	100.0	971	100.0	971	100.0
OR51A7	ENST00000641490	1	0		0		0		1	2	959	0	0.0	0	0.0	0	0.0	959	100.0
OR51D1	ENST00000641817	1	0		0		0		1	2	995	0	0.0	0	0.0	0	0.0	995	100.0
OR5A1	ENST00000641045	1	0		0		0		1	2	968	0	0.0	0	0.0	0	0.0	968	100.0
OR5L2	ENST00000378397	1	0		0		0		1	1	956	0	0.0	0	0.0	0	0.0	956	100.0
ORC1	ENST00000371568	16	0		0		0		8	3-4,9,11,13,15-17	2906	0	0.0	0	0.0	0	0.0	1340	46.1
ORC4	ENST00000392857	13	0		0		0		4	7,9,13-14	1571	0	0.0	0	0.0	0	0.0	560	35.6
ORC6	ENST00000219097	7	0		0		0		3	3-4,7	899	0	0.0	0	0.0	0	0.0	442	49.2
ORMDL1	ENST00000392349	3	0		0		0		0		522	0	0.0	0	0.0	0	0.0	0	0.0
OSBP2	ENST00000332585	14	0		0		0		6	1-4,12-13	3031	0	0.0	0	0.0	0	0.0	1838	60.6
OSBPL2	ENST00000313733	13	0		0		0		1	3	1703	0	0.0	0	0.0	0	0.0	165	9.7
OSBPL5	ENST00000263650	21	0		0		0		5	3,6,10,13,15	3060	0	0.0	0	0.0	0	0.0	767	25.1
OSBPL9	ENST00000428468	24	0		0		0		4	2,11,17,22	2691	0	0.0	0	0.0	0	0.0	413	15.3
OSGEP	ENST00000206542	11	0		0		0		3	1,9-10	1228	0	0.0	0	0.0	0	0.0	350	28.5
OSMR	ENST00000274276	17	0		0		0		3	2,10,18	3280	0	0.0	0	0.0	0	0.0	783	23.9
OSTC	ENST00000361564	4	0		0		0		1	1	530	0	0.0	0	0.0	0	0.0	159	30.0
OSTM1	ENST00000193322	6	0		0		0		1	1	1125	0	0.0	0	0.0	0	0.0	422	37.5
OTC	ENST00000039007	10	0		0		1	1	10	1-10	1265	0	0.0	0	0.0	97	7.7	1265	100.0
OTOA	ENST00000646100	28	0		0		0		6	3,7,12-14,19	3980	0	0.0	0	0.0	0	0.0	925	23.2
OTOF	ENST00000272371	46	0		0		0		6	5,9,11-12,15,17	6914	0	0.0	0	0.0	0	0.0	1084	15.7
OTOF	ENST00000339598	28	0		0		0		4	5,16,22,26	4253	0	0.0	0	0.0	0	0.0	703	16.5
OTOG	ENST00000399397	56	0		0		0		15	6,15,19,23,28,30,34-36,41-42,44,50,52-53	9862	0	0.0	0	0.0	0	0.0	4086	41.4
OTOGL	ENST00000547103	58	0		0		0		17	2-3,8,18,22,25,30,34-35,45,47-49,53,55-56,59	8222	0	0.0	0	0.0	0	0.0	2514	30.6
OTOP1	ENST00000296358	6	0		0		0		3	4-6	1959	0	0.0	0	0.0	0	0.0	1300	66.4
OTUD5	ENST00000376488	9	0		0		2	1,7	9	1-9	1881	0	0.0	0	0.0	836	44.4	1881	100.0
OTUD6B	ENST00000404789	7	0		0		0		3	1,4,6	1022	0	0.0	0	0.0	0	0.0	562	55.0
OTUD7A	ENST00000307050	11	0		0		0		4	5,10,12-13	3022	0	0.0	0	0.0	0	0.0	1965	65.0
OTULIN	ENST00000284274	7	0		0		0		1	6	1199	0	0.0	0	0.0	0	0.0	290	24.2
OTX2	ENST00000672264	3	0		0		0		2	4-5	954	0	0.0	0	0.0	0	0.0	837	87.7
OVCH2	ENST00000533663	15	0		0		0		4	1,4,7,12	1998	0	0.0	0	0.0	0	0.0	662	33.1
OVOL2	ENST00000278780	4	0		0		0		2	2,4	908	0	0.0	0	0.0	0	0.0	578	63.7
OXA1L	ENST00000612549	10	0		0		0		2	7,9	1508	0	0.0	0	0.0	0	0.0	226	15.0
OXCT1	ENST00000196371	17	0		0		0		5	3,6,8,10,15	1903	0	0.0	0	0.0	0	0.0	582	30.6
OXGR1	ENST00000541038	1	0		0		0		1	4	1034	0	0.0	0	0.0	0	0.0	1034	100.0
OXR1	ENST00000517566	16	0		0		0		4	2,14,16-17	2942	0	0.0	0	0.0	0	0.0	466	15.8
P2RX2	ENST00000643471	11	0		0		0		2	8,11	1636	0	0.0	0	0.0	0	0.0	525	32.1
P2RX6	ENST00000413302	12	0		0		0		3	6-8	1566	0	0.0	0	0.0	0	0.0	393	25.1
P2RX7	ENST00000328963	13	0		0		0		3	1,7,10	2048	0	0.0	0	0.0	0	0.0	381	18.6
P2RY12	ENST00000302632	1	0		0		0		1	3	1049	0	0.0	0	0.0	0	0.0	1049	100.0
P2RY2	ENST00000393597	1	0		0		0		1	3	1154	0	0.0	0	0.0	0	0.0	1154	100.0
P2RY8	ENST00000381297	1	0		0		0		1	2	1100	0	0.0	0	0.0	0	0.0	1100	100.0
P3H1	ENST00000296388	15	0		0		0		5	4-5,11,13,15	2511	0	0.0	0	0.0	0	0.0	755	30.1
P3H2	ENST00000319332	15	0		0		0		2	1,14	2427	0	0.0	0	0.0	0	0.0	661	27.2
P4HA1	ENST00000394890	14	0		0		0		5	2,6,8,12,15	1885	0	0.0	0	0.0	0	0.0	730	38.7
P4HA2	ENST00000360568	14	0		0		0		0		1882	0	0.0	0	0.0	0	0.0	0	0.0
P4HA2	ENST00000379104	14	0		0		0		2	6,8	1888	0	0.0	0	0.0	0	0.0	457	24.2
P4HB	ENST00000331483	11	0		0		0		6	2,5-9	1747	0	0.0	0	0.0	0	0.0	1062	60.8
P4HTM	ENST00000383729	9	0		0		0		4	1-2,8-9	1689	0	0.0	0	0.0	0	0.0	861	51.0
PABPC1	ENST00000318607	14	0		0		0		2	2,12	2191	0	0.0	0	0.0	0	0.0	319	14.6
PABPC1L	ENST00000217073	14	0		0		0		7	3-6,8,12-13	2140	0	0.0	0	0.0	0	0.0	1121	52.4
PABPC5	ENST00000312600	1	0		0		1	2	1	2	1169	0	0.0	0	0.0	1169	100.0	1169	100.0
PABPN1	ENST00000216727	7	0		0		0		1	6	1061	0	0.0	0	0.0	0	0.0	172	16.2
PACS1	ENST00000320580	24	0		0		0		5	2,8,12,15,17	3372	0	0.0	0	0.0	0	0.0	582	17.3
PACS2	ENST00000447393	25	0		0		0		1	9	3215	0	0.0	0	0.0	0	0.0	178	5.5
PACSIN1	ENST00000244458	9	0		0		0		1	4	1515	0	0.0	0	0.0	0	0.0	256	16.9
PACSIN3	ENST00000298838	9	0		0		0		2	3,5	1455	0	0.0	0	0.0	0	0.0	330	22.7
PADI3	ENST00000375460	16	0		0		0		8	1-2,6,9-11,14-15	2315	0	0.0	0	0.0	0	0.0	1137	49.1
PADI4	ENST00000375448	16	0		0		0		3	7,13,16	2312	0	0.0	0	0.0	0	0.0	576	24.9
PADI6	ENST00000619609	16	0		0		0		6	1,3,5,8,14-15	2405	0	0.0	0	0.0	0	0.0	764	31.8
PAF1	ENST00000221265	14	0		0		0		1	4	1876	0	0.0	0	0.0	0	0.0	142	7.6
PAFAH1B1	ENST00000397195	10	0		0		0		2	4,9	1433	0	0.0	0	0.0	0	0.0	217	15.1
PAH	ENST00000553106	13	0		0		0		4	1-2,5,8	1619	0	0.0	0	0.0	0	0.0	386	23.8
PAICS	ENST00000512576	9	0		0		0		3	3,5,9	1458	0	0.0	0	0.0	0	0.0	520	35.7
PAK1	ENST00000356341	14	0		0		0		4	2,7,11,14	1918	0	0.0	0	0.0	0	0.0	701	36.5
PAK2	ENST00000327134	14	0		0		0		4	3,10,12,14	1855	0	0.0	0	0.0	0	0.0	532	28.7
PAK3	ENST00000372007	14	0		0		3	12-13,18	14	5-18	1915	0	0.0	0	0.0	312	16.3	1915	100.0
PAK6	ENST00000560346	8	0		0		0		3	4-5,11	2206	0	0.0	0	0.0	0	0.0	1086	49.2
PALB2	ENST00000261584	13	0		0		0		3	1,4-5	3821	0	0.0	0	0.0	0	0.0	2411	63.1
PALLD	ENST00000505667	20	0		0		0		6	2,7,9,11,17,21	3772	0	0.0	0	0.0	0	0.0	1573	41.7
PALS1	ENST00000261681	13	0		0		0		6	3-4,6,10,14-15	2288	0	0.0	0	0.0	0	0.0	1203	52.6
PAM16	ENST00000318059	5	0		0		0		0		478	0	0.0	0	0.0	0	0.0	0	0.0
PAN2	ENST00000440411	25	0		0		0		5	3,7,9,21,23	4097	0	0.0	0	0.0	0	0.0	1071	26.1
PANK2	ENST00000610179	7	0		0		0		0		1523	0	0.0	0	0.0	0	0.0	0	0.0
PANK4	ENST00000378466	19	0		0		0		5	3-4,9,13,19	2702	0	0.0	0	0.0	0	0.0	966	35.8
PANX1	ENST00000227638	5	0		0		0		3	1,3-4	1381	0	0.0	0	0.0	0	0.0	1121	81.2
PAPPA	ENST00000328252	22	0		0		0		6	1-2,4,7,13,22	5324	0	0.0	0	0.0	0	0.0	2713	51.0
PAPPA2	ENST00000367662	22	0		0		0		10	2-3,5-6,8,11,15-18	5816	0	0.0	0	0.0	0	0.0	4095	70.4
PAPSS1	ENST00000265174	12	0		0		0		3	3,5,8	2115	0	0.0	0	0.0	0	0.0	621	29.4
PAPSS2	ENST00000456849	13	0		0		0		3	4,12-13	2120	0	0.0	0	0.0	0	0.0	568	26.8
PAQR7	ENST00000675840	1	0		0		0		1	3	1061	0	0.0	0	0.0	0	0.0	1061	100.0
PARK7	ENST00000338639	6	0		0		0		2	3-4	690	0	0.0	0	0.0	0	0.0	202	29.3
PARN	ENST00000437198	24	0		0		0		6	1-3,5,8,23	2400	0	0.0	0	0.0	0	0.0	639	26.6
PARP1	ENST00000366794	23	0		0		0		6	1-2,6,9,11-12	3505	0	0.0	0	0.0	0	0.0	866	24.7
PARP10	ENST00000313028	11	0		0		0		2	5,10	3298	0	0.0	0	0.0	0	0.0	1000	30.3
PARP6	ENST00000569795	22	0		0		0		1	6	2333	0	0.0	0	0.0	0	0.0	81	3.5
PARS2	ENST00000371279	1	0		0		0		1	2	1448	0	0.0	0	0.0	0	0.0	1448	100.0
PATL2	ENST00000682850	15	0		0		0		6	6,9,13-15,17	1932	0	0.0	0	0.0	0	0.0	928	48.0
PAX1	ENST00000613128	5	0		0		0		3	1-2,4	1474	0	0.0	0	0.0	0	0.0	1199	81.3
PAX2	ENST00000355243	10	0		0		0		5	2-6	1385	0	0.0	0	0.0	0	0.0	849	61.3
PAX3	ENST00000392070	9	0		0		0		3	3-4,7	1635	0	0.0	0	0.0	0	0.0	540	33.0
PAX4	ENST00000639438	10	0		0		0		0		1256	0	0.0	0	0.0	0	0.0	0	0.0
PAX5	ENST00000358127	10	0		0		0		3	2-3,6	1376	0	0.0	0	0.0	0	0.0	600	43.6
PAX6	ENST00000640368	11	0		0		0		3	7-8,11	1531	0	0.0	0	0.0	0	0.0	593	38.7
PAX7	ENST00000420770	9	0		0		0		4	1-2,5,7	1698	0	0.0	0	0.0	0	0.0	804	47.3
PAX8	ENST00000429538	11	0		0		0		2	2,4	1573	0	0.0	0	0.0	0	0.0	263	16.7
PAX9	ENST00000361487	4	0		0		0		3	2-4	1106	0	0.0	0	0.0	0	0.0	1082	97.8
PBRM1	ENST00000707071	31	0		0		0		12	6,10,16-19,24-26,28,30-31	5735	0	0.0	0	0.0	0	0.0	2697	47.0
PBX1	ENST00000420696	9	0		0		0		2	4,9	1473	0	0.0	0	0.0	0	0.0	324	22.0
PC	ENST00000393960	20	0		0		0		7	6-8,10,12,15,19	3937	0	0.0	0	0.0	0	0.0	1339	34.0
PCARE	ENST00000331664	2	0		0		0		1	1	3907	0	0.0	0	0.0	0	0.0	3688	94.4
PCBD1	ENST00000299299	4	0		0		0		0		395	0	0.0	0	0.0	0	0.0	0	0.0
PCBP2	ENST00000546463	14	0		0		0		2	2,14	1369	0	0.0	0	0.0	0	0.0	279	20.4
PCCA	ENST00000376285	24	0		0		0		4	6,11,17,20	2667	0	0.0	0	0.0	0	0.0	439	16.5
PCCB	ENST00000251654	15	0		0		0		4	1-2,6-7	1920	0	0.0	0	0.0	0	0.0	603	31.4
PCDH10	ENST00000264360	5	0		0		0		3	1,3-4	3223	0	0.0	0	0.0	0	0.0	3104	96.3
PCDH11X	ENST00000682573	7	0		0		6	5-7,9-11	7	5-11	4184	0	0.0	0	0.0	4134	98.8	4184	100.0
PCDH12	ENST00000231484	4	0		0		0		2	1,4	3635	0	0.0	0	0.0	0	0.0	3345	92.0
PCDH15	ENST00000320301	32	0		0		0		1	33	6508	0	0.0	0	0.0	0	0.0	1521	23.4
PCDH15	ENST00000644397	37	0		0		0		10	3,7,10,21,26,28-29,33,37-38	5963	0	0.0	0	0.0	0	0.0	1728	29.0
PCDH19	ENST00000373034	6	0		0		4	1,4-6	6	1-6	3567	0	0.0	0	0.0	3058	85.7	3567	100.0
PCDH7	ENST00000695919	3	0		0		0		2	1,3	3828	0	0.0	0	0.0	0	0.0	3591	93.8
PCDH9	ENST00000377865	4	0		0		0		2	2,5	3794	0	0.0	0	0.0	0	0.0	3450	90.9
PCDHA9	ENST00000532602	4	0		0		0		1	1	2933	0	0.0	0	0.0	0	0.0	2414	82.3
PCDHB4	ENST00000194152	1	0		0		0		1	1	2408	0	0.0	0	0.0	0	0.0	2408	100.0
PCDHGA4	ENST00000571252	4	0		0		0		1	1	2969	0	0.0	0	0.0	0	0.0	2534	85.3
PCDHGA5	ENST00000518069	4	0		0		0		1	1	2876	0	0.0	0	0.0	0	0.0	2441	84.9
PCDHGA8	ENST00000398604	4	0		0		0		1	1	2879	0	0.0	0	0.0	0	0.0	2444	84.9
PCDHGC4	ENST00000306593	4	0		0		0		1	1	2897	0	0.0	0	0.0	0	0.0	2462	85.0
PCED1A	ENST00000360652	7	0		0		0		5	2-5,8	1505	0	0.0	0	0.0	0	0.0	942	62.6
PCGF1	ENST00000233630	9	0		0		0		0		960	0	0.0	0	0.0	0	0.0	0	0.0
PCGF2	ENST00000620225	9	0		0		0		2	4,7	1215	0	0.0	0	0.0	0	0.0	246	20.2
PCIF1	ENST00000372409	15	0		0		0		4	5-6,9,17	2415	0	0.0	0	0.0	0	0.0	665	27.5
PCK1	ENST00000319441	9	0		0		0		6	2,4-7,10	2049	0	0.0	0	0.0	0	0.0	1579	77.1
PCK2	ENST00000216780	10	0		0		0		2	2,5	2123	0	0.0	0	0.0	0	0.0	474	22.3
PCLO	ENST00000333891	25	0		0		0		13	1-3,5-8,12-15,19,25	15929	0	0.0	0	0.0	0	0.0	13761	86.4
PCNA	ENST00000379143	6	0		0		0		3	1-3	906	0	0.0	0	0.0	0	0.0	447	49.3
PCNT	ENST00000359568	47	0		0		0		27	2,5,9-10,12-13,15,20-32,35,37-41,47	10951	0	0.0	0	0.0	0	0.0	7232	66.0
PCNX2	ENST00000258229	34	0		0		0		17	1,3,5,7,9,11,18-21,23-25,29-30,32-33	7094	0	0.0	0	0.0	0	0.0	4349	61.3
PCNX4	ENST00000406854	10	0		0		0		2	2,9	3719	0	0.0	0	0.0	0	0.0	1763	47.4
PCSK1	ENST00000311106	14	0		0		0		6	1,7,10-12,14	2542	0	0.0	0	0.0	0	0.0	1377	54.2
PCSK7	ENST00000320934	15	0		0		0		4	3,9-10,17	2658	0	0.0	0	0.0	0	0.0	1177	44.3
PCSK9	ENST00000302118	12	0		0		0		2	11-12	2319	0	0.0	0	0.0	0	0.0	438	18.9
PCYT1A	ENST00000431016	8	0		0		0		3	6,8-9	1264	0	0.0	0	0.0	0	0.0	535	42.3
PCYT2	ENST00000538936	13	0		0		0		0		1430	0	0.0	0	0.0	0	0.0	0	0.0
PDCD1	ENST00000334409	5	0		0		0		0		967	0	0.0	0	0.0	0	0.0	0	0.0
PDCD10	ENST00000392750	7	0		0		0		4	5,7-9	779	0	0.0	0	0.0	0	0.0	442	56.7
PDCD6IP	ENST00000307296	18	0		0		0		6	1,4,10,12,15,17	2967	0	0.0	0	0.0	0	0.0	1088	36.7
PDCL3	ENST00000264254	6	0		0		0		3	1,4-5	840	0	0.0	0	0.0	0	0.0	419	49.9
PDE10A	ENST00000539869	22	0		0		0		3	1,3,11	3608	0	0.0	0	0.0	0	0.0	1097	30.4
PDE11A	ENST00000286063	20	0		0		0		5	1,11,13,18,20	3202	0	0.0	0	0.0	0	0.0	1500	46.8
PDE12	ENST00000311180	3	0		0		0		2	1-2	1890	0	0.0	0	0.0	0	0.0	1427	75.5
PDE1C	ENST00000396191	18	0		0		0		5	1,4-5,12,18	2490	0	0.0	0	0.0	0	0.0	703	28.2
PDE2A	ENST00000334456	31	0		0		0		2	14,18	3446	0	0.0	0	0.0	0	0.0	330	9.6
PDE3A	ENST00000359062	16	0		0		0		9	1,4-6,9-12,16	3746	0	0.0	0	0.0	0	0.0	2437	65.1
PDE4A	ENST00000380702	15	0		0		0		3	8,12,15	2961	0	0.0	0	0.0	0	0.0	1174	39.6
PDE4D	ENST00000340635	15	0		0		0		7	4,6-7,10,12,14-15	2730	0	0.0	0	0.0	0	0.0	1341	49.1
PDE6A	ENST00000255266	22	0		0		0		6	1,3,9-10,16,21	3023	0	0.0	0	0.0	0	0.0	1227	40.6
PDE6B	ENST00000496514	22	0		0		0		5	1-2,8,13,19	3005	0	0.0	0	0.0	0	0.0	952	31.7
PDE6C	ENST00000371447	22	0		0		0		8	1,9-11,13,17,20-21	3017	0	0.0	0	0.0	0	0.0	1454	48.2
PDE6D	ENST00000287600	5	0		0		0		2	3,5	553	0	0.0	0	0.0	0	0.0	248	44.8
PDE6G	ENST00000331056	3	0		0		0		1	2	324	0	0.0	0	0.0	0	0.0	166	51.2
PDE6H	ENST00000266395	3	0		0		0		0		312	0	0.0	0	0.0	0	0.0	0	0.0
PDE8B	ENST00000264917	22	0		0		0		7	3,9,11-12,14,18,21	3098	0	0.0	0	0.0	0	0.0	1054	34.0
PDGFB	ENST00000331163	6	0		0		0		3	2,4-5	846	0	0.0	0	0.0	0	0.0	508	60.0
PDGFD	ENST00000393158	7	0		0		0		2	1,6	1253	0	0.0	0	0.0	0	0.0	379	30.2
PDGFRA	ENST00000257290	22	0		0		0		13	3-4,6,8-11,15,17-18,21-23	3710	0	0.0	0	0.0	0	0.0	2432	65.6
PDGFRB	ENST00000261799	22	0		0		0		9	6,9,12,14-15,17-18,22-23	3761	0	0.0	0	0.0	0	0.0	1542	41.0
PDGFRL	ENST00000251630	6	0		0		0		1	6	1248	0	0.0	0	0.0	0	0.0	209	16.7
PDHA1	ENST00000422285	11	0		0		0		11	1-11	1393	0	0.0	0	0.0	0	0.0	1393	100.0
PDHA2	ENST00000295266	1	0		0		0		1	1	1187	0	0.0	0	0.0	0	0.0	1187	100.0
PDHB	ENST00000302746	10	0		0		0		3	2,6-7	1280	0	0.0	0	0.0	0	0.0	511	39.9
PDHX	ENST00000227868	11	0		0		0		2	1,8	1726	0	0.0	0	0.0	0	0.0	259	15.0
PDIA2	ENST00000219406	11	0		0		0		2	8-9	1798	0	0.0	0	0.0	0	0.0	343	19.1
PDIA5	ENST00000316218	17	0		0		0		3	11,16-17	1900	0	0.0	0	0.0	0	0.0	413	21.7
PDIA6	ENST00000272227	13	0		0		0		2	4-5	1583	0	0.0	0	0.0	0	0.0	274	17.3
PDK1	ENST00000282077	11	0		0		0		3	1,3,5	1531	0	0.0	0	0.0	0	0.0	424	27.7
PDK2	ENST00000503176	11	0		0		0		2	5,8	1444	0	0.0	0	0.0	0	0.0	229	15.9
PDK3	ENST00000379162	11	0		0		1	4	11	1-11	1441	0	0.0	0	0.0	205	14.2	1441	100.0
PDK4	ENST00000005178	11	0		0		0		5	1,4-5,8,11	1456	0	0.0	0	0.0	0	0.0	742	51.0
PDLIM3	ENST00000284767	8	0		0		0		2	6,8	1255	0	0.0	0	0.0	0	0.0	361	28.8
PDLIM4	ENST00000253754	7	0		0		0		1	7	1133	0	0.0	0	0.0	0	0.0	225	19.9
PDLIM7	ENST00000355841	12	0		0		0		1	12	1614	0	0.0	0	0.0	0	0.0	136	8.4
PDP1	ENST00000297598	1	0		0		0		1	2	1634	0	0.0	0	0.0	0	0.0	1634	100.0
PDP2	ENST00000311765	1	0		0		0		1	2	1610	0	0.0	0	0.0	0	0.0	1610	100.0
PDPR	ENST00000288050	17	0		0		0		0		2980	0	0.0	0	0.0	0	0.0	0	0.0
PDSS1	ENST00000376215	12	0		0		0		2	1,5	1488	0	0.0	0	0.0	0	0.0	300	20.2
PDSS2	ENST00000369037	8	0		0		0		4	1,3,6-7	1360	0	0.0	0	0.0	0	0.0	740	54.4
PDX1	ENST00000381033	2	0		0		0		2	1-2	892	0	0.0	0	0.0	0	0.0	892	100.0
PDXK	ENST00000291565	11	0		0		0		1	3	1159	0	0.0	0	0.0	0	0.0	125	10.8
PDYN	ENST00000217305	2	0		0		0		2	3-4	805	0	0.0	0	0.0	0	0.0	805	100.0
PDZD7	ENST00000619208	16	0		0		0		2	2,8	3422	0	0.0	0	0.0	0	0.0	662	19.3
PDZD8	ENST00000334464	5	0		0		1	1	2	1,5	3565	0	0.0	0	0.0	892	25.0	3116	87.4
PDZK1IP1	ENST00000294338	4	0		0		0		0		425	0	0.0	0	0.0	0	0.0	0	0.0
PECR	ENST00000265322	8	0		0		0		1	1	1072	0	0.0	0	0.0	0	0.0	144	13.4
PEG3	ENST00000326441	7	0		0		0		2	4,10	4907	0	0.0	0	0.0	0	0.0	4339	88.4
PEMT	ENST00000255389	7	0		0		0		0		851	0	0.0	0	0.0	0	0.0	0	0.0
PEPD	ENST00000244137	15	0		0		0		4	3-4,11,14	1782	0	0.0	0	0.0	0	0.0	542	30.4
PER1	ENST00000317276	22	0		0		0		5	8,15,20-21,23	4313	0	0.0	0	0.0	0	0.0	1065	24.7
PER2	ENST00000254657	22	0		0		0		7	4,15-17,19-21	4208	0	0.0	0	0.0	0	0.0	1880	44.7
PER3	ENST00000377532	21	0		0		0		4	2,10,18,21	4053	0	0.0	0	0.0	0	0.0	1214	30.0
PERCC1	ENST00000640283	1	0		0		0		0		824	0	0.0	0	0.0	0	0.0	0	0.0
PERP	ENST00000421351	3	0		0		0		1	1	642	0	0.0	0	0.0	0	0.0	234	36.4
PET100	ENST00000594797	4	0		0		0		0		302	0	0.0	0	0.0	0	0.0	0	0.0
PET117	ENST00000432901	2	0		0		0		2	1-2	286	0	0.0	0	0.0	0	0.0	286	100.0
PEX1	ENST00000248633	24	0		0		0		13	1,3-8,10,13,18,21-23	4332	0	0.0	0	0.0	0	0.0	2694	62.2
PEX10	ENST00000447513	6	0		0		0		1	3	1101	0	0.0	0	0.0	0	0.0	427	38.8
PEX11A	ENST00000300056	3	0		0		0		2	1,3	804	0	0.0	0	0.0	0	0.0	668	83.1
PEX11B	ENST00000369306	4	0		0		0		1	4	860	0	0.0	0	0.0	0	0.0	426	49.5
PEX12	ENST00000225873	3	0		0		0		2	1-2	1140	0	0.0	0	0.0	0	0.0	720	63.2
PEX13	ENST00000295030	4	0		0		0		2	2,4	1292	0	0.0	0	0.0	0	0.0	1034	80.0
PEX14	ENST00000356607	9	0		0		0		2	2,5	1314	0	0.0	0	0.0	0	0.0	174	13.2
PEX16	ENST00000378750	11	0		0		0		1	4	1231	0	0.0	0	0.0	0	0.0	154	12.5
PEX19	ENST00000368072	8	0		0		0		2	3-4	1060	0	0.0	0	0.0	0	0.0	292	27.5
PEX2	ENST00000357039	1	0		0		0		1	4	938	0	0.0	0	0.0	0	0.0	938	100.0
PEX26	ENST00000399744	5	0		0		0		3	1,3-4	1018	0	0.0	0	0.0	0	0.0	733	72.0
PEX3	ENST00000367591	12	0		0		0		1	8	1362	0	0.0	0	0.0	0	0.0	189	13.9
PEX5	ENST00000675855	15	0		0		0		3	2,10-11	2220	0	0.0	0	0.0	0	0.0	471	21.2
PEX6	ENST00000304611	17	0		0		0		5	1,4-6,10	3283	0	0.0	0	0.0	0	0.0	1464	44.6
PEX7	ENST00000318471	10	0		0		0		0		1172	0	0.0	0	0.0	0	0.0	0	0.0
PFAS	ENST00000314666	27	0		0		0		6	4-5,8-9,26,28	4557	0	0.0	0	0.0	0	0.0	1096	24.1
PFKFB1	ENST00000375006	14	0		0		4	3-4,8,11	14	1-14	1696	0	0.0	0	0.0	579	34.1	1696	100.0
PFKFB2	ENST00000367080	14	0		0		0		3	3,13,15	1798	0	0.0	0	0.0	0	0.0	417	23.2
PFKL	ENST00000349048	22	0		0		0		0		2783	0	0.0	0	0.0	0	0.0	0	0.0
PFKM	ENST00000359794	22	0		0		0		0		2783	0	0.0	0	0.0	0	0.0	0	0.0
PFKP	ENST00000381125	22	0		0		0		8	4,10,12,14,16-17,19,21	2795	0	0.0	0	0.0	0	0.0	1150	41.1
PFN1	ENST00000225655	3	0		0		0		1	2	483	0	0.0	0	0.0	0	0.0	213	44.1
PGAM2	ENST00000297283	3	0		0		0		0		822	0	0.0	0	0.0	0	0.0	0	0.0
PGAP1	ENST00000354764	27	0		0		0		11	2,4,8,10,12,14,16-18,21,27	3309	0	0.0	0	0.0	0	0.0	1322	40.0
PGAP2	ENST00000278243	6	0		0		0		1	6	1068	0	0.0	0	0.0	0	0.0	129	12.1
PGAP3	ENST00000300658	8	0		0		0		0		1123	0	0.0	0	0.0	0	0.0	0	0.0
PGAP6	ENST00000431232	13	0		0		0		2	6,13	2576	0	0.0	0	0.0	0	0.0	657	25.5
PGBD2	ENST00000329291	2	0		0		0		2	2-3	1819	0	0.0	0	0.0	0	0.0	1819	100.0
PGK1	ENST00000373316	11	0		0		1	3	11	1-11	1474	0	0.0	0	0.0	176	11.9	1474	100.0
PGK2	ENST00000304801	1	0		0		0		1	1	1274	0	0.0	0	0.0	0	0.0	1274	100.0
PGM1	ENST00000371084	11	0		0		0		8	1,3-6,8-10	1909	0	0.0	0	0.0	0	0.0	1480	77.5
PGM2L1	ENST00000298198	14	0		0		0		3	2,10,12	2149	0	0.0	0	0.0	0	0.0	512	23.8
PGM3	ENST00000513973	12	0		0		0		4	2-3,9,11	1869	0	0.0	0	0.0	0	0.0	691	37.0
PGR	ENST00000325455	8	0		0		0		5	1-4,7	2962	0	0.0	0	0.0	0	0.0	2470	83.4
PGRMC1	ENST00000217971	3	0		0		1	1	3	1-3	648	0	0.0	0	0.0	348	53.7	648	100.0
PHACTR1	ENST00000332995	13	0		0		0		5	3,5,9-10,13	2003	0	0.0	0	0.0	0	0.0	914	45.6
PHACTR2	ENST00000440869	13	0		0		0		5	1,3,5-6,8	2198	0	0.0	0	0.0	0	0.0	1162	52.9
PHB1	ENST00000300408	6	0		0		0		1	5	939	0	0.0	0	0.0	0	0.0	137	14.6
PHC1	ENST00000544916	14	0		0		0		3	8,13,15	3295	0	0.0	0	0.0	0	0.0	1154	35.0
PHEX	ENST00000379374	22	0		0		1	5	20	1-8,10-18,20-22	2690	0	0.0	0	0.0	247	9.2	2438	90.6
PHF10	ENST00000339209	12	0		0		0		1	2	1737	0	0.0	0	0.0	0	0.0	127	7.3
PHF12	ENST00000332830	15	0		0		0		7	3-4,7,9,12,14-15	3315	0	0.0	0	0.0	0	0.0	2141	64.6
PHF21A	ENST00000676320	16	0		0		0		5	8,10,12-13,16	2366	0	0.0	0	0.0	0	0.0	934	39.5
PHF5A	ENST00000216252	4	0		0		0		1	4	413	0	0.0	0	0.0	0	0.0	110	26.6
PHF6	ENST00000370803	9	0		0		1	8	9	2-10	1278	0	0.0	0	0.0	125	9.8	1278	100.0
PHF8	ENST00000338154	21	0		0		8	3,5-7,11,13,16,21	20	2-11,13-22	3495	0	0.0	0	0.0	1554	44.5	3385	96.9
PHGDH	ENST00000641023	12	0		0		0		3	3,11-12	1842	0	0.0	0	0.0	0	0.0	519	28.2
PHIP	ENST00000275034	40	0		0		0		17	1-3,5,8,12,17,21,24,26,29,31-34,37-38	6266	0	0.0	0	0.0	0	0.0	2349	37.5
PHKA1	ENST00000373542	32	0		0		7	8,10,12,15-16,18,31	32	1-32	4312	0	0.0	0	0.0	1141	26.5	4312	100.0
PHKA2	ENST00000379942	33	0		0		7	4,8,13,17,22,27,33	32	1-2,4-33	4368	0	0.0	0	0.0	1061	24.3	4300	98.4
PHKB	ENST00000323584	31	0		0		0		11	2,5,11-13,16,18,22,24,27,31	3902	0	0.0	0	0.0	0	0.0	1406	36.0
PHKG1	ENST00000297373	9	0		0		0		4	5,8-10	1344	0	0.0	0	0.0	0	0.0	672	50.0
PHKG2	ENST00000563588	9	0		0		0		2	6,10	1401	0	0.0	0	0.0	0	0.0	498	35.5
PHLDB1	ENST00000600882	22	0		0		0		6	4,6,9,19-20,23	4574	0	0.0	0	0.0	0	0.0	2136	46.7
PHOX2A	ENST00000298231	3	0		0		0		0		915	0	0.0	0	0.0	0	0.0	0	0.0
PHOX2B	ENST00000226382	3	0		0		0		3	1-3	1005	0	0.0	0	0.0	0	0.0	1005	100.0
PHYH	ENST00000263038	9	0		0		0		3	1,4,7	1197	0	0.0	0	0.0	0	0.0	454	37.9
PHYKPL	ENST00000308158	12	0		0		0		4	8-11	1593	0	0.0	0	0.0	0	0.0	682	42.8
PI15	ENST00000260113	5	0		0		0		2	3,5	877	0	0.0	0	0.0	0	0.0	275	31.4
PI4K2A	ENST00000370631	9	0		0		0		2	1,7	1620	0	0.0	0	0.0	0	0.0	609	37.6
PI4KA	ENST00000255882	55	0		0		0		19	1,3,11,18,23,27-28,32,34-35,38-39,43-45,47,49,51,54	7409	0	0.0	0	0.0	0	0.0	2613	35.3
PI4KB	ENST00000368873	11	0		0		0		3	2,4-5	2671	0	0.0	0	0.0	0	0.0	1425	53.4
PIBF1	ENST00000326291	17	0		0		0		10	2-5,7,10,13-15,17	2614	0	0.0	0	0.0	0	0.0	1579	60.4
PICALM	ENST00000393346	20	0		0		0		2	7,17	2359	0	0.0	0	0.0	0	0.0	247	10.5
PICK1	ENST00000356976	12	0		0		0		3	2,9,12	1488	0	0.0	0	0.0	0	0.0	380	25.5
PIDD1	ENST00000347755	15	0		0		0		2	2,4	3033	0	0.0	0	0.0	0	0.0	545	18.0
PIEZO1	ENST00000301015	51	0		0		0		3	39,43,51	8586	0	0.0	0	0.0	0	0.0	734	8.5
PIEZO2	ENST00000674853	56	0		0		0		17	5,13,16,22,24,31,34,38-39,41,44,46-47,50-53	9718	0	0.0	0	0.0	0	0.0	3403	35.0
PIGA	ENST00000333590	5	0		0		1	4	5	2-6	1555	0	0.0	0	0.0	153	9.8	1555	100.0
PIGB	ENST00000164305	12	0		0		0		4	1-2,4,12	1905	0	0.0	0	0.0	0	0.0	631	33.1
PIGC	ENST00000344529	1	0		0		0		1	2	914	0	0.0	0	0.0	0	0.0	914	100.0
PIGF	ENST00000281382	5	0		0		0		3	2-3,5	760	0	0.0	0	0.0	0	0.0	489	64.3
PIGG	ENST00000453061	13	0		0		0		4	2,9,12-13	3212	0	0.0	0	0.0	0	0.0	1122	34.9
PIGH	ENST00000216452	4	0		0		0		1	1	647	0	0.0	0	0.0	0	0.0	200	30.9
PIGK	ENST00000370812	11	0		0		0		4	1,4,9-10	1408	0	0.0	0	0.0	0	0.0	567	40.3
PIGL	ENST00000225609	7	0		0		0		2	1,4	899	0	0.0	0	0.0	0	0.0	343	38.2
PIGM	ENST00000368090	1	0		0		0		1	1	1292	0	0.0	0	0.0	0	0.0	1292	100.0
PIGN	ENST00000640252	28	0		0		0		10	4,8,10,12,19-20,22,25-26,28	3356	0	0.0	0	0.0	0	0.0	1234	36.8
PIGO	ENST00000378617	10	0		0		0		4	2,7-9	3470	0	0.0	0	0.0	0	0.0	2541	73.2
PIGP	ENST00000360525	4	0		0		0		2	2,5	485	0	0.0	0	0.0	0	0.0	253	52.2
PIGQ	ENST00000321878	10	0		0		0		2	7-8	1946	0	0.0	0	0.0	0	0.0	233	12.0
PIGS	ENST00000308360	12	0		0		0		4	2,4-5,7	1908	0	0.0	0	0.0	0	0.0	545	28.6
PIGT	ENST00000279036	12	0		0		0		3	1,10,12	1977	0	0.0	0	0.0	0	0.0	666	33.7
PIGU	ENST00000217446	12	0		0		0		2	9,11	1548	0	0.0	0	0.0	0	0.0	327	21.1
PIGV	ENST00000674202	3	0		0		0		1	4	1542	0	0.0	0	0.0	0	0.0	302	19.6
PIGW	ENST00000614443	1	0		0		0		1	2	1535	0	0.0	0	0.0	0	0.0	1535	100.0
PIGY	ENST00000527353	1	0		0		0		0		236	0	0.0	0	0.0	0	0.0	0	0.0
PIK3AP1	ENST00000339364	17	0		0		0		4	2,9-10,12	2758	0	0.0	0	0.0	0	0.0	997	36.1
PIK3C2A	ENST00000691414	32	0		0		0		10	2-3,8,13,16-17,21-23,27	5701	0	0.0	0	0.0	0	0.0	2452	43.0
PIK3C2B	ENST00000684373	32	0		0		0		11	2,4,9,11,18,20,25-26,29,32-33	5545	0	0.0	0	0.0	0	0.0	2557	46.1
PIK3CA	ENST00000263967	20	0		0		0		8	2,4,9,14-15,17,20-21	3607	0	0.0	0	0.0	0	0.0	1679	46.5
PIK3CD	ENST00000377346	22	0		0		0		7	4,6,9,17,19,23-24	3575	0	0.0	0	0.0	0	0.0	1300	36.4
PIK3CG	ENST00000496166	10	0		0		0		3	2,5,11	3509	0	0.0	0	0.0	0	0.0	2438	69.5
PIK3R1	ENST00000521381	15	0		0		0		4	2,9-10,15	2475	0	0.0	0	0.0	0	0.0	865	34.9
PIK3R2	ENST00000222254	15	0		0		0		4	2,7,11,13	2487	0	0.0	0	0.0	0	0.0	791	31.8
PIK3R4	ENST00000356763	19	0		0		0		8	2,4-5,7-9,11,17	4457	0	0.0	0	0.0	0	0.0	2424	54.4
PIK3R5	ENST00000447110	18	0		0		0		2	10,16	3003	0	0.0	0	0.0	0	0.0	855	28.5
PIKFYVE	ENST00000264380	41	0		0		0		11	8-9,19-20,24,26,28,31,38,40,42	7117	0	0.0	0	0.0	0	0.0	2786	39.1
PINK1	ENST00000321556	8	0		0		0		5	1,4,6-8	1906	0	0.0	0	0.0	0	0.0	1293	67.8
PIP5K1C	ENST00000335312	18	0		0		0		4	7-8,15-16	2367	0	0.0	0	0.0	0	0.0	824	34.8
PIR	ENST00000380420	9	0		0		1	6	9	2-10	1053	0	0.0	0	0.0	105	10.0	1053	100.0
PISD	ENST00000439502	8	0		0		0		3	1,4,8	1390	0	0.0	0	0.0	0	0.0	587	42.2
PITHD1	ENST00000246151	6	0		0		0		2	1,5	756	0	0.0	0	0.0	0	0.0	347	45.9
PITPNM3	ENST00000262483	20	0		0		0		5	2,4,6,9,20	3325	0	0.0	0	0.0	0	0.0	971	29.2
PITRM1	ENST00000224949	27	0		0		0		7	5,12,15,21-22,24,26	3654	0	0.0	0	0.0	0	0.0	894	24.5
PITX1	ENST00000265340	3	0		0		0		3	1-3	1005	0	0.0	0	0.0	0	0.0	1005	100.0
PITX2	ENST00000644743	3	0		0		0		3	1-3	1035	0	0.0	0	0.0	0	0.0	1035	100.0
PITX3	ENST00000370002	3	0		0		0		3	2-4	969	0	0.0	0	0.0	0	0.0	969	100.0
PIWIL2	ENST00000356766	22	0		0		0		4	2-3,5,21	3362	0	0.0	0	0.0	0	0.0	827	24.6
PJA1	ENST00000374571	1	0		0		1	2	1	2	1787	0	0.0	0	0.0	1787	100.0	1787	100.0
PJVK	ENST00000644580	6	0		0		0		2	2,6	1179	0	0.0	0	0.0	0	0.0	350	29.7
PKD1	ENST00000262304	46	0		0		1	22	10	10,15,17,22-26,28-29	13832	0	0.0	0	0.0	165	1.2	5948	43.0
PKD1L1	ENST00000289672	57	0		0		0		30	4-7,9,11-13,15-18,20,25-26,28,30-31,34-37,45-46,49-50,52-54,56	9690	0	0.0	0	0.0	0	0.0	5964	61.5
PKD2	ENST00000237596	15	0		0		0		8	1,3-5,7,10,13,15	3207	0	0.0	0	0.0	0	0.0	2033	63.4
PKDCC	ENST00000294964	7	0		0		0		2	1,7	1622	0	0.0	0	0.0	0	0.0	765	47.2
PKDREJ	ENST00000253255	1	0		0		0		1	1	6782	0	0.0	0	0.0	0	0.0	6782	100.0
PKHD1	ENST00000371117	66	0		0		0		19	9,14-16,29,32,34,42,45-46,48,50,52-55,58,61,67	13545	0	0.0	0	0.0	0	0.0	6492	47.9
PKHD1L1	ENST00000378402	78	0		0		0		28	5-6,11,13-14,17,24,29-32,34,38,41,43-44,49-51,54,57-58,60-62,67,73,77	14292	0	0.0	0	0.0	0	0.0	6358	44.5
PKLR	ENST00000342741	11	0		0		0		4	2,5,8-9	1945	0	0.0	0	0.0	0	0.0	770	39.6
PKNOX1	ENST00000291547	10	0		0		0		3	8-10	1511	0	0.0	0	0.0	0	0.0	439	29.1
PKP1	ENST00000367324	13	0		0		0		5	3-5,8,13	2441	0	0.0	0	0.0	0	0.0	1079	44.2
PKP2	ENST00000340811	13	0		0		1	3	5	3,5,7-8,10	2774	0	0.0	0	0.0	718	25.9	1443	52.0
PKP4	ENST00000389759	21	0		0		0		8	2,5-7,11-12,14,19	3999	0	0.0	0	0.0	0	0.0	1873	46.8
PLA2G2A	ENST00000482011	4	0		0		0		2	3-4	515	0	0.0	0	0.0	0	0.0	292	56.7
PLA2G4A	ENST00000367466	17	0		0		0		8	3-5,9,11,16-18	2590	0	0.0	0	0.0	0	0.0	1352	52.2
PLA2G4D	ENST00000290472	20	0		0		0		5	3,15,17,19-20	2857	0	0.0	0	0.0	0	0.0	984	34.4
PLA2G5	ENST00000375108	4	0		0		0		2	3,5	497	0	0.0	0	0.0	0	0.0	310	62.4
PLA2G6	ENST00000332509	16	0		0		0		4	2,5,12,14	2741	0	0.0	0	0.0	0	0.0	783	28.6
PLA2G7	ENST00000274793	11	0		0		0		6	5,8-12	1546	0	0.0	0	0.0	0	0.0	877	56.7
PLAA	ENST00000397292	14	0		0		0		5	1,3,7,9,14	2668	0	0.0	0	0.0	0	0.0	1306	49.0
PLAAT3	ENST00000415826	4	0		0		0		3	2-4	569	0	0.0	0	0.0	0	0.0	447	78.6
PLAC8L1	ENST00000311450	4	0		0		0		1	1	614	0	0.0	0	0.0	0	0.0	139	22.6
PLAG1	ENST00000316981	2	0		0		0		1	5	1543	0	0.0	0	0.0	0	0.0	1281	83.0
PLAGL1	ENST00000674357	2	0		0		0		1	8	1432	0	0.0	0	0.0	0	0.0	1260	88.0
PLAT	ENST00000220809	13	0		0		0		4	5,8,11,13	1949	0	0.0	0	0.0	0	0.0	667	34.2
PLAU	ENST00000372764	10	0		0		0		0		1496	0	0.0	0	0.0	0	0.0	0	0.0
PLB1	ENST00000327757	58	0		0		0		11	2-3,15,25,35,39,45,48,51,57-58	5537	0	0.0	0	0.0	0	0.0	1197	21.6
PLCB1	ENST00000338037	32	0		0		0		9	8,13,16,20,26,28,30-32	4291	0	0.0	0	0.0	0	0.0	1298	30.2
PLCB2	ENST00000260402	32	0		0		0		5	9-10,13,17,19	4198	0	0.0	0	0.0	0	0.0	739	17.6
PLCB3	ENST00000279230	31	0		0		0		3	11,14,28	4325	0	0.0	0	0.0	0	0.0	597	13.8
PLCB4	ENST00000378473	37	0		0		0		9	7-8,11,13,19-20,28,30,34	4361	0	0.0	0	0.0	0	0.0	1243	28.5
PLCD1	ENST00000334661	15	0		0		0		3	3,5-6	2571	0	0.0	0	0.0	0	0.0	723	28.1
PLCE1	ENST00000371380	31	0		0		0		11	2,5,8,11,13,19,24-25,29,31-32	7529	0	0.0	0	0.0	0	0.0	3774	50.1
PLCG1	ENST00000685551	32	0		0		0		13	1,10,13,16-22,26,29,31	4516	0	0.0	0	0.0	0	0.0	2309	51.1
PLCG2	ENST00000564138	32	0		0		0		12	3,6,11,14,17-18,25-26,28-30,32	4438	0	0.0	0	0.0	0	0.0	2009	45.3
PLCH1	ENST00000460012	22	0		0		0		8	4,6,10,15-16,21-23	5498	0	0.0	0	0.0	0	0.0	3544	64.5
PLCL1	ENST00000428675	6	0		0		0		1	2	3408	0	0.0	0	0.0	0	0.0	2495	73.2
PLCZ1	ENST00000266505	14	0		0		1	11	4	4,7,10-11	2107	0	0.0	0	0.0	137	6.5	736	34.9
PLD1	ENST00000351298	26	0		0		0		7	5,11,18,21,24-25,27	3745	0	0.0	0	0.0	0	0.0	1052	28.1
PLD3	ENST00000409735	11	0		0		0		2	9-10	1693	0	0.0	0	0.0	0	0.0	381	22.5
PLD4	ENST00000392593	10	0		0		0		1	4	1721	0	0.0	0	0.0	0	0.0	204	11.9
PLD5	ENST00000536534	10	0		0		0		4	1-3,8	1811	0	0.0	0	0.0	0	0.0	744	41.1
PLEC	ENST00000345136	32	0		0		0		0		14284	0	0.0	0	0.0	0	0.0	0	0.0
PLEC	ENST00000356346	32	0		0		0		1	32	14242	0	0.0	0	0.0	0	0.0	6239	43.8
PLEK	ENST00000234313	9	0		0		0		3	1,3,9	1233	0	0.0	0	0.0	0	0.0	421	34.1
PLEKHA5	ENST00000429027	31	0		0		0		15	1,4-6,8,12-14,19,22-23,25,29-31	4469	0	0.0	0	0.0	0	0.0	2197	49.2
PLEKHA7	ENST00000531066	27	0		0		0		9	5-6,9-11,16,20,23,27	4356	0	0.0	0	0.0	0	0.0	2130	48.9
PLEKHG1	ENST00000696526	15	0		0		0		9	3-4,8-9,12-14,16-17	4458	0	0.0	0	0.0	0	0.0	3864	86.7
PLEKHG2	ENST00000425673	18	0		0		0		4	10-11,13,19	4521	0	0.0	0	0.0	0	0.0	1924	42.6
PLEKHG5	ENST00000377728	20	0		0		0		0		3421	0	0.0	0	0.0	0	0.0	0	0.0
PLEKHG6	ENST00000684764	15	0		0		0		1	4	2673	0	0.0	0	0.0	0	0.0	185	6.9
PLEKHH1	ENST00000329153	28	0		0		0		7	7,10,14,18,24,26-27	4655	0	0.0	0	0.0	0	0.0	1683	36.2
PLEKHM1	ENST00000430334	11	0		0		0		6	3-7,12	3391	0	0.0	0	0.0	0	0.0	2681	79.1
PLEKHM2	ENST00000375799	20	0		0		0		6	3-4,9,11,14,20	3460	0	0.0	0	0.0	0	0.0	1511	43.7
PLEKHN1	ENST00000379410	16	0		0		0		1	16	2156	0	0.0	0	0.0	0	0.0	154	7.1
PLG	ENST00000308192	19	0		0		0		6	4,11,15-18	2813	0	0.0	0	0.0	0	0.0	886	31.5
PLIN1	ENST00000300055	8	0		0		0		2	8-9	1729	0	0.0	0	0.0	0	0.0	646	37.4
PLIN3	ENST00000221957	7	0		0		0		5	4-8	1445	0	0.0	0	0.0	0	0.0	1140	78.9
PLIN4	ENST00000301286	7	0		0		0		1	5	4256	0	0.0	0	0.0	0	0.0	3276	77.0
PLIN5	ENST00000381848	7	0		0		0		3	3,5,8	1532	0	0.0	0	0.0	0	0.0	995	64.9
PLK1	ENST00000300093	10	0		0		0		5	1,5-6,9-10	2012	0	0.0	0	0.0	0	0.0	1271	63.2
PLK4	ENST00000270861	16	0		0		0		7	1-2,5,7,10,12,16	3233	0	0.0	0	0.0	0	0.0	2003	62.0
PLN	ENST00000357525	1	0		0		0		0		179	0	0.0	0	0.0	0	0.0	0	0.0
PLOD1	ENST00000196061	19	0		0		0		4	3,7,9,16	2564	0	0.0	0	0.0	0	0.0	549	21.4
PLOD2	ENST00000282903	20	0		0		0		9	2-3,7,9-11,13,16,19	2677	0	0.0	0	0.0	0	0.0	1194	44.6
PLOD3	ENST00000223127	19	0		0		0		7	2-5,13-14,17	2597	0	0.0	0	0.0	0	0.0	1049	40.4
PLP1	ENST00000621218	7	0		0		1	4	7	1-7	974	0	0.0	0	0.0	189	19.4	974	100.0
PLPBP	ENST00000328195	8	0		0		0		2	1,8	988	0	0.0	0	0.0	0	0.0	271	27.4
PLPP6	ENST00000381883	1	0		0		0		1	1	908	0	0.0	0	0.0	0	0.0	908	100.0
PLS1	ENST00000457734	15	0		0		0		4	4,9,15-16	2190	0	0.0	0	0.0	0	0.0	564	25.8
PLS3	ENST00000355899	15	0		0		3	10,12,14	15	2-16	2193	0	0.0	0	0.0	495	22.6	2193	100.0
PLTP	ENST00000372431	15	0		0		0		4	4-5,9,11	1782	0	0.0	0	0.0	0	0.0	707	39.7
PLVAP	ENST00000252590	6	0		0		0		2	1,3	1449	0	0.0	0	0.0	0	0.0	1122	77.4
PLXDC2	ENST00000377252	14	0		0		0		3	1,9,12	1870	0	0.0	0	0.0	0	0.0	293	15.7
PLXNA1	ENST00000393409	31	0		0		0		3	18,22,30	6311	0	0.0	0	0.0	0	0.0	770	12.2
PLXNA2	ENST00000367033	31	0		0		0		13	2,4,6-7,10,12,14,16,20,22,29-30,32	6305	0	0.0	0	0.0	0	0.0	3522	55.9
PLXNA3	ENST00000369682	32	0		0		2	3,12	32	2-33	6256	0	0.0	0	0.0	677	10.8	6256	100.0
PLXNB1	ENST00000296440	36	0		0		0		2	3,7	7128	0	0.0	0	0.0	0	0.0	1280	18.0
PLXNB2	ENST00000359337	35	0		0		0		8	3-4,19-21,26,36-37	6217	0	0.0	0	0.0	0	0.0	2193	35.3
PLXNC1	ENST00000258526	31	0		0		0		7	1,4-5,7,17,24,27	5327	0	0.0	0	0.0	0	0.0	1829	34.3
PLXND1	ENST00000324093	36	0		0		0		14	1,8-9,15,20-22,25-27,33-36	6498	0	0.0	0	0.0	0	0.0	3259	50.2
PMAIP1	ENST00000316660	2	0		0		0		2	1-2	205	0	0.0	0	0.0	0	0.0	205	100.0
PMEL	ENST00000548747	11	0		0		0		3	8-10	2206	0	0.0	0	0.0	0	0.0	439	19.9
PMEPA1	ENST00000341744	4	0		0		0		1	4	944	0	0.0	0	0.0	0	0.0	566	60.0
PMF1	ENST00000368277	5	0		0		0		2	1-2	718	0	0.0	0	0.0	0	0.0	307	42.8
PMFBP1	ENST00000237353	20	0		0		0		9	8-12,14-15,17,20	3424	0	0.0	0	0.0	0	0.0	1754	51.2
PML	ENST00000268058	9	0		0		0		4	2-3,6,9	2829	0	0.0	0	0.0	0	0.0	2181	77.1
PMM1	ENST00000216259	8	0		0		0		3	1-2,4	949	0	0.0	0	0.0	0	0.0	357	37.6
PMM2	ENST00000268261	8	0		0		0		3	1,5-6	901	0	0.0	0	0.0	0	0.0	302	33.5
PMP2	ENST00000256103	4	0		0		0		1	2	479	0	0.0	0	0.0	0	0.0	193	40.3
PMP22	ENST00000312280	4	0		0		0		0		563	0	0.0	0	0.0	0	0.0	0	0.0
PMPCA	ENST00000371717	13	0		0		0		2	6,12	1838	0	0.0	0	0.0	0	0.0	286	15.6
PMPCB	ENST00000249269	13	0		0		0		4	1-2,10,12	1730	0	0.0	0	0.0	0	0.0	482	27.9
PMS1	ENST00000441310	12	0		0		0		6	4-5,8-10,12	3039	0	0.0	0	0.0	0	0.0	2068	68.0
PMS2	ENST00000265849	15	0		0		0		6	1,3,5,10-11,14	2889	0	0.0	0	0.0	0	0.0	1602	55.5
PMVK	ENST00000368467	5	0		0		0		1	1	679	0	0.0	0	0.0	0	0.0	115	16.9
PNKD	ENST00000273077	10	0		0		0		0		1358	0	0.0	0	0.0	0	0.0	0	0.0
PNKP	ENST00000322344	16	0		0		0		0		1886	0	0.0	0	0.0	0	0.0	0	0.0
PNLDC1	ENST00000392167	19	0		0		0		2	3,18	1976	0	0.0	0	0.0	0	0.0	213	10.8
PNLIP	ENST00000369221	12	0		0		0		4	8,10,12-13	1638	0	0.0	0	0.0	0	0.0	559	34.1
PNN	ENST00000216832	9	0		0		0		2	1,9	2334	0	0.0	0	0.0	0	0.0	1514	64.9
PNP	ENST00000361505	6	0		0		0		3	2,4,6	990	0	0.0	0	0.0	0	0.0	624	63.0
PNPLA1	ENST00000636260	9	0		0		0		3	2,5,7	1899	0	0.0	0	0.0	0	0.0	439	23.1
PNPLA2	ENST00000336615	9	0		0		0		0		1695	0	0.0	0	0.0	0	0.0	0	0.0
PNPLA3	ENST00000216180	9	0		0		0		4	2,4,6,9	1626	0	0.0	0	0.0	0	0.0	974	59.9
PNPLA4	ENST00000381042	6	0		0		1	7	6	2-7	882	0	0.0	0	0.0	152	17.2	882	100.0
PNPLA6	ENST00000600737	32	0		0		0		7	7,9,11,14,16,28-29	4738	0	0.0	0	0.0	0	0.0	1291	27.2
PNPLA8	ENST00000257694	9	0		0		0		4	3-4,7,9	2529	0	0.0	0	0.0	0	0.0	1653	65.4
PNPO	ENST00000642017	7	0		0		0		1	7	926	0	0.0	0	0.0	0	0.0	189	20.4
PNPT1	ENST00000447944	28	0		0		0		6	4,10-11,13,20,24	2912	0	0.0	0	0.0	0	0.0	618	21.2
POC1A	ENST00000296484	11	0		0		0		3	2-3,8	1444	0	0.0	0	0.0	0	0.0	386	26.7
POC1B	ENST00000313546	12	0		1	5	1	5	6	2-3,5,7,9,11	1677	0	0.0	128	7.6	128	7.6	991	59.1
POC5	ENST00000428202	11	0		0		0		7	2,4,6,8-10,12	1948	0	0.0	0	0.0	0	0.0	1241	63.7
PODXL	ENST00000378555	9	0		0		0		3	1,4,8	1857	0	0.0	0	0.0	0	0.0	549	29.6
POF1B	ENST00000262753	16	0		0		1	12	16	2-17	2090	0	0.0	0	0.0	173	8.3	2090	100.0
POFUT1	ENST00000375749	7	0		0		0		3	3,5,7	1307	0	0.0	0	0.0	0	0.0	625	47.8
POGLUT1	ENST00000295588	11	0		0		0		2	1,7	1399	0	0.0	0	0.0	0	0.0	225	16.1
POGLUT2	ENST00000376004	10	0		0		0		5	1-2,4-5,10	1709	0	0.0	0	0.0	0	0.0	757	44.3
POGZ	ENST00000271715	18	0		0		0		2	18-19	4593	0	0.0	0	0.0	0	0.0	1728	37.6
POLA1	ENST00000379068	37	0		0		8	2,5,8,20,25,27-28,37	36	1-15,17-37	5147	0	0.0	0	0.0	1087	21.1	5042	98.0
POLA2	ENST00000265465	18	0		0		0		5	2,6,8,16-17	2157	0	0.0	0	0.0	0	0.0	762	35.3
POLB	ENST00000265421	14	0		0		0		5	5,7-8,11-12	1288	0	0.0	0	0.0	0	0.0	418	32.5
POLD1	ENST00000440232	26	0		0		0		1	27	3844	0	0.0	0	0.0	0	0.0	126	3.3
POLD2	ENST00000610533	10	0		0		0		7	3-6,9-11	1610	0	0.0	0	0.0	0	0.0	1091	67.8
POLD3	ENST00000263681	12	0		0		0		3	1,7,11	1641	0	0.0	0	0.0	0	0.0	272	16.6
POLE	ENST00000320574	49	0		0		0		18	9,12-13,15-16,19,21,26,28-32,34,38,42,45-46	7841	0	0.0	0	0.0	0	0.0	3227	41.2
POLE2	ENST00000216367	19	0		0		0		5	1,7-8,14-15	1964	0	0.0	0	0.0	0	0.0	447	22.8
POLG	ENST00000268124	22	0		0		0		9	2,5,16-22	4160	0	0.0	0	0.0	0	0.0	2149	51.7
POLG2	ENST00000539111	8	0		0		0		4	1-3,7	1618	0	0.0	0	0.0	0	0.0	976	60.3
POLH	ENST00000372236	10	0		0		0		2	7,11	2342	0	0.0	0	0.0	0	0.0	1058	45.2
POLI	ENST00000579534	10	0		0		0		8	2-8,10	2423	0	0.0	0	0.0	0	0.0	2062	85.1
POLK	ENST00000241436	14	0		0		0		5	3,6-7,13,15	2893	0	0.0	0	0.0	0	0.0	1656	57.2
POLL	ENST00000370162	8	0		0		0		5	2,4-5,8-9	1888	0	0.0	0	0.0	0	0.0	1230	65.1
POLN	ENST00000511885	24	0		0		0		7	5,7,10-11,16,19-20	3183	0	0.0	0	0.0	0	0.0	1144	35.9
POLQ	ENST00000264233	30	0		0		0		13	1,3-5,9-12,14,16,22,24,26	8373	0	0.0	0	0.0	0	0.0	5165	61.7
POLR1A	ENST00000263857	34	0		0		0		12	1-2,12-13,16,18,20-21,24,26-27,31	5843	0	0.0	0	0.0	0	0.0	2297	39.3
POLR1B	ENST00000263331	15	0		0		0		2	10,15	3708	0	0.0	0	0.0	0	0.0	1057	28.5
POLR1C	ENST00000642195	9	0		0		0		2	5-6	1221	0	0.0	0	0.0	0	0.0	313	25.6
POLR1D	ENST00000302979	2	0		0		0		0		442	0	0.0	0	0.0	0	0.0	0	0.0
POLR2A	NM_000937.5	30	0		0		0		10	2,5-8,16-17,19,21,28	6513	0	0.0	0	0.0	0	0.0	2090	32.1
POLR2C	ENST00000219252	9	0		0		0		3	2,7,9	1008	0	0.0	0	0.0	0	0.0	424	42.1
POLR2M	ENST00000299638	4	0		0		0		3	1-2,4	1187	0	0.0	0	0.0	0	0.0	962	81.0
POLR3A	ENST00000372371	31	0		0		0		9	6,8-9,16,18,20-21,27,31	4793	0	0.0	0	0.0	0	0.0	1552	32.4
POLR3B	ENST00000228347	28	0		0		0		8	1-2,14-15,17,23-24,27	3962	0	0.0	0	0.0	0	0.0	1125	28.4
POLR3C	ENST00000334163	14	0		0		0		2	3,7	1885	0	0.0	0	0.0	0	0.0	389	20.6
POLR3F	ENST00000377603	9	0		0		0		3	1,5,9	1131	0	0.0	0	0.0	0	0.0	313	27.7
POLR3GL	ENST00000369314	7	0		0		0		1	3	797	0	0.0	0	0.0	0	0.0	150	18.8
POLR3H	ENST00000355209	6	0		0		0		1	4	735	0	0.0	0	0.0	0	0.0	84	11.4
POLR3K	ENST00000293860	3	0		0		0		0		387	0	0.0	0	0.0	0	0.0	0	0.0
POLRMT	ENST00000588649	21	0		0		0		5	2-3,10,14-15	4113	0	0.0	0	0.0	0	0.0	1824	44.3
POMC	ENST00000395826	2	0		0		0		1	3	844	0	0.0	0	0.0	0	0.0	692	82.0
POMGNT1	ENST00000371984	21	0		0		0		4	2-3,17,21	2403	0	0.0	0	0.0	0	0.0	551	22.9
POMGNT2	ENST00000344697	1	0		0		0		1	2	1763	0	0.0	0	0.0	0	0.0	1763	100.0
POMK	ENST00000331373	2	0		0		0		1	5	1093	0	0.0	0	0.0	0	0.0	791	72.4
POMP	ENST00000380842	6	0		0		0		0		546	0	0.0	0	0.0	0	0.0	0	0.0
POMT1	ENST00000402686	19	0		0		0		4	5,10,16,18	2558	0	0.0	0	0.0	0	0.0	583	22.8
POMT2	ENST00000261534	21	0		0		0		6	1,4,10,15,18,21	2673	0	0.0	0	0.0	0	0.0	833	31.2
PON1	ENST00000222381	9	0		0		0		0		1248	0	0.0	0	0.0	0	0.0	0	0.0
PON2	ENST00000222572	9	0		0		0		3	1,5-6	1245	0	0.0	0	0.0	0	0.0	462	37.1
PON3	ENST00000265627	9	0		0		0		3	1,4,6	1245	0	0.0	0	0.0	0	0.0	501	40.2
POP1	ENST00000401707	15	0		0		0		6	3-4,8,11,13,16	3375	0	0.0	0	0.0	0	0.0	1688	50.0
POPDC1	ENST00000314641	7	0		0		0		3	2,4-5	1223	0	0.0	0	0.0	0	0.0	583	47.7
POPDC2	ENST00000493094	3	0		0		0		2	1,3	1167	0	0.0	0	0.0	0	0.0	1038	88.9
POPDC3	ENST00000254765	3	0		0		0		1	2	936	0	0.0	0	0.0	0	0.0	505	54.0
POR	ENST00000461988	15	0		0		0		3	5-6,11	2334	0	0.0	0	0.0	0	0.0	517	22.2
PORCN	ENST00000326194	14	0		0		1	2	14	2-15	1666	0	0.0	0	0.0	156	9.4	1666	100.0
POT1	ENST00000357628	15	0		0		0		7	6-7,10,13-14,18-19	2205	0	0.0	0	0.0	0	0.0	1135	51.5
POU1F1	ENST00000350375	6	0		0		0		5	1-4,6	996	0	0.0	0	0.0	0	0.0	915	91.9
POU2AF1	ENST00000393067	5	0		0		0		2	4-5	871	0	0.0	0	0.0	0	0.0	621	71.3
POU3F2	ENST00000328345	1	0		0		0		1	1	1352	0	0.0	0	0.0	0	0.0	1352	100.0
POU3F3	ENST00000361360	1	0		0		0		1	1	1523	0	0.0	0	0.0	0	0.0	1523	100.0
POU3F4	ENST00000644024	1	0		0		1	1	1	1	1106	0	0.0	0	0.0	1106	100.0	1106	100.0
POU4F1	ENST00000377208	2	0		0		0		2	1-2	1300	0	0.0	0	0.0	0	0.0	1300	100.0
POU4F3	ENST00000646991	2	0		0		0		1	2	1057	0	0.0	0	0.0	0	0.0	917	86.8
POU5F1	ENST00000259915	5	0		0		0		1	3	1183	0	0.0	0	0.0	0	0.0	151	12.8
POU6F2	ENST00000518318	10	0		0		0		5	4,6-7,9-10	2363	0	0.0	0	0.0	0	0.0	1351	57.2
PPA2	ENST00000341695	12	0		0		0		4	1,5-6,8	1245	0	0.0	0	0.0	0	0.0	572	45.9
PPARA	ENST00000407236	6	0		0		0		4	6-9	1527	0	0.0	0	0.0	0	0.0	1118	73.2
PPARG	ENST00000651735	6	0		0		0		4	3-6	1548	0	0.0	0	0.0	0	0.0	809	52.3
PPARGC1B	ENST00000309241	12	0		0		0		4	4,8-9,11	3312	0	0.0	0	0.0	0	0.0	1239	37.4
PPCDC	ENST00000342932	5	0		0		0		1	2	715	0	0.0	0	0.0	0	0.0	155	21.7
PPCS	ENST00000372561	3	0		0		0		3	1-3	996	0	0.0	0	0.0	0	0.0	996	100.0
PPFIA2	ENST00000549396	30	0		0		0		12	3,5-6,8-9,12,14,16-17,22,25,31	4374	0	0.0	0	0.0	0	0.0	1916	43.8
PPFIA3	ENST00000334186	28	0		0		0		6	2,7-8,11,21,24	4145	0	0.0	0	0.0	0	0.0	1238	29.9
PPFIBP1	ENST00000228425	28	0		0		0		9	7,9-11,16,19-20,23,28	3578	0	0.0	0	0.0	0	0.0	1059	29.6
PPIA	ENST00000468812	5	0		0		0		0		598	0	0.0	0	0.0	0	0.0	0	0.0
PPIB	ENST00000300026	5	0		0		0		4	1,3-5	751	0	0.0	0	0.0	0	0.0	617	82.2
PPID	ENST00000307720	10	0		0		0		3	1-2,4	1313	0	0.0	0	0.0	0	0.0	475	36.2
PPIL1	ENST00000373699	4	0		0		0		2	1,4	581	0	0.0	0	0.0	0	0.0	317	54.6
PPIP5K2	ENST00000358359	30	0		0		0		10	2,7,12,16,18,20-21,23-24,27	4332	0	0.0	0	0.0	0	0.0	1404	32.4
PPM1B	ENST00000282412	5	0		0		0		2	3,6	1540	0	0.0	0	0.0	0	0.0	464	30.1
PPM1D	ENST00000305921	6	0		0		0		2	1,5	1938	0	0.0	0	0.0	0	0.0	755	39.0
PPM1F	ENST00000263212	7	0		0		0		4	3-4,6,8	1505	0	0.0	0	0.0	0	0.0	956	63.5
PPM1K	ENST00000608933	6	0		0		0		1	2	1239	0	0.0	0	0.0	0	0.0	460	37.1
PPOX	ENST00000367999	12	0		0		0		1	11	1674	0	0.0	0	0.0	0	0.0	170	10.2
PPP1CB	ENST00000395366	8	0		0		0		3	3,5,8	1144	0	0.0	0	0.0	0	0.0	468	40.9
PPP1R12A	ENST00000450142	25	0		0		0		4	12,19,21-22	3593	0	0.0	0	0.0	0	0.0	492	13.7
PPP1R12B	ENST00000608999	24	0		0		0		6	1,3,7-8,15,17	3429	0	0.0	0	0.0	0	0.0	1067	31.1
PPP1R12C	ENST00000263433	22	0		0		0		1	12	2789	0	0.0	0	0.0	0	0.0	158	5.7
PPP1R13L	ENST00000360957	12	0		0		0		2	3-4	2727	0	0.0	0	0.0	0	0.0	697	25.6
PPP1R15B	ENST00000367188	2	0		0		0		1	1	2182	0	0.0	0	0.0	0	0.0	1940	88.9
PPP1R17	ENST00000342032	4	0		0		0		0		548	0	0.0	0	0.0	0	0.0	0	0.0
PPP1R21	ENST00000294952	22	0		0		0		6	5,10-14	2783	0	0.0	0	0.0	0	0.0	834	30.0
PPP1R36	ENST00000298705	12	0		0		0		2	8,11	1509	0	0.0	0	0.0	0	0.0	367	24.3
PPP1R3A	ENST00000284601	4	0		0		0		2	1,4	3449	0	0.0	0	0.0	0	0.0	3225	93.5
PPP1R3C	ENST00000238994	2	0		0		0		1	2	994	0	0.0	0	0.0	0	0.0	960	96.6
PPP1R3F	ENST00000055335	4	0		0		1	4	4	1-4	2480	0	0.0	0	0.0	1277	51.5	2480	100.0
PPP2CA	ENST00000481195	7	0		0		0		1	6	1070	0	0.0	0	0.0	0	0.0	139	13.0
PPP2R1A	ENST00000322088	15	0		0		0		5	5,8-9,11,13	2070	0	0.0	0	0.0	0	0.0	658	31.8
PPP2R1B	ENST00000527614	15	0		0		0		2	8-9	2106	0	0.0	0	0.0	0	0.0	246	11.7
PPP2R2A	ENST00000380737	10	0		0		0		1	9	1544	0	0.0	0	0.0	0	0.0	112	7.3
PPP2R2B	ENST00000394411	9	0		0		0		4	2,6,8-9	1512	0	0.0	0	0.0	0	0.0	590	39.0
PPP2R3A	ENST00000264977	13	0		0		0		5	2,5,7,10,14	3713	0	0.0	0	0.0	0	0.0	2499	67.3
PPP2R3C	ENST00000261475	13	0		0		0		5	3-4,7-8,10	1622	0	0.0	0	0.0	0	0.0	644	39.7
PPP2R5C	ENST00000694906	16	0		0		0		3	9,11,16	2060	0	0.0	0	0.0	0	0.0	472	22.9
PPP2R5D	ENST00000485511	16	0		0		0		6	3-4,9,11,14,16	2129	0	0.0	0	0.0	0	0.0	1028	48.3
PPP3CA	ENST00000394854	14	0		0		0		3	7-9	1846	0	0.0	0	0.0	0	0.0	359	19.4
PPP3R1	ENST00000234310	6	0		0		0		1	3	633	0	0.0	0	0.0	0	0.0	197	31.1
PPP5C	ENST00000012443	13	0		0		0		5	3-5,7,9	1760	0	0.0	0	0.0	0	0.0	630	35.8
PPP6R2	ENST00000612753	22	0		0		0		7	3-5,9-10,13,19	3320	0	0.0	0	0.0	0	0.0	1252	37.7
PPT1	ENST00000642050	9	0		0		0		1	1	1101	0	0.0	0	0.0	0	0.0	144	13.1
PQBP1	ENST00000447146	6	0		0		0		6	2-7	918	0	0.0	0	0.0	0	0.0	918	100.0
PRAG1	ENST00000615670	5	0		0		0		5	2-6	4321	0	0.0	0	0.0	0	0.0	4321	100.0
PRAMEF1	ENST00000332296	3	0		0		0		3	2-4	1485	0	0.0	0	0.0	0	0.0	1485	100.0
PRCC	ENST00000271526	7	0		0		0		3	1-2,5	1616	0	0.0	0	0.0	0	0.0	720	44.6
PRCD	ENST00000592014	3	0		0		0		0		225	0	0.0	0	0.0	0	0.0	0	0.0
PRCP	ENST00000313010	9	0		0		0		1	7	1671	0	0.0	0	0.0	0	0.0	185	11.1
PRDM10	ENST00000360871	20	0		0		0		4	10-12,17	3871	0	0.0	0	0.0	0	0.0	1116	28.8
PRDM12	ENST00000253008	5	0		0		0		1	1	1204	0	0.0	0	0.0	0	0.0	243	20.2
PRDM13	ENST00000369215	4	0		0		0		2	1,4	2204	0	0.0	0	0.0	0	0.0	1911	86.7
PRDM15	ENST00000398548	23	0		0		0		5	5-6,12,23-24	3886	0	0.0	0	0.0	0	0.0	1316	33.9
PRDM16	ENST00000270722	17	0		0		0		5	1-3,9,14	4171	0	0.0	0	0.0	0	0.0	2130	51.1
PRDM5	ENST00000264808	16	0		0		0		6	1,3-4,9-10,16	2213	0	0.0	0	0.0	0	0.0	919	41.5
PRDM6	ENST00000407847	7	0		0		0		3	2-3,6	1928	0	0.0	0	0.0	0	0.0	1303	67.6
PRDM8	ENST00000415738	3	0		0		0		1	4	2130	0	0.0	0	0.0	0	0.0	1639	76.9
PRDM9	ENST00000296682	10	0		0		0		4	3,6,8,11	2885	0	0.0	0	0.0	0	0.0	2174	75.4
PRDX1	ENST00000319248	5	0		0		0		1	4	700	0	0.0	0	0.0	0	0.0	143	20.4
PRDX3	ENST00000298510	7	0		0		0		3	2-3,7	911	0	0.0	0	0.0	0	0.0	389	42.7
PRDX6	ENST00000340385	5	0		0		0		0		775	0	0.0	0	0.0	0	0.0	0	0.0
PREB	ENST00000260643	9	0		0		0		3	1-2,8	1434	0	0.0	0	0.0	0	0.0	545	38.0
PREPL	ENST00000409411	13	0		0		0		7	2-4,7,12-14	2177	0	0.0	0	0.0	0	0.0	963	44.2
PREX2	ENST00000288368	40	0		0		0		14	1,3,7-8,10-11,17,19-20,22,25,30,36-37	5621	0	0.0	0	0.0	0	0.0	2124	37.8
PRF1	ENST00000441259	2	0		0		0		2	2-3	1708	0	0.0	0	0.0	0	0.0	1708	100.0
PRG4	ENST00000445192	12	0		0		0		2	3,6	4455	0	0.0	0	0.0	0	0.0	292	6.6
PRICKLE1	ENST00000345127	7	0		0		0		3	5,7-8	2636	0	0.0	0	0.0	0	0.0	1985	75.3
PRICKLE2	ENST00000638394	7	0		0		0		4	2,5,7-8	2675	0	0.0	0	0.0	0	0.0	2176	81.3
PRICKLE3	ENST00000599218	9	0		0		1	3	8	1-3,5-9	2028	0	0.0	0	0.0	204	10.1	1894	93.4
PRIM1	ENST00000338193	13	0		0		0		3	11-13	1523	0	0.0	0	0.0	0	0.0	271	17.8
PRIMA1	ENST00000393140	4	0		0		0		0		542	0	0.0	0	0.0	0	0.0	0	0.0
PRIMPOL	ENST00000314970	12	0		0		0		5	5-7,9,11	1923	0	0.0	0	0.0	0	0.0	864	44.9
PRKACA	ENST00000308677	10	0		0		0		3	2,6,9	1256	0	0.0	0	0.0	0	0.0	414	33.0
PRKACB	ENST00000370685	10	0		0		0		3	1,4-5	1397	0	0.0	0	0.0	0	0.0	429	30.7
PRKACG	ENST00000377276	1	0		0		0		1	1	1076	0	0.0	0	0.0	0	0.0	1076	100.0
PRKAG2	ENST00000287878	16	0		0		0		7	3-4,7,9-10,13,15	2030	0	0.0	0	0.0	0	0.0	953	46.9
PRKAG3	ENST00000439262	13	0		0		0		2	4,12	1730	0	0.0	0	0.0	0	0.0	591	34.2
PRKAR1A	ENST00000589228	10	0		0		0		1	4	1346	0	0.0	0	0.0	0	0.0	112	8.3
PRKAR1B	ENST00000537384	10	0		0		0		3	2-3,8	1346	0	0.0	0	0.0	0	0.0	469	34.8
PRKCA	ENST00000413366	17	0		0		0		10	1,3,5-7,9-10,13,16-17	2359	0	0.0	0	0.0	0	0.0	1634	69.3
PRKCD	ENST00000330452	17	0		0		0		3	6,9,19	2371	0	0.0	0	0.0	0	0.0	512	21.6
PRKCG	ENST00000263431	18	0		0		0		6	11-12,14,16-18	2454	0	0.0	0	0.0	0	0.0	978	39.9
PRKCH	ENST00000332981	14	0		0		0		5	1,8,10,13-14	2332	0	0.0	0	0.0	0	0.0	1053	45.2
PRKCSH	ENST00000677123	16	0		0		0		2	2-3	1928	0	0.0	0	0.0	0	0.0	236	12.2
PRKD1	ENST00000331968	18	0		0		0		7	1,3,6-7,13-15	3099	0	0.0	0	0.0	0	0.0	1187	38.3
PRKDC	ENST00000314191	86	0		0		0		34	1,4,7,11,16-19,22,31-33,36-37,41-44,49-50,53-57,59-60,63,69,71,79-80,85-86	14107	0	0.0	0	0.0	0	0.0	6088	43.2
PRKG1	ENST00000373980	18	0		0		0		8	1,4,9,12-13,15-16,18	2421	0	0.0	0	0.0	0	0.0	1169	48.3
PRKG2	ENST00000264399	18	0		0		0		8	2-3,7,10-11,13-14,17	2649	0	0.0	0	0.0	0	0.0	1414	53.4
PRKN	ENST00000366898	12	0		0		0		2	9,12	1638	0	0.0	0	0.0	0	0.0	303	18.5
PRKRA	ENST00000325748	8	0		0		0		5	2-3,5,7-8	1102	0	0.0	0	0.0	0	0.0	803	72.9
PRL	ENST00000306482	5	0		0		0		1	2	784	0	0.0	0	0.0	0	0.0	196	25.0
PRLR	ENST00000618457	8	0		0		0		3	4,6,10	2029	0	0.0	0	0.0	0	0.0	1377	67.9
PRMT5	ENST00000324366	17	0		0		0		5	1,8-9,11-12	2254	0	0.0	0	0.0	0	0.0	749	33.2
PRMT7	ENST00000441236	17	0		0		0		3	5,8-9	2419	0	0.0	0	0.0	0	0.0	633	26.2
PRMT9	ENST00000322396	12	0		1	8	1	8	4	3,5,8-9	2778	0	0.0	204	7.3	204	7.3	1319	47.5
PRNP	ENST00000379440	1	0		0		0		1	2	782	0	0.0	0	0.0	0	0.0	782	100.0
PROC	ENST00000234071	8	0		0		0		1	9	1546	0	0.0	0	0.0	0	0.0	610	39.5
PROCA1	ENST00000682792	5	0		0		0		3	1-2,4	1195	0	0.0	0	0.0	0	0.0	364	30.5
PRODH	ENST00000357068	14	0		0		0		1	2	2083	0	0.0	0	0.0	0	0.0	229	11.0
PRODH2	ENST00000653904	10	0		0		0		0		1583	0	0.0	0	0.0	0	0.0	0	0.0
PROK2	ENST00000295619	4	0		0		0		0		470	0	0.0	0	0.0	0	0.0	0	0.0
PROKR2	ENST00000678254	2	0		0		0		2	2-3	1195	0	0.0	0	0.0	0	0.0	1195	100.0
PROM1	ENST00000447510	26	0		0		0		7	2-3,5,8-9,12,19	3118	0	0.0	0	0.0	0	0.0	1183	37.9
PROP1	ENST00000308304	3	0		0		0		1	2	741	0	0.0	0	0.0	0	0.0	253	34.1
PRORP	ENST00000534898	7	0		0		0		4	2-3,6-7	1892	0	0.0	0	0.0	0	0.0	1459	77.1
PROS1	ENST00000394236	15	0		0		0		7	1-2,6,9,12-13,15	2331	0	0.0	0	0.0	0	0.0	1104	47.4
PROSER1	ENST00000352251	13	0		0		0		1	5	3095	0	0.0	0	0.0	0	0.0	114	3.7
PROX1	ENST00000366958	4	0		0		0		2	2,5	2294	0	0.0	0	0.0	0	0.0	1951	85.0
PROZ	ENST00000375547	8	0		0		0		3	5,7-8	1363	0	0.0	0	0.0	0	0.0	822	60.3
PRPF19	ENST00000227524	16	0		0		0		4	2-4,16	1835	0	0.0	0	0.0	0	0.0	547	29.8
PRPF3	ENST00000324862	15	0		0		0		2	7,10	2352	0	0.0	0	0.0	0	0.0	491	20.9
PRPF31	ENST00000321030	13	0		0		0		5	6-7,9,12,14	1760	0	0.0	0	0.0	0	0.0	722	41.0
PRPF39	ENST00000355765	13	0		0		0		6	2,4,6,9-10,12	2270	0	0.0	0	0.0	0	0.0	1200	52.9
PRPF4	ENST00000374198	14	0		0		0		4	1-2,12-13	1846	0	0.0	0	0.0	0	0.0	512	27.7
PRPF6	ENST00000266079	21	0		0		0		8	3,5,9-11,14,17,19	3246	0	0.0	0	0.0	0	0.0	1345	41.4
PRPF8	ENST00000304992	42	0		0		0		12	2,16-18,25-27,30-31,33,40-41	7848	0	0.0	0	0.0	0	0.0	2229	28.4
PRPH	ENST00000257860	9	0		0		0		2	2-3	1593	0	0.0	0	0.0	0	0.0	197	12.4
PRPH2	ENST00000230381	3	0		0		0		2	1,3	1101	0	0.0	0	0.0	0	0.0	834	75.7
PRPS1	ENST00000372435	7	0		0		3	1-2,4	6	1-5,7	1097	0	0.0	0	0.0	491	44.8	917	83.6
PRR12	ENST00000418929	14	0		0		0		4	4-7	6391	0	0.0	0	0.0	0	0.0	4609	72.1
PRR22	ENST00000419421	3	0		0		0		1	3	1329	0	0.0	0	0.0	0	0.0	1096	82.5
PRRC2C	ENST00000647382	34	0		0		0		8	6-7,9-10,13,16,20,25	9377	0	0.0	0	0.0	0	0.0	3417	36.4
PRRT2	ENST00000358758	3	0		0		0		2	2-3	1083	0	0.0	0	0.0	0	0.0	1052	97.1
PRRX1	ENST00000239461	4	0		0		0		2	1,3	818	0	0.0	0	0.0	0	0.0	463	56.6
PRSS1	ENST00000311737	5	0		0		0		4	2-5	844	0	0.0	0	0.0	0	0.0	784	92.9
PRSS12	ENST00000296498	13	0		0		0		5	1,6-7,10,13	2888	0	0.0	0	0.0	0	0.0	1328	46.0
PRSS2	ENST00000539842	5	0		0		0		4	2-5	844	0	0.0	0	0.0	0	0.0	784	92.9
PRSS56	ENST00000617714	13	0		0		0		1	3	2072	0	0.0	0	0.0	0	0.0	71	3.4
PRSS8	ENST00000317508	6	0		0		0		1	6	1152	0	0.0	0	0.0	0	0.0	347	30.1
PRTG	ENST00000389286	20	0		0		0		5	2-3,7,19-20	3853	0	0.0	0	0.0	0	0.0	1068	27.7
PRUNE1	ENST00000271620	8	0		0		0		1	3	1522	0	0.0	0	0.0	0	0.0	223	14.7
PRX	ENST00000324001	4	0		0		0		1	7	4466	0	0.0	0	0.0	0	0.0	4025	90.1
PSAP	ENST00000394936	14	0		0		0		5	2-3,5,10-11	1855	0	0.0	0	0.0	0	0.0	855	46.1
PSAT1	ENST00000376588	9	0		0		0		3	1,6-7	1293	0	0.0	0	0.0	0	0.0	419	32.4
PSD3	ENST00000327040	16	0		0		0		4	1,3-5	3464	0	0.0	0	0.0	0	0.0	1800	52.0
PSEN1	ENST00000324501	10	0		0		0		0		1604	0	0.0	0	0.0	0	0.0	0	0.0
PSEN2	ENST00000366783	10	0		0		0		2	4,9	1547	0	0.0	0	0.0	0	0.0	280	18.1
PSENEN	ENST00000587708	3	0		0		0		0		366	0	0.0	0	0.0	0	0.0	0	0.0
PSKH1	ENST00000291041	2	0		0		0		2	2-3	1315	0	0.0	0	0.0	0	0.0	1315	100.0
PSMA3	ENST00000216455	11	0		0		0		1	1	988	0	0.0	0	0.0	0	0.0	41	4.1
PSMA6	ENST00000261479	7	0		0		0		1	1	881	0	0.0	0	0.0	0	0.0	96	10.9
PSMB1	ENST00000262193	6	0		0		0		1	3	846	0	0.0	0	0.0	0	0.0	102	12.1
PSMB10	ENST00000358514	8	0		0		0		0		982	0	0.0	0	0.0	0	0.0	0	0.0
PSMB4	ENST00000290541	7	0		0		0		2	1-2	935	0	0.0	0	0.0	0	0.0	387	41.4
PSMB8	ENST00000374882	6	0		0		0		2	1,3	951	0	0.0	0	0.0	0	0.0	299	31.4
PSMB9	ENST00000374859	6	0		0		0		2	2,4	780	0	0.0	0	0.0	0	0.0	238	30.5
PSMC1	ENST00000261303	11	0		0		0		4	1,4,8,11	1543	0	0.0	0	0.0	0	0.0	533	34.5
PSMC3	ENST00000298852	12	0		0		0		5	7-8,10-12	1560	0	0.0	0	0.0	0	0.0	732	46.9
PSMC3IP	ENST00000393795	8	0		0		0		0		814	0	0.0	0	0.0	0	0.0	0	0.0
PSMC5	ENST00000310144	12	0		0		0		4	6,8,10,12	1461	0	0.0	0	0.0	0	0.0	667	45.7
PSMD11	ENST00000261712	13	0		0		0		0		1529	0	0.0	0	0.0	0	0.0	0	0.0
PSMD12	ENST00000356126	11	0		0		0		3	1,10-11	1591	0	0.0	0	0.0	0	0.0	456	28.7
PSMD7	ENST00000219313	7	0		0		0		0		1115	0	0.0	0	0.0	0	0.0	0	0.0
PSMF1	ENST00000335877	7	0		0		0		2	2,4	956	0	0.0	0	0.0	0	0.0	379	39.6
PSMG2	ENST00000317615	7	0		0		0		3	1,5-6	935	0	0.0	0	0.0	0	0.0	412	44.1
PSPH	ENST00000275605	5	0		0		0		0		778	0	0.0	0	0.0	0	0.0	0	0.0
PSTPIP1	ENST00000558012	15	0		0		0		0		1551	0	0.0	0	0.0	0	0.0	0	0.0
PTCD1	ENST00000292478	7	0		0		0		5	2,4-6,8	2243	0	0.0	0	0.0	0	0.0	1879	83.8
PTCD3	ENST00000254630	24	0		0		0		5	1,8,12,18,22	2550	0	0.0	0	0.0	0	0.0	527	20.7
PTCH1	ENST00000331920	23	0		0		0		1	1	4804	0	0.0	0	0.0	0	0.0	221	4.6
PTCH1	ENST00000437951	23	0		0		0		9	1-2,12,16-19,22-23	4801	0	0.0	0	0.0	0	0.0	2238	46.6
PTCH2	ENST00000372192	22	0		0		0		4	2,6,16,20	4052	0	0.0	0	0.0	0	0.0	755	18.6
PTCHD1	ENST00000379361	3	0		0		3	1-3	3	1-3	2727	0	0.0	0	0.0	2727	100.0	2727	100.0
PTCRA	ENST00000304672	4	0		0		0		1	4	926	0	0.0	0	0.0	0	0.0	442	47.7
PTDSS1	ENST00000517309	13	0		0		0		3	2,12-13	1682	0	0.0	0	0.0	0	0.0	332	19.7
PTEN	ENST00000371953	9	0		0		0		4	1-2,5,9	1392	0	0.0	0	0.0	0	0.0	669	48.1
PTER	ENST00000535784	4	0		0		0		1	5	1130	0	0.0	0	0.0	0	0.0	231	20.4
PTF1A	ENST00000376504	2	0		0		0		1	1	1027	0	0.0	0	0.0	0	0.0	804	78.3
PTGDR	ENST00000306051	2	0		0		0		2	1-2	1120	0	0.0	0	0.0	0	0.0	1120	100.0
PTGER2	ENST00000245457	2	0		0		0		2	1-2	1117	0	0.0	0	0.0	0	0.0	1117	100.0
PTGIS	ENST00000244043	10	0		0		0		1	7	1703	0	0.0	0	0.0	0	0.0	189	11.1
PTGR3	ENST00000322342	2	0		0		0		1	2	1174	0	0.0	0	0.0	0	0.0	945	80.5
PTGS1	ENST00000362012	11	0		0		0		4	6-8,11	2020	0	0.0	0	0.0	0	0.0	949	47.0
PTGS2	ENST00000367468	10	0		0		0		3	3,5,10	2015	0	0.0	0	0.0	0	0.0	796	39.5
PTH	ENST00000282091	2	0		0		0		1	3	388	0	0.0	0	0.0	0	0.0	282	72.7
PTH1R	ENST00000449590	14	0		0		0		0		2062	0	0.0	0	0.0	0	0.0	0	0.0
PTHLH	ENST00000545234	3	0		0		0		0		594	0	0.0	0	0.0	0	0.0	0	0.0
PTK2	ENST00000696786	34	0		0		0		9	5,11,17,19-20,24,29-30,35	3971	0	0.0	0	0.0	0	0.0	982	24.7
PTPA	ENST00000393370	10	0		0		0		1	4	1172	0	0.0	0	0.0	0	0.0	146	12.5
PTPMT1	ENST00000326674	4	0		0		0		1	1	686	0	0.0	0	0.0	0	0.0	194	28.3
PTPN1	ENST00000371621	10	0		0		0		3	3-4,6	1508	0	0.0	0	0.0	0	0.0	470	31.2
PTPN11	ENST00000351677	15	0		0		0		1	12	2082	0	0.0	0	0.0	0	0.0	88	4.2
PTPN12	ENST00000248594	18	0		0		0		4	8-10,13	2703	0	0.0	0	0.0	0	0.0	1339	49.5
PTPN13	ENST00000411767	47	0		0		0		23	6-8,11,13-15,17,19,22,24,26,29-34,38,41-42,45,48	8398	0	0.0	0	0.0	0	0.0	4532	54.0
PTPN14	ENST00000366956	18	0		0		0		7	2,10,12-14,17,19	3924	0	0.0	0	0.0	0	0.0	2462	62.7
PTPN2	ENST00000309660	9	0		0		0		2	7,9	1428	0	0.0	0	0.0	0	0.0	401	28.1
PTPN22	ENST00000359785	21	0		0		0		6	2,8,13,15,17,21	2844	0	0.0	0	0.0	0	0.0	1467	51.6
PTPN23	ENST00000265562	25	0		0		0		3	3,16,20	5411	0	0.0	0	0.0	0	0.0	2259	41.7
PTPN4	ENST00000263708	26	0		0		0		8	6,8-9,12,14,17,21-22	3301	0	0.0	0	0.0	0	0.0	950	28.8
PTPRC	ENST00000442510	32	0		0		0		9	2,4,12-13,16,18,21,23,29	4561	0	0.0	0	0.0	0	0.0	1247	27.3
PTPRD	ENST00000381196	35	0		0		0		7	21-22,28-29,31-32,36	6439	0	0.0	0	0.0	0	0.0	1967	30.5
PTPRE	ENST00000254667	19	0		0		0		5	6-8,10,13	2483	0	0.0	0	0.0	0	0.0	639	25.7
PTPRF	ENST00000359947	32	0		0		0		8	6,8,16,20-21,23,28,32	6364	0	0.0	0	0.0	0	0.0	2111	33.2
PTPRH	ENST00000376350	20	0		0		0		10	1,3-4,6-8,10,14,19-20	3748	0	0.0	0	0.0	0	0.0	2233	59.6
PTPRJ	ENST00000418331	25	0		0		0		4	6,9,13,18	4514	0	0.0	0	0.0	0	0.0	856	19.0
PTPRM	ENST00000580170	33	0		0		0		11	1-2,4,7,13-14,19,25-27,30	5058	0	0.0	0	0.0	0	0.0	1714	33.9
PTPRO	ENST00000281171	26	0		0		0		10	2,4-5,12-13,15-16,18-19,24	4171	0	0.0	0	0.0	0	0.0	1795	43.0
PTPRQ	ENST00000644991	45	0		0		0		18	2,5,10-12,14,20,22-24,26-27,29,32,37-40	7800	0	0.0	0	0.0	0	0.0	3512	45.0
PTPRZ1	ENST00000393386	30	0		0		0		14	1,3-4,6,9,11-12,15-16,20-22,27,30	7548	0	0.0	0	0.0	0	0.0	5355	70.9
PTRH2	ENST00000393038	1	0		0		0		0		560	0	0.0	0	0.0	0	0.0	0	0.0
PTRHD1	ENST00000328379	2	0		0		0		1	1	463	0	0.0	0	0.0	0	0.0	272	58.7
PTS	ENST00000280362	6	0		0		0		1	1	558	0	0.0	0	0.0	0	0.0	103	18.5
PUF60	ENST00000526683	12	0		0		0		4	6,8,11-12	1920	0	0.0	0	0.0	0	0.0	992	51.7
PUM1	ENST00000426105	21	0		0		1	19	9	2,4,7,11,13-16,19	3987	0	0.0	0	0.0	146	3.7	2120	53.2
PURA	ENST00000331327	1	0		0		0		1	1	989	0	0.0	0	0.0	0	0.0	989	100.0
PUS1	ENST00000376649	6	0		0		0		3	3-5	1404	0	0.0	0	0.0	0	0.0	993	70.7
PUS3	ENST00000227474	3	0		0		0		1	3	1506	0	0.0	0	0.0	0	0.0	586	38.9
PUS7	ENST00000469408	15	0		0		0		7	2,4-5,8,10,12,14	2286	0	0.0	0	0.0	0	0.0	1233	53.9
PXDN	ENST00000252804	23	0		0		0		9	5,7-11,17,19-20	4900	0	0.0	0	0.0	0	0.0	2934	59.9
PXDNL	ENST00000356297	23	0		0		0		9	1-2,6,8,13,15-17,21	4852	0	0.0	0	0.0	0	0.0	2611	53.8
PXK	ENST00000356151	18	0		0		0		3	2,14,18	2097	0	0.0	0	0.0	0	0.0	398	19.0
PYCR1	ENST00000329875	7	0		0		0		1	4	1100	0	0.0	0	0.0	0	0.0	242	22.0
PYCR2	ENST00000343818	7	0		0		0		5	1-2,4-6	1103	0	0.0	0	0.0	0	0.0	717	65.0
PYGL	ENST00000216392	20	0		0		0		3	1,4,6	2944	0	0.0	0	0.0	0	0.0	519	17.6
PYGM	ENST00000164139	20	0		0		0		6	1,4,12,16,18,20	2929	0	0.0	0	0.0	0	0.0	1009	34.4
PYROXD1	ENST00000240651	12	0		0		0		7	2-3,6-8,10,12	1743	0	0.0	0	0.0	0	0.0	1105	63.4
PYROXD2	ENST00000370575	16	0		0		0		2	5,13	2066	0	0.0	0	0.0	0	0.0	351	17.0
QARS1	ENST00000306125	24	0		0		0		6	3,10,17,19,22,24	2808	0	0.0	0	0.0	0	0.0	628	22.4
QDPR	ENST00000281243	7	0		0		0		3	3-4,7	875	0	0.0	0	0.0	0	0.0	404	46.2
QRICH1	ENST00000395443	9	0		0		0		2	3,6	2511	0	0.0	0	0.0	0	0.0	1184	47.2
QRICH2	ENST00000680821	19	0		0		0		4	1,4,16,19	6044	0	0.0	0	0.0	0	0.0	3951	65.4
QRSL1	ENST00000369046	11	0		0		0		7	2-4,6,8,10-11	1807	0	0.0	0	0.0	0	0.0	1292	71.5
QTMAN	ENST00000682281	9	0		0		0		5	5,7,9,11-12	1557	0	0.0	0	0.0	0	0.0	943	60.6
R3HCC1L	ENST00000298999	6	0		0		0		3	5-6,9	2457	0	0.0	0	0.0	0	0.0	2162	88.0
RAB11A	ENST00000261890	5	0		0		0		0		751	0	0.0	0	0.0	0	0.0	0	0.0
RAB11B	ENST00000328024	5	0		0		0		3	2-3,5	757	0	0.0	0	0.0	0	0.0	596	78.7
RAB14	ENST00000373840	7	0		0		0		2	2,6	788	0	0.0	0	0.0	0	0.0	180	22.8
RAB18	ENST00000356940	7	0		0		0		1	5	761	0	0.0	0	0.0	0	0.0	139	18.3
RAB1A	ENST00000409784	6	0		0		0		2	1,6	738	0	0.0	0	0.0	0	0.0	261	35.4
RAB23	ENST00000468148	6	0		0		0		3	2,5-6	834	0	0.0	0	0.0	0	0.0	391	46.9
RAB27A	ENST00000336787	5	0		0		0		1	3	766	0	0.0	0	0.0	0	0.0	173	22.6
RAB28	ENST00000288723	7	0		0		0		0		803	0	0.0	0	0.0	0	0.0	0	0.0
RAB28	ENST00000330852	7	0		0		0		2	1-2	806	0	0.0	0	0.0	0	0.0	212	26.3
RAB2B	ENST00000397762	8	0		0		0		2	2,6	811	0	0.0	0	0.0	0	0.0	224	27.6
RAB32	ENST00000367495	3	0		0		0		2	1-2	738	0	0.0	0	0.0	0	0.0	568	77.0
RAB33B	ENST00000305626	2	0		0		0		1	1	730	0	0.0	0	0.0	0	0.0	269	36.8
RAB34	ENST00000395245	10	0		0		0		5	1-2,4,9-10	980	0	0.0	0	0.0	0	0.0	524	53.5
RAB35	ENST00000229340	6	0		0		0		3	3-5	726	0	0.0	0	0.0	0	0.0	434	59.8
RAB39B	ENST00000369454	2	0		0		2	1-2	2	1-2	682	0	0.0	0	0.0	682	100.0	682	100.0
RAB3D	ENST00000222120	4	0		0		0		0		740	0	0.0	0	0.0	0	0.0	0	0.0
RAB3GAP1	ENST00000264158	24	0		0		0		8	1,3,9,12,14,17,21,24	3426	0	0.0	0	0.0	0	0.0	1229	35.9
RAB3GAP2	ENST00000358951	35	0		0		0		10	2,4,8,14,16,19,24,31-33	4882	0	0.0	0	0.0	0	0.0	1635	33.5
RAB3IP	ENST00000247833	10	0		0		0		4	3,5,9-10	1583	0	0.0	0	0.0	0	0.0	587	37.1
RAB40AL	ENST00000218249	1	0		0		1	1	1	1	857	0	0.0	0	0.0	857	100.0	857	100.0
RAB40C	ENST00000248139	6	0		0		0		3	1-2,5	966	0	0.0	0	0.0	0	0.0	486	50.3
RAB5C	ENST00000346213	5	0		0		0		1	2	751	0	0.0	0	0.0	0	0.0	186	24.8
RAB5IF	ENST00000344795	4	0		0		0		1	1	470	0	0.0	0	0.0	0	0.0	134	28.5
RAB7A	ENST00000265062	5	0		0		0		1	4	724	0	0.0	0	0.0	0	0.0	239	33.0
RABGAP1	ENST00000373647	25	0		0		0		9	7-8,10,16,19-20,24-26	3710	0	0.0	0	0.0	0	0.0	1269	34.2
RABL2A	ENST00000683472	8	0		0		0		0		850	0	0.0	0	0.0	0	0.0	0	0.0
RABL3	ENST00000273375	8	0		0		0		1	2	871	0	0.0	0	0.0	0	0.0	112	12.9
RABL6	ENST00000311502	15	0		0		0		4	2,6-7,10	2490	0	0.0	0	0.0	0	0.0	616	24.7
RAC1	ENST00000348035	6	0		0		0		1	5	699	0	0.0	0	0.0	0	0.0	180	25.8
RAC2	ENST00000249071	6	0		0		0		1	6	699	0	0.0	0	0.0	0	0.0	151	21.6
RAC3	ENST00000306897	6	0		0		0		1	5	699	0	0.0	0	0.0	0	0.0	180	25.8
RACGAP1	ENST00000312377	16	0		0		0		1	15	2219	0	0.0	0	0.0	0	0.0	156	7.0
RACK1	ENST00000512805	8	0		0		0		3	1-2,8	1114	0	0.0	0	0.0	0	0.0	407	36.5
RAD21	ENST00000297338	13	0		0		0		5	4,6,9,11,14	2156	0	0.0	0	0.0	0	0.0	972	45.1
RAD23A	ENST00000586534	9	0		0		0		6	1,4-7,9	1272	0	0.0	0	0.0	0	0.0	703	55.3
RAD50	ENST00000378823	25	0		0		0		10	1-2,5,10,12,16,19-20,24-25	4439	0	0.0	0	0.0	0	0.0	1734	39.1
RAD51	ENST00000267868	9	0		0		0		1	9	1200	0	0.0	0	0.0	0	0.0	142	11.8
RAD51B	ENST00000471583	10	0		0		0		3	4,6-7	1253	0	0.0	0	0.0	0	0.0	481	38.4
RAD51C	ENST00000337432	9	0		0		0		3	1,4,9	1311	0	0.0	0	0.0	0	0.0	444	33.9
RAD51D	ENST00000345365	10	0		0		0		5	1-2,5,9-10	1187	0	0.0	0	0.0	0	0.0	628	52.9
RAD52	ENST00000358495	11	0		0		0		3	5,8-9	1477	0	0.0	0	0.0	0	0.0	450	30.5
RAD54B	ENST00000336148	14	0		0		0		5	3-4,8,10,15	3013	0	0.0	0	0.0	0	0.0	1181	39.2
RAD54L	ENST00000371975	18	0		0		0		1	12	2604	0	0.0	0	0.0	0	0.0	151	5.8
RAF1	ENST00000251849	16	0		0		0		2	5,12	2267	0	0.0	0	0.0	0	0.0	375	16.5
RAG1	ENST00000299440	1	0		0		0		1	2	3152	0	0.0	0	0.0	0	0.0	3152	100.0
RAG2	ENST00000311485	1	0		0		0		1	2	1604	0	0.0	0	0.0	0	0.0	1604	100.0
RAI1	ENST00000353383	4	0		0		0		1	3	5801	0	0.0	0	0.0	0	0.0	5585	96.3
RALA	ENST00000005257	4	0		0		0		2	3,5	701	0	0.0	0	0.0	0	0.0	372	53.1
RALGAPA1	ENST00000680220	41	0		0		0		17	1,3,5,9,12,16,18,20-21,24-25,27,30,33-34,37-38	8449	0	0.0	0	0.0	0	0.0	4841	57.3
RALGAPB	ENST00000262879	29	0		0		0		7	7,16,20-21,24,29-30	5065	0	0.0	0	0.0	0	0.0	1222	24.1
RALGDS	ENST00000372050	18	0		0		0		4	2,6,16,18	3105	0	0.0	0	0.0	0	0.0	1029	33.1
RAMP2	ENST00000253796	4	0		0		0		0		608	0	0.0	0	0.0	0	0.0	0	0.0
RANBP2	ENST00000283195	29	0		0		0		18	1-5,10,12-15,20,22-28	10255	0	0.0	0	0.0	0	0.0	8250	80.4
RANBP3L	ENST00000296604	14	0		0		0		2	2,9	1678	0	0.0	0	0.0	0	0.0	202	12.0
RANGAP1	ENST00000356244	15	0		0		0		4	3,5-6,13	2064	0	0.0	0	0.0	0	0.0	626	30.3
RANGRF	ENST00000226105	5	0		0		0		2	1,4	661	0	0.0	0	0.0	0	0.0	203	30.7
RAP1A	ENST00000369709	6	0		0		0		0		675	0	0.0	0	0.0	0	0.0	0	0.0
RAP1B	ENST00000250559	6	0		0		0		0		675	0	0.0	0	0.0	0	0.0	0	0.0
RAP1GAP2	ENST00000254695	24	0		0		0		3	7,18-19	2673	0	0.0	0	0.0	0	0.0	530	19.8
RAP1GDS1	ENST00000408927	15	0		0		0		4	2,4,7,12	2124	0	0.0	0	0.0	0	0.0	580	27.3
RAPGEF2	ENST00000691494	30	0		0		0		10	2,14,16-17,19-21,24,26,29	5583	0	0.0	0	0.0	0	0.0	2255	40.4
RAPGEF4	ENST00000397081	31	0		0		0		10	1-2,8,10,14-15,20,22,24-25	3656	0	0.0	0	0.0	0	0.0	1445	39.5
RAPGEFL1	ENST00000620260	15	0		0		0		6	2-3,6,8,11-12	2289	0	0.0	0	0.0	0	0.0	765	33.4
RAPSN	ENST00000298854	8	0		0		0		2	2,8	1399	0	0.0	0	0.0	0	0.0	452	32.3
RARA	ENST00000254066	8	0		0		0		1	7	1549	0	0.0	0	0.0	0	0.0	225	14.5
RARB	ENST00000330688	8	0		0		0		0		1507	0	0.0	0	0.0	0	0.0	0	0.0
RARS1	ENST00000231572	15	0		0		0		6	1-3,7,9,12	2283	0	0.0	0	0.0	0	0.0	821	36.0
RARS2	ENST00000369536	20	0		0		0		5	3,8,16-18	2137	0	0.0	0	0.0	0	0.0	561	26.3
RASA1	ENST00000274376	25	0		0		0		5	1,5,11,15,19	3644	0	0.0	0	0.0	0	0.0	1107	30.4
RASA2	ENST00000286364	24	0		0		0		11	1,3,5-7,9,11,19-20,23-24	3030	0	0.0	0	0.0	0	0.0	1353	44.7
RASAL1	ENST00000548055	21	0		0		0		7	5,7,10-11,16,18,21	2838	0	0.0	0	0.0	0	0.0	1070	37.7
RASD1	ENST00000225688	2	0		0		0		2	1-2	886	0	0.0	0	0.0	0	0.0	886	100.0
RASEF	ENST00000376447	17	0		0		0		2	1,10	2563	0	0.0	0	0.0	0	0.0	706	27.5
RASGRP1	ENST00000310803	17	0		0		0		8	3,5,8-9,12-13,15-16	2734	0	0.0	0	0.0	0	0.0	1585	58.0
RASGRP2	ENST00000394432	15	0		0		0		3	9,11-12	2130	0	0.0	0	0.0	0	0.0	581	27.3
RAX	ENST00000334889	3	0		0		0		1	2	1101	0	0.0	0	0.0	0	0.0	274	24.9
RAX2	ENST00000555633	2	0		0		0		0		595	0	0.0	0	0.0	0	0.0	0	0.0
RB1	ENST00000267163	27	0		0		0		8	3,7,9,11,14-15,17,19	3327	0	0.0	0	0.0	0	0.0	975	29.3
RB1CC1	ENST00000025008	22	0		0		0		12	3,5-7,13-16,18-20,22	5225	0	0.0	0	0.0	0	0.0	3894	74.5
RBBP5	ENST00000264515	14	0		0		0		4	3,7-9	1897	0	0.0	0	0.0	0	0.0	599	31.6
RBBP7	ENST00000380087	12	0		0		3	2,6,8	12	1-12	1518	0	0.0	0	0.0	444	29.2	1518	100.0
RBBP8	ENST00000327155	18	0		0		0		7	3,6-7,11,15-16,18	3054	0	0.0	0	0.0	0	0.0	1674	54.8
RBCK1	ENST00000356286	12	0		0		0		2	4,7	1773	0	0.0	0	0.0	0	0.0	400	22.6
RBFOX1	ENST00000355637	14	0		0		0		1	10	1468	0	0.0	0	0.0	0	0.0	63	4.3
RBFOX1	ENST00000550418	13	0		0		0		3	5-6,8	1454	0	0.0	0	0.0	0	0.0	540	37.1
RBFOX2	ENST00000695854	14	0		0		0		2	3,5	1624	0	0.0	0	0.0	0	0.0	319	19.6
RBFOX3	ENST00000693108	11	0		0		0		0		1300	0	0.0	0	0.0	0	0.0	0	0.0
RBL2	ENST00000262133	22	0		0		0		9	1,5-7,9,15-17,20	3860	0	0.0	0	0.0	0	0.0	1873	48.5
RBM10	ENST00000377604	23	0		0		3	3,10,14	22	2-5,7-24	3253	0	0.0	0	0.0	545	16.8	3159	97.1
RBM12	ENST00000374114	1	0		0		0		1	3	2819	0	0.0	0	0.0	0	0.0	2819	100.0
RBM15	ENST00000369784	2	0		0		0		2	1-2	2974	0	0.0	0	0.0	0	0.0	2974	100.0
RBM20	ENST00000369519	14	0		0		0		4	2,5,9,11	3964	0	0.0	0	0.0	0	0.0	2593	65.4
RBM28	ENST00000223073	19	0		0		0		7	1,3,5,11,14,17,19	2660	0	0.0	0	0.0	0	0.0	1071	40.3
RBM34	ENST00000408888	11	0		0		0		5	1-3,5,11	1513	0	0.0	0	0.0	0	0.0	810	53.5
RBM7	ENST00000375490	5	0		0		0		4	1-3,5	904	0	0.0	0	0.0	0	0.0	790	87.4
RBM8A	ENST00000583313	6	0		0		0		0		645	0	0.0	0	0.0	0	0.0	0	0.0
RBMX	ENST00000320676	8	0		0		1	5	7	2-8	1336	0	0.0	0	0.0	173	12.9	1005	75.2
RBP3	ENST00000584701	4	0		0		0		3	1-2,4	3824	0	0.0	0	0.0	0	0.0	3661	95.7
RBP4	ENST00000371464	5	0		0		0		0		706	0	0.0	0	0.0	0	0.0	0	0.0
RBPJ	ENST00000355476	11	0		0		0		3	5-6,8	1684	0	0.0	0	0.0	0	0.0	514	30.5
RBSN	ENST00000253699	11	0		0		0		1	14	2575	0	0.0	0	0.0	0	0.0	1169	45.4
RC3H1	ENST00000367696	19	0		0		0		5	4,6,10,15,19	3782	0	0.0	0	0.0	0	0.0	1153	30.5
RCAN1	ENST00000313806	4	0		0		0		1	2	839	0	0.0	0	0.0	0	0.0	194	23.1
RCBTB1	ENST00000378302	11	0		0		0		0		1816	0	0.0	0	0.0	0	0.0	0	0.0
RCC1	ENST00000683442	9	0		0		0		3	7,11,13	1446	0	0.0	0	0.0	0	0.0	536	37.1
RCL1	ENST00000381750	9	0		0		0		1	1	1302	0	0.0	0	0.0	0	0.0	156	12.0
RD3	ENST00000680073	2	0		0		0		2	2-3	628	0	0.0	0	0.0	0	0.0	628	100.0
RDH11	ENST00000381346	7	0		0		0		2	1,3	1097	0	0.0	0	0.0	0	0.0	270	24.6
RDH12	ENST00000551171	7	0		0		0		2	3,9	1091	0	0.0	0	0.0	0	0.0	211	19.3
RDH14	ENST00000381249	2	0		0		0		2	1-2	1051	0	0.0	0	0.0	0	0.0	1051	100.0
RDH5	ENST00000257895	4	0		0		0		2	3,5	1037	0	0.0	0	0.0	0	0.0	523	50.4
RDH8	ENST00000591589	6	0		0		0		3	2-3,6	1056	0	0.0	0	0.0	0	0.0	615	58.2
RDX	ENST00000645495	13	0		0		0		1	5	2012	0	0.0	0	0.0	0	0.0	295	14.7
REC114	ENST00000331090	6	0		0		0		2	1,4	921	0	0.0	0	0.0	0	0.0	412	44.7
REC8	ENST00000611366	19	0		0		0		2	5,17	2024	0	0.0	0	0.0	0	0.0	293	14.5
RECQL	ENST00000444129	14	0		0		0		9	2-7,9-10,12	2230	0	0.0	0	0.0	0	0.0	1406	63.0
RECQL4	ENST00000617875	21	0		0		0		1	11	4047	0	0.0	0	0.0	0	0.0	194	4.8
RECQL5	ENST00000317905	19	0		0		0		2	4,6	3356	0	0.0	0	0.0	0	0.0	671	20.0
REEP1	ENST00000538924	9	0		0		0		1	6	1035	0	0.0	0	0.0	0	0.0	198	19.1
REEP2	ENST00000378339	8	0		0		0		1	5	925	0	0.0	0	0.0	0	0.0	134	14.5
REEP6	ENST00000233596	5	0		0		0		0		655	0	0.0	0	0.0	0	0.0	0	0.0
REEP6	ENST00000395479	6	0		0		0		0		756	0	0.0	0	0.0	0	0.0	0	0.0
REL	ENST00000394479	10	0		0		0		3	5,9-10	1964	0	0.0	0	0.0	0	0.0	1043	53.1
RELA	ENST00000406246	11	0		0		0		4	3-4,6,11	1876	0	0.0	0	0.0	0	0.0	1136	60.6
RELB	ENST00000221452	12	0		0		0		2	8,12	1980	0	0.0	0	0.0	0	0.0	531	26.8
RELN	ENST00000428762	65	0		0		0		16	1,9,12,14,16,19,30,33,36,38-39,44,49-50,52,56	11683	0	0.0	0	0.0	0	0.0	3374	28.9
RELT	ENST00000064780	10	0		0		0		1	4	1493	0	0.0	0	0.0	0	0.0	187	12.5
REN	ENST00000272190	10	0		0		0		4	1,7-8,10	1421	0	0.0	0	0.0	0	0.0	602	42.4
REPS1	ENST00000450536	20	0		0		0		7	1,3-4,16-18,20	2791	0	0.0	0	0.0	0	0.0	1144	41.0
REPS2	ENST00000357277	18	0		0		0		18	1-18	2343	0	0.0	0	0.0	0	0.0	2343	100.0
RERE	ENST00000400908	22	0		0		0		7	4-5,11,13,15,17-18	5141	0	0.0	0	0.0	0	0.0	2327	45.3
REST	ENST00000309042	3	0		0		0		2	2,4	3354	0	0.0	0	0.0	0	0.0	3250	96.9
RET	ENST00000355710	20	0		0		0		7	5-6,11,13,15-17	3745	0	0.0	0	0.0	0	0.0	1233	32.9
RETN	ENST00000221515	3	0		0		0		0		387	0	0.0	0	0.0	0	0.0	0	0.0
RETREG1	ENST00000306320	9	0		0		0		4	1-2,4,9	1674	0	0.0	0	0.0	0	0.0	1128	67.4
REV3L	ENST00000368802	32	0		0		0		12	1,3,8,11-14,17,19,23,25,27	10033	0	0.0	0	0.0	0	0.0	6872	68.5
REXO2	ENST00000265881	7	0		0		0		2	1,7	854	0	0.0	0	0.0	0	0.0	317	37.1
RFC1	ENST00000349703	25	0		0		0		9	2,6,8,13,17,20-22,25	3944	0	0.0	0	0.0	0	0.0	1513	38.4
RFC2	ENST00000055077	11	0		0		0		2	1,4	1285	0	0.0	0	0.0	0	0.0	260	20.2
RFC4	ENST00000296273	10	0		0		0		4	2-4,7	1292	0	0.0	0	0.0	0	0.0	491	38.0
RFFL	ENST00000394597	6	0		0		0		1	7	1212	0	0.0	0	0.0	0	0.0	202	16.7
RFT1	ENST00000296292	13	0		0		0		3	6,11-12	1886	0	0.0	0	0.0	0	0.0	554	29.4
RFWD3	ENST00000361070	12	0		0		0		4	2,6,11-12	2565	0	0.0	0	0.0	0	0.0	1117	43.5
RFX2	ENST00000303657	17	0		0		0		8	5,7,11,13-17	2512	0	0.0	0	0.0	0	0.0	1371	54.6
RFX3	ENST00000617270	16	0		0		0		4	3,6,8,14	2570	0	0.0	0	0.0	0	0.0	691	26.9
RFX4	ENST00000392842	18	0		0		0		3	7-8,18	2568	0	0.0	0	0.0	0	0.0	575	22.4
RFX5	ENST00000452671	9	0		0		0		2	3,11	2031	0	0.0	0	0.0	0	0.0	1149	56.6
RFX6	ENST00000332958	19	0		0		0		7	1,7,9-11,16,18	3167	0	0.0	0	0.0	0	0.0	1215	38.4
RFX7	ENST00000559447	9	0		0		0		4	2,6,9-10	4563	0	0.0	0	0.0	0	0.0	3930	86.1
RFXANK	ENST00000303088	8	0		0		0		0		943	0	0.0	0	0.0	0	0.0	0	0.0
RFXAP	ENST00000255476	3	0		0		0		1	1	879	0	0.0	0	0.0	0	0.0	620	70.5
RGL3	ENST00000380456	19	0		0		0		2	2,18	2513	0	0.0	0	0.0	0	0.0	269	10.7
RGR	ENST00000652092	7	0		0		0		1	7	1016	0	0.0	0	0.0	0	0.0	152	15.0
RGS10	ENST00000369103	5	0		0		0		3	2,4-5	646	0	0.0	0	0.0	0	0.0	470	72.8
RGS18	ENST00000367460	5	0		0		0		4	1-2,4-5	808	0	0.0	0	0.0	0	0.0	726	89.9
RGS5	ENST00000313961	5	0		0		0		1	4	646	0	0.0	0	0.0	0	0.0	187	28.9
RGS6	ENST00000553525	17	0		0		0		5	3,5,9-10,14	1813	0	0.0	0	0.0	0	0.0	590	32.5
RGS7	ENST00000440928	17	0		0		0		6	4,6,8-9,15-16	1828	0	0.0	0	0.0	0	0.0	659	36.1
RGS9	ENST00000262406	19	0		0		0		5	2,4-5,10,18	2405	0	0.0	0	0.0	0	0.0	871	36.2
RGS9BP	ENST00000334176	1	0		0		0		1	1	728	0	0.0	0	0.0	0	0.0	728	100.0
RHAG	ENST00000371175	10	0		0		0		3	3,8,10	1430	0	0.0	0	0.0	0	0.0	300	21.0
RHBDF1	ENST00000262316	17	0		0		0		0		2908	0	0.0	0	0.0	0	0.0	0	0.0
RHBDF2	ENST00000675367	17	0		0		0		2	9-10	2824	0	0.0	0	0.0	0	0.0	347	12.3
RHCE	ENST00000294413	10	0		0		0		2	1-2	1454	0	0.0	0	0.0	0	0.0	375	25.8
RHD	ENST00000328664	10	0		0		0		5	1-3,5-6	1454	0	0.0	0	0.0	0	0.0	891	61.3
RHEB	ENST00000262187	8	0		0		0		1	1	715	0	0.0	0	0.0	0	0.0	72	10.1
RHO	ENST00000296271	5	0		0		0		2	3-4	1147	0	0.0	0	0.0	0	0.0	446	38.9
RHOA	ENST00000418115	4	0		0		0		1	4	662	0	0.0	0	0.0	0	0.0	151	22.8
RHOB	ENST00000272233	1	0		0		0		1	1	611	0	0.0	0	0.0	0	0.0	611	100.0
RHOBTB2	ENST00000251822	9	0		0		0		3	5,7,9	2364	0	0.0	0	0.0	0	0.0	1336	56.5
RHOG	ENST00000351018	1	0		0		0		1	2	596	0	0.0	0	0.0	0	0.0	596	100.0
RHOH	ENST00000381799	1	0		0		0		1	3	596	0	0.0	0	0.0	0	0.0	596	100.0
RHOXF1	ENST00000217999	3	0		0		1	1	3	1-3	615	0	0.0	0	0.0	418	68.0	615	100.0
RIC1	ENST00000414202	26	0		0		0		8	9-10,15,19,22-25	4792	0	0.0	0	0.0	0	0.0	2019	42.1
RIC3	ENST00000309737	6	0		0		0		2	1,5	1230	0	0.0	0	0.0	0	0.0	313	25.4
RICTOR	ENST00000357387	38	0		0		0		13	5,7,11,15,20-22,26,28,31,34-35,38	5887	0	0.0	0	0.0	0	0.0	2823	48.0
RIGI	ENST00000379883	18	0		0		0		4	3,8-9,11	3138	0	0.0	0	0.0	0	0.0	842	26.8
RILPL1	ENST00000376874	7	0		0		0		3	1-2,5	1352	0	0.0	0	0.0	0	0.0	693	51.3
RIMBP2	ENST00000690449	19	0		0		0		6	5,7,11,16,18-19	4469	0	0.0	0	0.0	0	0.0	2308	51.6
RIMS1	ENST00000521978	34	0		0		0		12	3,5-6,10,12-14,17-18,28,30-31	5759	0	0.0	0	0.0	0	0.0	2903	50.4
RIMS2	ENST00000696799	30	0		0		0		9	1,6-7,13-15,17,25,28	5424	0	0.0	0	0.0	0	0.0	2422	44.7
RIN1	ENST00000311320	10	0		0		0		2	1,10	2552	0	0.0	0	0.0	0	0.0	603	23.6
RIN2	ENST00000255006	11	0		0		0		5	6,9-10,12-13	2908	0	0.0	0	0.0	0	0.0	2140	73.6
RING1	ENST00000374656	6	0		0		0		1	4	1341	0	0.0	0	0.0	0	0.0	236	17.6
RINT1	ENST00000257700	15	0		0		0		6	4-6,10-11,14	2679	0	0.0	0	0.0	0	0.0	1143	42.7
RIOK2	ENST00000283109	10	0		0		0		2	8,10	1859	0	0.0	0	0.0	0	0.0	730	39.3
RIPK1	ENST00000259808	10	0		0		0		3	2,4,7	2216	0	0.0	0	0.0	0	0.0	439	19.8
RIPK3	ENST00000216274	10	0		0		0		1	3	1757	0	0.0	0	0.0	0	0.0	330	18.8
RIPK4	ENST00000332512	8	0		0		0		3	2,7-8	2515	0	0.0	0	0.0	0	0.0	1771	70.4
RIPOR1	ENST00000042381	21	0		0		0		1	19	4080	0	0.0	0	0.0	0	0.0	217	5.3
RIPOR2	ENST00000643898	22	0		0		0		6	1,7,13,19,21-22	3584	0	0.0	0	0.0	0	0.0	1419	39.6
RIPPLY1	ENST00000276173	4	0		0		0		4	1-4	536	0	0.0	0	0.0	0	0.0	536	100.0
RIPPLY2	ENST00000369689	4	0		0		0		1	4	467	0	0.0	0	0.0	0	0.0	168	36.0
RIT1	ENST00000368323	5	0		0		0		1	5	760	0	0.0	0	0.0	0	0.0	212	27.9
RLBP1	ENST00000268125	7	0		0		0		3	4,6,9	1094	0	0.0	0	0.0	0	0.0	527	48.2
RLIM	ENST00000332687	3	0		0		1	4	3	2-4	1935	0	0.0	0	0.0	1642	84.9	1935	100.0
RMI2	ENST00000312499	2	0		0		0		2	1-2	484	0	0.0	0	0.0	0	0.0	484	100.0
RMND1	ENST00000444024	11	0		0		0		4	2,8-10	1570	0	0.0	0	0.0	0	0.0	847	53.9
RMP64	ENST00000314400	9	0		0		0		3	4,6,9	1884	0	0.0	0	0.0	0	0.0	1023	54.3
RNASEH1	ENST00000315212	8	0		0		0		1	1	1021	0	0.0	0	0.0	0	0.0	148	14.5
RNASEH2A	ENST00000221486	8	0		0		0		1	3	1060	0	0.0	0	0.0	0	0.0	144	13.6
RNASEH2B	ENST00000336617	11	0		0		0		3	4,7,11	1159	0	0.0	0	0.0	0	0.0	360	31.1
RNASEH2C	ENST00000308418	4	0		0		0		2	1-2	575	0	0.0	0	0.0	0	0.0	388	67.5
RNASEL	ENST00000367559	6	0		0		0		5	2-4,6-7	2346	0	0.0	0	0.0	0	0.0	2193	93.5
RNASET2	ENST00000508775	9	0		0		0		2	1-2	951	0	0.0	0	0.0	0	0.0	187	19.7
RNF113A	ENST00000371442	1	0		0		1	1	1	1	1052	0	0.0	0	0.0	1052	100.0	1052	100.0
RNF114	ENST00000244061	6	0		0		0		0		807	0	0.0	0	0.0	0	0.0	0	0.0
RNF125	ENST00000217740	6	0		0		0		2	1,5	819	0	0.0	0	0.0	0	0.0	312	38.1
RNF13	ENST00000392894	9	0		0		0		3	3-4,6	1326	0	0.0	0	0.0	0	0.0	358	27.0
RNF135	ENST00000328381	5	0		0		0		2	2,5	1399	0	0.0	0	0.0	0	0.0	714	51.0
RNF139	ENST00000303545	2	0		0		0		1	2	2035	0	0.0	0	0.0	0	0.0	1834	90.1
RNF149	ENST00000295317	7	0		0		0		4	1-2,6-7	1343	0	0.0	0	0.0	0	0.0	1034	77.0
RNF168	ENST00000318037	6	0		0		0		1	1	1836	0	0.0	0	0.0	0	0.0	321	17.5
RNF170	ENST00000527424	6	0		0		0		2	4,6	897	0	0.0	0	0.0	0	0.0	260	29.0
RNF2	ENST00000367510	6	0		0		0		1	2	1131	0	0.0	0	0.0	0	0.0	107	9.5
RNF207	ENST00000377939	17	0		0		0		3	13-14,17	2245	0	0.0	0	0.0	0	0.0	514	22.9
RNF212	ENST00000433731	10	0		0		0		3	3-4,9	1094	0	0.0	0	0.0	0	0.0	256	23.4
RNF212B	ENST00000430154	14	0		0		1	3	3	3,6,10	1183	0	0.0	0	0.0	73	6.2	235	19.9
RNF213	ENST00000582970	67	0		0		0		25	4,8,11,17,21,26-27,29-31,33,35-37,40-41,47,50,56,59-60,63-65,68	16964	0	0.0	0	0.0	0	0.0	9794	57.7
RNF216	ENST00000389902	16	0		0		0		5	3-4,8,10,15	3092	0	0.0	0	0.0	0	0.0	1466	47.4
RNF220	ENST00000361799	14	0		0		0		3	2-3,5	1981	0	0.0	0	0.0	0	0.0	920	46.4
RNF31	ENST00000324103	21	0		0		0		5	3,7,11,13,17	3639	0	0.0	0	0.0	0	0.0	1064	29.2
RNF34	ENST00000361234	6	0		0		0		2	3,5	1239	0	0.0	0	0.0	0	0.0	650	52.5
RNF40	ENST00000324685	19	0		0		0		7	2,10-11,13-14,16,19	3386	0	0.0	0	0.0	0	0.0	1449	42.8
RNF43	ENST00000407977	9	0		0		0		1	9	2532	0	0.0	0	0.0	0	0.0	1376	54.3
RNF6	ENST00000381588	3	0		0		0		1	5	2118	0	0.0	0	0.0	0	0.0	1789	84.5
RNH1	ENST00000354420	9	0		0		0		1	10	1566	0	0.0	0	0.0	0	0.0	191	12.2
RNLS	ENST00000331772	7	0		0		0		2	1,3	1169	0	0.0	0	0.0	0	0.0	301	25.7
RNPC3	ENST00000423855	14	0		0		0		6	1-2,5,7,9,11	1834	0	0.0	0	0.0	0	0.0	862	47.0
ROBO1	ENST00000464233	30	0		0		0		12	4-5,9-10,13,16,21-23,26-27,31	5556	0	0.0	0	0.0	0	0.0	2628	47.3
ROBO2	ENST00000696593	28	0		0		0		13	1-2,5,8,10-12,16-18,23-24,26	4982	0	0.0	0	0.0	0	0.0	2583	51.8
ROBO3	ENST00000397801	28	0		0		0		2	1-2	4721	0	0.0	0	0.0	0	0.0	527	11.2
ROBO4	ENST00000306534	18	0		0		0		6	6,8-9,11-12,17	3384	0	0.0	0	0.0	0	0.0	1312	38.8
ROCK2	ENST00000315872	33	0		0		0		6	1-2,10,17,23,32	4827	0	0.0	0	0.0	0	0.0	912	18.9
ROGDI	ENST00000322048	11	0		0		0		1	6	1084	0	0.0	0	0.0	0	0.0	116	10.7
ROM1	ENST00000278833	3	0		0		0		1	1	1116	0	0.0	0	0.0	0	0.0	610	54.7
ROR1	ENST00000371079	9	0		0		0		4	3,7-9	2994	0	0.0	0	0.0	0	0.0	2254	75.3
ROR2	ENST00000375708	9	0		0		0		3	1,3,9	3012	0	0.0	0	0.0	0	0.0	1891	62.8
RORA	ENST00000335670	11	0		0		0		3	4-5,9	1792	0	0.0	0	0.0	0	0.0	709	39.6
RORB	ENST00000376896	10	0		0		0		2	4,9	1580	0	0.0	0	0.0	0	0.0	555	35.1
RORC	ENST00000318247	11	0		0		0		2	5-6	1777	0	0.0	0	0.0	0	0.0	675	38.0
ROS1	ENST00000368507	44	0		0		0		17	3,8,13-14,17,21-22,25,30-32,34-35,37,40-41,44	7906	0	0.0	0	0.0	0	0.0	3745	47.4
RP1	ENST00000220676	3	0		0		0		2	2,4	6531	0	0.0	0	0.0	0	0.0	6339	97.1
RP1L1	ENST00000382483	3	0		0		0		2	3-4	7263	0	0.0	0	0.0	0	0.0	6634	91.3
RP2	ENST00000218340	5	0		0		2	1-2	5	1-5	1153	0	0.0	0	0.0	808	70.1	1153	100.0
RP9	ENST00000297157	6	0		0		0		4	1-3,5	786	0	0.0	0	0.0	0	0.0	455	57.9
RPA1	ENST00000254719	17	0		0		0		5	2-3,10,13,17	2191	0	0.0	0	0.0	0	0.0	661	30.2
RPAP1	ENST00000304330	24	0		0		0		6	3,5,11,18,22-23	4662	0	0.0	0	0.0	0	0.0	1602	34.4
RPE65	ENST00000262340	14	0		0		0		8	3,5,8,10-14	1882	0	0.0	0	0.0	0	0.0	1190	63.2
RPGR	ENST00000645032	15	0		1	15	2	10,15	14	2-15	3759	0	0.0	1726	45.9	1932	51.4	3711	98.7
RPGRIP1	ENST00000400017	24	0		0		0		4	14,19,21-22	4341	0	0.0	0	0.0	0	0.0	729	16.8
RPGRIP1L	ENST00000647211	26	0		0		0		13	3-6,8,10-13,15,17-18,24	4468	0	0.0	0	0.0	0	0.0	2783	62.3
RPH3A	ENST00000389385	20	0		0		0		2	8,11	2485	0	0.0	0	0.0	0	0.0	293	11.8
RPIA	ENST00000283646	9	0		0		0		4	1,3-4,6	1116	0	0.0	0	0.0	0	0.0	550	49.3
RPL10	ENST00000369817	6	0		0		0		6	2-7	765	0	0.0	0	0.0	0	0.0	765	100.0
RPL10L	ENST00000298283	1	0		0		0		1	1	665	0	0.0	0	0.0	0	0.0	665	100.0
RPL11	ENST00000643754	6	0		0		0		2	1,6	657	0	0.0	0	0.0	0	0.0	76	11.6
RPL13	ENST00000311528	5	0		0		0		1	4	736	0	0.0	0	0.0	0	0.0	194	26.4
RPL15	ENST00000307839	3	0		0		0		2	2,4	675	0	0.0	0	0.0	0	0.0	518	76.7
RPL17	ENST00000580261	6	0		0		0		4	2-3,5,7	675	0	0.0	0	0.0	0	0.0	308	45.6
RPL18	ENST00000549920	7	0		0		0		1	2	707	0	0.0	0	0.0	0	0.0	107	15.1
RPL21	ENST00000311549	5	0		0		0		1	5	583	0	0.0	0	0.0	0	0.0	171	29.3
RPL26	ENST00000648839	3	0		0		0		1	3	498	0	0.0	0	0.0	0	0.0	161	32.3
RPL27	ENST00000253788	4	0		0		0		0		491	0	0.0	0	0.0	0	0.0	0	0.0
RPL31	ENST00000264258	4	0		0		0		2	3-4	458	0	0.0	0	0.0	0	0.0	279	60.9
RPL35	ENST00000348462	4	0		0		0		2	2,4	452	0	0.0	0	0.0	0	0.0	327	72.3
RPL35A	ENST00000647248	4	0		0		0		0		413	0	0.0	0	0.0	0	0.0	0	0.0
RPL3L	ENST00000268661	10	0		0		0		1	5	1424	0	0.0	0	0.0	0	0.0	207	14.5
RPL4	ENST00000307961	10	0		0		0		4	2,5-6,8	1484	0	0.0	0	0.0	0	0.0	591	39.8
RPL5	ENST00000370321	8	0		0		0		2	3,5	1054	0	0.0	0	0.0	0	0.0	359	34.1
RPL8	ENST00000528957	5	0		0		0		1	3	874	0	0.0	0	0.0	0	0.0	239	27.3
RPL9	ENST00000295955	6	0		0		0		2	3,6	699	0	0.0	0	0.0	0	0.0	237	33.9
RPS10	ENST00000648437	5	0		0		0		3	2-3,6	598	0	0.0	0	0.0	0	0.0	424	70.9
RPS14	ENST00000407193	4	0		0		0		2	3-4	536	0	0.0	0	0.0	0	0.0	279	52.1
RPS15	ENST00000592588	4	0		0		0		2	3-4	518	0	0.0	0	0.0	0	0.0	389	75.1
RPS15A	ENST00000322989	4	0		0		0		2	2,4	473	0	0.0	0	0.0	0	0.0	259	54.8
RPS17	ENST00000647841	5	0		0		0		1	2	508	0	0.0	0	0.0	0	0.0	172	33.9
RPS19	ENST00000598742	5	0		0		0		1	2	538	0	0.0	0	0.0	0	0.0	91	16.9
RPS20	ENST00000009589	4	0		0		0		3	1-2,4	440	0	0.0	0	0.0	0	0.0	346	78.6
RPS23	ENST00000296674	4	0		0		0		1	4	512	0	0.0	0	0.0	0	0.0	167	32.6
RPS24	ENST00000372360	5	0		0		0		1	1	493	0	0.0	0	0.0	0	0.0	23	4.7
RPS26	ENST00000646449	4	0		0		0		2	2-3	428	0	0.0	0	0.0	0	0.0	349	81.5
RPS27	ENST00000651669	4	0		0		0		1	2	335	0	0.0	0	0.0	0	0.0	129	38.5
RPS28	ENST00000600659	3	0		0		0		0		270	0	0.0	0	0.0	0	0.0	0	0.0
RPS29	ENST00000245458	3	0		0		0		2	1-2	231	0	0.0	0	0.0	0	0.0	202	87.4
RPS6KA3	ENST00000379565	22	0		0		6	11-16	21	1-18,20-22	2663	0	0.0	0	0.0	718	27.0	2566	96.4
RPS6KB1	ENST00000225577	15	0		0		0		4	1-2,4,10	1878	0	0.0	0	0.0	0	0.0	448	23.9
RPS6KB2	ENST00000312629	15	0		0		0		1	1	1749	0	0.0	0	0.0	0	0.0	98	5.6
RPS6KC1	ENST00000366960	15	0		0		0		8	1-2,6,10-11,13-15	3501	0	0.0	0	0.0	0	0.0	2683	76.6
RPS7	ENST00000645674	6	0		0		0		6	2-7	705	0	0.0	0	0.0	0	0.0	705	100.0
RPSA	ENST00000301821	6	0		0		0		3	2-4	1008	0	0.0	0	0.0	0	0.0	558	55.4
RRAD	ENST00000299759	4	0		0		0		2	4-5	1007	0	0.0	0	0.0	0	0.0	523	51.9
RRAGA	ENST00000380527	1	0		0		0		1	1	962	0	0.0	0	0.0	0	0.0	962	100.0
RRAGC	ENST00000373001	7	0		0		0		1	2	1340	0	0.0	0	0.0	0	0.0	224	16.7
RRAGD	ENST00000369415	7	0		0		0		4	2,4-6	1343	0	0.0	0	0.0	0	0.0	783	58.3
RRAS	ENST00000246792	6	0		0		0		1	6	777	0	0.0	0	0.0	0	0.0	105	13.5
RRAS2	ENST00000256196	6	0		0		0		3	4-6	735	0	0.0	0	0.0	0	0.0	376	51.2
RREB1	ENST00000379938	10	0		0		0		3	10,12-13	5429	0	0.0	0	0.0	0	0.0	4227	77.9
RRM1	ENST00000300738	19	0		0		0		3	3,5,16	2759	0	0.0	0	0.0	0	0.0	434	15.7
RRM2B	ENST00000251810	9	0		0		0		3	3,7,9	1236	0	0.0	0	0.0	0	0.0	435	35.2
RRP1B	ENST00000340648	16	0		0		0		7	6-8,12-14,16	2597	0	0.0	0	0.0	0	0.0	1721	66.3
RRP7A	ENST00000323013	7	0		0		0		3	2,5-6	983	0	0.0	0	0.0	0	0.0	500	50.9
RRP9	ENST00000232888	15	0		0		0		4	10-13	1728	0	0.0	0	0.0	0	0.0	504	29.2
RS1	ENST00000379984	6	0		0		2	3,6	5	2-6	795	0	0.0	0	0.0	299	37.6	723	90.9
RSPH1	ENST00000291536	9	0		0		0		3	5,7-8	1110	0	0.0	0	0.0	0	0.0	500	45.0
RSPH3	ENST00000367069	8	0		0		0		4	1,4-5,8	1417	0	0.0	0	0.0	0	0.0	857	60.5
RSPH4A	ENST00000229554	6	0		0		0		1	1	2271	0	0.0	0	0.0	0	0.0	706	31.1
RSPH9	ENST00000372163	5	0		0		0		3	1,3-4	931	0	0.0	0	0.0	0	0.0	564	60.6
RSPO1	ENST00000356545	5	0		0		0		1	4	892	0	0.0	0	0.0	0	0.0	212	23.8
RSPO2	ENST00000276659	5	0		0		0		1	2	832	0	0.0	0	0.0	0	0.0	114	13.7
RSPO4	ENST00000217260	5	0		0		0		2	3-4	805	0	0.0	0	0.0	0	0.0	367	45.6
RSPRY1	ENST00000394420	14	0		0		0		3	5,8,15	2011	0	0.0	0	0.0	0	0.0	416	20.7
RSRC1	ENST00000611884	9	0		0		0		2	3,9	1185	0	0.0	0	0.0	0	0.0	319	26.9
RSRC2	ENST00000331738	10	0		0		0		3	8-10	1505	0	0.0	0	0.0	0	0.0	560	37.2
RTEL1	ENST00000360203	34	0		0		0		1	9	4583	0	0.0	0	0.0	0	0.0	86	1.9
RTN2	ENST00000245923	11	0		0		0		2	3,5	1858	0	0.0	0	0.0	0	0.0	739	39.8
RTN4IP1	ENST00000369063	9	0		0		0		3	2-3,7	1371	0	0.0	0	0.0	0	0.0	465	33.9
RTN4R	ENST00000043402	2	0		0		0		0		1462	0	0.0	0	0.0	0	0.0	0	0.0
RTP1	ENST00000312295	2	0		0		0		2	1-2	832	0	0.0	0	0.0	0	0.0	832	100.0
RTTN	ENST00000640769	49	0		0		0		15	1,3,6,10,13,22-23,26-27,31,34,36,38,40-41	7661	0	0.0	0	0.0	0	0.0	2238	29.2
RUBCN	ENST00000296343	20	0		0		0		4	10-11,18-19	3319	0	0.0	0	0.0	0	0.0	641	19.3
RUFY1	ENST00000319449	18	0		0		0		3	2-3,11	2487	0	0.0	0	0.0	0	0.0	520	20.9
RUNDC3A	ENST00000426726	11	0		0		0		1	3	1561	0	0.0	0	0.0	0	0.0	169	10.8
RUNX1	ENST00000675419	8	0		0		0		3	4,6,9	1603	0	0.0	0	0.0	0	0.0	895	55.8
RUNX1T1	ENST00000523629	11	0		0		0		3	4,6,9	2035	0	0.0	0	0.0	0	0.0	686	33.7
RUNX2	ENST00000647337	8	0		0		0		2	3,9	1726	0	0.0	0	0.0	0	0.0	884	51.2
RUNX3	ENST00000308873	5	0		0		0		2	3,5	1348	0	0.0	0	0.0	0	0.0	690	51.2
RUSC2	ENST00000361226	11	0		0		0		6	2-4,7-8,12	4771	0	0.0	0	0.0	0	0.0	3445	72.2
RXFP1	ENST00000307765	18	0		0		0		5	5,13,16-18	2634	0	0.0	0	0.0	0	0.0	1173	44.5
RXFP2	ENST00000298386	18	0		0		0		7	1,7,10,13,15-16,18	2625	0	0.0	0	0.0	0	0.0	1351	51.5
RXFP4	ENST00000368318	1	0		0		0		1	1	1145	0	0.0	0	0.0	0	0.0	1145	100.0
RXYLT1	ENST00000261234	6	0		0		0		3	1-2,6	1452	0	0.0	0	0.0	0	0.0	803	55.3
RYBP	NM_012234.7	4	0		0		0		0		737	0	0.0	0	0.0	0	0.0	0	0.0
RYR1	ENST00000359596	106	0		0		0		19	10,13,21,28-29,31,34,41-42,44,47,60,78,89,91,93,95,98,102	17237	0	0.0	0	0.0	0	0.0	4604	26.7
RYR2	ENST00000366574	105	0		0		0		27	3,10,17-18,20,22-23,26,28,31,34-37,39,41,43,46,52-53,56,66-67,71,84,90,102	17004	0	0.0	0	0.0	0	0.0	6408	37.7
RYR3	ENST00000634891	104	0		0		0		32	2,4,6,16,18-19,24,27,29,34-35,52,55,58-60,63,66-68,71,73-74,76,79,85,89,95,98,101-102,104	16693	0	0.0	0	0.0	0	0.0	6865	41.1
S1PR2	ENST00000646641	1	0		0		0		1	2	1082	0	0.0	0	0.0	0	0.0	1082	100.0
S1PR4	ENST00000246115	1	0		0		0		1	1	1175	0	0.0	0	0.0	0	0.0	1175	100.0
SAA1	ENST00000356524	3	0		0		0		3	2-4	429	0	0.0	0	0.0	0	0.0	429	100.0
SACS	ENST00000382292	9	0		0		0		3	5,8,10	13920	0	0.0	0	0.0	0	0.0	13190	94.8
SAG	ENST00000409110	15	0		0		0		4	8,11,13,16	1518	0	0.0	0	0.0	0	0.0	484	31.9
SALL1	ENST00000251020	3	0		0		0		2	2-3	4035	0	0.0	0	0.0	0	0.0	3939	97.6
SALL2	ENST00000537235	2	0		0		0		1	2	3058	0	0.0	0	0.0	0	0.0	2971	97.2
SALL4	ENST00000217086	4	0		0		0		3	1-2,4	3242	0	0.0	0	0.0	0	0.0	2941	90.7
SAMD11	ENST00000616016	14	0		0		0		1	8	2815	0	0.0	0	0.0	0	0.0	183	6.5
SAMD12	ENST00000314727	4	0		0		0		1	4	686	0	0.0	0	0.0	0	0.0	304	44.3
SAMD4B	ENST00000610417	12	0		0		0		3	4,8,11	2325	0	0.0	0	0.0	0	0.0	1070	46.0
SAMD7	ENST00000335556	7	0		0		0		3	7-9	1481	0	0.0	0	0.0	0	0.0	482	32.5
SAMD9	ENST00000379958	1	0		0		0		1	3	4790	0	0.0	0	0.0	0	0.0	4790	100.0
SAMD9L	ENST00000318238	1	0		0		0		1	5	4775	0	0.0	0	0.0	0	0.0	4775	100.0
SAMHD1	ENST00000646673	16	0		0		0		5	1,6,8,11,14	2201	0	0.0	0	0.0	0	0.0	701	31.8
SAPCD1	ENST00000415669	5	0		0		0		2	1-2	637	0	0.0	0	0.0	0	0.0	295	46.3
SAR1B	ENST00000402673	6	0		0		0		2	3,5	717	0	0.0	0	0.0	0	0.0	264	36.8
SARDH	ENST00000439388	20	0		0		0		4	2,6,14,18	3157	0	0.0	0	0.0	0	0.0	814	25.8
SARS1	ENST00000234677	11	0		0		0		2	4,7	1765	0	0.0	0	0.0	0	0.0	421	23.9
SARS2	ENST00000221431	16	0		0		0		4	1,7,9-10	1877	0	0.0	0	0.0	0	0.0	608	32.4
SART3	ENST00000546815	19	0		0		0		6	1,4-5,8,16,18	3272	0	0.0	0	0.0	0	0.0	1454	44.4
SASH1	ENST00000367467	20	0		0		0		6	1-2,13,15,18,20	4144	0	0.0	0	0.0	0	0.0	2154	52.0
SASH3	ENST00000356892	8	0		0		2	4,8	8	1-8	1303	0	0.0	0	0.0	373	28.6	1303	100.0
SASS6	ENST00000287482	17	0		0		0		8	1,9,11-12,14-17	2314	0	0.0	0	0.0	0	0.0	1111	48.0
SAT1	ENST00000379270	6	0		0		0		6	1-6	636	0	0.0	0	0.0	0	0.0	636	100.0
SATB1	ENST00000338745	10	0		0		0		6	2-3,5,8-9,11	2492	0	0.0	0	0.0	0	0.0	1514	60.8
SATB2	ENST00000417098	10	0		0		0		2	2,10	2402	0	0.0	0	0.0	0	0.0	407	16.9
SATL1	ENST00000644105	6	0		0		2	3,6	6	3-8	2208	0	0.0	0	0.0	1783	80.8	2208	100.0
SAXO5	ENST00000361664	8	0		0		0		2	6,9	1678	0	0.0	0	0.0	0	0.0	375	22.3
SBDS	ENST00000246868	5	0		0		0		3	1,4-5	853	0	0.0	0	0.0	0	0.0	482	56.5
SBF1	ENST00000380817	41	0		0		0		0		6502	0	0.0	0	0.0	0	0.0	0	0.0
SBF2	ENST00000256190	40	0		0		0		16	4-5,7,9-10,13-14,22,24-26,29-31,34,36	6350	0	0.0	0	0.0	0	0.0	2597	40.9
SBSPON	ENST00000297354	5	0		0		0		3	2,4-5	895	0	0.0	0	0.0	0	0.0	550	61.5
SC5D	ENST00000264027	4	0		0		0		2	2,5	980	0	0.0	0	0.0	0	0.0	706	72.0
SCAF4	ENST00000286835	20	0		0		0		4	2,10,12,17	3844	0	0.0	0	0.0	0	0.0	689	17.9
SCAMP5	ENST00000425597	6	0		0		0		0		828	0	0.0	0	0.0	0	0.0	0	0.0
SCAPER	ENST00000563290	31	0		0		0		10	7,9,11,13,22,26,28-30,32	4823	0	0.0	0	0.0	0	0.0	1852	38.4
SCARB1	ENST00000261693	12	0		0		0		2	6,11	1770	0	0.0	0	0.0	0	0.0	303	17.1
SCARB2	ENST00000264896	12	0		0		0		5	3,5-6,9,12	1677	0	0.0	0	0.0	0	0.0	573	34.2
SCARF2	ENST00000622235	11	0		0		0		2	10-11	2821	0	0.0	0	0.0	0	0.0	1101	39.0
SCD	ENST00000370355	6	0		0		0		1	2	1200	0	0.0	0	0.0	0	0.0	303	25.2
SCD5	ENST00000319540	5	0		0		0		2	1-2	1093	0	0.0	0	0.0	0	0.0	403	36.9
SCFD2	ENST00000401642	9	0		0		0		1	1	2235	0	0.0	0	0.0	0	0.0	858	38.4
SCGB3A2	ENST00000296694	3	0		0		0		0		342	0	0.0	0	0.0	0	0.0	0	0.0
SCGN	ENST00000377961	11	0		0		0		2	1,11	1051	0	0.0	0	0.0	0	0.0	251	23.9
SCHIP1	ENST00000638749	8	0		0		0		2	2,5	1624	0	0.0	0	0.0	0	0.0	934	57.5
SCIMP	ENST00000574081	5	0		0		0		0		538	0	0.0	0	0.0	0	0.0	0	0.0
SCLT1	ENST00000281142	21	0		0		0		10	1,3-4,7,9-10,13,16,19,21	2487	0	0.0	0	0.0	0	0.0	1038	41.7
SCN10A	ENST00000449082	27	0		0		0		13	4,6-7,10,14-15,17-18,20-21,23,27-28	6411	0	0.0	0	0.0	0	0.0	3923	61.2
SCN11A	ENST00000302328	26	0		0		1	5	11	5,13-14,16-19,22,25,27,30	5896	0	0.0	0	0.0	287	4.9	3697	62.7
SCN1A	ENST00000674923	26	0		0		0		11	4-6,13,15,18,21,23-24,26,29	6550	0	0.0	0	0.0	0	0.0	3344	51.1
SCN1B	ENST00000262631	5	0		0		0		2	3-4	757	0	0.0	0	0.0	0	0.0	423	55.9
SCN2A	ENST00000375437	26	0		0		0		0		6538	0	0.0	0	0.0	0	0.0	0	0.0
SCN2A	ENST00000631182	26	0		0		0		12	2,6-7,12-13,15-17,20-21,25,27	6538	0	0.0	0	0.0	0	0.0	3959	60.6
SCN2B	ENST00000278947	4	0		0		0		1	3	728	0	0.0	0	0.0	0	0.0	231	31.7
SCN3A	ENST00000283254	26	0		0		0		18	3-4,6,8-9,11-18,20,22,25,27-28	6523	0	0.0	0	0.0	0	0.0	5312	81.4
SCN3B	ENST00000299333	5	0		0		0		1	4	748	0	0.0	0	0.0	0	0.0	246	32.9
SCN4A	ENST00000435607	24	0		0		0		11	1,10,12-15,19-22,24	5991	0	0.0	0	0.0	0	0.0	3590	59.9
SCN4B	ENST00000324727	5	0		0		0		1	2	787	0	0.0	0	0.0	0	0.0	193	24.5
SCN5A	ENST00000413689	27	0		0		0		1	18	6591	0	0.0	0	0.0	0	0.0	182	2.8
SCN5A	ENST00000423572	27	0		0		0		11	2,7,11-13,15,17-18,22,27-28	6588	0	0.0	0	0.0	0	0.0	3815	57.9
SCN7A	ENST00000643258	24	0		0		0		11	6,11-17,21-22,26	5529	0	0.0	0	0.0	0	0.0	3364	60.8
SCN8A	ENST00000354534	26	0		0		0		0		6463	0	0.0	0	0.0	0	0.0	0	0.0
SCN8A	ENST00000627620	26	0		0		0		9	2,7,11-12,17,19,24,26-27	6463	0	0.0	0	0.0	0	0.0	3518	54.4
SCN9A	ENST00000642356	26	0		1	2	2	2,21	18	2-3,5,7,9-10,12,14-19,21-22,24-26	6487	0	0.0	278	4.3	421	6.5	4242	65.4
SCNM1	ENST00000368905	7	0		0		0		1	4	833	0	0.0	0	0.0	0	0.0	118	14.2
SCNN1A	ENST00000228916	12	0		0		0		7	2-4,7,9,11-12	2250	0	0.0	0	0.0	0	0.0	1325	58.9
SCNN1B	ENST00000343070	12	0		0		0		1	7	2163	0	0.0	0	0.0	0	0.0	128	5.9
SCNN1D	ENST00000379116	18	0		1	5	1	5	2	5,18	2769	0	0.0	133	4.8	133	4.8	510	18.4
SCNN1G	ENST00000300061	12	0		0		0		6	3-4,6-7,12-13	2190	0	0.0	0	0.0	0	0.0	1332	60.8
SCO1	ENST00000255390	6	0		0		0		2	1,6	1026	0	0.0	0	0.0	0	0.0	448	43.7
SCO2	ENST00000395693	1	0		0		0		1	2	821	0	0.0	0	0.0	0	0.0	821	100.0
SCP2	ENST00000371514	16	0		0		0		5	10,13-16	1964	0	0.0	0	0.0	0	0.0	657	33.5
SCRIB	ENST00000356994	37	0		0		0		0		5708	0	0.0	0	0.0	0	0.0	0	0.0
SCUBE3	ENST00000274938	22	0		0		0		1	20	3422	0	0.0	0	0.0	0	0.0	173	5.1
SCYL1	ENST00000270176	18	0		0		0		3	7,16,18	2787	0	0.0	0	0.0	0	0.0	560	20.1
SCYL2	ENST00000360820	17	0		0		0		7	2-5,12,15,18	3130	0	0.0	0	0.0	0	0.0	1615	51.6
SDC3	ENST00000339394	5	0		0		0		2	1,5	1429	0	0.0	0	0.0	0	0.0	345	24.1
SDCCAG8	ENST00000366541	18	0		0		0		4	5,11,15,17	2502	0	0.0	0	0.0	0	0.0	577	23.1
SDF2	ENST00000247020	3	0		0		0		1	3	696	0	0.0	0	0.0	0	0.0	308	44.3
SDHA	ENST00000264932	15	0		0		0		6	3,6-7,10-11,14	2295	0	0.0	0	0.0	0	0.0	961	41.9
SDHAF1	ENST00000378887	1	0		0		0		1	1	368	0	0.0	0	0.0	0	0.0	368	100.0
SDHAF2	ENST00000301761	4	0		0		0		1	4	581	0	0.0	0	0.0	0	0.0	151	26.0
SDHB	ENST00000375499	8	0		0		0		4	2,5,7-8	1003	0	0.0	0	0.0	0	0.0	526	52.4
SDHC	ENST00000367975	6	0		0		0		1	3	630	0	0.0	0	0.0	0	0.0	122	19.4
SDHD	ENST00000375549	4	0		0		0		0		560	0	0.0	0	0.0	0	0.0	0	0.0
SDK1	ENST00000404826	45	0		0		0		14	4-6,11,20-21,23,25,29,32,37,40,43-44	7542	0	0.0	0	0.0	0	0.0	2311	30.6
SDK2	ENST00000392650	45	0		0		0		17	2,6-7,9-10,13-16,27,29,31-32,36,39,41-42	7419	0	0.0	0	0.0	0	0.0	2862	38.6
SDR9C7	ENST00000293502	4	0		0		0		2	1,3	1022	0	0.0	0	0.0	0	0.0	505	49.4
SEC16B	ENST00000308284	25	0		0		0		6	4,7,10,12,14,19	3683	0	0.0	0	0.0	0	0.0	1115	30.3
SEC23A	ENST00000307712	19	0		0		0		5	2,11,17,19-20	2678	0	0.0	0	0.0	0	0.0	645	24.1
SEC23B	ENST00000650089	19	0		0		0		5	2-4,18-19	2684	0	0.0	0	0.0	0	0.0	688	25.6
SEC24B	ENST00000265175	24	0		0		0		9	1-3,6,8,12-13,18,24	4287	0	0.0	0	0.0	0	0.0	1986	46.3
SEC24C	ENST00000345254	22	0		0		0		3	3-5	3725	0	0.0	0	0.0	0	0.0	738	19.8
SEC24D	ENST00000280551	22	0		0		0		5	12-13,15,22-23	3539	0	0.0	0	0.0	0	0.0	788	22.3
SEC31A	ENST00000395310	26	0		0		0		7	7,11-12,15,20,25-26	4183	0	0.0	0	0.0	0	0.0	1037	24.8
SEC61A1	ENST00000243253	12	0		0		0		6	2-3,7-8,11-12	1671	0	0.0	0	0.0	0	0.0	833	49.9
SEC61B	ENST00000223641	4	0		0		0		1	2	371	0	0.0	0	0.0	0	0.0	118	31.8
SEC63	ENST00000369002	21	0		0		0		2	3,14	2703	0	0.0	0	0.0	0	0.0	238	8.8
SECISBP2	ENST00000375807	17	0		0		0		4	4,12,14,17	2905	0	0.0	0	0.0	0	0.0	683	23.5
SEL1L	ENST00000336735	21	0		0		0		2	1,13	2805	0	0.0	0	0.0	0	0.0	188	6.7
SELENBP1	ENST00000368868	12	0		0		0		3	2,11-12	1659	0	0.0	0	0.0	0	0.0	399	24.1
SELENOI	ENST00000260585	10	0		0		0		2	7,10	1394	0	0.0	0	0.0	0	0.0	188	13.5
SELENON	ENST00000374315	12	0		0		0		0		1911	0	0.0	0	0.0	0	0.0	0	0.0
SEMA3A	ENST00000265362	17	0		0		0		8	3,5,9,11,13,15-17	2656	0	0.0	0	0.0	0	0.0	1313	49.4
SEMA3D	ENST00000284136	17	0		0		0		5	7,9-10,12-13	2674	0	0.0	0	0.0	0	0.0	820	30.7
SEMA3E	ENST00000643230	17	0		0		0		4	6,9,12,17	2668	0	0.0	0	0.0	0	0.0	815	30.5
SEMA3F	ENST00000002829	18	0		0		0		4	10,17-19	2718	0	0.0	0	0.0	0	0.0	808	29.7
SEMA4A	ENST00000368285	14	0		0		0		4	7,10-11,15	2566	0	0.0	0	0.0	0	0.0	1122	43.7
SEMA5A	ENST00000382496	21	0		0		0		12	3-4,8-10,12,14-18,20	3645	0	0.0	0	0.0	0	0.0	2383	65.4
SEMA6B	ENST00000586582	16	0		0		0		2	6,10	2987	0	0.0	0	0.0	0	0.0	360	12.1
SEMA6D	ENST00000536845	18	0		0		0		5	3,8,11-12,19	3582	0	0.0	0	0.0	0	0.0	1909	53.3
SEMA7A	ENST00000261918	14	0		0		0		0		2281	0	0.0	0	0.0	0	0.0	0	0.0
SENP7	ENST00000394095	24	0		0		0		8	2,5-9,14,24	3633	0	0.0	0	0.0	0	0.0	1651	45.4
SEPHS1	ENST00000327347	8	0		0		0		3	2,5,8	1339	0	0.0	0	0.0	0	0.0	621	46.4
SEPSECS	ENST00000382103	11	0		0		0		4	5,7-8,11	1726	0	0.0	0	0.0	0	0.0	751	43.5
SEPTIN12	ENST00000268231	9	0		0		0		1	10	1257	0	0.0	0	0.0	0	0.0	222	17.7
SEPTIN4	ENST00000672673	14	0		0		0		2	1,12	3271	0	0.0	0	0.0	0	0.0	1764	53.9
SEPTIN8	ENST00000378719	10	0		0		0		4	2,5,7,10	1652	0	0.0	0	0.0	0	0.0	698	42.3
SEPTIN9	ENST00000329047	11	0		0		0		0		1927	0	0.0	0	0.0	0	0.0	0	0.0
SEPTIN9	ENST00000427177	12	0		0		0		2	3,7	2001	0	0.0	0	0.0	0	0.0	823	41.1
SERAC1	ENST00000647468	16	0		0		0		7	5,7-8,11,15-17	2285	0	0.0	0	0.0	0	0.0	1096	48.0
SERHL2	ENST00000327678	12	0		0		0		1	4	1185	0	0.0	0	0.0	0	0.0	62	5.2
SERPINA1	ENST00000393087	4	0		0		0		2	2-3	1337	0	0.0	0	0.0	0	0.0	957	71.6
SERPINA11	ENST00000334708	4	0		0		0		4	2-5	1349	0	0.0	0	0.0	0	0.0	1349	100.0
SERPINA12	ENST00000677451	4	0		0		0		3	2,4-5	1325	0	0.0	0	0.0	0	0.0	1034	78.0
SERPINA3	ENST00000393078	4	0		0		0		2	2,5	1352	0	0.0	0	0.0	0	0.0	887	65.6
SERPINA6	ENST00000341584	4	0		0		0		2	2-3	1298	0	0.0	0	0.0	0	0.0	924	71.2
SERPINA7	ENST00000372563	4	0		0		3	2,4-5	4	2-5	1328	0	0.0	0	0.0	1034	77.9	1328	100.0
SERPINB6	ENST00000380539	6	0		0		0		3	2,6-7	1251	0	0.0	0	0.0	0	0.0	783	62.6
SERPINB7	ENST00000398019	7	0		0		0		4	2,4,6,8	1283	0	0.0	0	0.0	0	0.0	907	70.7
SERPINB8	ENST00000397985	6	0		0		0		2	5-6	1245	0	0.0	0	0.0	0	0.0	336	27.0
SERPINC1	ENST00000367698	7	0		0		0		5	1-3,5,7	1535	0	0.0	0	0.0	0	0.0	1292	84.2
SERPIND1	ENST00000215727	4	0		0		0		2	2-3	1580	0	0.0	0	0.0	0	0.0	1203	76.1
SERPINE1	ENST00000223095	8	0		0		0		4	2-3,7-8	1369	0	0.0	0	0.0	0	0.0	756	55.2
SERPINF1	ENST00000254722	7	0		0		0		3	3,5,8	1397	0	0.0	0	0.0	0	0.0	723	51.8
SERPINF2	ENST00000453066	9	0		0		0		3	7,9-10	1656	0	0.0	0	0.0	0	0.0	882	53.3
SERPING1	ENST00000278407	7	0		0		0		3	3,7-8	1643	0	0.0	0	0.0	0	0.0	1033	62.9
SERPINH1	ENST00000358171	4	0		0		0		4	2-5	1337	0	0.0	0	0.0	0	0.0	1337	100.0
SERPINI1	ENST00000446050	8	0		0		0		2	2-3	1393	0	0.0	0	0.0	0	0.0	521	37.4
SET	ENST00000322030	8	0		0		0		2	3,5	994	0	0.0	0	0.0	0	0.0	297	29.9
SETBP1	ENST00000649279	5	0		0		0		3	2,4,6	4891	0	0.0	0	0.0	0	0.0	4626	94.6
SETD1A	ENST00000262519	18	0		0		0		4	4,7-8,11	5484	0	0.0	0	0.0	0	0.0	2145	39.1
SETD1B	ENST00000604567	16	0		0		0		8	2-3,6-7,9-10,12,17	6221	0	0.0	0	0.0	0	0.0	4366	70.2
SETD2	ENST00000409792	21	0		0		0		6	3-5,12,15,17	8115	0	0.0	0	0.0	0	0.0	6221	76.7
SETD5	ENST00000402198	21	0		0		0		3	17-18,23	4749	0	0.0	0	0.0	0	0.0	1047	22.0
SETD6	ENST00000219315	8	0		0		0		6	3-8	1582	0	0.0	0	0.0	0	0.0	1208	76.4
SETDB1	ENST00000692827	21	0		0		0		3	4,13,16	4299	0	0.0	0	0.0	0	0.0	1357	31.6
SETDB2	ENST00000611815	13	0		0		0		5	3,6,11-13	2384	0	0.0	0	0.0	0	0.0	1314	55.1
SETX	ENST00000224140	24	0		0		0		6	9-11,17,25-26	8514	0	0.0	0	0.0	0	0.0	5435	63.8
SEZ6	ENST00000317338	17	0		0		0		5	2,5,9,12,16	3325	0	0.0	0	0.0	0	0.0	1389	41.8
SF3B1	ENST00000335508	25	0		0		0		7	1-2,6,10-11,15,25	4415	0	0.0	0	0.0	0	0.0	1111	25.2
SF3B2	ENST00000322535	22	0		0		0		4	1,3,7,20	3128	0	0.0	0	0.0	0	0.0	501	16.0
SF3B3	ENST00000302516	25	0		0		0		7	4,8,10,12,19,23,25	4154	0	0.0	0	0.0	0	0.0	1075	25.9
SF3B4	ENST00000271628	6	0		0		0		0		1395	0	0.0	0	0.0	0	0.0	0	0.0
SFR1	ENST00000369727	4	0		0		0		2	2-3	818	0	0.0	0	0.0	0	0.0	573	70.0
SFRP4	ENST00000436072	6	0		0		0		2	1,6	1161	0	0.0	0	0.0	0	0.0	671	57.8
SFTPA1	ENST00000398636	4	0		0		0		1	6	827	0	0.0	0	0.0	0	0.0	397	48.0
SFTPA2	ENST00000372325	4	0		0		0		1	4	827	0	0.0	0	0.0	0	0.0	140	16.9
SFTPB	ENST00000519937	10	0		0		0		1	6	1346	0	0.0	0	0.0	0	0.0	110	8.2
SFTPC	ENST00000679463	5	0		0		0		0		676	0	0.0	0	0.0	0	0.0	0	0.0
SFXN4	ENST00000355697	14	0		0		0		4	5-6,10,12	1294	0	0.0	0	0.0	0	0.0	326	25.2
SGCA	ENST00000262018	9	0		0		0		2	7,9	1344	0	0.0	0	0.0	0	0.0	430	32.0
SGCB	ENST00000381431	6	0		0		0		1	4	1077	0	0.0	0	0.0	0	0.0	212	19.7
SGCD	ENST00000337851	8	0		0		0		1	9	1033	0	0.0	0	0.0	0	0.0	194	18.8
SGCE	ENST00000648936	11	0		0		0		3	5-7	1534	0	0.0	0	0.0	0	0.0	634	41.3
SGCG	ENST00000218867	7	0		0		0		0		1016	0	0.0	0	0.0	0	0.0	0	0.0
SGK3	ENST00000521198	16	0		0		0		4	4,10,12,16	1811	0	0.0	0	0.0	0	0.0	412	22.7
SGMS1	ENST00000361781	5	0		0		0		2	7,11	1342	0	0.0	0	0.0	0	0.0	843	62.8
SGMS2	ENST00000690982	5	0		0		0		2	3,7	1198	0	0.0	0	0.0	0	0.0	699	58.3
SGO1	ENST00000412997	7	0		0		1	5	3	3,5,8	1724	0	0.0	0	0.0	79	4.6	428	24.8
SGO2	ENST00000357799	8	0		0		0		5	3-4,6-8	3958	0	0.0	0	0.0	0	0.0	3663	92.5
SGPL1	ENST00000373202	14	0		0		0		2	8,12	1987	0	0.0	0	0.0	0	0.0	368	18.5
SGSH	ENST00000326317	8	0		0		0		2	7-8	1669	0	0.0	0	0.0	0	0.0	804	48.2
SGSM3	ENST00000248929	21	0		0		0		2	5,21	2670	0	0.0	0	0.0	0	0.0	310	11.6
SH2B1	ENST00000684370	8	0		0		0		1	2	2431	0	0.0	0	0.0	0	0.0	122	5.0
SH2B3	ENST00000341259	7	0		0		0		3	2,6,8	1868	0	0.0	0	0.0	0	0.0	1327	71.0
SH2D1A	ENST00000371139	4	0		0		0		4	1-4	467	0	0.0	0	0.0	0	0.0	467	100.0
SH3BGR	ENST00000333634	6	0		0		0		2	2-3	651	0	0.0	0	0.0	0	0.0	307	47.2
SH3BP2	ENST00000503393	12	0		0		0		0		1926	0	0.0	0	0.0	0	0.0	0	0.0
SH3D19	ENST00000604030	20	0		0		0		5	6-7,10-11,16	3544	0	0.0	0	0.0	0	0.0	1789	50.5
SH3GL1	ENST00000269886	10	0		0		0		1	4	1307	0	0.0	0	0.0	0	0.0	164	12.5
SH3GLB1	ENST00000370558	9	0		0		0		3	4-5,8	1278	0	0.0	0	0.0	0	0.0	516	40.4
SH3KBP1	ENST00000397821	18	0		0		6	2,5,7,13,16,18	17	2-18	2358	0	0.0	0	0.0	881	37.4	2334	99.0
SH3PXD2A	ENST00000369774	15	0		0		0		5	3-4,12,14-15	3702	0	0.0	0	0.0	0	0.0	2685	72.5
SH3PXD2B	ENST00000311601	13	0		0		0		5	2,9-10,12-13	2996	0	0.0	0	0.0	0	0.0	2200	73.4
SH3RF1	ENST00000284637	11	0		0		0		7	2-5,9-11	2887	0	0.0	0	0.0	0	0.0	2189	75.8
SH3TC2	ENST00000515425	17	0		0		0		5	11-13,15,17	4207	0	0.0	0	0.0	0	0.0	2470	58.7
SHANK1	ENST00000293441	23	0		0		0		3	2,23-24	6946	0	0.0	0	0.0	0	0.0	4127	59.4
SHANK2	ENST00000601538	24	0		0		0		10	3-4,11-15,22,25-26	6030	0	0.0	0	0.0	0	0.0	4466	74.1
SHANK3	NM_001372044.2	24	2	12-13	2	12-13	2	12-13	7	10,12-14,18,23-24	5862	197	3.4	197	3.4	197	3.4	3457	59.0
SHARPIN	ENST00000398712	8	0		0		0		1	2	1324	0	0.0	0	0.0	0	0.0	195	14.7
SHH	ENST00000297261	3	0		0		0		3	1-3	1449	0	0.0	0	0.0	0	0.0	1449	100.0
SHMT2	ENST00000328923	12	0		0		0		1	7	1755	0	0.0	0	0.0	0	0.0	160	9.1
SHOC1	ENST00000682961	27	0		0		0		16	3,5-7,9,11,13-20,25,27	5067	0	0.0	0	0.0	0	0.0	3511	69.3
SHOC2	ENST00000369452	8	0		0		0		4	2,4-6	1909	0	0.0	0	0.0	0	0.0	1226	64.2
SHOX	ENST00000686671	5	0		0		0		2	1,5	979	0	0.0	0	0.0	0	0.0	563	57.5
SHOX2	ENST00000483851	5	0		0		0		2	4-5	1060	0	0.0	0	0.0	0	0.0	387	36.5
SHPK	ENST00000225519	7	0		0		0		4	2-4,7	1577	0	0.0	0	0.0	0	0.0	972	61.6
SHQ1	ENST00000325599	11	0		0		0		2	1,7	1954	0	0.0	0	0.0	0	0.0	338	17.3
SHROOM3	ENST00000296043	11	0		0		0		4	2,5,7,11	6211	0	0.0	0	0.0	0	0.0	4652	74.9
SHROOM4	ENST00000376020	9	0		0		3	4-5,9	9	1-9	4662	0	0.0	0	0.0	2883	61.8	4662	100.0
SI	ENST00000264382	47	0		0		1	7	19	2,5-8,12,14-15,24,26-28,30-31,33,39,42,46,48	6424	0	0.0	0	0.0	192	3.0	2646	41.2
SIAE	ENST00000263593	10	0		0		0		0		1772	0	0.0	0	0.0	0	0.0	0	0.0
SIAH1	ENST00000394725	1	0		0		0		1	2	869	0	0.0	0	0.0	0	0.0	869	100.0
SIDT1	ENST00000264852	25	0		0		0		7	1,3,8,10,15,20,23	2984	0	0.0	0	0.0	0	0.0	911	30.5
SIGMAR1	ENST00000277010	4	0		0		0		1	4	752	0	0.0	0	0.0	0	0.0	247	32.8
SIK1	ENST00000270162	13	0		0		0		3	2-3,13	2612	0	0.0	0	0.0	0	0.0	565	21.6
SIK3	ENST00000445177	24	0		0		0		4	10,20-21,23	4590	0	0.0	0	0.0	0	0.0	1521	33.1
SIL1	ENST00000394817	9	0		0		0		3	2-3,10	1566	0	0.0	0	0.0	0	0.0	661	42.2
SIM1	ENST00000369208	11	0		0		0		5	2,6-7,9,12	2521	0	0.0	0	0.0	0	0.0	1440	57.1
SIN3A	ENST00000394947	20	0		0		0		6	5-6,10,13,16,21	4222	0	0.0	0	0.0	0	0.0	1414	33.5
SIN3B	ENST00000248054	19	0		0		0		12	1-2,5,8-15,18	3773	0	0.0	0	0.0	0	0.0	2646	70.1
SIPA1L3	ENST00000222345	20	0		0		0		10	3-5,7,9-10,14,16-17,22	5746	0	0.0	0	0.0	0	0.0	3661	63.7
SIRPG	ENST00000303415	5	0		0		0		2	3-4	1264	0	0.0	0	0.0	0	0.0	691	54.7
SIRT1	ENST00000212015	9	0		0		0		4	1-2,6,9	2424	0	0.0	0	0.0	0	0.0	1036	42.7
SIRT3	ENST00000382743	7	0		0		0		1	1	1340	0	0.0	0	0.0	0	0.0	301	22.5
SIX1	ENST00000645694	2	0		0		0		1	1	895	0	0.0	0	0.0	0	0.0	580	64.8
SIX2	ENST00000303077	2	0		0		0		2	1-2	916	0	0.0	0	0.0	0	0.0	916	100.0
SIX3	ENST00000260653	2	0		0		0		1	1	1039	0	0.0	0	0.0	0	0.0	826	79.5
SIX5	ENST00000317578	3	0		0		0		2	1-2	2280	0	0.0	0	0.0	0	0.0	1649	72.3
SIX6	ENST00000327720	2	0		0		0		1	1	781	0	0.0	0	0.0	0	0.0	592	75.8
SKI	ENST00000378536	7	0		0		0		3	1,6-7	2327	0	0.0	0	0.0	0	0.0	1449	62.3
SKIC2	ENST00000375394	28	0		0		0		5	8-9,17,24,28	4301	0	0.0	0	0.0	0	0.0	943	21.9
SKIC3	ENST00000358746	40	0		0		0		14	5-6,9,16,20,22-23,27,29,31,34,37-38,41	5495	0	0.0	0	0.0	0	0.0	1818	33.1
SKOR2	ENST00000425639	7	0		0		0		5	2,4-7	3188	0	0.0	0	0.0	0	0.0	3021	94.8
SLA	ENST00000338087	7	0		0		0		0		971	0	0.0	0	0.0	0	0.0	0	0.0
SLC10A1	ENST00000216540	5	0		0		0		1	5	1150	0	0.0	0	0.0	0	0.0	127	11.0
SLC10A2	ENST00000245312	6	0		0		0		2	1,6	1167	0	0.0	0	0.0	0	0.0	545	46.7
SLC10A7	ENST00000335472	12	0		0		0		4	2,4-5,12	1263	0	0.0	0	0.0	0	0.0	308	24.4
SLC11A1	ENST00000233202	15	0		0		0		4	2-3,6,9	1953	0	0.0	0	0.0	0	0.0	576	29.5
SLC11A2	ENST00000262052	15	0		0		0		1	10	1986	0	0.0	0	0.0	0	0.0	179	9.0
SLC12A1	ENST00000380993	26	0		0		0		11	2,4-5,7-8,12,15,18,24,26-27	3820	0	0.0	0	0.0	0	0.0	1731	45.3
SLC12A2	ENST00000262461	27	0		0		0		6	1,6-8,13,17	4179	0	0.0	0	0.0	0	0.0	1467	35.1
SLC12A3	ENST00000563236	26	0		0		0		8	3,5,8,10,14,19,21-22	3586	0	0.0	0	0.0	0	0.0	1115	31.1
SLC12A5	ENST00000243964	26	0		0		0		5	6,12,19,23,25	3871	0	0.0	0	0.0	0	0.0	910	23.5
SLC12A6	ENST00000354181	25	0		0		0		4	11,14,18,24	3953	0	0.0	0	0.0	0	0.0	704	17.8
SLC12A7	ENST00000264930	24	0		0		0		4	2,6-7,10	3732	0	0.0	0	0.0	0	0.0	647	17.3
SLC12A9	ENST00000354161	13	0		0		0		2	5,14	3005	0	0.0	0	0.0	0	0.0	1236	41.1
SLC13A1	ENST00000194130	15	0		0		0		9	2,4-7,11-13,15	2088	0	0.0	0	0.0	0	0.0	1273	61.0
SLC13A3	ENST00000279027	13	0		0		0		3	3,9-10	2069	0	0.0	0	0.0	0	0.0	435	21.0
SLC13A5	ENST00000433363	12	0		0		0		4	5-7,12	1947	0	0.0	0	0.0	0	0.0	720	37.0
SLC14A1	ENST00000321925	8	0		0		0		3	4,8,10	1330	0	0.0	0	0.0	0	0.0	559	42.0
SLC15A3	ENST00000227880	8	0		0		0		1	2	1906	0	0.0	0	0.0	0	0.0	310	16.3
SLC16A1	ENST00000369626	4	0		0		0		2	2,4	1583	0	0.0	0	0.0	0	0.0	1124	71.0
SLC16A12	ENST00000371790	6	0		0		0		2	6,8	1671	0	0.0	0	0.0	0	0.0	883	52.8
SLC16A2	ENST00000587091	6	0		0		2	3,5	6	1-6	1740	0	0.0	0	0.0	720	41.4	1740	100.0
SLC16A4	ENST00000369779	8	0		0		0		2	5-6	1624	0	0.0	0	0.0	0	0.0	706	43.5
SLC16A7	ENST00000547379	4	0		0		0		1	5	1517	0	0.0	0	0.0	0	0.0	839	55.3
SLC17A2	ENST00000377850	11	0		0		0		5	4,6,8-9,11	1657	0	0.0	0	0.0	0	0.0	807	48.7
SLC17A3	ENST00000397060	11	0		0		0		3	3-4,11	1717	0	0.0	0	0.0	0	0.0	597	34.8
SLC17A5	ENST00000355773	11	0		0		0		4	1,4,6,8	1708	0	0.0	0	0.0	0	0.0	514	30.1
SLC17A8	ENST00000323346	12	0		0		0		3	1,3,8	2010	0	0.0	0	0.0	0	0.0	430	21.4
SLC17A9	ENST00000370351	13	0		0		0		3	8,10-11	1571	0	0.0	0	0.0	0	0.0	320	20.4
SLC18A2	ENST00000644641	15	0		0		0		2	13,15	1845	0	0.0	0	0.0	0	0.0	238	12.9
SLC18A3	ENST00000374115	1	0		0		0		1	1	1619	0	0.0	0	0.0	0	0.0	1619	100.0
SLC19A1	ENST00000311124	5	0		0		0		2	2,6	1876	0	0.0	0	0.0	0	0.0	712	38.0
SLC19A2	ENST00000236137	6	0		0		0		2	1-2	1614	0	0.0	0	0.0	0	0.0	847	52.5
SLC19A3	ENST00000644224	5	0		0		0		3	3,5-6	1591	0	0.0	0	0.0	0	0.0	1208	75.9
SLC1A1	ENST00000262352	12	0		0		0		2	9,12	1815	0	0.0	0	0.0	0	0.0	410	22.6
SLC1A2	ENST00000278379	11	0		0		0		3	2,4,7	1945	0	0.0	0	0.0	0	0.0	685	35.2
SLC1A3	ENST00000265113	9	0		0		0		3	2,9-10	1809	0	0.0	0	0.0	0	0.0	581	32.1
SLC1A4	ENST00000234256	8	0		0		0		5	1,4-6,8	1759	0	0.0	0	0.0	0	0.0	1458	82.9
SLC1A5	ENST00000542575	8	0		0		0		6	1-2,5-8	1786	0	0.0	0	0.0	0	0.0	1531	85.7
SLC1A7	ENST00000371494	11	0		0		0		6	1,3-5,8,11	1903	0	0.0	0	0.0	0	0.0	1151	60.5
SLC20A1	ENST00000272542	10	0		0		0		3	2,6,8	2240	0	0.0	0	0.0	0	0.0	1073	47.9
SLC20A2	ENST00000520262	10	0		0		0		6	2,4,6-8,11	2159	0	0.0	0	0.0	0	0.0	1570	72.7
SLC22A1	ENST00000366963	11	0		0		0		1	1	1885	0	0.0	0	0.0	0	0.0	431	22.9
SLC22A12	ENST00000377574	10	0		0		0		2	1,7	1862	0	0.0	0	0.0	0	0.0	657	35.3
SLC22A4	ENST00000200652	10	0		0		0		7	1-4,7-8,10	1856	0	0.0	0	0.0	0	0.0	1438	77.5
SLC22A5	ENST00000245407	10	0		0		0		5	1,3,5,9-10	1874	0	0.0	0	0.0	0	0.0	999	53.3
SLC22A7	ENST00000372585	11	0		0		0		3	1,4,10	1867	0	0.0	0	0.0	0	0.0	815	43.7
SLC23A1	ENST00000348729	14	0		0		0		2	10,12	2077	0	0.0	0	0.0	0	0.0	290	14.0
SLC23A2	ENST00000338244	15	0		0		0		4	5,7,11,15	2253	0	0.0	0	0.0	0	0.0	581	25.8
SLC23A3	ENST00000409878	12	0		0		0		1	8	2073	0	0.0	0	0.0	0	0.0	274	13.2
SLC24A1	ENST00000261892	9	0		0		0		1	2	3480	0	0.0	0	0.0	0	0.0	1910	54.9
SLC24A4	ENST00000532405	17	0		0		0		7	1,9,11-12,15-17	2209	0	0.0	0	0.0	0	0.0	1031	46.7
SLC24A5	ENST00000341459	9	0		0		0		4	1-2,7-8	1683	0	0.0	0	0.0	0	0.0	690	41.0
SLC25A1	ENST00000215882	9	0		0		0		3	2,4-5	1116	0	0.0	0	0.0	0	0.0	392	35.1
SLC25A10	ENST00000350690	11	0		0		0		2	2,10	1084	0	0.0	0	0.0	0	0.0	217	20.0
SLC25A11	ENST00000225665	8	0		0		0		2	1-2	1105	0	0.0	0	0.0	0	0.0	288	26.1
SLC25A12	ENST00000422440	18	0		0		0		5	1,4,15,17-18	2397	0	0.0	0	0.0	0	0.0	660	27.5
SLC25A13	ENST00000265631	18	0		0		0		2	2,18	2388	0	0.0	0	0.0	0	0.0	281	11.8
SLC25A15	ENST00000338625	6	0		0		0		2	2,5	1026	0	0.0	0	0.0	0	0.0	265	25.8
SLC25A19	ENST00000416858	6	0		0		0		2	6-7	1083	0	0.0	0	0.0	0	0.0	355	32.8
SLC25A2	ENST00000239451	1	0		0		0		1	1	926	0	0.0	0	0.0	0	0.0	926	100.0
SLC25A20	ENST00000319017	9	0		0		0		0		1086	0	0.0	0	0.0	0	0.0	0	0.0
SLC25A21	ENST00000331299	10	0		0		0		4	6-9	1100	0	0.0	0	0.0	0	0.0	588	53.5
SLC25A22	ENST00000628067	9	0		0		0		0		1152	0	0.0	0	0.0	0	0.0	0	0.0
SLC25A24	ENST00000565488	10	0		0		0		3	6-7,9	1634	0	0.0	0	0.0	0	0.0	472	28.9
SLC25A26	ENST00000354883	10	0		0		0		3	1,3-4	1025	0	0.0	0	0.0	0	0.0	308	30.0
SLC25A3	ENST00000228318	7	0		0		0		0		1229	0	0.0	0	0.0	0	0.0	0	0.0
SLC25A3	ENST00000552981	7	0		0		0		2	2,7	1226	0	0.0	0	0.0	0	0.0	308	25.1
SLC25A32	ENST00000297578	7	0		0		0		2	1,5	1088	0	0.0	0	0.0	0	0.0	308	28.3
SLC25A36	ENST00000324194	7	0		0		0		1	6	1076	0	0.0	0	0.0	0	0.0	310	28.8
SLC25A38	ENST00000650617	7	0		0		0		1	5	1055	0	0.0	0	0.0	0	0.0	189	17.9
SLC25A39	ENST00000377095	11	0		0		0		1	5	1300	0	0.0	0	0.0	0	0.0	154	11.8
SLC25A4	ENST00000281456	4	0		0		0		4	1-4	977	0	0.0	0	0.0	0	0.0	977	100.0
SLC25A40	ENST00000341119	10	0		0		0		4	6-7,9-10	1217	0	0.0	0	0.0	0	0.0	465	38.2
SLC25A42	ENST00000318596	7	0		0		0		2	6,8	1097	0	0.0	0	0.0	0	0.0	465	42.4
SLC25A46	ENST00000355943	8	0		0		0		3	2,4,6	1417	0	0.0	0	0.0	0	0.0	238	16.8
SLC25A5	ENST00000317881	4	0		0		2	1-2	4	1-4	977	0	0.0	0	0.0	638	65.3	977	100.0
SLC26A1	ENST00000398516	2	0		0		0		0		2146	0	0.0	0	0.0	0	0.0	0	0.0
SLC26A2	ENST00000286298	2	0		0		0		2	2-3	2260	0	0.0	0	0.0	0	0.0	2260	100.0
SLC26A3	ENST00000340010	20	0		0		0		6	5,11-12,16,19,21	2695	0	0.0	0	0.0	0	0.0	745	27.6
SLC26A4	ENST00000644269	20	0		0		0		7	5,7,12-14,16,19	2743	0	0.0	0	0.0	0	0.0	993	36.2
SLC26A5	ENST00000306312	18	0		0		0		2	10,20	2595	0	0.0	0	0.0	0	0.0	382	14.7
SLC26A6	ENST00000395550	21	0		0		0		0		2700	0	0.0	0	0.0	0	0.0	0	0.0
SLC26A7	ENST00000276609	18	0		0		0		6	3,12-14,17-18	2331	0	0.0	0	0.0	0	0.0	702	30.1
SLC26A8	ENST00000490799	19	0		0		0		5	5-6,11,17,20	3293	0	0.0	0	0.0	0	0.0	1335	40.5
SLC26A9	ENST00000367135	20	0		0		0		4	9,14-15,17	2776	0	0.0	0	0.0	0	0.0	673	24.2
SLC27A4	ENST00000300456	12	0		0		0		6	2-5,7-8	2172	0	0.0	0	0.0	0	0.0	1225	56.4
SLC27A5	ENST00000263093	10	0		0		0		3	4-6	2273	0	0.0	0	0.0	0	0.0	471	20.7
SLC28A1	ENST00000394573	17	0		0		0		6	3,5,12,14-15,17	2290	0	0.0	0	0.0	0	0.0	900	39.3
SLC29A1	ENST00000371755	12	0		0		0		1	12	1611	0	0.0	0	0.0	0	0.0	220	13.7
SLC29A3	ENST00000373189	6	0		0		0		2	2,4	1548	0	0.0	0	0.0	0	0.0	566	36.6
SLC2A1	ENST00000426263	10	0		0		0		3	4,9-10	1679	0	0.0	0	0.0	0	0.0	706	42.0
SLC2A10	ENST00000359271	5	0		0		0		1	2	1726	0	0.0	0	0.0	0	0.0	1304	75.6
SLC2A12	ENST00000275230	5	0		0		0		2	2-3	1954	0	0.0	0	0.0	0	0.0	1504	77.0
SLC2A2	ENST00000314251	11	0		0		0		4	6,8-9,11	1795	0	0.0	0	0.0	0	0.0	651	36.3
SLC2A3	ENST00000075120	10	0		0		0		4	1,3,7,9	1691	0	0.0	0	0.0	0	0.0	565	33.4
SLC2A6	ENST00000371899	10	0		0		0		3	2,5-6	1724	0	0.0	0	0.0	0	0.0	588	34.1
SLC2A9	ENST00000264784	12	0		0		0		3	4,6-7	1863	0	0.0	0	0.0	0	0.0	506	27.2
SLC30A10	ENST00000366926	4	0		0		0		4	1-4	1538	0	0.0	0	0.0	0	0.0	1538	100.0
SLC30A2	ENST00000374276	8	0		0		0		0		1279	0	0.0	0	0.0	0	0.0	0	0.0
SLC30A3	ENST00000233535	8	0		0		0		1	7	1327	0	0.0	0	0.0	0	0.0	155	11.7
SLC30A5	ENST00000396591	16	0		0		0		8	1,4-6,9-10,12,16	2618	0	0.0	0	0.0	0	0.0	1304	49.8
SLC30A7	ENST00000357650	11	0		0		0		5	1-2,4,6,10	1351	0	0.0	0	0.0	0	0.0	664	49.1
SLC30A8	ENST00000456015	8	0		0		0		2	3,8	1270	0	0.0	0	0.0	0	0.0	333	26.2
SLC30A9	ENST00000264451	18	0		0		0		5	1,5,9,12,17	2067	0	0.0	0	0.0	0	0.0	559	27.0
SLC31A1	ENST00000374212	4	0		0		0		1	5	653	0	0.0	0	0.0	0	0.0	222	34.0
SLC32A1	ENST00000217420	2	0		0		0		2	1-2	1618	0	0.0	0	0.0	0	0.0	1618	100.0
SLC33A1	ENST00000643144	6	0		0		0		3	1-3	1770	0	0.0	0	0.0	0	0.0	1208	68.2
SLC34A1	ENST00000324417	12	0		0		0		4	4-5,11,13	2160	0	0.0	0	0.0	0	0.0	974	45.1
SLC34A2	ENST00000382051	12	0		0		0		5	2,6-7,12-13	2313	0	0.0	0	0.0	0	0.0	1260	54.5
SLC34A3	ENST00000673835	12	0		0		0		1	6	2040	0	0.0	0	0.0	0	0.0	132	6.5
SLC35A1	ENST00000369552	8	0		0		0		2	6-7	1174	0	0.0	0	0.0	0	0.0	352	30.0
SLC35A2	ENST00000247138	5	0		0		0		4	1-4	1291	0	0.0	0	0.0	0	0.0	1243	96.3
SLC35A3	ENST00000533028	7	0		0		0		2	4,6	1118	0	0.0	0	0.0	0	0.0	282	25.2
SLC35B2	ENST00000393812	4	0		0		0		0		1379	0	0.0	0	0.0	0	0.0	0	0.0
SLC35C1	ENST00000314134	2	0		0		0		2	1-2	1135	0	0.0	0	0.0	0	0.0	1135	100.0
SLC35D1	ENST00000235345	12	0		0		0		1	1	1308	0	0.0	0	0.0	0	0.0	223	17.0
SLC35E4	ENST00000343605	2	0		0		0		2	1-2	1093	0	0.0	0	0.0	0	0.0	1093	100.0
SLC35F1	ENST00000360388	8	0		0		0		2	4,8	1387	0	0.0	0	0.0	0	0.0	425	30.6
SLC35F5	ENST00000245680	15	0		0		0		6	1-2,4,6-7,11	1872	0	0.0	0	0.0	0	0.0	770	41.1
SLC35G2	ENST00000446465	1	0		0		0		1	2	1259	0	0.0	0	0.0	0	0.0	1259	100.0
SLC36A2	ENST00000335244	10	0		0		0		3	1-2,6	1652	0	0.0	0	0.0	0	0.0	534	32.3
SLC37A2	ENST00000403796	18	0		0		0		2	4,7	1866	0	0.0	0	0.0	0	0.0	286	15.3
SLC37A3	ENST00000326232	14	0		0		0		1	6	1765	0	0.0	0	0.0	0	0.0	166	9.4
SLC37A4	NM_001164277.2	9	0		0		0		1	8	1470	0	0.0	0	0.0	0	0.0	253	17.2
SLC38A1	ENST00000398637	15	0		0		0		3	8-9,13	1764	0	0.0	0	0.0	0	0.0	326	18.5
SLC38A10	ENST00000374759	16	0		0		0		4	9,13,15-16	3680	0	0.0	0	0.0	0	0.0	1976	53.7
SLC38A12	ENST00000335464	9	0		0		0		2	3,10	1671	0	0.0	0	0.0	0	0.0	923	55.2
SLC38A3	ENST00000614032	15	0		0		0		0		1815	0	0.0	0	0.0	0	0.0	0	0.0
SLC38A8	ENST00000299709	10	0		0		0		3	3,9-10	1508	0	0.0	0	0.0	0	0.0	520	34.5
SLC39A12	ENST00000377369	12	0		0		0		4	2,5,10,12	2316	0	0.0	0	0.0	0	0.0	769	33.2
SLC39A13	ENST00000362021	9	0		0		0		1	2	1296	0	0.0	0	0.0	0	0.0	321	24.8
SLC39A14	ENST00000359741	8	0		0		0		0		1639	0	0.0	0	0.0	0	0.0	0	0.0
SLC39A14	ENST00000381237	8	0		0		0		4	3-4,6-7	1639	0	0.0	0	0.0	0	0.0	834	50.9
SLC39A4	ENST00000301305	12	0		0		0		2	1,12	2184	0	0.0	0	0.0	0	0.0	361	16.5
SLC39A5	ENST00000454355	10	0		0		0		2	9,11	1823	0	0.0	0	0.0	0	0.0	218	12.0
SLC39A7	ENST00000374677	7	0		0		0		1	1	1550	0	0.0	0	0.0	0	0.0	431	27.8
SLC39A8	ENST00000356736	8	0		0		0		2	8-9	1543	0	0.0	0	0.0	0	0.0	375	24.3
SLC3A1	ENST00000260649	10	0		0		0		6	1-5,10	2258	0	0.0	0	0.0	0	0.0	1572	69.6
SLC3A2	ENST00000338663	9	0		0		0		2	1,7	1770	0	0.0	0	0.0	0	0.0	608	34.4
SLC40A1	ENST00000261024	8	0		0		0		4	1,3,7-8	1876	0	0.0	0	0.0	0	0.0	1239	66.0
SLC41A1	ENST00000367137	10	0		0		0		3	2,5,10	1742	0	0.0	0	0.0	0	0.0	726	41.7
SLC44A1	ENST00000374720	16	0		0		0		7	1,7,9,11-12,14-15	2294	0	0.0	0	0.0	0	0.0	1012	44.1
SLC44A2	ENST00000335757	22	0		0		0		3	8,12,16	2561	0	0.0	0	0.0	0	0.0	379	14.8
SLC44A4	ENST00000229729	21	0		0		0		4	6,10,14,21	2553	0	0.0	0	0.0	0	0.0	818	32.0
SLC45A1	ENST00000471889	8	0		0		0		6	2,4-7,9	2407	0	0.0	0	0.0	0	0.0	2068	85.9
SLC45A2	ENST00000296589	7	0		0		0		2	1,4	1733	0	0.0	0	0.0	0	0.0	569	32.8
SLC46A1	ENST00000612814	5	0		0		0		1	2	1480	0	0.0	0	0.0	0	0.0	873	59.0
SLC49A4	ENST00000261038	9	0		0		0		3	1,3-4	1617	0	0.0	0	0.0	0	0.0	799	49.4
SLC4A1	ENST00000262418	19	0		0		0		1	19	3116	0	0.0	0	0.0	0	0.0	194	6.2
SLC4A10	ENST00000446997	26	0		0		0		5	4,12,15-16,23	3877	0	0.0	0	0.0	0	0.0	815	21.0
SLC4A11	ENST00000642402	20	0		0		0		6	5,8,12-13,16,18	3028	0	0.0	0	0.0	0	0.0	1143	37.7
SLC4A2	ENST00000413384	22	0		0		0		4	8,10,16,19	4166	0	0.0	0	0.0	0	0.0	789	18.9
SLC4A3	ENST00000358055	22	0		0		0		3	3,21-22	4139	0	0.0	0	0.0	0	0.0	570	13.8
SLC4A4	ENST00000264485	24	0		0		0		0		3720	0	0.0	0	0.0	0	0.0	0	0.0
SLC4A4	ENST00000340595	22	0		0		0		8	1,3,5-7,15,17,19	3548	0	0.0	0	0.0	0	0.0	1407	39.7
SLC4A5	ENST00000394019	25	0		0		0		13	6-7,9-10,13,15-16,18,21,24-25,27-28	3866	0	0.0	0	0.0	0	0.0	2285	59.1
SLC4A7	ENST00000454389	26	0		0		0		4	8,11,17,20	4300	0	0.0	0	0.0	0	0.0	757	17.6
SLC4A8	ENST00000453097	25	0		0		0		7	5-6,8,16,21-23	3782	0	0.0	0	0.0	0	0.0	1214	32.1
SLC51A	ENST00000296327	9	0		0		0		1	6	1203	0	0.0	0	0.0	0	0.0	132	11.0
SLC51B	ENST00000334287	3	0		0		0		0		447	0	0.0	0	0.0	0	0.0	0	0.0
SLC52A1	ENST00000254853	4	0		0		0		2	4-5	1427	0	0.0	0	0.0	0	0.0	377	26.4
SLC52A2	ENST00000643944	4	0		0		0		0		1418	0	0.0	0	0.0	0	0.0	0	0.0
SLC52A3	ENST00000645534	4	0		0		0		3	2-3,5	1490	0	0.0	0	0.0	0	0.0	1346	90.3
SLC5A1	ENST00000266088	15	0		0		0		2	4,12	2295	0	0.0	0	0.0	0	0.0	269	11.7
SLC5A12	ENST00000396005	15	0		0		0		4	1,6,9,15	2157	0	0.0	0	0.0	0	0.0	823	38.2
SLC5A2	ENST00000330498	14	0		0		0		6	1,7,10-11,13-14	2299	0	0.0	0	0.0	0	0.0	1150	50.0
SLC5A3	ENST00000381151	1	0		0		0		1	2	2177	0	0.0	0	0.0	0	0.0	2177	100.0
SLC5A5	ENST00000222248	15	0		0		0		4	6,13-15	2232	0	0.0	0	0.0	0	0.0	627	28.1
SLC5A6	ENST00000310574	15	0		0		0		3	3,14,16	2208	0	0.0	0	0.0	0	0.0	751	34.0
SLC5A7	ENST00000264047	8	0		0		1	8	3	2,4,8	1903	0	0.0	0	0.0	238	12.5	612	32.2
SLC5A8	ENST00000536262	15	0		0		0		7	1-3,8,11-12,14	2133	0	0.0	0	0.0	0	0.0	1071	50.2
SLC66A1	ENST00000375153	7	0		0		0		1	2	1016	0	0.0	0	0.0	0	0.0	184	18.1
SLC67A1	ENST00000649076	10	0		0		0		0		1475	0	0.0	0	0.0	0	0.0	0	0.0
SLC6A1	ENST00000287766	14	0		0		0		4	3,6-7,12	2080	0	0.0	0	0.0	0	0.0	693	33.3
SLC6A11	ENST00000254488	14	0		0		0		5	1,5,9-10,14	2179	0	0.0	0	0.0	0	0.0	893	41.0
SLC6A12	ENST00000684302	14	0		0		0		2	12,16	2125	0	0.0	0	0.0	0	0.0	322	15.2
SLC6A14	ENST00000598581	14	0		0		4	1,4,8,11	14	1-14	2209	0	0.0	0	0.0	619	28.0	2209	100.0
SLC6A17	ENST00000331565	11	0		0		0		4	2,7-8,12	2404	0	0.0	0	0.0	0	0.0	1170	48.7
SLC6A19	ENST00000304460	12	0		0		0		2	7-8	2145	0	0.0	0	0.0	0	0.0	326	15.2
SLC6A2	ENST00000568943	14	0		0		0		5	2,4-5,7,10	2134	0	0.0	0	0.0	0	0.0	984	46.1
SLC6A20	ENST00000358525	11	0		0		0		6	1,6-8,10-11	1999	0	0.0	0	0.0	0	0.0	1167	58.4
SLC6A3	ENST00000270349	14	0		0		0		5	2-4,8,12	2143	0	0.0	0	0.0	0	0.0	979	45.7
SLC6A4	ENST00000650711	13	0		0		0		6	3,5-6,8-9,14	2153	0	0.0	0	0.0	0	0.0	1222	56.8
SLC6A5	ENST00000525748	16	0		0		0		5	2,6,8,10,16	2714	0	0.0	0	0.0	0	0.0	1195	44.0
SLC6A6	ENST00000622186	13	0		0		0		5	3,5,7-8,11	2123	0	0.0	0	0.0	0	0.0	941	44.3
SLC6A8	ENST00000253122	13	0		0		0		13	1-13	2168	0	0.0	0	0.0	0	0.0	2168	100.0
SLC6A9	ENST00000372310	13	0		0		0		1	6	2162	0	0.0	0	0.0	0	0.0	153	7.1
SLC7A11	ENST00000280612	12	0		0		0		7	1,3,5-7,11-12	1746	0	0.0	0	0.0	0	0.0	1042	59.7
SLC7A13	ENST00000297524	4	0		0		0		3	1-3	1493	0	0.0	0	0.0	0	0.0	1239	83.0
SLC7A14	ENST00000231706	7	0		0		0		2	7-8	2456	0	0.0	0	0.0	0	0.0	1241	50.5
SLC7A3	ENST00000374299	11	0		0		2	6,11	11	2-12	2080	0	0.0	0	0.0	372	17.9	2080	100.0
SLC7A4	ENST00000382932	4	0		0		0		2	2-3	1988	0	0.0	0	0.0	0	0.0	1663	83.7
SLC7A5	ENST00000261622	10	0		0		0		3	1,3,5	1724	0	0.0	0	0.0	0	0.0	828	48.0
SLC7A6OS	ENST00000263997	5	0		0		0		1	3	1030	0	0.0	0	0.0	0	0.0	227	22.0
SLC7A7	ENST00000674313	9	0		0		0		2	2-3	1716	0	0.0	0	0.0	0	0.0	665	38.8
SLC7A8	ENST00000316902	11	0		0		0		5	3-4,6-7,10	1828	0	0.0	0	0.0	0	0.0	784	42.9
SLC7A9	ENST00000023064	12	0		0		0		7	3-4,6,8-9,12-13	1704	0	0.0	0	0.0	0	0.0	1099	64.5
SLC8A1	ENST00000332839	10	0		0		0		5	2-3,7,10-11	3122	0	0.0	0	0.0	0	0.0	2737	87.7
SLC9A1	ENST00000263980	12	0		0		0		6	1-3,5,8-9	2688	0	0.0	0	0.0	0	0.0	1676	62.4
SLC9A3	ENST00000264938	17	0		0		0		6	2,6-9,14	2845	0	0.0	0	0.0	0	0.0	1081	38.0
SLC9A4	ENST00000295269	12	0		0		0		4	2,4,6,10	2637	0	0.0	0	0.0	0	0.0	981	37.2
SLC9A6	ENST00000630721	17	0		0		2	9,12	15	2-4,6-13,15-18	2380	0	0.0	0	0.0	258	10.8	2173	91.3
SLC9A7	ENST00000616978	17	0		0		3	1,3,7	17	1-17	2521	0	0.0	0	0.0	605	24.0	2521	100.0
SLC9A9	ENST00000316549	16	0		0		0		3	3,8,16	2258	0	0.0	0	0.0	0	0.0	472	20.9
SLC9D1	ENST00000434316	12	0		0		0		4	2,9-10,13	2274	0	0.0	0	0.0	0	0.0	985	43.3
SLCO1B1	ENST00000256958	14	0		0		0		7	3-5,8,10,12,14	2356	0	0.0	0	0.0	0	0.0	1279	54.3
SLCO1B3	ENST00000381545	14	0		0		0		5	4-6,9,15	2389	0	0.0	0	0.0	0	0.0	858	35.9
SLCO1C1	ENST00000266509	14	0		0		0		5	6,8-9,12,15	2419	0	0.0	0	0.0	0	0.0	1066	44.1
SLCO2A1	ENST00000310926	14	0		0		0		5	2-4,8,11	2212	0	0.0	0	0.0	0	0.0	958	43.3
SLCO4C1	ENST00000310954	13	0		0		0		4	1,3,6-7	2435	0	0.0	0	0.0	0	0.0	870	35.7
SLF2	ENST00000238961	20	0		0		0		5	1,3,6,8-9	3922	0	0.0	0	0.0	0	0.0	1313	33.5
SLFN14	ENST00000674182	4	0		0		0		4	3-6	2819	0	0.0	0	0.0	0	0.0	2819	100.0
SLIRP	ENST00000557342	4	0		0		0		3	1,3-4	410	0	0.0	0	0.0	0	0.0	331	80.7
SLIT2	ENST00000504154	37	0		0		0		12	1-3,5-6,14,18,20,22,31-32,35	5330	0	0.0	0	0.0	0	0.0	1919	36.0
SLIT3	ENST00000519560	36	0		0		0		8	9,13,15-18,32,36	5292	0	0.0	0	0.0	0	0.0	1327	25.1
SLITRK1	ENST00000674365	1	0		0		0		1	2	2111	0	0.0	0	0.0	0	0.0	2111	100.0
SLITRK2	ENST00000335565	1	0		0		1	5	1	5	2558	0	0.0	0	0.0	2558	100.0	2558	100.0
SLITRK3	ENST00000475390	1	0		0		0		1	2	2954	0	0.0	0	0.0	0	0.0	2954	100.0
SLITRK6	ENST00000647374	1	0		0		0		1	2	2546	0	0.0	0	0.0	0	0.0	2546	100.0
SLK	ENST00000369755	19	0		0		0		6	9-10,14-17	4088	0	0.0	0	0.0	0	0.0	2177	53.3
SLMAP	ENST00000671191	23	0		0		0		6	2,9,16,19-20,24	2989	0	0.0	0	0.0	0	0.0	1020	34.1
SLPI	ENST00000338380	4	0		0		0		2	2-3	479	0	0.0	0	0.0	0	0.0	349	72.9
SLTM	ENST00000380516	21	0		0		0		7	1,3,6,11,14,17,21	3525	0	0.0	0	0.0	0	0.0	943	26.8
SLURP1	ENST00000246515	3	0		0		0		0		372	0	0.0	0	0.0	0	0.0	0	0.0
SLX4	ENST00000294008	14	0		0		0		10	2,4,6-9,12-15	5785	0	0.0	0	0.0	0	0.0	4953	85.6
SMAD1	ENST00000302085	6	0		0		0		2	3,6	1518	0	0.0	0	0.0	0	0.0	555	36.6
SMAD2	ENST00000262160	10	0		0		0		1	5	1604	0	0.0	0	0.0	0	0.0	155	9.7
SMAD3	ENST00000327367	9	0		0		0		4	1,4,7-8	1458	0	0.0	0	0.0	0	0.0	644	44.2
SMAD4	ENST00000342988	11	0		0		0		1	11	1879	0	0.0	0	0.0	0	0.0	159	8.5
SMAD5	ENST00000545279	6	0		0		0		2	3,7	1518	0	0.0	0	0.0	0	0.0	700	46.1
SMAD6	ENST00000288840	4	0		0		0		2	1,4	1571	0	0.0	0	0.0	0	0.0	1396	88.9
SMAD7	ENST00000262158	4	0		0		0		2	1,4	1361	0	0.0	0	0.0	0	0.0	1192	87.6
SMAD9	ENST00000379826	6	0		0		0		5	2-3,5-7	1524	0	0.0	0	0.0	0	0.0	1393	91.4
SMARCA1	ENST00000371121	25	0		0		5	1,3,5,17,19	24	1-8,10-25	3713	0	0.0	0	0.0	776	20.9	3624	97.6
SMARCA2	ENST00000349721	33	0		0		0		11	2,4-5,7-9,18,22,25,27,30	5433	0	0.0	0	0.0	0	0.0	2498	46.0
SMARCA4	ENST00000344626	34	0		0		0		0		5624	0	0.0	0	0.0	0	0.0	0	0.0
SMARCA4	ENST00000646693	35	0		0		0		13	2,4-5,7,15-16,18-20,25,28,31,36	5740	0	0.0	0	0.0	0	0.0	2425	42.2
SMARCA5	ENST00000283131	24	0		0		0		11	1-3,6-7,17-22	3639	0	0.0	0	0.0	0	0.0	1788	49.1
SMARCAD1	ENST00000354268	23	0		0		0		8	2,10-11,14-15,19,21-22	3541	0	0.0	0	0.0	0	0.0	1277	36.1
SMARCAL1	ENST00000357276	16	0		0		0		6	3,6,9-10,15,18	3185	0	0.0	0	0.0	0	0.0	1630	51.2
SMARCB1	ENST00000644036	9	0		0		0		3	4-6	1338	0	0.0	0	0.0	0	0.0	493	36.8
SMARCC1	ENST00000254480	28	0		0		0		9	1,3-4,6,8,20-21,26,28	3878	0	0.0	0	0.0	0	0.0	1470	37.9
SMARCC2	ENST00000550164	29	0		0		0		3	21-22,28	4318	0	0.0	0	0.0	0	0.0	910	21.1
SMARCD1	ENST00000394963	13	0		0		0		2	1,8	1808	0	0.0	0	0.0	0	0.0	379	21.0
SMARCD2	ENST00000448276	13	0		0		0		2	9-10	1856	0	0.0	0	0.0	0	0.0	274	14.8
SMARCE1	ENST00000348513	10	0		0		0		1	8	1436	0	0.0	0	0.0	0	0.0	193	13.4
SMC1A	ENST00000322213	25	0		0		5	1-2,11,17,24	25	1-25	4202	0	0.0	0	0.0	835	19.9	4202	100.0
SMC1B	ENST00000357450	25	0		0		0		7	3,6,8,15-16,22-23	4208	0	0.0	0	0.0	0	0.0	1066	25.3
SMC3	ENST00000361804	29	0		0		0		7	3,7,9-10,18,25,27	4234	0	0.0	0	0.0	0	0.0	1057	25.0
SMC5	ENST00000361138	25	0		0		0		12	1,4-7,12-15,22,24-25	3806	0	0.0	0	0.0	0	0.0	1955	51.4
SMCHD1	ENST00000320876	48	0		0		0		15	4,6,8,11,17-21,23,29,39,45,47-48	6978	0	0.0	0	0.0	0	0.0	2080	29.8
SMCO2	ENST00000535986	8	0		0		0		4	2,4,7,9	1192	0	0.0	0	0.0	0	0.0	598	50.2
SMDT1	ENST00000331479	2	0		0		0		0		364	0	0.0	0	0.0	0	0.0	0	0.0
SMG6	ENST00000263073	19	0		0		0		5	2,6-7,15-16	4640	0	0.0	0	0.0	0	0.0	2350	50.6
SMG8	ENST00000300917	4	0		0		0		3	1,3-4	3056	0	0.0	0	0.0	0	0.0	2890	94.6
SMG9	ENST00000270066	13	0		0		0		2	2,13	1823	0	0.0	0	0.0	0	0.0	335	18.4
SMIM1	ENST00000642557	2	0		0		0		0		277	0	0.0	0	0.0	0	0.0	0	0.0
SMN1	ENST00000380707	8	0		0		0		3	1-3	1045	0	0.0	0	0.0	0	0.0	333	31.9
SMN2	ENST00000380743	8	0		0		0		5	2-5,8	1045	0	0.0	0	0.0	0	0.0	697	66.7
SMO	ENST00000249373	12	0		0		0		5	2,4-5,9-10	2604	0	0.0	0	0.0	0	0.0	1034	39.7
SMOC1	ENST00000361956	12	0		0		0		3	5,8,11	1548	0	0.0	0	0.0	0	0.0	546	35.3
SMOC2	ENST00000356284	13	0		0		0		3	4-5,9	1601	0	0.0	0	0.0	0	0.0	291	18.2
SMOX	ENST00000305958	6	0		0		0		2	3,5	1788	0	0.0	0	0.0	0	0.0	1027	57.4
SMPD1	ENST00000342245	6	0		0		0		4	1-2,5-6	2016	0	0.0	0	0.0	0	0.0	1727	85.7
SMPD4	ENST00000680298	19	0		0		0		5	3,5,9,14,17	2864	0	0.0	0	0.0	0	0.0	731	25.5
SMPDL3A	ENST00000368440	8	0		0		0		1	7	1522	0	0.0	0	0.0	0	0.0	145	9.5
SMPX	ENST00000379494	3	0		0		0		3	2-4	327	0	0.0	0	0.0	0	0.0	327	100.0
SMS	ENST00000404933	11	0		0		0		10	1,3-11	1321	0	0.0	0	0.0	0	0.0	1180	89.3
SMURF2	ENST00000262435	19	0		0		0		2	11-12	2627	0	0.0	0	0.0	0	0.0	340	12.9
SMYD1	ENST00000419482	10	0		0		0		2	2,6	1673	0	0.0	0	0.0	0	0.0	407	24.3
SNAI1	ENST00000244050	3	0		0		0		2	2-3	855	0	0.0	0	0.0	0	0.0	753	88.1
SNAI2	ENST00000020945	3	0		0		0		1	2	867	0	0.0	0	0.0	0	0.0	566	65.3
SNAP23	ENST00000249647	7	0		0		0		1	7	776	0	0.0	0	0.0	0	0.0	165	21.3
SNAP25	ENST00000254976	7	0		0		0		0		761	0	0.0	0	0.0	0	0.0	0	0.0
SNAP29	ENST00000215730	5	0		0		0		3	1-2,4	877	0	0.0	0	0.0	0	0.0	593	67.6
SNAP47	ENST00000617596	4	0		0		0		2	2-3	1340	0	0.0	0	0.0	0	0.0	1028	76.7
SNAP91	ENST00000369694	28	0		0		0		9	2,4-5,7-8,10,12,14,22	3284	0	0.0	0	0.0	0	0.0	1010	30.8
SNAPC4	ENST00000684778	22	0		0		0		7	4,8-10,14,18-19	4850	0	0.0	0	0.0	0	0.0	1067	22.0
SNAPIN	ENST00000368685	4	0		0		0		1	1	491	0	0.0	0	0.0	0	0.0	163	33.2
SNCA	ENST00000394991	5	0		0		0		2	4-5	523	0	0.0	0	0.0	0	0.0	267	51.1
SNCAIP	ENST00000261368	10	0		0		0		4	3-4,8,10	2960	0	0.0	0	0.0	0	0.0	2264	76.5
SNCB	ENST00000393693	5	0		0		0		0		505	0	0.0	0	0.0	0	0.0	0	0.0
SNF8	ENST00000502492	8	0		0		0		2	3,6	937	0	0.0	0	0.0	0	0.0	321	34.3
SNIP1	ENST00000296215	4	0		0		0		2	1,3	1271	0	0.0	0	0.0	0	0.0	863	67.9
SNRNP200	ENST00000323853	45	0		0		0		15	1-3,16-19,26-30,32-33,39	7311	0	0.0	0	0.0	0	0.0	2490	34.1
SNRNP40	ENST00000263694	10	0		0		0		3	1,5-6	1274	0	0.0	0	0.0	0	0.0	445	34.9
SNRPA	ENST00000243563	6	0		0		0		2	2,6	969	0	0.0	0	0.0	0	0.0	373	38.5
SNRPB	ENST00000381342	7	0		0		0		2	3-4	836	0	0.0	0	0.0	0	0.0	305	36.5
SNRPE	ENST00000414487	5	0		0		0		1	5	379	0	0.0	0	0.0	0	0.0	76	20.1
SNRPN	ENST00000390687	7	0		0		0		1	7	863	0	0.0	0	0.0	0	0.0	173	20.0
SNTA1	ENST00000217381	8	0		0		0		4	2,4,7-8	1678	0	0.0	0	0.0	0	0.0	755	45.0
SNUPN	ENST00000308588	8	0		0		0		2	7,9	1243	0	0.0	0	0.0	0	0.0	442	35.6
SNX10	ENST00000338523	6	0		0		0		2	5-6	726	0	0.0	0	0.0	0	0.0	352	48.5
SNX14	ENST00000314673	29	0		0		0		14	1,4-6,8,11,13-15,18,21-23,28	3421	0	0.0	0	0.0	0	0.0	1741	50.9
SNX19	ENST00000265909	11	0		0		0		5	1,7,9-11	3199	0	0.0	0	0.0	0	0.0	2361	73.8
SNX27	ENST00000458013	12	0		0		0		5	2-3,6-8	1866	0	0.0	0	0.0	0	0.0	858	46.0
SNX3	ENST00000230085	4	0		0		0		1	2	569	0	0.0	0	0.0	0	0.0	116	20.4
SOAT1	ENST00000367619	15	0		0		0		2	7,16	1953	0	0.0	0	0.0	0	0.0	380	19.5
SOBP	ENST00000317357	6	0		0		0		3	1-2,6	2742	0	0.0	0	0.0	0	0.0	2248	82.0
SOCS1	ENST00000332029	1	0		0		0		1	2	656	0	0.0	0	0.0	0	0.0	656	100.0
SOCS2	ENST00000551556	2	0		0		0		2	1-2	637	0	0.0	0	0.0	0	0.0	637	100.0
SOCS4	ENST00000555846	1	0		0		0		1	3	1343	0	0.0	0	0.0	0	0.0	1343	100.0
SOD1	ENST00000270142	5	0		0		0		2	2,5	565	0	0.0	0	0.0	0	0.0	245	43.4
SOD2	ENST00000538183	5	0		0		0		1	2	769	0	0.0	0	0.0	0	0.0	223	29.0
SOD3	ENST00000382120	1	0		0		0		1	2	743	0	0.0	0	0.0	0	0.0	743	100.0
SOHLH1	ENST00000425225	8	0		0		0		3	3-4,6	1324	0	0.0	0	0.0	0	0.0	544	41.1
SOHLH2	ENST00000379881	11	0		0		0		7	1-2,4-6,9-10	1498	0	0.0	0	0.0	0	0.0	1095	73.1
SON	ENST00000356577	12	0		0		0		4	2-4,6	7521	0	0.0	0	0.0	0	0.0	6513	86.6
SORBS2	ENST00000695409	24	0		0		0		6	9,13-14,18-19,23	4383	0	0.0	0	0.0	0	0.0	2465	56.2
SORCS3	ENST00000369701	27	0		0		0		8	1,8,11,19-20,22-23,26	4209	0	0.0	0	0.0	0	0.0	1707	40.6
SORD	ENST00000267814	9	0		0		0		3	2-3,5	1254	0	0.0	0	0.0	0	0.0	378	30.1
SORL1	ENST00000260197	48	0		0		0		6	1,6,19,22,41,47	7605	0	0.0	0	0.0	0	0.0	1250	16.4
SORT1	ENST00000256637	20	0		0		0		2	4,17	2896	0	0.0	0	0.0	0	0.0	252	8.7
SOS1	ENST00000402219	23	0		0		0		11	1-3,5,7,9-12,16-17	4462	0	0.0	0	0.0	0	0.0	2156	48.3
SOS2	ENST00000216373	23	0		0		0		10	3,5-7,11,13,17-18,20,23	4459	0	0.0	0	0.0	0	0.0	2040	45.8
SOST	ENST00000301691	2	0		0		0		2	1-2	682	0	0.0	0	0.0	0	0.0	682	100.0
SOWAHB	ENST00000334306	1	0		0		0		1	1	2402	0	0.0	0	0.0	0	0.0	2402	100.0
SOWAHC	ENST00000356454	1	0		0		0		1	1	1598	0	0.0	0	0.0	0	0.0	1598	100.0
SOX10	ENST00000396884	3	0		0		0		2	2-3	1461	0	0.0	0	0.0	0	0.0	737	50.4
SOX11	ENST00000322002	1	0		0		0		1	1	1346	0	0.0	0	0.0	0	0.0	1346	100.0
SOX12	ENST00000342665	1	0		0		0		1	1	968	0	0.0	0	0.0	0	0.0	968	100.0
SOX17	ENST00000297316	2	0		0		0		2	1-2	1285	0	0.0	0	0.0	0	0.0	1285	100.0
SOX18	ENST00000340356	2	0		0		0		1	2	1195	0	0.0	0	0.0	0	0.0	817	68.4
SOX2	ENST00000325404	1	0		0		0		1	1	974	0	0.0	0	0.0	0	0.0	974	100.0
SOX3	ENST00000370536	1	0		0		1	1	1	1	1361	0	0.0	0	0.0	1361	100.0	1361	100.0
SOX4	ENST00000244745	1	0		0		0		1	1	1445	0	0.0	0	0.0	0	0.0	1445	100.0
SOX5	ENST00000451604	15	0		0		0		4	2,6-7,12	2592	0	0.0	0	0.0	0	0.0	611	23.6
SOX6	ENST00000683767	15	0		0		0		5	2,12-15	2787	0	0.0	0	0.0	0	0.0	1085	38.9
SOX7	ENST00000304501	2	0		0		0		2	1-2	1207	0	0.0	0	0.0	0	0.0	1207	100.0
SOX8	ENST00000293894	3	0		0		0		1	3	1401	0	0.0	0	0.0	0	0.0	706	50.4
SOX9	ENST00000245479	3	0		0		0		1	1	1590	0	0.0	0	0.0	0	0.0	451	28.4
SP110	ENST00000258381	18	0		0		0		4	10,13,16-17	2502	0	0.0	0	0.0	0	0.0	441	17.6
SP4	ENST00000222584	6	0		0		0		2	3,6	2475	0	0.0	0	0.0	0	0.0	1843	74.5
SP6	ENST00000536300	1	0		0		0		1	2	1151	0	0.0	0	0.0	0	0.0	1151	100.0
SP7	ENST00000536324	2	0		0		0		1	3	1336	0	0.0	0	0.0	0	0.0	1295	96.9
SP9	ENST00000394967	2	0		0		0		1	2	1495	0	0.0	0	0.0	0	0.0	1454	97.3
SPACA1	ENST00000237201	7	0		0		0		2	1,7	1025	0	0.0	0	0.0	0	0.0	402	39.2
SPAG1	ENST00000388798	18	0		0		0		8	2-3,5,11-12,14-15,17	3141	0	0.0	0	0.0	0	0.0	1426	45.4
SPAG17	ENST00000336338	48	0		0		0		12	1,3,6,8,14,18-19,22,26-27,29,43	7632	0	0.0	0	0.0	0	0.0	2098	27.5
SPAG4	ENST00000374273	12	0		0		0		2	1,10	1554	0	0.0	0	0.0	0	0.0	512	32.9
SPAG7	ENST00000206020	7	0		0		0		3	1-2,7	824	0	0.0	0	0.0	0	0.0	323	39.2
SPAG9	ENST00000262013	30	0		0		0		7	1-2,7,12,15,26,30	4566	0	0.0	0	0.0	0	0.0	1286	28.2
SPANXA2	ENST00000370518	2	0		0		1	1	2	1-2	334	0	0.0	0	0.0	92	27.5	334	100.0
SPARC	ENST00000231061	9	0		0		0		1	7	1092	0	0.0	0	0.0	0	0.0	154	14.1
SPARCL1	ENST00000282470	10	0		0		0		3	4-5,10	2195	0	0.0	0	0.0	0	0.0	1299	59.2
SPART	ENST00000438666	8	0		0		0		4	2,5-7	2161	0	0.0	0	0.0	0	0.0	1368	63.3
SPAST	ENST00000315285	17	0		0		0		7	1,5-6,10-11,14-15	2191	0	0.0	0	0.0	0	0.0	1196	54.6
SPATA13	ENST00000382108	12	0		0		0		7	2-4,6,9-11	4074	0	0.0	0	0.0	0	0.0	3220	79.0
SPATA16	ENST00000351008	10	0		0		0		2	7,11	1910	0	0.0	0	0.0	0	0.0	310	16.2
SPATA22	ENST00000572969	8	0		0		0		4	6-9	1252	0	0.0	0	0.0	0	0.0	843	67.3
SPATA3	ENST00000433428	3	0		0		0		1	1	639	0	0.0	0	0.0	0	0.0	321	50.2
SPATA33	ENST00000579310	3	0		0		0		1	2	483	0	0.0	0	0.0	0	0.0	194	40.2
SPATA7	ENST00000393545	12	0		0		0		6	1-2,6-7,10,12	2040	0	0.0	0	0.0	0	0.0	1417	69.5
SPATC1L	ENST00000291672	4	0		0		0		2	2,5	1103	0	0.0	0	0.0	0	0.0	560	50.8
SPDL1	ENST00000265295	11	0		0		0		4	3,10-12	2038	0	0.0	0	0.0	0	0.0	939	46.1
SPECC1L	ENST00000314328	15	0		0		0		8	5-6,10-12,14-16	3654	0	0.0	0	0.0	0	0.0	2546	69.7
SPEF2	ENST00000356031	37	0		0		0		10	1,4,8-9,16,18-19,26,30,33	6209	0	0.0	0	0.0	0	0.0	1899	30.6
SPEG	ENST00000312358	41	0		0		0		5	13,25,29-30,41	10624	0	0.0	0	0.0	0	0.0	2740	25.8
SPEN	ENST00000375759	15	0		0		0		5	3-5,11,13	11295	0	0.0	0	0.0	0	0.0	9310	82.4
SPG11	ENST00000261866	40	0		0		0		13	1,4,11,14-15,21-22,30-32,34,39-40	8132	0	0.0	0	0.0	0	0.0	3209	39.5
SPG21	ENST00000204566	8	0		0		0		2	5,7	1087	0	0.0	0	0.0	0	0.0	294	27.0
SPG7	ENST00000645818	17	0		0		0		8	3-5,7,9-10,15,17	2728	0	0.0	0	0.0	0	0.0	1431	52.5
SPHKAP	ENST00000392056	12	0		0		0		4	2,7,10-11	5343	0	0.0	0	0.0	0	0.0	4175	78.1
SPI1	ENST00000378538	5	0		0		0		0		913	0	0.0	0	0.0	0	0.0	0	0.0
SPIDR	ENST00000297423	20	0		0		0		5	6,9-10,16,18	3148	0	0.0	0	0.0	0	0.0	1066	33.9
SPIN4	ENST00000374884	1	0		0		1	1	1	1	770	0	0.0	0	0.0	770	100.0	770	100.0
SPINK1	ENST00000296695	4	0		0		0		1	2	320	0	0.0	0	0.0	0	0.0	52	16.2
SPINK2	ENST00000506738	4	0		0		0		0		485	0	0.0	0	0.0	0	0.0	0	0.0
SPINK5	ENST00000256084	33	0		0		0		7	3-4,9,23,27,30,32	3855	0	0.0	0	0.0	0	0.0	913	23.7
SPINT2	ENST00000301244	7	0		0		0		1	3	899	0	0.0	0	0.0	0	0.0	80	8.9
SPIRE2	ENST00000378247	15	0		0		0		1	11	2445	0	0.0	0	0.0	0	0.0	155	6.3
SPNS2	ENST00000329078	12	0		0		0		1	6	1890	0	0.0	0	0.0	0	0.0	163	8.6
SPOP	ENST00000504102	9	0		0		0		4	3-4,8,10	1305	0	0.0	0	0.0	0	0.0	622	47.7
SPOUT1	ENST00000361256	12	0		0		0		0		1371	0	0.0	0	0.0	0	0.0	0	0.0
SPP1	ENST00000395080	6	0		0		0		4	3,5-7	1065	0	0.0	0	0.0	0	0.0	890	83.6
SPP2	ENST00000168148	7	0		0		0		0		776	0	0.0	0	0.0	0	0.0	0	0.0
SPPL2A	ENST00000261854	15	0		0		0		6	2-4,7,12,15	1863	0	0.0	0	0.0	0	0.0	779	41.8
SPR	ENST00000234454	3	0		0		0		2	2-3	846	0	0.0	0	0.0	0	0.0	522	61.7
SPRED1	ENST00000299084	7	0		0		0		3	3-4,7	1475	0	0.0	0	0.0	0	0.0	927	62.8
SPRED2	ENST00000356388	6	0		0		0		3	4-6	1377	0	0.0	0	0.0	0	0.0	944	68.6
SPRTN	ENST00000295050	5	0		0		0		3	1,3,5	1570	0	0.0	0	0.0	0	0.0	1162	74.0
SPRY1	ENST00000651917	1	0		0		0		1	3	980	0	0.0	0	0.0	0	0.0	980	100.0
SPRY2	ENST00000377104	1	0		0		0		1	2	968	0	0.0	0	0.0	0	0.0	968	100.0
SPRY4	ENST00000434127	1	0		0		0		1	2	920	0	0.0	0	0.0	0	0.0	920	100.0
SPTA1	ENST00000643759	52	0		0		0		19	3,6,8,16-17,19,21-22,29-30,33,36-37,39,41,44,46-48	8300	0	0.0	0	0.0	0	0.0	3390	40.8
SPTAN1	ENST00000372739	56	0		0		0		20	4-5,10,14,16,22,30-31,33,40-41,43,47-49,52-56	8554	0	0.0	0	0.0	0	0.0	3423	40.0
SPTB	ENST00000644917	35	0		0		0		13	3-4,16-17,19,21,23,25-29,32	7687	0	0.0	0	0.0	0	0.0	3304	43.0
SPTBN1	ENST00000356805	35	0		0		0		15	4,9-11,14-16,18,20-21,23,26-28,31	7795	0	0.0	0	0.0	0	0.0	4439	56.9
SPTBN2	ENST00000533211	36	0		0		0		12	5,10,13,15,17,24,26-28,31-32,38	7893	0	0.0	0	0.0	0	0.0	4193	53.1
SPTBN4	ENST00000598249	35	0		0		0		12	4,9,12-14,16,19-20,23,26,34-35	8395	0	0.0	0	0.0	0	0.0	4044	48.2
SPTBN5	ENST00000320955	67	0		0		0		10	2,6-8,17,23,39,54,56,63	12365	0	0.0	0	0.0	0	0.0	2479	20.0
SPTLC1	ENST00000262554	15	0		0		0		6	1,8,10-11,13-14	1722	0	0.0	0	0.0	0	0.0	652	37.9
SPTLC2	ENST00000216484	12	0		0		0		1	1	1929	0	0.0	0	0.0	0	0.0	152	7.9
SPTSSA	ENST00000298130	2	0		0		0		0		256	0	0.0	0	0.0	0	0.0	0	0.0
SQLE	ENST00000265896	11	0		0		0		5	1-3,6,9	1945	0	0.0	0	0.0	0	0.0	1094	56.2
SQOR	ENST00000260324	9	0		0		0		3	3,6-7	1533	0	0.0	0	0.0	0	0.0	625	40.8
SQSTM1	ENST00000389805	8	0		0		0		5	3-4,6-8	1483	0	0.0	0	0.0	0	0.0	1041	70.2
SRA1	ENST00000336283	5	0		0		0		2	3,5	775	0	0.0	0	0.0	0	0.0	455	58.7
SRC	ENST00000373578	11	0		0		0		2	5,13	1831	0	0.0	0	0.0	0	0.0	272	14.9
SRCAP	ENST00000262518	32	0		0		0		10	5-6,13-14,25-29,34	10333	0	0.0	0	0.0	0	0.0	5862	56.7
SRD5A2	ENST00000622030	5	0		0		0		0		865	0	0.0	0	0.0	0	0.0	0	0.0
SRD5A3	ENST00000264228	5	0		0		0		2	1,3	1057	0	0.0	0	0.0	0	0.0	459	43.4
SREBF1	ENST00000261646	19	0		0		0		3	10-11,19	3824	0	0.0	0	0.0	0	0.0	719	18.8
SREBF2	ENST00000361204	19	0		0		0		8	3,5,10-12,14,17,19	3806	0	0.0	0	0.0	0	0.0	1697	44.6
SREK1	ENST00000334121	12	0		0		0		6	1-2,5,7-8,10	2115	0	0.0	0	0.0	0	0.0	925	43.7
SRF	ENST00000265354	7	0		0		0		3	1-3	1667	0	0.0	0	0.0	0	0.0	1102	66.1
SRGAP1	ENST00000355086	22	0		0		1	2	11	1-4,6,8-9,17-19,21	3698	0	0.0	0	0.0	216	5.8	1964	53.1
SRGAP2	ENST00000573034	22	0		0		0		3	8,10,22	3656	0	0.0	0	0.0	0	0.0	808	22.1
SRGAP2C	ENST00000367123	9	0		0		0		5	5,7-10	1560	0	0.0	0	0.0	0	0.0	841	53.9
SRL	ENST00000399609	6	0		0		0		3	2,5-6	1542	0	0.0	0	0.0	0	0.0	1208	78.3
SRP19	ENST00000505459	5	0		0		0		1	3	535	0	0.0	0	0.0	0	0.0	92	17.2
SRP54	ENST00000216774	15	0		0		0		0		1815	0	0.0	0	0.0	0	0.0	0	0.0
SRP68	ENST00000307877	16	0		0		0		6	1,3,11-13,16	2204	0	0.0	0	0.0	0	0.0	1028	46.6
SRP72	ENST00000642900	19	0		0		0		4	5,8-9,14	2396	0	0.0	0	0.0	0	0.0	486	20.3
SRPK3	ENST00000370101	15	0		0		0		14	1-7,9-15	2004	0	0.0	0	0.0	0	0.0	1958	97.7
SRPRA	ENST00000332118	14	0		0		0		2	3,10	2197	0	0.0	0	0.0	0	0.0	377	17.2
SRPX2	ENST00000373004	10	0		0		2	3,11	10	2-11	1598	0	0.0	0	0.0	302	18.9	1598	100.0
SRR	ENST00000344595	7	0		0		0		3	5,7-8	1163	0	0.0	0	0.0	0	0.0	609	52.4
SRRM2	ENST00000301740	14	0		0		0		2	4,11	8539	0	0.0	0	0.0	0	0.0	6906	80.9
SRRT	ENST00000611405	19	0		0		0		1	5	3011	0	0.0	0	0.0	0	0.0	209	6.9
SRSF1	ENST00000258962	4	0		0		0		4	1-4	827	0	0.0	0	0.0	0	0.0	827	100.0
SRY	ENST00000383070	1	1	1	1	1	1	1	1	1	635	635	100.0	635	100.0	635	100.0	635	100.0
SS18	ENST00000415083	11	0		0		0		3	1,4,7	1477	0	0.0	0	0.0	0	0.0	388	26.3
SS18L1	ENST00000331758	11	0		0		0		1	4	1411	0	0.0	0	0.0	0	0.0	165	11.7
SSBP1	ENST00000265304	6	0		0		0		1	3	567	0	0.0	0	0.0	0	0.0	81	14.3
SSH1	ENST00000326495	15	0		0		0		4	4,10-11,15	3450	0	0.0	0	0.0	0	0.0	1578	45.7
SSR3	ENST00000265044	5	0		0		0		1	1	658	0	0.0	0	0.0	0	0.0	153	23.3
SSR4	ENST00000370086	6	0		0		0		6	1-6	642	0	0.0	0	0.0	0	0.0	642	100.0
SSTR1	ENST00000267377	1	0		0		0		1	3	1196	0	0.0	0	0.0	0	0.0	1196	100.0
SSTR5	ENST00000689027	1	0		0		0		1	2	1115	0	0.0	0	0.0	0	0.0	1115	100.0
SSUH2	ENST00000544814	12	0		0		0		5	1-3,8-9	1368	0	0.0	0	0.0	0	0.0	488	35.7
SSX1	ENST00000376919	6	0		0		1	3	6	2-7	687	0	0.0	0	0.0	135	19.7	687	100.0
SSX2	ENST00000337502	6	0		0		0		5	2-3,5-7	687	0	0.0	0	0.0	0	0.0	571	83.1
ST14	ENST00000278742	19	0		0		0		6	2,5-6,17-19	2948	0	0.0	0	0.0	0	0.0	1048	35.5
ST3GAL3	ENST00000347631	11	0		0		0		1	8	1348	0	0.0	0	0.0	0	0.0	116	8.6
ST3GAL5	ENST00000638572	7	0		0		0		2	2,6	1397	0	0.0	0	0.0	0	0.0	323	23.1
ST6GALNAC3	ENST00000328299	5	0		0		0		2	1,3	1018	0	0.0	0	0.0	0	0.0	468	46.0
ST7	ENST00000323984	16	0		0		0		3	1,3,10	2054	0	0.0	0	0.0	0	0.0	486	23.7
ST8SIA2	ENST00000268164	6	0		0		0		1	4	1248	0	0.0	0	0.0	0	0.0	278	22.3
STAB1	ENST00000321725	69	0		0		0		3	29,51,65	9093	0	0.0	0	0.0	0	0.0	518	5.7
STAB2	ENST00000388887	69	0		0		0		19	1,9,11,14,18,21,23,33,43,48,51,59,61-62,64-67,69	9036	0	0.0	0	0.0	0	0.0	2708	30.0
STAC3	ENST00000332782	11	0		0		0		4	2-3,10-11	1315	0	0.0	0	0.0	0	0.0	604	45.9
STAG1	ENST00000383202	33	0		0		0		12	2,5,9,14-16,21-22,25,30,32-33	4437	0	0.0	0	0.0	0	0.0	1457	32.8
STAG2	ENST00000371145	33	0		0		5	4,8,20,28,30	29	3-11,13-20,24-35	4467	0	0.0	0	0.0	961	21.5	4048	90.6
STAG3	ENST00000615138	33	0		0		0		3	5,28,30	4341	0	0.0	0	0.0	0	0.0	461	10.6
STAMBP	ENST00000394070	9	0		0		0		1	7	1455	0	0.0	0	0.0	0	0.0	158	10.9
STAR	ENST00000276449	7	0		0		0		3	2,4-5	998	0	0.0	0	0.0	0	0.0	518	51.9
STARD13	ENST00000336934	14	0		0		0		8	1,4-8,10-11	3622	0	0.0	0	0.0	0	0.0	2624	72.4
STARD7	ENST00000337288	8	0		0		0		2	1,4	1273	0	0.0	0	0.0	0	0.0	441	34.6
STARD9	ENST00000290607	33	0		0		0		10	8,15,17,19-20,22-24,31,33	14763	0	0.0	0	0.0	0	0.0	11651	78.9
STAT1	ENST00000361099	23	0		0		0		3	4,9,24	2713	0	0.0	0	0.0	0	0.0	460	17.0
STAT2	ENST00000314128	23	0		0		0		3	7-8,13	3016	0	0.0	0	0.0	0	0.0	389	12.9
STAT3	ENST00000264657	23	0		0		0		9	6-8,10-11,16,18,20-21	2773	0	0.0	0	0.0	0	0.0	1167	42.1
STAT4	ENST00000392320	23	0		0		0		10	6-8,11-13,17,19,21,23	2707	0	0.0	0	0.0	0	0.0	1221	45.1
STAT5A	ENST00000590949	18	0		0		0		2	8,19	2745	0	0.0	0	0.0	0	0.0	359	13.1
STAT5B	ENST00000293328	18	0		0		0		6	4-5,8,11,13,18	2724	0	0.0	0	0.0	0	0.0	979	35.9
STAT6	ENST00000300134	21	0		0		0		3	2,11,13	2964	0	0.0	0	0.0	0	0.0	506	17.1
STC1	ENST00000290271	4	0		0		0		1	2	824	0	0.0	0	0.0	0	0.0	163	19.8
STEAP3	ENST00000393110	5	0		0		0		5	2-6	1597	0	0.0	0	0.0	0	0.0	1597	100.0
STEEP1	ENST00000644802	7	0		0		1	5	6	1-3,5-7	809	0	0.0	0	0.0	110	13.6	650	80.3
STIL	ENST00000371877	16	0		0		0		6	3,9-11,14,17	4187	0	0.0	0	0.0	0	0.0	1623	38.8
STIM1	ENST00000526596	13	0		0		0		6	1-2,6-7,10,13	2411	0	0.0	0	0.0	0	0.0	1499	62.2
STING1	ENST00000330794	6	0		0		0		3	3,6,8	1260	0	0.0	0	0.0	0	0.0	720	57.1
STK11	ENST00000326873	9	0		0		0		1	1	1482	0	0.0	0	0.0	0	0.0	310	20.9
STK31	ENST00000355870	24	0		0		0		6	1,7-8,16,18,23	3540	0	0.0	0	0.0	0	0.0	1001	28.3
STK33	ENST00000687296	12	0		0		0		4	5,11-12,14	1785	0	0.0	0	0.0	0	0.0	552	30.9
STK36	ENST00000295709	26	0		0		0		4	6,11,16,26	4468	0	0.0	0	0.0	0	0.0	1349	30.2
STK4	ENST00000372806	11	0		0		0		2	5,8	1684	0	0.0	0	0.0	0	0.0	334	19.8
STKLD1	ENST00000371957	18	0		0		0		3	10,12,17	2403	0	0.0	0	0.0	0	0.0	449	18.7
STN1	ENST00000224950	9	0		0		0		4	3-4,6-7	1287	0	0.0	0	0.0	0	0.0	538	41.8
STOX1	ENST00000298596	4	1	1	1	1	1	1	2	1,3	3050	330	10.8	330	10.8	330	10.8	2709	88.8
STRA6	ENST00000395105	18	0		0		0		3	6,17-18	2364	0	0.0	0	0.0	0	0.0	404	17.1
STRA8	ENST00000662584	8	0		0		0		2	3,6	1300	0	0.0	0	0.0	0	0.0	402	30.9
STRADA	ENST00000336174	12	0		0		0		3	7,10-11	1536	0	0.0	0	0.0	0	0.0	516	33.6
STRAP	ENST00000419869	10	0		0		0		3	4-6	1253	0	0.0	0	0.0	0	0.0	368	29.4
STRC	ENST00000450892	29	0		0		0		5	2,4,10,21,28	5908	0	0.0	0	0.0	0	0.0	2516	42.6
STRIP1	ENST00000369795	21	0		0		0		7	2-3,5,8-10,15	2934	0	0.0	0	0.0	0	0.0	1033	35.2
STRIP2	ENST00000249344	21	0		0		0		7	3,6-7,10,14,19-20	2925	0	0.0	0	0.0	0	0.0	1012	34.6
STS	ENST00000674429	9	0		0		3	5-6,9	8	3-6,8-11	1917	0	0.0	0	0.0	767	40.0	1760	91.8
STT3A	ENST00000392708	17	0		0		0		2	4,12	2458	0	0.0	0	0.0	0	0.0	318	12.9
STT3B	ENST00000295770	16	0		0		0		8	1-2,4,6,9-10,14,16	2801	0	0.0	0	0.0	0	0.0	1310	46.8
STUB1	ENST00000219548	7	0		0		0		2	2-3	1052	0	0.0	0	0.0	0	0.0	405	38.5
STX11	ENST00000367568	1	0		0		0		1	2	884	0	0.0	0	0.0	0	0.0	884	100.0
STX16	ENST00000371141	9	0		0		0		3	1,5,8	1158	0	0.0	0	0.0	0	0.0	436	37.7
STX1A	ENST00000222812	10	0		0		0		1	5	1067	0	0.0	0	0.0	0	0.0	94	8.8
STX1B	ENST00000215095	10	0		0		0		3	3,7-8	1067	0	0.0	0	0.0	0	0.0	372	34.9
STX2	ENST00000392373	10	0		0		0		3	3-4,6	1067	0	0.0	0	0.0	0	0.0	344	32.2
STX3	ENST00000337979	10	0		0		0		2	5-6	1070	0	0.0	0	0.0	0	0.0	217	20.3
STX4	ENST00000313843	10	0		0		0		0		1094	0	0.0	0	0.0	0	0.0	0	0.0
STX5	ENST00000294179	10	0		0		0		3	2,6,10	1268	0	0.0	0	0.0	0	0.0	524	41.3
STXBP1	ENST00000373299	19	0		0		0		0		2165	0	0.0	0	0.0	0	0.0	0	0.0
STXBP1	ENST00000373302	19	0		0		0		3	4,17,19	2192	0	0.0	0	0.0	0	0.0	333	15.2
STXBP2	ENST00000221283	19	0		0		0		1	16	2162	0	0.0	0	0.0	0	0.0	116	5.4
STXBP3	ENST00000370008	19	0		0		0		4	6-8,14	2159	0	0.0	0	0.0	0	0.0	566	26.2
STXBP5L	ENST00000471454	26	0		0		0		8	5-6,11,15-16,21-22,26	4009	0	0.0	0	0.0	0	0.0	1442	36.0
STYK1	ENST00000075503	9	0		0		0		4	5-6,10-11	1449	0	0.0	0	0.0	0	0.0	828	57.1
STYXL1	ENST00000359697	8	0		0		0		1	6	1102	0	0.0	0	0.0	0	0.0	166	15.1
SUCLA2	ENST00000646932	11	0		0		0		2	1,11	1612	0	0.0	0	0.0	0	0.0	205	12.7
SUCLG1	ENST00000393868	9	0		0		0		3	4,7-8	1221	0	0.0	0	0.0	0	0.0	614	50.3
SUCLG2	ENST00000307227	11	0		0		0		6	3-4,6-8,10	1519	0	0.0	0	0.0	0	0.0	781	51.4
SUCO	ENST00000263688	24	0		0		0		12	1,3-4,6-7,10,16-19,22,24	4245	0	0.0	0	0.0	0	0.0	2902	68.4
SUFU	ENST00000369902	12	0		0		0		4	3,5,8-9	1695	0	0.0	0	0.0	0	0.0	550	32.4
SUGCT	ENST00000335693	14	0		0		0		3	1,11-12	1597	0	0.0	0	0.0	0	0.0	361	22.6
SULT2B1	ENST00000201586	7	0		0		0		4	1-3,6	1238	0	0.0	0	0.0	0	0.0	684	55.3
SULT6B1	ENST00000535679	7	0		0		0		4	1-2,5,7	1052	0	0.0	0	0.0	0	0.0	618	58.7
SUMF1	ENST00000272902	9	0		0		0		3	1-2,9	1305	0	0.0	0	0.0	0	0.0	615	47.1
SUMO1	ENST00000392246	5	0		0		0		1	4	406	0	0.0	0	0.0	0	0.0	92	22.7
SUMO4	ENST00000326669	1	0		0		0		1	1	308	0	0.0	0	0.0	0	0.0	308	100.0
SUN1	ENST00000401592	19	0		0		0		5	2,8,11,17,19	2738	0	0.0	0	0.0	0	0.0	720	26.3
SUN5	ENST00000356173	13	0		0		0		0		1400	0	0.0	0	0.0	0	0.0	0	0.0
SUOX	ENST00000266971	3	0		0		0		1	5	1698	0	0.0	0	0.0	0	0.0	1430	84.2
SUPT16H	ENST00000216297	26	0		0		0		3	6-7,20	3664	0	0.0	0	0.0	0	0.0	498	13.6
SUPT7L	ENST00000337768	5	0		0		0		1	4	1345	0	0.0	0	0.0	0	0.0	345	25.7
SUPV3L1	ENST00000359655	15	0		0		0		2	1,13	2661	0	0.0	0	0.0	0	0.0	488	18.3
SURF1	ENST00000371974	9	0		0		0		2	3,7	1083	0	0.0	0	0.0	0	0.0	337	31.1
SUZ12	ENST00000322652	16	0		0		0		9	3-4,6-8,11-12,14,16	2540	0	0.0	0	0.0	0	0.0	1507	59.3
SV2A	ENST00000369146	12	0		0		0		2	2-3	2469	0	0.0	0	0.0	0	0.0	843	34.1
SVBP	ENST00000372521	2	0		0		0		0		241	0	0.0	0	0.0	0	0.0	0	0.0
SVEP1	ENST00000374469	48	0		0		1	1	17	1-2,4,7,10,12,17-18,21,31,35-38,40,42,47	11676	0	0.0	0	0.0	551	4.7	6631	56.8
SVIL	ENST00000355867	35	0		0		0		13	6,8-9,16,18,21-23,29,31-33,37	7345	0	0.0	0	0.0	0	0.0	3790	51.6
SWAP70	ENST00000318950	12	0		0		0		2	6,9	1998	0	0.0	0	0.0	0	0.0	316	15.8
SWSAP1	ENST00000674460	2	0		0		0		2	1-2	793	0	0.0	0	0.0	0	0.0	793	100.0
SYCE1	ENST00000343131	13	0		0		0		2	9,12	1316	0	0.0	0	0.0	0	0.0	195	14.8
SYCP2	ENST00000357552	43	0		0		0		18	5,8-9,11,13,15-16,24,26-27,31-34,38,40-41,44	5453	0	0.0	0	0.0	0	0.0	2590	47.5
SYCP2L	ENST00000283141	29	0		0		0		9	3-5,7,13,17-18,22-23	3019	0	0.0	0	0.0	0	0.0	1039	34.4
SYCP3	ENST00000392924	8	0		0		0		2	6,8	871	0	0.0	0	0.0	0	0.0	245	28.1
SYDE2	ENST00000341460	7	0		0		0		5	1-4,6	3725	0	0.0	0	0.0	0	0.0	3003	80.6
SYK	ENST00000375754	13	0		0		0		4	2,4,8,14	2168	0	0.0	0	0.0	0	0.0	797	36.8
SYN1	ENST00000295987	13	0		0		2	4,10	13	1-13	2378	0	0.0	0	0.0	344	14.5	2378	100.0
SYN2	ENST00000621198	13	0		0		0		4	1,4,11,13	2009	0	0.0	0	0.0	0	0.0	811	40.4
SYN3	ENST00000358763	13	0		0		0		5	2,8,11-13	2003	0	0.0	0	0.0	0	0.0	1069	53.4
SYNCRIP	ENST00000369622	10	0		0		0		4	2,6-7,11	2072	0	0.0	0	0.0	0	0.0	1133	54.7
SYNE1	ENST00000354674	18	0		0		0		1	1	3288	0	0.0	0	0.0	0	0.0	112	3.4
SYNE1	ENST00000367255	144	0		0		0		67	6,8,13,27,29-32,34,36-38,40-43,45-48,50,54-56,58-61,67-69,72-74,76-79,82-83,85-86,90,92-95,99-100,105,112,114,119-120,122-129,134,136-137,143,146	29274	0	0.0	0	0.0	0	0.0	15881	54.2
SYNE2	ENST00000555002	115	0		0		0		49	2,11,13-16,18,21,28,30,33,35,39,42,45-49,51-55,58,60,62-63,67-68,70,73,76-77,80-81,83,88,90,94-97,101,104,106,111-112,116	23024	0	0.0	0	0.0	0	0.0	11952	51.9
SYNE4	ENST00000324444	8	0		0		0		1	1	1375	0	0.0	0	0.0	0	0.0	148	10.8
SYNGAP1	ENST00000646630	19	0		0		0		1	8	4412	0	0.0	0	0.0	0	0.0	644	14.6
SYNGR1	ENST00000328933	4	0		0		0		0		782	0	0.0	0	0.0	0	0.0	0	0.0
SYNJ1	ENST00000674351	31	0		0		0		10	4,6,11-13,17,23,25,28,30	4556	0	0.0	0	0.0	0	0.0	1534	33.7
SYNJ2	ENST00000355585	27	0		0		0		10	3-5,10,15,18-19,21-22,27	5031	0	0.0	0	0.0	0	0.0	2551	50.7
SYNM	ENST00000336292	4	0		0		0		1	4	4778	0	0.0	0	0.0	0	0.0	3712	77.7
SYNPO	ENST00000307662	2	0		0		0		1	2	2752	0	0.0	0	0.0	0	0.0	2048	74.4
SYP	ENST00000263233	6	0		0		1	3	6	1-6	1062	0	0.0	0	0.0	145	13.7	1062	100.0
SYT1	ENST00000261205	8	0		0		0		5	4-5,7,9,11	1429	0	0.0	0	0.0	0	0.0	944	66.1
SYT14	ENST00000367019	9	0		0		0		4	4-6,9	1905	0	0.0	0	0.0	0	0.0	1332	69.9
SYT2	ENST00000367268	8	0		0		0		3	5-7	1420	0	0.0	0	0.0	0	0.0	514	36.2
SYT4	ENST00000255224	4	0		0		0		2	1-2	1358	0	0.0	0	0.0	0	0.0	889	65.5
SYT9	ENST00000318881	7	0		0		0		2	2-3	1616	0	0.0	0	0.0	0	0.0	939	58.1
SYTL4	ENST00000372989	16	0		0		5	6-7,9,18-19	15	5-9,11-20	2336	0	0.0	0	0.0	837	35.8	2240	95.9
SZT2	ENST00000634258	72	0		0		0		9	15,21,28,31,41,46,63-64,67	11739	0	0.0	0	0.0	0	0.0	1376	11.7
TAB2	ENST00000637181	6	0		0		0		6	2-7	2202	0	0.0	0	0.0	0	0.0	2202	100.0
TAC3	ENST00000458521	5	0		0		0		0		466	0	0.0	0	0.0	0	0.0	0	0.0
TACC2	ENST00000369005	22	0		0		0		9	3-4,7,9,14,17,19-21	9287	0	0.0	0	0.0	0	0.0	7681	82.7
TACO1	ENST00000258975	5	0		0		0		1	1	994	0	0.0	0	0.0	0	0.0	300	30.2
TACR2	ENST00000373306	5	0		0		0		4	1-2,4-5	1297	0	0.0	0	0.0	0	0.0	1123	86.6
TACR3	ENST00000304883	5	0		0		0		3	1,4-5	1498	0	0.0	0	0.0	0	0.0	1118	74.6
TACSTD2	ENST00000371225	1	0		0		0		1	1	992	0	0.0	0	0.0	0	0.0	992	100.0
TAF1	ENST00000423759	38	0		0		3	5,9,38	35	1-16,18-26,28-31,33-38	6382	0	0.0	0	0.0	702	11.0	6007	94.1
TAF13	ENST00000338366	4	0		0		0		1	2	455	0	0.0	0	0.0	0	0.0	99	21.8
TAF15	ENST00000605844	16	0		0		0		6	1,3-5,10-11	2099	0	0.0	0	0.0	0	0.0	610	29.1
TAF1A	ENST00000352967	10	0		0		0		4	4,7,10-11	1553	0	0.0	0	0.0	0	0.0	621	40.0
TAF1C	ENST00000566732	14	0		0		0		2	2,7	2812	0	0.0	0	0.0	0	0.0	417	14.8
TAF1L	ENST00000242310	1	0		0		0		1	1	5501	0	0.0	0	0.0	0	0.0	5501	100.0
TAF2	ENST00000378164	26	0		0		0		4	6,18,22,25	4120	0	0.0	0	0.0	0	0.0	656	15.9
TAF4	ENST00000252996	15	0		0		0		7	1,4-5,8,10,12,15	3558	0	0.0	0	0.0	0	0.0	2355	66.2
TAF4B	ENST00000269142	15	0		0		0		6	1,5-6,9,13,15	2889	0	0.0	0	0.0	0	0.0	1007	34.9
TAF6	ENST00000453269	14	0		0		0		3	7,13-14	2314	0	0.0	0	0.0	0	0.0	578	25.0
TAF8	ENST00000372977	9	0		0		0		3	5-6,8	1113	0	0.0	0	0.0	0	0.0	473	42.5
TAFAZZIN	ENST00000601016	11	0		0		0		11	1-11	1099	0	0.0	0	0.0	0	0.0	1099	100.0
TAGAP	ENST00000367066	9	0		0		0		3	5,8,10	2376	0	0.0	0	0.0	0	0.0	1721	72.4
TAL1	ENST00000691006	3	0		0		0		0		1056	0	0.0	0	0.0	0	0.0	0	0.0
TAL2	ENST00000334077	1	0		0		0		1	1	347	0	0.0	0	0.0	0	0.0	347	100.0
TALDO1	ENST00000319006	8	0		0		0		5	2,4-7	1174	0	0.0	0	0.0	0	0.0	876	74.6
TAMALIN	ENST00000293662	8	0		0		0		2	5,8	1348	0	0.0	0	0.0	0	0.0	640	47.5
TAMM41	ENST00000455809	8	0		0		0		1	1	1174	0	0.0	0	0.0	0	0.0	155	13.2
TANC2	ENST00000689528	27	0		0		0		11	2-3,12,14-15,17,21,23,25-26,28	6765	0	0.0	0	0.0	0	0.0	3998	59.1
TANGO2	ENST00000327374	8	0		0		0		2	2-3	991	0	0.0	0	0.0	0	0.0	185	18.7
TAOK1	ENST00000261716	19	0		0		0		5	4-5,12,14,20	3386	0	0.0	0	0.0	0	0.0	1151	34.0
TAOK2	ENST00000308893	15	0		0		0		0		4008	0	0.0	0	0.0	0	0.0	0	0.0
TAP1	ENST00000354258	11	0		0		0		4	1-2,6,11	2467	0	0.0	0	0.0	0	0.0	1129	45.8
TAP2	ENST00000374897	11	0		0		0		6	2-3,6-7,11-12	2281	0	0.0	0	0.0	0	0.0	1321	57.9
TAPBP	ENST00000434618	8	0		0		0		2	5-6	1507	0	0.0	0	0.0	0	0.0	472	31.3
TAPT1	ENST00000405303	14	0		0		0		2	9,14	1984	0	0.0	0	0.0	0	0.0	380	19.2
TARDBP	ENST00000240185	5	0		0		0		1	2	1345	0	0.0	0	0.0	0	0.0	258	19.2
TARS1	ENST00000265112	19	0		0		0		6	5,9,11,14,16,19	2552	0	0.0	0	0.0	0	0.0	888	34.8
TARS2	ENST00000369064	18	0		0		0		4	1,4,10,17	2517	0	0.0	0	0.0	0	0.0	604	24.0
TAS2R16	ENST00000249284	1	0		0		0		0		896	0	0.0	0	0.0	0	0.0	0	0.0
TAS2R38	ENST00000547270	1	0		0		0		1	1	1022	0	0.0	0	0.0	0	0.0	1022	100.0
TASP1	ENST00000337743	13	0		0		0		4	2,11-12,14	1523	0	0.0	0	0.0	0	0.0	540	35.5
TAT	ENST00000355962	11	0		0		0		2	6,12	1585	0	0.0	0	0.0	0	0.0	320	20.2
TBC1D1	ENST00000698857	21	0		0		0		9	2-4,8,11,15,19-20,22	4209	0	0.0	0	0.0	0	0.0	2261	53.7
TBC1D10B	ENST00000409939	9	0		0		0		1	1	2607	0	0.0	0	0.0	0	0.0	976	37.4
TBC1D20	ENST00000354200	8	0		0		0		5	2,4,6-8	1372	0	0.0	0	0.0	0	0.0	1059	77.2
TBC1D22A	ENST00000337137	13	0		0		0		7	3,5,7-10,13	1814	0	0.0	0	0.0	0	0.0	1045	57.6
TBC1D23	ENST00000394144	19	0		0		0		6	1-2,5-6,14,17	2480	0	0.0	0	0.0	0	0.0	810	32.7
TBC1D24	ENST00000646147	7	0		0		0		2	2,5	1820	0	0.0	0	0.0	0	0.0	1069	58.7
TBC1D2B	ENST00000300584	13	0		0		0		8	5-6,8-13	3152	0	0.0	0	0.0	0	0.0	2094	66.4
TBC1D31	ENST00000287380	22	0		0		0		8	1,6-7,9,14,17-19	3641	0	0.0	0	0.0	0	0.0	1340	36.8
TBC1D32	ENST00000398212	32	0		0		0		12	6,10-11,16-18,21-25,28	4414	0	0.0	0	0.0	0	0.0	1545	35.0
TBC1D4	ENST00000377636	21	0		0		0		7	1-2,10-11,14,16,21	4317	0	0.0	0	0.0	0	0.0	2215	51.3
TBC1D7	ENST00000379300	7	0		0		0		3	3,5,8	1022	0	0.0	0	0.0	0	0.0	366	35.8
TBC1D8	ENST00000409318	20	0		0		0		13	1,4-10,13-14,16,18,20	3868	0	0.0	0	0.0	0	0.0	2816	72.8
TBC1D8B	ENST00000357242	21	0		0		7	4,6,8,11,13,17,21	21	1-21	3783	0	0.0	0	0.0	1434	37.9	3783	100.0
TBCB	ENST00000221855	6	0		0		0		1	2	855	0	0.0	0	0.0	0	0.0	164	19.2
TBCCD1	ENST00000338733	6	0		0		0		3	2-3,6	1794	0	0.0	0	0.0	0	0.0	1050	58.5
TBCD	ENST00000355528	39	0		0		0		10	7,10,13,17,19-20,26,28,30,36	4359	0	0.0	0	0.0	0	0.0	1189	27.3
TBCE	ENST00000642610	16	0		0		0		3	7,9,17	1904	0	0.0	0	0.0	0	0.0	349	18.3
TBCK	ENST00000394708	25	0		0		0		5	5,7,12,16,26	3182	0	0.0	0	0.0	0	0.0	509	16.0
TBK1	ENST00000331710	20	0		0		0		4	2,4,12,16	2590	0	0.0	0	0.0	0	0.0	439	16.9
TBL1X	ENST00000645353	15	0		0		1	15	14	4-7,9-18	2034	0	0.0	0	0.0	148	7.3	1881	92.5
TBL1XR1	ENST00000457928	14	0		0		0		3	3,5,8	1825	0	0.0	0	0.0	0	0.0	405	22.2
TBL1Y	ENST00000383032	14	14	6-19	14	6-19	14	6-19	14	6-19	1849	1849	100.0	1849	100.0	1849	100.0	1849	100.0
TBL2	ENST00000305632	7	0		0		0		4	1,3-4,7	1484	0	0.0	0	0.0	0	0.0	1013	68.3
TBP	ENST00000392092	7	0		0		0		3	3,6-7	1160	0	0.0	0	0.0	0	0.0	766	66.0
TBR1	ENST00000389554	6	0		0		0		3	1,4,6	2169	0	0.0	0	0.0	0	0.0	1770	81.6
TBX1	ENST00000649276	7	0		0		0		5	1,3,5-7	1655	0	0.0	0	0.0	0	0.0	1357	82.0
TBX15	ENST00000369429	8	0		0		0		5	1-2,5-6,8	1969	0	0.0	0	0.0	0	0.0	1537	78.1
TBX18	ENST00000369663	8	0		0		0		6	1-4,6,8	1984	0	0.0	0	0.0	0	0.0	1681	84.7
TBX19	ENST00000367821	8	0		0		0		5	1-2,4,7-8	1507	0	0.0	0	0.0	0	0.0	1061	70.4
TBX2	ENST00000240328	7	0		0		0		2	1-2	2279	0	0.0	0	0.0	0	0.0	703	30.8
TBX20	ENST00000408931	8	0		0		0		5	1-3,5-6	1504	0	0.0	0	0.0	0	0.0	881	58.6
TBX21	ENST00000177694	6	0		0		0		3	1-2,5	1728	0	0.0	0	0.0	0	0.0	768	44.4
TBX22	ENST00000373296	8	0		0		1	8	8	2-9	1723	0	0.0	0	0.0	106	6.2	1723	100.0
TBX3	ENST00000349155	7	0		0		0		6	1-2,4-7	2312	0	0.0	0	0.0	0	0.0	2145	92.8
TBX4	ENST00000644296	8	0		0		0		3	3,5,9	1801	0	0.0	0	0.0	0	0.0	923	51.2
TBX5	ENST00000405440	8	0		0		0		2	4,9	1717	0	0.0	0	0.0	0	0.0	735	42.8
TBX6	ENST00000395224	8	0		0		0		3	4,8-9	1471	0	0.0	0	0.0	0	0.0	726	49.4
TBXA2R	ENST00000375190	2	0		0		0		1	3	1072	0	0.0	0	0.0	0	0.0	266	24.8
TBXAS1	ENST00000448866	13	0		0		0		4	3,5,7,9	1862	0	0.0	0	0.0	0	0.0	714	38.3
TBXT	ENST00000366876	8	0		0		0		4	2-4,8	1471	0	0.0	0	0.0	0	0.0	816	55.5
TCAP	ENST00000309889	2	0		0		0		0		544	0	0.0	0	0.0	0	0.0	0	0.0
TCEAL1	ENST00000372625	1	0		0		0		1	3	500	0	0.0	0	0.0	0	0.0	500	100.0
TCEANC	ENST00000696128	1	0		0		1	5	1	5	1076	0	0.0	0	0.0	1076	100.0	1076	100.0
TCF12	ENST00000333725	19	0		0		0		6	4,11,14-15,17-18	2501	0	0.0	0	0.0	0	0.0	763	30.5
TCF20	ENST00000677622	4	0		0		0		1	2	5963	0	0.0	0	0.0	0	0.0	5675	95.2
TCF21	ENST00000367882	2	0		0		0		2	1-2	580	0	0.0	0	0.0	0	0.0	580	100.0
TCF3	ENST00000262965	18	0		0		0		0		2325	0	0.0	0	0.0	0	0.0	0	0.0
TCF3	ENST00000588136	18	0		0		0		1	3	2316	0	0.0	0	0.0	0	0.0	93	4.0
TCF4	ENST00000354452	18	0		0		0		3	14,17-18	2376	0	0.0	0	0.0	0	0.0	530	22.3
TCF7L1	ENST00000282111	12	0		0		0		6	1-2,4-5,9,11	2007	0	0.0	0	0.0	0	0.0	886	44.1
TCF7L2	ENST00000355995	15	0		0		0		2	2-3	2160	0	0.0	0	0.0	0	0.0	232	10.7
TCHH	ENST00000614923	2	0		0		0		2	2-3	5872	0	0.0	0	0.0	0	0.0	5872	100.0
TCHHL1	ENST00000368806	2	0		0		0		2	2-3	2755	0	0.0	0	0.0	0	0.0	2755	100.0
TCIRG1	ENST00000265686	19	0		0		0		1	15	2873	0	0.0	0	0.0	0	0.0	234	8.1
TCL1A	ENST00000402399	3	0		0		0		2	1-2	405	0	0.0	0	0.0	0	0.0	337	83.2
TCL1B	ENST00000340722	3	0		0		0		2	2-3	447	0	0.0	0	0.0	0	0.0	265	59.3
TCN1	ENST00000257264	9	0		0		0		2	2,4	1482	0	0.0	0	0.0	0	0.0	376	25.4
TCN2	ENST00000215838	9	0		0		0		1	6	1464	0	0.0	0	0.0	0	0.0	207	14.1
TCOF1	ENST00000643257	26	0		0		0		7	4-6,17-18,20-21	4990	0	0.0	0	0.0	0	0.0	1197	24.0
TCP1	ENST00000321394	12	0		0		0		2	1,12	1911	0	0.0	0	0.0	0	0.0	321	16.8
TCTN1	ENST00000397659	14	0		0		0		4	1,3,6,14	2059	0	0.0	0	0.0	0	0.0	685	33.3
TCTN2	ENST00000303372	18	0		0		0		3	5,10,15	2454	0	0.0	0	0.0	0	0.0	453	18.5
TCTN3	ENST00000371217	14	0		0		0		8	1-2,4-5,9-11,14	2104	0	0.0	0	0.0	0	0.0	1340	63.7
TDO2	ENST00000536354	12	0		0		0		4	3,6,11-12	1461	0	0.0	0	0.0	0	0.0	603	41.3
TDP1	ENST00000335725	15	0		0		0		3	3,8,10	2127	0	0.0	0	0.0	0	0.0	791	37.2
TDP2	ENST00000378198	7	0		0		0		4	1-3,7	1229	0	0.0	0	0.0	0	0.0	787	64.0
TDRD6	ENST00000316081	4	0		0		0		2	1,3	6371	0	0.0	0	0.0	0	0.0	6176	96.9
TDRD7	ENST00000355295	16	0		0		0		5	4,6-7,14-15	3617	0	0.0	0	0.0	0	0.0	1733	47.9
TDRD9	ENST00000409874	36	0		0		0		5	4,8,23,26,34	4869	0	0.0	0	0.0	0	0.0	859	17.6
TEAD1	ENST00000527636	11	0		0		0		2	12-13	1501	0	0.0	0	0.0	0	0.0	307	20.5
TECPR2	ENST00000359520	19	0		0		0		10	5-6,8-12,15-17	4616	0	0.0	0	0.0	0	0.0	2993	64.8
TECR	ENST00000215567	13	0		0		0		0		1187	0	0.0	0	0.0	0	0.0	0	0.0
TECRL	ENST00000381210	12	0		0		0		4	1,3,6,12	1332	0	0.0	0	0.0	0	0.0	593	44.5
TECTA	ENST00000392793	23	0		0		0		9	6-9,12,14-16,20	6928	0	0.0	0	0.0	0	0.0	3701	53.4
TEDC1	ENST00000392523	9	0		0		0		0		1668	0	0.0	0	0.0	0	0.0	0	0.0
TEFM	ENST00000581216	4	0		0		0		3	1-2,4	1163	0	0.0	0	0.0	0	0.0	993	85.4
TEK	ENST00000380036	23	0		0		0		11	2-3,8,10,12,15-17,21-23	3835	0	0.0	0	0.0	0	0.0	2027	52.9
TEKT3	ENST00000395930	7	0		0		0		1	8	1613	0	0.0	0	0.0	0	0.0	175	10.8
TELO2	ENST00000262319	20	0		0		0		4	2,5-6,9	2914	0	0.0	0	0.0	0	0.0	803	27.6
TENM1	ENST00000422452	32	0		0		9	4,13,22-23,25,28,32-33,35	32	4-35	8839	0	0.0	0	0.0	4098	46.4	8839	100.0
TENM3	ENST00000511685	27	0		0		0		8	2,8-9,19,22,24,26,28	8640	0	0.0	0	0.0	0	0.0	4434	51.3
TENM4	ENST00000278550	30	0		0		0		14	5-7,10-12,14,21,24,28,30-32,34	8910	0	0.0	0	0.0	0	0.0	6118	68.7
TENT5A	ENST00000320172	2	0		0		0		2	2-3	1369	0	0.0	0	0.0	0	0.0	1369	100.0
TEP1	ENST00000262715	54	0		0		0		11	2,5-6,12,16,18,26,31,42,46,55	8964	0	0.0	0	0.0	0	0.0	2231	24.9
TERB1	ENST00000433154	17	0		0		0		6	7,9,12,14,17,19	2524	0	0.0	0	0.0	0	0.0	1115	44.2
TERB2	ENST00000340827	7	0		0		0		4	1,4-5,7	803	0	0.0	0	0.0	0	0.0	432	53.8
TERF2	ENST00000254942	10	0		0		0		3	1,4,7	1829	0	0.0	0	0.0	0	0.0	919	50.2
TERT	ENST00000310581	16	0		0		0		4	2,5,11,14	3719	0	0.0	0	0.0	0	0.0	1928	51.8
TET2	ENST00000380013	9	0		0		0		6	3-4,6,8,10-11	6189	0	0.0	0	0.0	0	0.0	5746	92.8
TET3	ENST00000409262	11	0		0		0		5	2,4,7,11-12	5608	0	0.0	0	0.0	0	0.0	4867	86.8
TEX11	ENST00000374333	29	0		0		4	7,13,16,29	28	2-10,12-30	3358	0	0.0	0	0.0	582	17.3	3242	96.5
TEX14	ENST00000349033	31	0		0		0		12	3-4,6-7,12,14-16,21,24,28-29	4976	0	0.0	0	0.0	0	0.0	2430	48.8
TEX15	ENST00000643185	9	0		0		0		4	6,8,10-11	9699	0	0.0	0	0.0	0	0.0	8837	91.1
TF	ENST00000402696	17	0		0		0		6	3,5,8,11-12,15	2437	0	0.0	0	0.0	0	0.0	914	37.5
TFAM	ENST00000487519	7	0		0		0		2	3,7	881	0	0.0	0	0.0	0	0.0	258	29.3
TFAP2A	ENST00000379613	7	0		0		0		3	2,6-7	1460	0	0.0	0	0.0	0	0.0	926	63.4
TFAP2B	ENST00000393655	7	0		0		0		0		1523	0	0.0	0	0.0	0	0.0	0	0.0
TFAP2E	ENST00000373235	7	0		0		0		3	2,6-7	1469	0	0.0	0	0.0	0	0.0	968	65.9
TFE3	ENST00000315869	10	0		0		3	1,3,9	10	1-10	1928	0	0.0	0	0.0	628	32.6	1928	100.0
TFG	ENST00000240851	7	0		0		0		3	3,5,8	1343	0	0.0	0	0.0	0	0.0	692	51.5
TFPI	ENST00000233156	7	0		0		0		3	2,6,8	1055	0	0.0	0	0.0	0	0.0	381	36.1
TFR2	ENST00000223051	18	0		0		0		6	5-6,8-10,13	2766	0	0.0	0	0.0	0	0.0	847	30.6
TFRC	ENST00000360110	18	0		0		0		2	5,18	2643	0	0.0	0	0.0	0	0.0	331	12.5
TG	ENST00000220616	48	0		0		0		20	1,4-5,7-11,17-21,23,26,38,40-42,47	9267	0	0.0	0	0.0	0	0.0	5229	56.4
TGDS	ENST00000261296	12	0		0		0		6	1-3,5,9-10	1293	0	0.0	0	0.0	0	0.0	710	54.9
TGFA	ENST00000295400	6	0		0		0		1	3	603	0	0.0	0	0.0	0	0.0	141	23.4
TGFB1	ENST00000221930	7	0		0		0		3	1,3,5	1313	0	0.0	0	0.0	0	0.0	681	51.9
TGFB1I1	ENST00000394863	11	0		0		0		4	4,7-8,11	1606	0	0.0	0	0.0	0	0.0	859	53.5
TGFB2	ENST00000366930	7	0		0		0		2	3-4	1385	0	0.0	0	0.0	0	0.0	284	20.5
TGFB3	ENST00000238682	7	0		0		0		4	1-3,5	1379	0	0.0	0	0.0	0	0.0	898	65.1
TGFBI	ENST00000442011	17	0		0		0		2	3,12	2392	0	0.0	0	0.0	0	0.0	236	9.9
TGFBR1	ENST00000374994	9	0		0		0		6	1,3,5,7-9	1692	0	0.0	0	0.0	0	0.0	998	59.0
TGFBR2	ENST00000295754	7	0		0		0		2	4,7	1844	0	0.0	0	0.0	0	0.0	1020	55.3
TGFBR3	ENST00000212355	16	0		0		0		4	4-5,9,13	2876	0	0.0	0	0.0	0	0.0	1040	36.2
TGIF1	ENST00000343820	3	0		0		0		2	2-3	879	0	0.0	0	0.0	0	0.0	843	95.9
TGM1	ENST00000206765	14	0		0		0		5	2,4,8,12,15	2734	0	0.0	0	0.0	0	0.0	1318	48.2
TGM2	ENST00000361475	13	0		0		0		3	3,9-10	2324	0	0.0	0	0.0	0	0.0	819	35.2
TGM3	ENST00000381458	13	0		0		0		6	3,6-10	2342	0	0.0	0	0.0	0	0.0	1333	56.9
TGM5	ENST00000220420	13	0		0		0		5	2-3,7,10-11	2423	0	0.0	0	0.0	0	0.0	1195	49.3
TGM6	ENST00000202625	13	0		0		0		7	6-10,12-13	2381	0	0.0	0	0.0	0	0.0	1434	60.2
TH	ENST00000352909	13	0		0		0		2	2,12	1754	0	0.0	0	0.0	0	0.0	396	22.6
THAP1	ENST00000254250	3	0		0		0		1	3	702	0	0.0	0	0.0	0	0.0	395	56.3
THAP11	ENST00000303596	1	0		0		0		1	1	965	0	0.0	0	0.0	0	0.0	965	100.0
THAP12	ENST00000260045	5	0		0		0		1	5	2386	0	0.0	0	0.0	0	0.0	1951	81.8
THBD	ENST00000377103	1	0		0		0		1	1	1748	0	0.0	0	0.0	0	0.0	1748	100.0
THBS1	ENST00000260356	21	0		0		0		9	3,5,8,10-11,16,18-19,21	3933	0	0.0	0	0.0	0	0.0	2175	55.3
THBS2	ENST00000617924	21	0		0		0		6	3,5-6,14,19,21	3939	0	0.0	0	0.0	0	0.0	1535	39.0
THEMIS	ENST00000368248	6	0		0		0		4	1,3-5	2046	0	0.0	0	0.0	0	0.0	1815	88.7
THG1L	ENST00000231198	6	0		0		0		2	1,6	1017	0	0.0	0	0.0	0	0.0	393	38.6
THOC1	ENST00000261600	21	0		0		0		8	5,7,11-13,16,19-20	2394	0	0.0	0	0.0	0	0.0	995	41.6
THOC2	ENST00000245838	38	0		0		6	2,12,15,25,30,36	38	1-38	5542	0	0.0	0	0.0	896	16.2	5542	100.0
THOC6	ENST00000326266	13	0		0		0		0		1286	0	0.0	0	0.0	0	0.0	0	0.0
THOP1	ENST00000307741	13	0		0		0		4	8-9,11,13	2330	0	0.0	0	0.0	0	0.0	940	40.3
THPO	ENST00000647395	5	0		0		0		2	5-6	1162	0	0.0	0	0.0	0	0.0	874	75.2
THRA	ENST00000450525	8	0		0		0		2	5-6	1393	0	0.0	0	0.0	0	0.0	394	28.3
THRB	ENST00000646209	8	0		0		0		3	7-8,10	1546	0	0.0	0	0.0	0	0.0	673	43.5
THSD1	ENST00000258613	4	0		0		0		2	3,5	2639	0	0.0	0	0.0	0	0.0	2382	90.3
THSD4	ENST00000261862	17	0		0		0		7	2,4-5,13-15,18	3397	0	0.0	0	0.0	0	0.0	1678	49.4
THUMPD1	ENST00000396083	4	0		0		0		3	1,3-4	1142	0	0.0	0	0.0	0	0.0	947	82.9
THUMPD3	ENST00000452837	9	0		0		0		0		1704	0	0.0	0	0.0	0	0.0	0	0.0
TIA1	ENST00000433529	13	0		0		1	10	4	1,6,10-11	1421	0	0.0	0	0.0	105	7.4	403	28.4
TIAL1	ENST00000436547	12	0		0		0		2	6,10	1368	0	0.0	0	0.0	0	0.0	240	17.5
TIAM1	ENST00000541036	25	0		0		0		8	4-5,8,11,13,15,27-28	5276	0	0.0	0	0.0	0	0.0	2878	54.5
TICAM1	ENST00000248244	1	0		0		0		1	2	2159	0	0.0	0	0.0	0	0.0	2159	100.0
TIE1	ENST00000372476	23	0		0		0		7	2-3,9,14,16,22-23	3877	0	0.0	0	0.0	0	0.0	1185	30.6
TIGD4	ENST00000304337	1	0		0		0		1	2	1559	0	0.0	0	0.0	0	0.0	1559	100.0
TIMELESS	ENST00000553532	28	0		0		0		5	4,7,10,13,15	4187	0	0.0	0	0.0	0	0.0	870	20.8
TIMM22	ENST00000327158	4	0		0		0		2	1,4	665	0	0.0	0	0.0	0	0.0	355	53.4
TIMM44	ENST00000270538	13	0		0		0		3	1,6,8	1619	0	0.0	0	0.0	0	0.0	338	20.9
TIMM50	ENST00000607714	11	0		0		0		4	2,4,7,10	1282	0	0.0	0	0.0	0	0.0	465	36.3
TIMM8A	ENST00000372902	2	0		0		1	1	2	1-2	334	0	0.0	0	0.0	152	45.5	334	100.0
TIMMDC1	ENST00000494664	7	0		0		0		2	4,7	998	0	0.0	0	0.0	0	0.0	259	26.0
TIMP3	ENST00000266085	5	0		0		0		1	5	736	0	0.0	0	0.0	0	0.0	218	29.6
TINF2	ENST00000267415	9	0		0		0		2	1,6	1536	0	0.0	0	0.0	0	0.0	689	44.9
TIRAP	ENST00000392679	3	0		0		0		1	4	726	0	0.0	0	0.0	0	0.0	599	82.5
TJP1	ENST00000614355	28	0		0		0		7	4,6,15,17,21,23,26	5867	0	0.0	0	0.0	0	0.0	1973	33.6
TJP2	ENST00000377245	23	0		0		0		9	4-5,8,11,15-16,19,21,23	4033	0	0.0	0	0.0	0	0.0	2038	50.5
TK2	ENST00000544898	10	0		0		0		1	2	998	0	0.0	0	0.0	0	0.0	52	5.2
TKFC	ENST00000394900	17	0		0		0		7	3-4,9,11-12,14,17	2068	0	0.0	0	0.0	0	0.0	960	46.4
TKT	ENST00000462138	14	0		0		0		1	8	2152	0	0.0	0	0.0	0	0.0	185	8.6
TLCD3B	ENST00000380495	5	0		0		0		0		925	0	0.0	0	0.0	0	0.0	0	0.0
TLE1	ENST00000376499	20	0		0		0		8	1,5,13-17,20	2713	0	0.0	0	0.0	0	0.0	1269	46.8
TLE6	ENST00000246112	16	0		0		0		5	2,7,13-15	2039	0	0.0	0	0.0	0	0.0	951	46.6
TLK2	ENST00000346027	21	0		0		0		5	4,15,20-22	2673	0	0.0	0	0.0	0	0.0	646	24.2
TLL1	ENST00000061240	21	0		0		0		8	1,4-6,8,13,16,19	3462	0	0.0	0	0.0	0	0.0	1495	43.2
TLN1	ENST00000314888	56	0		0		0		8	7,19,24,26,31,40,45-46	8746	0	0.0	0	0.0	0	0.0	1437	16.4
TLN2	ENST00000636159	56	0		0		0		20	11-12,15,18,21-22,26,32,36,38,40,44,46,48-49,54-55,57-59	8749	0	0.0	0	0.0	0	0.0	3454	39.5
TLR1	ENST00000308979	1	0		0		0		1	4	2381	0	0.0	0	0.0	0	0.0	2381	100.0
TLR2	ENST00000642700	1	0		0		0		1	3	2375	0	0.0	0	0.0	0	0.0	2375	100.0
TLR3	ENST00000296795	4	0		0		0		4	2-5	2795	0	0.0	0	0.0	0	0.0	2795	100.0
TLR4	ENST00000355622	3	0		0		0		2	1,3	2580	0	0.0	0	0.0	0	0.0	2393	92.8
TLR5	ENST00000642603	1	0		0		0		1	6	2597	0	0.0	0	0.0	0	0.0	2597	100.0
TLR7	ENST00000380659	2	0		0		1	3	2	2-3	3190	0	0.0	0	0.0	3167	99.3	3190	100.0
TLR8	ENST00000218032	2	0		0		1	2	2	1-2	3166	0	0.0	0	0.0	3143	99.3	3166	100.0
TM2D3	ENST00000333202	6	0		0		0		1	3	864	0	0.0	0	0.0	0	0.0	178	20.6
TM4SF1	ENST00000305366	5	0		0		0		1	1	709	0	0.0	0	0.0	0	0.0	197	27.8
TM4SF20	ENST00000304568	4	0		0		0		3	1,3-4	770	0	0.0	0	0.0	0	0.0	684	88.8
TM4SF4	ENST00000305354	5	0		0		0		1	4	709	0	0.0	0	0.0	0	0.0	210	29.6
TM6SF2	ENST00000389363	10	0		0		0		1	9	1334	0	0.0	0	0.0	0	0.0	140	10.5
TM9SF4	ENST00000398022	18	0		0		0		2	6,16	2289	0	0.0	0	0.0	0	0.0	284	12.4
TMC1	ENST00000297784	20	0		0		0		8	6,8-11,14,16,21	2683	0	0.0	0	0.0	0	0.0	1065	39.7
TMC6	ENST00000590602	19	0		0		0		3	10,13,17	2798	0	0.0	0	0.0	0	0.0	562	20.1
TMC7	ENST00000304381	16	0		0		0		4	2,4,7,14	2492	0	0.0	0	0.0	0	0.0	796	31.9
TMC8	ENST00000318430	15	0		0		0		3	5,9,16	2481	0	0.0	0	0.0	0	0.0	562	22.7
TMCO1	ENST00000367881	7	0		0		0		2	1,5	707	0	0.0	0	0.0	0	0.0	178	25.2
TMED7	ENST00000456936	3	0		0		0		2	1,3	735	0	0.0	0	0.0	0	0.0	469	63.8
TMEFF1	ENST00000374879	10	0		0		0		2	2,10	1343	0	0.0	0	0.0	0	0.0	235	17.5
TMEM106B	ENST00000396668	7	0		0		0		2	5,8	965	0	0.0	0	0.0	0	0.0	320	33.2
TMEM107	ENST00000437139	5	0		0		0		1	4	523	0	0.0	0	0.0	0	0.0	117	22.4
TMEM114	ENST00000620492	4	0		0		0		1	4	752	0	0.0	0	0.0	0	0.0	253	33.6
TMEM126A	ENST00000304511	4	0		0		0		3	2-3,5	668	0	0.0	0	0.0	0	0.0	533	79.8
TMEM126B	ENST00000358867	5	0		0		0		1	3	793	0	0.0	0	0.0	0	0.0	214	27.0
TMEM127	ENST00000258439	3	0		0		0		1	4	777	0	0.0	0	0.0	0	0.0	328	42.2
TMEM132B	ENST00000682704	9	0		0		0		5	2,4,7-9	3432	0	0.0	0	0.0	0	0.0	2788	81.2
TMEM132D	ENST00000422113	9	0		0		0		5	2,4-6,9	3480	0	0.0	0	0.0	0	0.0	2708	77.8
TMEM132E	ENST00000631683	9	0		0		0		5	2,4,7-9	3405	0	0.0	0	0.0	0	0.0	2761	81.1
TMEM135	ENST00000305494	15	0		0		0		6	3-4,7,11-12,14	1677	0	0.0	0	0.0	0	0.0	498	29.7
TMEM138	ENST00000278826	4	0		0		0		1	2	569	0	0.0	0	0.0	0	0.0	148	26.0
TMEM139	ENST00000359333	2	0		0		0		0		691	0	0.0	0	0.0	0	0.0	0	0.0
TMEM147	ENST00000222284	7	0		0		0		0		815	0	0.0	0	0.0	0	0.0	0	0.0
TMEM151A	ENST00000327259	2	0		0		0		1	2	1447	0	0.0	0	0.0	0	0.0	1352	93.4
TMEM161B	ENST00000296595	12	0		0		0		5	1,6,8-9,12	1704	0	0.0	0	0.0	0	0.0	788	46.2
TMEM163	ENST00000281924	8	0		0		0		3	6-8	1030	0	0.0	0	0.0	0	0.0	375	36.4
TMEM165	ENST00000381334	6	0		0		0		2	1,3	1095	0	0.0	0	0.0	0	0.0	423	38.6
TMEM167A	ENST00000502346	4	0		0		0		0		299	0	0.0	0	0.0	0	0.0	0	0.0
TMEM216	ENST00000515837	5	0		0		0		3	1-2,5	538	0	0.0	0	0.0	0	0.0	203	37.7
TMEM218	ENST00000682305	3	0		0		0		1	3	408	0	0.0	0	0.0	0	0.0	130	31.9
TMEM222	ENST00000374076	6	0		0		0		1	1	747	0	0.0	0	0.0	0	0.0	214	28.6
TMEM229B	ENST00000554480	1	0		0		0		1	3	524	0	0.0	0	0.0	0	0.0	524	100.0
TMEM230	ENST00000202834	3	0		0		0		0		423	0	0.0	0	0.0	0	0.0	0	0.0
TMEM231	ENST00000258173	7	0		0		0		4	1-4	1091	0	0.0	0	0.0	0	0.0	662	60.7
TMEM237	ENST00000409883	13	0		0		0		4	4,6,10,12	1487	0	0.0	0	0.0	0	0.0	454	30.5
TMEM240	ENST00000378733	4	0		0		0		1	4	602	0	0.0	0	0.0	0	0.0	169	28.1
TMEM260	ENST00000261556	16	0		0		0		9	4,6-9,11-13,16	2444	0	0.0	0	0.0	0	0.0	1531	62.6
TMEM38B	ENST00000374692	6	0		0		0		3	1,5-6	996	0	0.0	0	0.0	0	0.0	506	50.8
TMEM43	ENST00000306077	12	0		0		0		4	3,5,8,12	1443	0	0.0	0	0.0	0	0.0	590	40.9
TMEM45A	ENST00000323523	5	0		0		0		2	2,4	928	0	0.0	0	0.0	0	0.0	415	44.7
TMEM53	ENST00000372237	3	0		0		0		1	3	894	0	0.0	0	0.0	0	0.0	671	75.1
TMEM61	ENST00000371268	3	0		0		0		2	2-3	693	0	0.0	0	0.0	0	0.0	658	94.9
TMEM63A	ENST00000366835	22	0		0		0		3	6,14,19	2864	0	0.0	0	0.0	0	0.0	399	13.9
TMEM63B	ENST00000323267	23	0		0		0		2	12,22	2959	0	0.0	0	0.0	0	0.0	280	9.5
TMEM63C	ENST00000298351	22	0		0		0		4	3,9,11,22	2861	0	0.0	0	0.0	0	0.0	530	18.5
TMEM65	ENST00000297632	7	0		0		0		3	1,4,7	863	0	0.0	0	0.0	0	0.0	521	60.4
TMEM67	ENST00000453321	28	0		0		0		12	1,3,6,8-9,13,15-16,18,24-25,27	3548	0	0.0	0	0.0	0	0.0	1628	45.9
TMEM68	ENST00000434581	6	0		0		0		4	3,5-7	1095	0	0.0	0	0.0	0	0.0	800	73.1
TMEM70	ENST00000312184	3	0		0		0		2	1,3	843	0	0.0	0	0.0	0	0.0	717	85.1
TMEM92	ENST00000507382	5	0		0		0		1	3	580	0	0.0	0	0.0	0	0.0	95	16.4
TMEM94	ENST00000314256	31	0		0		0		4	3,5,16,21	4691	0	0.0	0	0.0	0	0.0	627	13.4
TMEM98	ENST00000579849	6	0		0		0		1	6	801	0	0.0	0	0.0	0	0.0	136	17.0
TMIE	ENST00000643606	4	0		0		0		0		551	0	0.0	0	0.0	0	0.0	0	0.0
TMLHE	ENST00000334398	7	0		0		0		7	2-8	1406	0	0.0	0	0.0	0	0.0	1406	100.0
TMOD1	ENST00000259365	9	0		0		0		1	8	1260	0	0.0	0	0.0	0	0.0	164	13.0
TMPO	ENST00000556029	9	0		0		0		2	1,8	1545	0	0.0	0	0.0	0	0.0	408	26.4
TMPRSS15	ENST00000284885	25	0		0		0		9	3,7,10,12-13,15,17-18,20	3560	0	0.0	0	0.0	0	0.0	1214	34.1
TMPRSS3	ENST00000644384	12	0		0		0		4	3-4,6,12	1602	0	0.0	0	0.0	0	0.0	587	36.6
TMPRSS4	ENST00000437212	13	0		0		0		1	7	1574	0	0.0	0	0.0	0	0.0	61	3.9
TMPRSS5	ENST00000299882	13	0		0		0		1	5	1634	0	0.0	0	0.0	0	0.0	156	9.5
TMPRSS6	ENST00000676104	17	0		0		0		1	17	2749	0	0.0	0	0.0	0	0.0	157	5.7
TMPRSS7	ENST00000452346	18	0		0		0		6	5-7,10,15-16	2892	0	0.0	0	0.0	0	0.0	1130	39.1
TMPRSS9	ENST00000696167	18	0		0		0		6	4-6,9,13,15	3642	0	0.0	0	0.0	0	0.0	1347	37.0
TMTC2	ENST00000321196	12	0		0		0		3	3,10,12	2751	0	0.0	0	0.0	0	0.0	1184	43.0
TMTC3	ENST00000266712	13	0		0		0		8	3-4,6,9-10,12-14	3005	0	0.0	0	0.0	0	0.0	2094	69.7
TMTC4	ENST00000342624	18	0		0		0		3	4,11,18	2643	0	0.0	0	0.0	0	0.0	418	15.8
TMX2	ENST00000278422	8	0		0		0		2	1,7	1051	0	0.0	0	0.0	0	0.0	359	34.2
TNC	ENST00000350763	27	0		0		0		11	2-4,6,11,13,16-17,20,25,27	7146	0	0.0	0	0.0	0	0.0	3981	55.7
TNF	ENST00000449264	4	0		0		0		1	4	782	0	0.0	0	0.0	0	0.0	442	56.5
TNFAIP3	ENST00000612899	8	0		0		0		4	5-7,9	2533	0	0.0	0	0.0	0	0.0	1637	64.6
TNFRSF10B	ENST00000276431	9	0		0		0		2	7,9	1503	0	0.0	0	0.0	0	0.0	510	33.9
TNFRSF11A	ENST00000586569	10	0		0		0		5	4,6-7,9-10	2051	0	0.0	0	0.0	0	0.0	1521	74.2
TNFRSF11B	ENST00000297350	5	0		0		0		3	1-2,5	1306	0	0.0	0	0.0	0	0.0	849	65.0
TNFRSF13B	ENST00000261652	5	0		0		0		1	1	982	0	0.0	0	0.0	0	0.0	81	8.2
TNFRSF13C	ENST00000291232	3	0		0		0		0		615	0	0.0	0	0.0	0	0.0	0	0.0
TNFRSF1A	ENST00000162749	10	0		0		0		1	10	1568	0	0.0	0	0.0	0	0.0	331	21.1
TNFRSF21	ENST00000296861	6	0		0		0		5	1-5	2088	0	0.0	0	0.0	0	0.0	1838	88.0
TNFRSF4	ENST00000379236	7	0		0		0		0		974	0	0.0	0	0.0	0	0.0	0	0.0
TNFRSF9	ENST00000377507	7	0		0		0		1	5	908	0	0.0	0	0.0	0	0.0	87	9.6
TNFSF11	ENST00000398795	5	0		0		0		1	5	1054	0	0.0	0	0.0	0	0.0	442	41.9
TNFSF12	ENST00000293825	7	0		0		0		1	7	890	0	0.0	0	0.0	0	0.0	272	30.6
TNFSF13	ENST00000338784	6	0		0		0		1	4	873	0	0.0	0	0.0	0	0.0	139	15.9
TNFSF4	ENST00000281834	3	0		0		0		1	3	612	0	0.0	0	0.0	0	0.0	370	60.5
TNFSF9	ENST00000245817	3	0		0		0		1	3	825	0	0.0	0	0.0	0	0.0	487	59.0
TNIK	ENST00000436636	33	0		0		0		5	7,12-13,24,33	4743	0	0.0	0	0.0	0	0.0	796	16.8
TNIP1	ENST00000521591	17	0		0		0		6	2,4-5,10-11,13	2251	0	0.0	0	0.0	0	0.0	750	33.3
TNIP2	ENST00000315423	6	0		0		0		5	1,3-6	1410	0	0.0	0	0.0	0	0.0	1099	77.9
TNIP3	ENST00000057513	11	0		0		0		3	2-4	1198	0	0.0	0	0.0	0	0.0	357	29.8
TNK2	ENST00000672887	15	0		0		0		4	4-5,9,16	3468	0	0.0	0	0.0	0	0.0	557	16.1
TNNC1	ENST00000232975	6	0		0		0		1	4	606	0	0.0	0	0.0	0	0.0	135	22.3
TNNC2	ENST00000372555	6	0		0		0		2	2,4	603	0	0.0	0	0.0	0	0.0	207	34.3
TNNI1	ENST00000361379	7	0		0		0		1	5	704	0	0.0	0	0.0	0	0.0	152	21.6
TNNI2	ENST00000381911	7	0		0		0		0		689	0	0.0	0	0.0	0	0.0	0	0.0
TNNI3	ENST00000344887	8	0		0		0		1	5	793	0	0.0	0	0.0	0	0.0	152	19.2
TNNI3K	ENST00000326637	25	0		0		0		6	3,5,9,14-15,24	3008	0	0.0	0	0.0	0	0.0	653	21.7
TNNT1	ENST00000588981	13	0		0		0		4	8-9,11-12	1097	0	0.0	0	0.0	0	0.0	524	47.8
TNNT2	ENST00000656932	16	0		0		1	4	3	4,10,12	1217	0	0.0	0	0.0	35	2.9	303	24.9
TNNT3	ENST00000278317	15	0		0		0		0		1077	0	0.0	0	0.0	0	0.0	0	0.0
TNPO1	ENST00000337273	24	0		0		0		10	1-3,8,11,15,17,19,23-24	3177	0	0.0	0	0.0	0	0.0	1225	38.6
TNPO2	ENST00000425528	23	0		0		0		9	5,7-8,12,14,18,23-25	3154	0	0.0	0	0.0	0	0.0	1380	43.8
TNPO3	ENST00000265388	22	0		0		0		6	2,5,8,10,12,18	3212	0	0.0	0	0.0	0	0.0	991	30.9
TNR	ENST00000367674	21	0		0		0		10	3-5,8-9,12,14,17,19,21	4497	0	0.0	0	0.0	0	0.0	2758	61.3
TNRC6A	ENST00000395799	25	0		0		0		8	1,5-6,8,19,23-25	6389	0	0.0	0	0.0	0	0.0	4099	64.2
TNRC6B	ENST00000454349	23	0		0		0		8	4-5,7,10,14-15,19,23	5962	0	0.0	0	0.0	0	0.0	3940	66.1
TNS1	ENST00000682258	33	0		0		0		5	19,21,24-26	6180	0	0.0	0	0.0	0	0.0	3043	49.2
TNS2	ENST00000314250	29	0		0		0		5	9-10,18,26,29	4810	0	0.0	0	0.0	0	0.0	1808	37.6
TNXB	ENST00000644971	43	0		0		0		15	2-4,6,11,13-15,19,29,33-34,37,40,43	13595	0	0.0	0	0.0	0	0.0	5665	41.7
TOB2	ENST00000327492	1	0		0		0		1	2	1055	0	0.0	0	0.0	0	0.0	1055	100.0
TOE1	ENST00000372090	8	0		0		0		1	8	1693	0	0.0	0	0.0	0	0.0	641	37.9
TOGARAM1	ENST00000361462	20	0		0		1	10	12	1-2,5-7,9-11,13,15,17,20	5722	0	0.0	0	0.0	174	3.0	4340	75.8
TOGARAM2	ENST00000379558	19	0		0		0		6	4,6,10-12,18	3440	0	0.0	0	0.0	0	0.0	1238	36.0
TOM1	ENST00000449058	15	0		0		0		5	2,6-7,11,15	1779	0	0.0	0	0.0	0	0.0	725	40.8
TOM1L2	ENST00000379504	15	0		0		0		2	6-7	1824	0	0.0	0	0.0	0	0.0	316	17.3
TOMM7	ENST00000358435	3	0		0		0		1	1	228	0	0.0	0	0.0	0	0.0	123	53.9
TOMM70	ENST00000284320	12	0		0		0		4	1,3,5-6	2067	0	0.0	0	0.0	0	0.0	888	43.0
TONSL	ENST00000409379	26	0		0		0		2	7-8	4657	0	0.0	0	0.0	0	0.0	301	6.5
TOP1	ENST00000361337	21	0		0		0		5	6,13-14,16,20	2718	0	0.0	0	0.0	0	0.0	704	25.9
TOP1MT	ENST00000329245	14	0		0		0		6	4-5,7-9,13	2086	0	0.0	0	0.0	0	0.0	980	47.0
TOP2A	ENST00000423485	35	0		0		0		11	1-3,8,14,16,19-20,22,30-31	5296	0	0.0	0	0.0	0	0.0	1566	29.6
TOP2B	ENST00000264331	36	0		0		0		14	2-3,6,10,13,15,18,25-26,28,30-32,34	5601	0	0.0	0	0.0	0	0.0	2141	38.2
TOP3A	ENST00000321105	19	0		0		0		8	1,5,7,10,12,15,18-19	3386	0	0.0	0	0.0	0	0.0	1917	56.6
TOP3B	ENST00000357179	17	0		0		0		8	3-4,7-8,13-15,17	2929	0	0.0	0	0.0	0	0.0	1325	45.2
TOP6BL	ENST00000540737	14	0		0		0		2	2,14	1816	0	0.0	0	0.0	0	0.0	286	15.7
TOPBP1	ENST00000260810	27	0		0		0		9	7-12,19,23,26	5109	0	0.0	0	0.0	0	0.0	1764	34.5
TOPORS	ENST00000360538	3	0		0		0		3	1-3	3198	0	0.0	0	0.0	0	0.0	3198	100.0
TOR1A	ENST00000351698	5	0		0		0		3	2-3,5	1099	0	0.0	0	0.0	0	0.0	753	68.5
TOR1AIP1	ENST00000606911	10	0		0		0		5	1,6,8-10	1952	0	0.0	0	0.0	0	0.0	1546	79.2
TOR1AIP2	ENST00000609928	4	0		0		0		2	4,7	1493	0	0.0	0	0.0	0	0.0	832	55.7
TP53	ENST00000269305	10	0		0		0		0		1382	0	0.0	0	0.0	0	0.0	0	0.0
TP53INP1	ENST00000342697	3	0		0		0		3	2-4	783	0	0.0	0	0.0	0	0.0	783	100.0
TP53RK	ENST00000372114	2	0		0		0		2	1-2	802	0	0.0	0	0.0	0	0.0	802	100.0
TP53TG5	ENST00000372726	5	0		0		0		1	3	973	0	0.0	0	0.0	0	0.0	151	15.5
TP63	ENST00000264731	14	0		0		0		2	2-3	2323	0	0.0	0	0.0	0	0.0	302	13.0
TP63	ENST00000354600	12	0		0		0		2	2,12	2001	0	0.0	0	0.0	0	0.0	592	29.6
TP73	ENST00000378295	13	0		0		0		0		2171	0	0.0	0	0.0	0	0.0	0	0.0
TPCN2	ENST00000294309	25	0		0		0		6	3,6,10,12,15-16	2759	0	0.0	0	0.0	0	0.0	640	23.2
TPH2	ENST00000333850	11	0		0		0		8	1,3,5-10	1693	0	0.0	0	0.0	0	0.0	1207	71.3
TPI1	ENST00000396705	7	0		0		0		1	6	890	0	0.0	0	0.0	0	0.0	108	12.1
TPK1	ENST00000360057	8	0		0		0		2	2,9	892	0	0.0	0	0.0	0	0.0	202	22.6
TPM1	ENST00000403994	10	0		0		0		3	3-5	1055	0	0.0	0	0.0	0	0.0	383	36.3
TPM2	ENST00000645482	9	0		0		0		0		1035	0	0.0	0	0.0	0	0.0	0	0.0
TPM3	ENST00000651641	10	0		0		0		1	6	1058	0	0.0	0	0.0	0	0.0	96	9.1
TPM4	ENST00000643579	8	0		0		0		2	1-2	907	0	0.0	0	0.0	0	0.0	306	33.7
TPMT	ENST00000309983	8	0		0		0		4	4,6,8-9	898	0	0.0	0	0.0	0	0.0	446	49.7
TPO	ENST00000329066	16	0		0		0		10	3-4,6,8-9,11-15	3122	0	0.0	0	0.0	0	0.0	2213	70.9
TPP1	ENST00000299427	13	0		0		0		0		1952	0	0.0	0	0.0	0	0.0	0	0.0
TPP2	ENST00000376052	30	0		0		0		10	6,9,20,22,25-30	4389	0	0.0	0	0.0	0	0.0	1632	37.2
TPR	ENST00000367478	51	0		1	40	1	40	17	1,10-11,17,19,22,26,30-33,36-37,40,43,45-46	8112	0	0.0	221	2.7	221	2.7	3115	38.4
TPRKB	ENST00000272424	4	0		0		0		3	2-4	608	0	0.0	0	0.0	0	0.0	501	82.4
TPRN	ENST00000409012	4	0		0		0		1	1	2216	0	0.0	0	0.0	0	0.0	1745	78.7
TPTE2	ENST00000697147	20	0		0		0		6	9,11,14,17-18,22	1969	0	0.0	0	0.0	0	0.0	657	33.4
TRA2B	ENST00000453386	9	0		0		0		1	2	1047	0	0.0	0	0.0	0	0.0	154	14.7
TRAF3	ENST00000392745	10	0		0		1	7	2	7,12	1907	0	0.0	0	0.0	101	5.3	693	36.3
TRAF3IP2	ENST00000368761	8	0		0		0		2	2,7	1858	0	0.0	0	0.0	0	0.0	986	53.1
TRAF5	ENST00000261464	10	0		0		0		3	2,9,11	1874	0	0.0	0	0.0	0	0.0	994	53.0
TRAF6	ENST00000526995	6	0		0		0		2	3,7	1689	0	0.0	0	0.0	0	0.0	1004	59.4
TRAF7	ENST00000326181	20	0		0		0		0		2413	0	0.0	0	0.0	0	0.0	0	0.0
TRAIP	ENST00000331456	15	0		0		0		5	2,8-11	1710	0	0.0	0	0.0	0	0.0	578	33.8
TRAK1	ENST00000327628	16	0		0		0		5	4,8,12-13,16	3182	0	0.0	0	0.0	0	0.0	1698	53.4
TRANK1	ENST00000645898	24	0		0		0		13	5,9-15,17-18,21-23	9390	0	0.0	0	0.0	0	0.0	7897	84.1
TRAP1	ENST00000246957	18	0		0		0		8	2,4,6-8,10,13,16	2475	0	0.0	0	0.0	0	0.0	1258	50.8
TRAPPC10	ENST00000291574	23	0		0		0		9	3-4,7-8,11,14,16-17,21	4240	0	0.0	0	0.0	0	0.0	2082	49.1
TRAPPC11	ENST00000334690	29	0		0		0		8	4-5,7,11,18,22-24	3982	0	0.0	0	0.0	0	0.0	953	23.9
TRAPPC12	ENST00000324266	11	0		0		0		5	2,4,7,10,12	2428	0	0.0	0	0.0	0	0.0	1678	69.1
TRAPPC14	ENST00000316937	11	0		0		0		0		1963	0	0.0	0	0.0	0	0.0	0	0.0
TRAPPC2	ENST00000380579	4	0		0		0		4	3-6	503	0	0.0	0	0.0	0	0.0	503	100.0
TRAPPC2L	ENST00000696289	5	0		0		0		2	3-4	520	0	0.0	0	0.0	0	0.0	208	40.0
TRAPPC4	ENST00000533632	5	0		0		0		3	1-2,5	760	0	0.0	0	0.0	0	0.0	489	64.3
TRAPPC6A	ENST00000585934	6	0		0		0		1	1	600	0	0.0	0	0.0	0	0.0	104	17.3
TRAPPC6B	ENST00000330149	6	0		0		0		1	3	597	0	0.0	0	0.0	0	0.0	138	23.1
TRAPPC9	ENST00000438773	22	0		0		0		7	2,11,14,16,20-22	3887	0	0.0	0	0.0	0	0.0	1625	41.8
TRDN	ENST00000334268	41	0		0		0		6	11,23,26,32-33,36	3010	0	0.0	0	0.0	0	0.0	363	12.1
TRDN	ENST00000546248	8	0		0		0		1	7	1021	0	0.0	0	0.0	0	0.0	80	7.8
TREH	ENST00000264029	15	0		0		0		3	8,10-11	2052	0	0.0	0	0.0	0	0.0	596	29.0
TREM2	ENST00000373113	5	0		0		0		2	2,4	793	0	0.0	0	0.0	0	0.0	585	73.8
TRERF1	ENST00000695948	14	0		0		0		9	5,8-12,14,16-17	3919	0	0.0	0	0.0	0	0.0	3106	79.3
TREX1	ENST00000625293	1	0		0		0		1	2	965	0	0.0	0	0.0	0	0.0	965	100.0
TRH	ENST00000302649	2	0		0		0		1	2	769	0	0.0	0	0.0	0	0.0	231	30.0
TRHDE	ENST00000261180	19	0		0		0		9	1,4,6,11-12,15-17,19	3590	0	0.0	0	0.0	0	0.0	2138	59.6
TRHR	ENST00000518632	2	0		0		0		2	2-3	1237	0	0.0	0	0.0	0	0.0	1237	100.0
TRIB1	ENST00000311922	3	0		0		0		3	1-3	1179	0	0.0	0	0.0	0	0.0	1179	100.0
TRIB3	ENST00000217233	3	0		0		0		1	4	1137	0	0.0	0	0.0	0	0.0	513	45.1
TRIM2	ENST00000338700	12	0		0		0		4	3-4,6,8	2556	0	0.0	0	0.0	0	0.0	1362	53.3
TRIM22	ENST00000379965	7	0		0		0		1	8	1637	0	0.0	0	0.0	0	0.0	616	37.6
TRIM23	ENST00000231524	11	0		0		0		5	1-2,4,6,9	1945	0	0.0	0	0.0	0	0.0	950	48.8
TRIM24	ENST00000343526	19	0		0		0		6	1,4-5,8,15,18	3533	0	0.0	0	0.0	0	0.0	1331	37.7
TRIM28	ENST00000253024	17	0		0		0		4	2,4-5,12	2848	0	0.0	0	0.0	0	0.0	699	24.5
TRIM29	ENST00000341846	9	0		0		0		2	1,7	1947	0	0.0	0	0.0	0	0.0	943	48.4
TRIM3	ENST00000345851	11	0		0		0		3	2,6,9	2455	0	0.0	0	0.0	0	0.0	1093	44.5
TRIM32	ENST00000450136	1	0		0		0		1	2	1982	0	0.0	0	0.0	0	0.0	1982	100.0
TRIM33	ENST00000358465	20	0		0		0		7	1,5,8-9,13,15,18	3784	0	0.0	0	0.0	0	0.0	1743	46.1
TRIM36	ENST00000513154	10	0		0		0		4	1,4,7,10	2351	0	0.0	0	0.0	0	0.0	734	31.2
TRIM37	ENST00000262294	24	0		0		0		8	3-4,14-15,17,19-20,24	3375	0	0.0	0	0.0	0	0.0	1256	37.2
TRIM44	ENST00000299413	5	0		0		0		0		1135	0	0.0	0	0.0	0	0.0	0	0.0
TRIM47	ENST00000254816	6	0		0		0		4	1,3,5-6	2037	0	0.0	0	0.0	0	0.0	1702	83.6
TRIM50	ENST00000333149	6	0		0		0		3	2,6-7	1584	0	0.0	0	0.0	0	0.0	1174	74.1
TRIM54	ENST00000380075	8	0		0		0		1	5	1237	0	0.0	0	0.0	0	0.0	254	20.5
TRIM63	ENST00000374272	9	0		0		0		1	3	1242	0	0.0	0	0.0	0	0.0	189	15.2
TRIM66	ENST00000646038	21	0		0		0		8	6,8,14-15,17-18,20,24	4599	0	0.0	0	0.0	0	0.0	2472	53.8
TRIM69	ENST00000329464	7	0		0		0		3	2,4-5	1643	0	0.0	0	0.0	0	0.0	794	48.3
TRIM71	ENST00000383763	4	0		0		0		2	1,4	2687	0	0.0	0	0.0	0	0.0	2344	87.2
TRIM8	ENST00000643721	6	0		0		0		3	1,3,6	1776	0	0.0	0	0.0	0	0.0	1472	82.9
TRIO	ENST00000344204	57	0		0		0		21	1,4-5,7,9,11-13,15,26,30,34-36,40,46,48-49,52,55,57	10434	0	0.0	0	0.0	0	0.0	5627	53.9
TRIOBP	ENST00000644935	21	0		0		0		7	7,16-19,21,23	7518	0	0.0	0	0.0	0	0.0	4623	61.5
TRIP11	ENST00000267622	21	0		0		0		8	1,5,10-11,13,17,20-21	6360	0	0.0	0	0.0	0	0.0	4253	66.9
TRIP12	ENST00000675903	41	0		0		0		14	3-4,9-10,13-15,21-22,26-27,33,36,39	7024	0	0.0	0	0.0	0	0.0	2851	40.6
TRIP13	ENST00000166345	13	0		0		0		4	2,8,11-12	1559	0	0.0	0	0.0	0	0.0	516	33.1
TRIP4	ENST00000261884	13	0		0		0		4	1-2,6,10	2006	0	0.0	0	0.0	0	0.0	606	30.2
TRIT1	ENST00000316891	11	0		0		0		1	7	1624	0	0.0	0	0.0	0	0.0	133	8.2
TRMT1	ENST00000357720	16	0		0		0		3	2,4-5	2300	0	0.0	0	0.0	0	0.0	645	28.0
TRMT10A	ENST00000394876	7	0		0		0		3	2-3,5	1160	0	0.0	0	0.0	0	0.0	483	41.6
TRMT10C	ENST00000309922	1	0		0		0		1	2	1232	0	0.0	0	0.0	0	0.0	1232	100.0
TRMT44	ENST00000389737	11	0		0		0		3	1,9-10	2494	0	0.0	0	0.0	0	0.0	1229	49.3
TRMT5	ENST00000261249	5	0		0		0		2	3-4	1630	0	0.0	0	0.0	0	0.0	817	50.1
TRMU	ENST00000645190	11	0		0		0		4	4,7-9	1486	0	0.0	0	0.0	0	0.0	516	34.7
TRNT1	ENST00000251607	7	0		0		0		4	4-7	1445	0	0.0	0	0.0	0	0.0	794	54.9
TRPA1	ENST00000262209	27	0		0		0		7	2,4,8-9,20,26-27	3900	0	0.0	0	0.0	0	0.0	953	24.4
TRPC3	ENST00000379645	12	0		0		0		7	1-2,6-9,12	3006	0	0.0	0	0.0	0	0.0	2175	72.4
TRPC4AP	ENST00000252015	19	0		0		0		6	1,4,6,10,14-15	2774	0	0.0	0	0.0	0	0.0	839	30.2
TRPC5	ENST00000262839	10	0		0		3	2-3,11	10	2-11	3122	0	0.0	0	0.0	1650	52.9	3122	100.0
TRPC6	ENST00000344327	13	0		0		0		8	1-2,5,7-10,12	3056	0	0.0	0	0.0	0	0.0	2138	70.0
TRPM1	ENST00000256552	27	0		0		0		8	5,7,13,15,18,25-26,28	5418	0	0.0	0	0.0	0	0.0	2648	48.9
TRPM3	ENST00000677713	26	0		0		0		8	1,3-4,16-18,20,26	5680	0	0.0	0	0.0	0	0.0	3025	53.3
TRPM4	ENST00000252826	25	0		0		0		5	6,8,17,20-21	4145	0	0.0	0	0.0	0	0.0	1286	31.0
TRPM6	ENST00000360774	39	0		0		0		10	1,15,17,21,23,25-26,34,37,39	6849	0	0.0	0	0.0	0	0.0	2664	38.9
TRPM7	ENST00000646667	39	0		0		0		12	2,9,11,13,20-21,25-26,31-32,35,39	6378	0	0.0	0	0.0	0	0.0	2147	33.7
TRPS1	ENST00000395715	6	0		0		0		5	3-7	4005	0	0.0	0	0.0	0	0.0	3948	98.6
TRPV1	ENST00000572705	15	0		0		0		7	4,7-10,12,15	2820	0	0.0	0	0.0	0	0.0	1332	47.2
TRPV3	ENST00000576742	17	0		0		0		3	3,8,15	2713	0	0.0	0	0.0	0	0.0	721	26.6
TRPV4	ENST00000261740	15	0		0		0		7	2,4,6-8,14,16	2916	0	0.0	0	0.0	0	0.0	1603	55.0
TRPV5	ENST00000265310	15	0		0		0		4	2,10,14-15	2490	0	0.0	0	0.0	0	0.0	657	26.4
TRPV6	ENST00000359396	15	0		0		0		1	13	2598	0	0.0	0	0.0	0	0.0	289	11.1
TRRAP	ENST00000456197	72	0		0		0		30	3,6,10,19-20,24-25,30,34,36-38,41-43,45,47-49,52,57,59,61,66-70,72-73	13062	0	0.0	0	0.0	0	0.0	5942	45.5
TSBP1	ENST00000533191	26	0		0		0		1	15	2206	0	0.0	0	0.0	0	0.0	41	1.9
TSC1	ENST00000298552	21	0		0		0		4	15-17,23	3915	0	0.0	0	0.0	0	0.0	1370	35.0
TSC2	ENST00000219476	41	0		0		0		5	5,19,24,27-28	6244	0	0.0	0	0.0	0	0.0	817	13.1
TSEN15	ENST00000645668	5	0		0		0		1	1	616	0	0.0	0	0.0	0	0.0	155	25.2
TSEN2	ENST00000284995	11	0		0		0		4	3,5,8-9	1618	0	0.0	0	0.0	0	0.0	861	53.2
TSEN34	ENST00000396388	4	0		0		0		1	2	1013	0	0.0	0	0.0	0	0.0	264	26.1
TSEN54	ENST00000333213	11	0		0		0		4	7-8,10-11	1801	0	0.0	0	0.0	0	0.0	1079	59.9
TSFM	ENST00000652027	6	0		0		0		3	2-3,5	1098	0	0.0	0	0.0	0	0.0	451	41.1
TSG101	ENST00000251968	10	0		0		0		1	9	1373	0	0.0	0	0.0	0	0.0	260	18.9
TSGA10	ENST00000393483	16	0		0		0		6	7,10-11,14,17,21	2417	0	0.0	0	0.0	0	0.0	951	39.3
TSHB	ENST00000256592	2	0		0		0		0		457	0	0.0	0	0.0	0	0.0	0	0.0
TSHR	ENST00000298171	10	0		0		0		4	1,3,6,10	2495	0	0.0	0	0.0	0	0.0	1817	72.8
TSHZ1	ENST00000580243	2	0		0		0		1	2	3274	0	0.0	0	0.0	0	0.0	3214	98.2
TSHZ3	ENST00000240587	2	0		0		0		2	1-2	3286	0	0.0	0	0.0	0	0.0	3286	100.0
TSLP	ENST00000344895	4	0		0		0		2	2,4	560	0	0.0	0	0.0	0	0.0	214	38.2
TSNARE1	ENST00000524325	12	0		0		0		2	4,12	1782	0	0.0	0	0.0	0	0.0	630	35.4
TSPAN12	ENST00000222747	7	0		0		0		2	3,5	1058	0	0.0	0	0.0	0	0.0	198	18.7
TSPAN18	ENST00000520358	7	0		0		0		0		887	0	0.0	0	0.0	0	0.0	0	0.0
TSPAN2	ENST00000369516	8	0		0		0		2	4-5	826	0	0.0	0	0.0	0	0.0	214	25.9
TSPAN4	ENST00000397397	7	0		0		0		2	3-4	857	0	0.0	0	0.0	0	0.0	295	34.4
TSPAN5	ENST00000305798	8	0		0		0		1	1	967	0	0.0	0	0.0	0	0.0	101	10.4
TSPAN7	ENST00000378482	7	0		0		0		7	1-7	890	0	0.0	0	0.0	0	0.0	890	100.0
TSPEAR	ENST00000323084	12	0		0		0		8	2-6,8-9,11	2250	0	0.0	0	0.0	0	0.0	1519	67.5
TSPOAP1	ENST00000343736	31	0		0		0		11	2,4-5,10,13,15-17,19,22,30	6194	0	0.0	0	0.0	0	0.0	3396	54.8
TSPYL1	ENST00000368608	1	0		0		0		1	1	1334	0	0.0	0	0.0	0	0.0	1334	100.0
TSR1	ENST00000301364	15	0		0		0		2	5,10	2715	0	0.0	0	0.0	0	0.0	576	21.2
TSR2	ENST00000375151	5	0		0		0		5	1-5	676	0	0.0	0	0.0	0	0.0	676	100.0
TSSC4	ENST00000333256	1	0		0		0		0		1010	0	0.0	0	0.0	0	0.0	0	0.0
TTBK2	ENST00000267890	14	0		0		0		6	5-6,9,13-15	4015	0	0.0	0	0.0	0	0.0	2818	70.2
TTC12	ENST00000529221	21	0		0		0		7	7,11-13,17,21-22	2538	0	0.0	0	0.0	0	0.0	929	36.6
TTC19	ENST00000261647	10	0		0		0		3	1-2,4	1343	0	0.0	0	0.0	0	0.0	411	30.6
TTC21A	ENST00000683103	29	0		0		0		6	9-11,14,16,23	4522	0	0.0	0	0.0	0	0.0	1052	23.3
TTC21B	ENST00000243344	29	0		0		0		11	1,3,5,7,11,13-14,22-23,26,29	4531	0	0.0	0	0.0	0	0.0	1680	37.1
TTC28	ENST00000397906	23	0		0		0		14	1-2,4,6-8,10-11,15-17,19,22-23	7906	0	0.0	0	0.0	0	0.0	6499	82.2
TTC29	ENST00000325106	11	0		0		0		5	4-6,8,11	1648	0	0.0	0	0.0	0	0.0	909	55.2
TTC3	ENST00000418766	45	0		0		0		12	7,17,20-21,23,25,31-33,35-36,46	6978	0	0.0	0	0.0	0	0.0	2577	36.9
TTC39A	ENST00000680483	18	0		0		0		6	2,5,14-16,18	2094	0	0.0	0	0.0	0	0.0	765	36.5
TTC5	ENST00000258821	10	0		0		0		3	2,7,10	1523	0	0.0	0	0.0	0	0.0	460	30.2
TTC7A	ENST00000319190	20	0		0		0		5	1,14,17-18,20	2977	0	0.0	0	0.0	0	0.0	812	27.3
TTC8	ENST00000380656	15	0		0		0		8	1-2,4-6,9,11-12	1848	0	0.0	0	0.0	0	0.0	1021	55.2
TTC9	ENST00000256367	3	0		0		0		2	1,3	729	0	0.0	0	0.0	0	0.0	526	72.2
TTF1	ENST00000334270	10	0		0		0		2	3,9	2918	0	0.0	0	0.0	0	0.0	330	11.3
TTF2	ENST00000369466	23	0		0		0		5	5,11,13,18,22	3949	0	0.0	0	0.0	0	0.0	1669	42.3
TTI1	ENST00000373447	7	0		0		0		2	2,4	3410	0	0.0	0	0.0	0	0.0	2491	73.0
TTI2	ENST00000431156	7	0		0		0		3	2,5,7	1667	0	0.0	0	0.0	0	0.0	1058	63.5
TTL	ENST00000233336	7	0		0		0		2	3,7	1274	0	0.0	0	0.0	0	0.0	388	30.5
TTLL5	ENST00000298832	31	0		0		0		6	12,25-28,30	4466	0	0.0	0	0.0	0	0.0	1257	28.1
TTLL9	ENST00000535842	14	0		0		0		3	5,8,12	1600	0	0.0	0	0.0	0	0.0	460	28.8
TTN	ENST00000589042	362	0		1	224	1	224	178	3-4,6,10-18,23-28,30-40,42,45-46,48-50,52-55,58,61,63-71,75,79-80,82-83,86-89,91,94-95,97-99,102,106-107,113,116,119,126,130,134,146-148,155,159,161,163,165-167,169,171,175,189,196,199,208-209,211,213,217,219,221,224-227,229-230,232-234,237-238,242,248,253,255-259,262,266,268-269,271-273,276,279,281-284,287-291,294,296-298,300-307,309-311,313,315-316,320,324-328,331,333-335,337-341,344-345,347,351-352,355-358,360,362	115216	0	0.0	71	0.1	71	0.1	81266	70.5
TTPA	ENST00000260116	5	0		0		0		2	1,5	937	0	0.0	0	0.0	0	0.0	418	44.6
TTR	ENST00000237014	4	0		0		0		1	2	524	0	0.0	0	0.0	0	0.0	151	28.8
TUB	ENST00000299506	12	0		0		0		1	6	1761	0	0.0	0	0.0	0	0.0	142	8.1
TUBA1A	ENST00000301071	4	0		0		0		3	1-2,4	1436	0	0.0	0	0.0	0	0.0	1267	88.2
TUBA1C	ENST00000301072	4	0		0		0		2	2,4	1430	0	0.0	0	0.0	0	0.0	1238	86.6
TUBA3D	ENST00000321253	5	0		0		0		3	3-5	1453	0	0.0	0	0.0	0	0.0	1187	81.7
TUBA3E	ENST00000312988	5	0		0		1	1	3	1,3,5	1453	0	0.0	0	0.0	23	1.6	509	35.0
TUBA4A	ENST00000248437	4	0		0		0		2	2,4	1427	0	0.0	0	0.0	0	0.0	1235	86.5
TUBA8	ENST00000330423	5	0		0		0		4	2-5	1450	0	0.0	0	0.0	0	0.0	1427	98.4
TUBAL3	ENST00000380419	4	0		0		0		4	1-4	1421	0	0.0	0	0.0	0	0.0	1421	100.0
TUBB	ENST00000327892	4	0		0		0		1	4	1415	0	0.0	0	0.0	0	0.0	1078	76.2
TUBB1	ENST00000217133	4	0		0		0		2	3-4	1436	0	0.0	0	0.0	0	0.0	1230	85.7
TUBB2A	ENST00000333628	4	0		0		0		1	4	1418	0	0.0	0	0.0	0	0.0	1081	76.2
TUBB2B	ENST00000259818	4	0		0		0		3	2-4	1418	0	0.0	0	0.0	0	0.0	1341	94.6
TUBB3	ENST00000315491	4	0		0		0		2	2,4	1433	0	0.0	0	0.0	0	0.0	1225	85.5
TUBB4A	ENST00000264071	4	0		0		0		3	2-4	1415	0	0.0	0	0.0	0	0.0	1338	94.6
TUBB4B	ENST00000340384	4	0		0		0		1	4	1418	0	0.0	0	0.0	0	0.0	1081	76.2
TUBB6	ENST00000317702	4	0		0		0		3	2-4	1421	0	0.0	0	0.0	0	0.0	1344	94.6
TUBB8	ENST00000568584	4	0		0		0		1	4	1415	0	0.0	0	0.0	0	0.0	1078	76.2
TUBG1	ENST00000251413	11	0		0		0		5	1-3,8-9	1576	0	0.0	0	0.0	0	0.0	733	46.5
TUBGCP2	ENST00000252936	17	0		0		0		9	2,4,6-11,13	3049	0	0.0	0	0.0	0	0.0	1742	57.1
TUBGCP4	ENST00000564079	18	0		0		0		6	1,3,6,8-9,16	2361	0	0.0	0	0.0	0	0.0	809	34.3
TUBGCP5	ENST00000615383	23	0		0		0		4	1,9,20-21	3535	0	0.0	0	0.0	0	0.0	535	15.1
TUBGCP6	ENST00000248846	25	0		0		0		7	1-2,4,21-24	5960	0	0.0	0	0.0	0	0.0	1961	32.9
TUFM	ENST00000313511	10	0		0		0		2	1-2	1568	0	0.0	0	0.0	0	0.0	287	18.3
TUFT1	ENST00000368849	13	0		0		0		3	1,9,13	1433	0	0.0	0	0.0	0	0.0	279	19.5
TULP1	ENST00000229771	15	0		0		0		2	12-13	1929	0	0.0	0	0.0	0	0.0	251	13.0
TULP2	ENST00000221399	12	0		0		0		5	6-8,10,12	1803	0	0.0	0	0.0	0	0.0	986	54.7
TULP3	ENST00000448120	11	0		0		0		2	4,10	1549	0	0.0	0	0.0	0	0.0	353	22.8
TUSC3	ENST00000503731	10	0		0		0		2	6,10	1247	0	0.0	0	0.0	0	0.0	149	11.9
TUT1	ENST00000476907	9	0		0		0		3	1,3,8	2805	0	0.0	0	0.0	0	0.0	551	19.6
TWIST1	ENST00000242261	1	0		0		0		1	1	629	0	0.0	0	0.0	0	0.0	629	100.0
TWIST2	ENST00000612363	1	0		0		0		1	1	503	0	0.0	0	0.0	0	0.0	503	100.0
TWNK	ENST00000311916	5	0		0		0		3	1-2,5	2155	0	0.0	0	0.0	0	0.0	1865	86.5
TWSG1	ENST00000262120	4	0		0		0		0		752	0	0.0	0	0.0	0	0.0	0	0.0
TXN2	ENST00000216185	3	0		0		0		0		561	0	0.0	0	0.0	0	0.0	0	0.0
TXNDC15	ENST00000358387	5	0		0		0		0		1183	0	0.0	0	0.0	0	0.0	0	0.0
TXNL4A	ENST00000269601	3	0		0		0		2	1-2	489	0	0.0	0	0.0	0	0.0	297	60.7
TXNRD1	ENST00000525566	17	0		0		0		5	1,8-9,12-13	2290	0	0.0	0	0.0	0	0.0	684	29.9
TXNRD2	ENST00000400521	17	0		0		0		6	2,4-6,11,15	1915	0	0.0	0	0.0	0	0.0	735	38.4
TYK2	ENST00000525621	23	0		0		0		8	3-4,11,17,19-20,22,24	4024	0	0.0	0	0.0	0	0.0	1400	34.8
TYMP	ENST00000252029	9	0		0		0		1	6	1629	0	0.0	0	0.0	0	0.0	139	8.5
TYMS	ENST00000323274	7	0		0		0		5	1-2,5-7	1082	0	0.0	0	0.0	0	0.0	765	70.7
TYR	ENST00000263321	5	0		0		0		3	1-2,5	1690	0	0.0	0	0.0	0	0.0	1320	78.1
TYROBP	ENST00000262629	5	0		0		0		0		442	0	0.0	0	0.0	0	0.0	0	0.0
TYRP1	ENST00000388918	7	0		0		0		3	2,4,6	1754	0	0.0	0	0.0	0	0.0	830	47.3
U2AF2	ENST00000308924	12	0		0		0		0		1668	0	0.0	0	0.0	0	0.0	0	0.0
UBA1	ENST00000335972	25	0		0		0		24	2-13,15-26	3677	0	0.0	0	0.0	0	0.0	3501	95.2
UBA2	ENST00000246548	17	0		0		0		3	5,11,16	2263	0	0.0	0	0.0	0	0.0	392	17.3
UBA5	ENST00000356232	12	0		0		0		6	1,5-6,8,10-11	1455	0	0.0	0	0.0	0	0.0	764	52.5
UBA6	ENST00000322244	33	0		0		0		11	1-3,5-6,8,10,14-15,28,31	3819	0	0.0	0	0.0	0	0.0	1301	34.1
UBAP1	ENST00000297661	6	0		0		0		4	2-4,7	1629	0	0.0	0	0.0	0	0.0	1304	80.0
UBAP1L	ENST00000559089	5	0		0		0		3	3-4,6	1246	0	0.0	0	0.0	0	0.0	984	79.0
UBAP2L	ENST00000428931	26	0		0		0		4	8-9,22-23	3784	0	0.0	0	0.0	0	0.0	546	14.4
UBASH3A	ENST00000319294	15	0		0		0		4	5-6,8,15	2286	0	0.0	0	0.0	0	0.0	626	27.4
UBE2A	ENST00000371558	6	0		0		0		6	1-6	579	0	0.0	0	0.0	0	0.0	579	100.0
UBE2B	ENST00000265339	6	0		0		1	3	2	2-3	579	0	0.0	0	0.0	46	7.9	147	25.4
UBE2L3	ENST00000342192	4	0		0		0		2	1-2	545	0	0.0	0	0.0	0	0.0	163	29.9
UBE2T	ENST00000646651	6	0		0		0		1	4	714	0	0.0	0	0.0	0	0.0	126	17.6
UBE2U	ENST00000371077	10	0		0		0		0		1154	0	0.0	0	0.0	0	0.0	0	0.0
UBE2Z	ENST00000360943	7	0		0		0		2	1,5	1205	0	0.0	0	0.0	0	0.0	470	39.0
UBE3A	ENST00000648336	11	0		0		0		4	4-6,12	2839	0	0.0	0	0.0	0	0.0	1812	63.8
UBE3B	ENST00000342494	26	0		0		0		9	4,7-8,15,18,21-22,25,28	3727	0	0.0	0	0.0	0	0.0	1380	37.0
UBE3C	ENST00000348165	23	0		0		0		8	6,8,10,16-19,23	3712	0	0.0	0	0.0	0	0.0	1590	42.8
UBE4A	ENST00000252108	19	0		0		0		7	2,8-9,11-12,16,18	3581	0	0.0	0	0.0	0	0.0	1548	43.2
UBE4B	ENST00000343090	28	0		0		0		8	2,6-7,16,21,24-25,27	4469	0	0.0	0	0.0	0	0.0	1872	41.9
UBIAD1	ENST00000376810	2	0		0		0		2	1-2	1057	0	0.0	0	0.0	0	0.0	1057	100.0
UBP1	ENST00000283629	16	0		0		0		5	2,12,14-16	1943	0	0.0	0	0.0	0	0.0	576	29.6
UBQLN1	ENST00000376395	11	0		0		0		1	1	1990	0	0.0	0	0.0	0	0.0	200	10.1
UBQLN2	ENST00000338222	1	0		0		1	1	1	1	1895	0	0.0	0	0.0	1895	100.0	1895	100.0
UBR1	ENST00000290650	47	0		0		0		17	5,9-10,14-16,18-19,22-23,26,32,34,37,41-42,47	6190	0	0.0	0	0.0	0	0.0	2187	35.3
UBR3	ENST00000272793	39	0		0		0		14	1,5,7,13,17-18,21,23,27-31,37	6447	0	0.0	0	0.0	0	0.0	2738	42.5
UBR4	ENST00000375254	106	0		0		0		23	1,12,19,24-25,34,38,47-49,56-58,62-63,66,68-71,77,84,98	17672	0	0.0	0	0.0	0	0.0	4239	24.0
UBR5	ENST00000520539	59	0		0		0		22	5-6,9,14,16,18,20,22,25-27,31-33,38-39,50,52-53,55,57-58	9580	0	0.0	0	0.0	0	0.0	3785	39.5
UBR7	ENST00000013070	11	0		0		0		3	5-7	1498	0	0.0	0	0.0	0	0.0	429	28.6
UBTF	ENST00000436088	20	0		0		0		2	2,10	2695	0	0.0	0	0.0	0	0.0	240	8.9
UCHL1	ENST00000284440	9	0		0		0		3	4,7-8	852	0	0.0	0	0.0	0	0.0	337	39.6
UCP2	ENST00000663595	6	0		0		0		2	3-4	1050	0	0.0	0	0.0	0	0.0	377	35.9
UCP3	ENST00000314032	6	0		0		0		2	4,6	1059	0	0.0	0	0.0	0	0.0	425	40.1
UFC1	ENST00000368003	6	0		0		0		0		624	0	0.0	0	0.0	0	0.0	0	0.0
UFM1	ENST00000239878	6	0		0		0		2	2,6	378	0	0.0	0	0.0	0	0.0	165	43.7
UFSP2	ENST00000264689	12	0		0		0		4	1,5,10-11	1650	0	0.0	0	0.0	0	0.0	443	26.8
UGCG	ENST00000374279	9	0		0		0		1	1	1365	0	0.0	0	0.0	0	0.0	118	8.6
UGDH	ENST00000316423	11	0		0		0		3	3-4,9	1705	0	0.0	0	0.0	0	0.0	497	29.1
UGGT1	ENST00000259253	41	0		0		0		12	2-3,6,11,14,16,20,23,26,28-29,39	5488	0	0.0	0	0.0	0	0.0	1740	31.7
UGGT2	ENST00000376747	39	0		0		0		16	1,9,11,13,17,20-25,32,34-35,37-38	5331	0	0.0	0	0.0	0	0.0	2397	45.0
UGP2	ENST00000337130	10	0		0		0		4	3-5,8	1727	0	0.0	0	0.0	0	0.0	751	43.5
UGT1A1	ENST00000305208	5	0		0		0		1	1	1702	0	0.0	0	0.0	0	0.0	884	51.9
UGT1A9	ENST00000354728	5	0		0		0		3	1,3,5	1693	0	0.0	0	0.0	0	0.0	1301	76.8
UGT2B17	ENST00000317746	6	6	2-7	6	2-7	6	2-7	6	2-7	1713	1713	100.0	1713	100.0	1713	100.0	1713	100.0
UGT2B4	ENST00000305107	6	0		0		0		2	1,3	1707	0	0.0	0	0.0	0	0.0	893	52.3
UHRF1	ENST00000650932	16	0		0		0		7	4-7,14-16	2702	0	0.0	0	0.0	0	0.0	1222	45.2
UIMC1	ENST00000511320	14	0		0		0		3	2,6,9	2440	0	0.0	0	0.0	0	0.0	1048	43.0
ULK4	ENST00000301831	36	0		0		0		6	4,6,10,17,25,37	4548	0	0.0	0	0.0	0	0.0	681	15.0
UMOD	ENST00000396138	10	0		0		0		5	3-5,9,11	2123	0	0.0	0	0.0	0	0.0	1338	63.0
UMPS	ENST00000232607	6	0		0		0		2	1,3	1563	0	0.0	0	0.0	0	0.0	868	55.5
UNC119	ENST00000335765	5	0		0		0		0		823	0	0.0	0	0.0	0	0.0	0	0.0
UNC13A	ENST00000519716	44	0		0		0		4	4,17,19,29	5992	0	0.0	0	0.0	0	0.0	693	11.6
UNC13B	ENST00000635942	40	0		0		0		9	5,8-9,16-17,24,29,33,40	13823	0	0.0	0	0.0	0	0.0	9868	71.4
UNC13D	ENST00000207549	32	0		0		0		1	6	3913	0	0.0	0	0.0	0	0.0	201	5.1
UNC45A	ENST00000418476	20	0		0		0		6	2,6-7,10,12,20	3235	0	0.0	0	0.0	0	0.0	1320	40.8
UNC45B	ENST00000394570	19	0		0		0		8	2,4,8-11,13-14	3170	0	0.0	0	0.0	0	0.0	1512	47.7
UNC50	ENST00000357765	5	0		0		0		2	2,4	880	0	0.0	0	0.0	0	0.0	460	52.3
UNC79	ENST00000695012	52	0		0		0		15	5,8,13-14,18,21,28,32-33,36-37,39-40,50,52	9164	0	0.0	0	0.0	0	0.0	3501	38.2
UNC80	ENST00000673920	65	0		0		0		23	9,14-15,17,23,26-28,31,34,36,38,41-42,44,46-47,51,55-58,65	11275	0	0.0	0	0.0	0	0.0	4163	36.9
UNC93B1	ENST00000227471	11	0		0		0		4	3-4,9,11	2014	0	0.0	0	0.0	0	0.0	982	48.8
UNG	ENST00000242576	7	0		0		0		1	2	1082	0	0.0	0	0.0	0	0.0	227	21.0
UNK	ENST00000589666	16	0		0		0		3	2,9,16	2753	0	0.0	0	0.0	0	0.0	627	22.8
UPB1	ENST00000326010	10	0		0		0		2	8,10	1355	0	0.0	0	0.0	0	0.0	167	12.3
UPF1	ENST00000262803	23	0		0		0		12	2,5-6,13-15,17-19,21-23	3817	0	0.0	0	0.0	0	0.0	2171	56.9
UPF3B	ENST00000276201	11	0		0		2	2,5	10	1-6,8-11	1672	0	0.0	0	0.0	258	15.4	1469	87.9
UPK3A	ENST00000216211	6	0		0		0		3	2-3,6	984	0	0.0	0	0.0	0	0.0	656	66.7
UPP2	ENST00000005756	7	0		0		1	2	2	2,6	1094	0	0.0	0	0.0	138	12.6	305	27.9
UQCC2	ENST00000607484	4	0		0		0		1	3	461	0	0.0	0	0.0	0	0.0	90	19.5
UQCC3	ENST00000377953	2	0		0		0		2	1-2	322	0	0.0	0	0.0	0	0.0	322	100.0
UQCR10	ENST00000330029	2	0		0		0		1	1	232	0	0.0	0	0.0	0	0.0	170	73.3
UQCR11	ENST00000591899	2	0		0		0		0		211	0	0.0	0	0.0	0	0.0	0	0.0
UQCRB	ENST00000287022	4	0		0		0		2	1,3	416	0	0.0	0	0.0	0	0.0	226	54.3
UQCRC1	ENST00000203407	13	0		0		0		3	6-8	1703	0	0.0	0	0.0	0	0.0	400	23.5
UQCRC2	ENST00000268379	14	0		0		0		5	1,3-4,6,11	1642	0	0.0	0	0.0	0	0.0	554	33.7
UQCRFS1	ENST00000304863	2	0		0		0		2	1-2	865	0	0.0	0	0.0	0	0.0	865	100.0
UQCRH	ENST00000311672	4	0		0		0		0		356	0	0.0	0	0.0	0	0.0	0	0.0
UQCRHL	ENST00000696689	1	0		0		0		0		296	0	0.0	0	0.0	0	0.0	0	0.0
UQCRQ	ENST00000378670	2	0		0		0		2	2-3	289	0	0.0	0	0.0	0	0.0	289	100.0
UROC1	ENST00000290868	20	0		0		0		6	5,11,13,15-17	2431	0	0.0	0	0.0	0	0.0	772	31.8
UROD	ENST00000246337	10	0		0		0		1	10	1304	0	0.0	0	0.0	0	0.0	182	14.0
UROS	ENST00000368797	9	0		0		0		4	3-4,6,10	978	0	0.0	0	0.0	0	0.0	474	48.5
USB1	ENST00000219281	7	0		0		0		2	4,6	938	0	0.0	0	0.0	0	0.0	178	19.0
USF1	ENST00000368021	10	0		0		0		1	11	1133	0	0.0	0	0.0	0	0.0	110	9.7
USF2	ENST00000222305	10	0		0		0		3	1,8,10	1241	0	0.0	0	0.0	0	0.0	307	24.7
USF3	ENST00000316407	5	0		0		0		2	4,7	6838	0	0.0	0	0.0	0	0.0	6551	95.8
USH1C	ENST00000005226	27	0		0		0		2	19,26	3240	0	0.0	0	0.0	0	0.0	269	8.3
USH1C	ENST00000318024	21	0		0		0		2	3,15	2079	0	0.0	0	0.0	0	0.0	258	12.4
USH1G	ENST00000614341	3	0		0		0		0		1446	0	0.0	0	0.0	0	0.0	0	0.0
USH2A	ENST00000307340	71	0		0		0		34	2,5-8,11,13,15,17-18,23-25,27,29,36-38,41-42,46,48-50,52-54,58,61-63,66,70-71	17029	0	0.0	0	0.0	0	0.0	10168	59.7
USP14	ENST00000261601	16	0		0		0		6	2,4,7,12,14,16	1805	0	0.0	0	0.0	0	0.0	808	44.8
USP18	ENST00000215794	10	0		0		0		1	11	1319	0	0.0	0	0.0	0	0.0	66	5.0
USP19	ENST00000417901	26	0		0		0		7	5-7,10,12,25-26	4675	0	0.0	0	0.0	0	0.0	1446	30.9
USP2	ENST00000260187	12	0		0		0		3	2,4-5	2058	0	0.0	0	0.0	0	0.0	1070	52.0
USP24	ENST00000294383	68	0		0		0		19	1,5,7,11,14,23-24,27-30,35,41,49,52,55,57,60,62	9223	0	0.0	0	0.0	0	0.0	2796	30.3
USP25	ENST00000400183	26	0		0		0		7	3,9-11,17,20,26	3898	0	0.0	0	0.0	0	0.0	1106	28.4
USP26	ENST00000511190	1	0		0		1	6	1	6	2762	0	0.0	0	0.0	2762	100.0	2762	100.0
USP27X	ENST00000621775	1	0		0		1	1	1	1	1337	0	0.0	0	0.0	1337	100.0	1337	100.0
USP28	ENST00000696973	26	0		0		0		7	7-9,11-12,16,26	3940	0	0.0	0	0.0	0	0.0	1058	26.9
USP29	ENST00000254181	1	0		0		0		1	4	2789	0	0.0	0	0.0	0	0.0	2789	100.0
USP33	ENST00000370794	23	0		0		0		9	2,7-8,10,14-15,17,19,23	3196	0	0.0	0	0.0	0	0.0	1412	44.2
USP34	ENST00000398571	80	0		0		0		30	3,6-9,11-12,15,19,23-25,36-38,40,43,46,49,51,54,58,62,64-65,68,71-72,75,80	12241	0	0.0	0	0.0	0	0.0	5652	46.2
USP36	ENST00000449938	18	0		0		0		3	5,8,14	3732	0	0.0	0	0.0	0	0.0	920	24.7
USP44	ENST00000258499	5	0		0		0		2	3-4	2239	0	0.0	0	0.0	0	0.0	345	15.4
USP45	ENST00000500704	17	0		0		0		7	4-6,8-9,13-14	2785	0	0.0	0	0.0	0	0.0	1515	54.4
USP48	ENST00000308271	27	0		0		0		6	1-2,4,12,14,17	3648	0	0.0	0	0.0	0	0.0	955	26.2
USP53	ENST00000692078	15	0		0		0		6	6,12-13,15-16,19	3522	0	0.0	0	0.0	0	0.0	2286	64.9
USP7	ENST00000344836	31	0		0		0		12	1,5-6,13-14,17-18,22,25-26,28,31	3929	0	0.0	0	0.0	0	0.0	1587	40.4
USP8	ENST00000307179	19	0		0		0		8	3-5,10,13,15,18-19	3737	0	0.0	0	0.0	0	0.0	1348	36.1
USP9X	ENST00000378308	44	0		0		4	8,23,30,40	41	2-21,23-37,39-43,45	8545	0	0.0	0	0.0	1055	12.3	8128	95.1
USP9Y	ENST00000338981	44	44	3-46	44	3-46	44	3-46	44	3-46	8548	8548	100.0	8548	100.0	8548	100.0	8548	100.0
UTP20	ENST00000261637	62	0		0		0		17	5,13-14,16-17,22,25-26,31,38-39,41-42,45,52,55-56	9598	0	0.0	0	0.0	0	0.0	2830	29.5
UTP4	ENST00000314423	16	0		0		0		4	7,9-10,12	2381	0	0.0	0	0.0	0	0.0	571	24.0
UVSSA	ENST00000389851	13	0		0		0		3	2-3,9	2390	0	0.0	0	0.0	0	0.0	634	26.5
UXS1	ENST00000283148	15	0		0		0		4	1,5-6,10	1578	0	0.0	0	0.0	0	0.0	536	34.0
VAC14	ENST00000261776	19	0		0		0		7	1,5,8-11,15	2729	0	0.0	0	0.0	0	0.0	1021	37.4
VAMP1	ENST00000396308	5	0		0		0		0		457	0	0.0	0	0.0	0	0.0	0	0.0
VAMP2	ENST00000316509	5	0		0		0		0		451	0	0.0	0	0.0	0	0.0	0	0.0
VAMP5	ENST00000306384	3	0		0		0		0		411	0	0.0	0	0.0	0	0.0	0	0.0
VAMP7	ENST00000286448	7	0		0		0		1	6	803	0	0.0	0	0.0	0	0.0	88	11.0
VAMP8	ENST00000263864	3	0		0		0		1	2	363	0	0.0	0	0.0	0	0.0	179	49.3
VANGL1	ENST00000355485	7	0		0		0		1	8	1715	0	0.0	0	0.0	0	0.0	281	16.4
VANGL2	ENST00000368061	7	0		0		0		0		1706	0	0.0	0	0.0	0	0.0	0	0.0
VAPB	ENST00000475243	6	0		0		0		0		852	0	0.0	0	0.0	0	0.0	0	0.0
VARS1	ENST00000375663	29	0		0		0		8	4,9,11-13,27,29-30	4375	0	0.0	0	0.0	0	0.0	1390	31.8
VARS2	ENST00000676266	29	0		0		0		1	2	3772	0	0.0	0	0.0	0	0.0	221	5.9
VAV1	ENST00000602142	27	0		0		0		8	1,8-11,16-17,24	3078	0	0.0	0	0.0	0	0.0	1021	33.2
VAX1	ENST00000369206	3	0		0		0		2	2-3	1065	0	0.0	0	0.0	0	0.0	804	75.5
VCAN	ENST00000265077	14	0		0		0		4	3,6-8	10471	0	0.0	0	0.0	0	0.0	8972	85.7
VCL	ENST00000211998	22	0		0		0		6	1,12-13,15,17,19	3845	0	0.0	0	0.0	0	0.0	1055	27.4
VCP	ENST00000358901	17	0		0		0		4	6,8,12,14	2761	0	0.0	0	0.0	0	0.0	778	28.2
VDAC1	ENST00000265333	8	0		0		0		3	2,5,7	1012	0	0.0	0	0.0	0	0.0	331	32.7
VDAC2	ENST00000332211	9	0		0		0		3	3,5,8	1065	0	0.0	0	0.0	0	0.0	433	40.7
VDR	ENST00000549336	8	0		0		0		4	6,8-10	1444	0	0.0	0	0.0	0	0.0	730	50.6
VEGFA	ENST00000672860	8	0		0		0		1	1	1348	0	0.0	0	0.0	0	0.0	626	46.4
VEGFC	ENST00000618562	7	0		0		0		3	4-6	1400	0	0.0	0	0.0	0	0.0	653	46.6
VEZF1	ENST00000581208	6	0		0		0		1	2	1686	0	0.0	0	0.0	0	0.0	715	42.4
VGLL2	ENST00000326274	4	0		0		0		2	2-3	1034	0	0.0	0	0.0	0	0.0	872	84.3
VHL	ENST00000256474	3	0		0		0		1	3	702	0	0.0	0	0.0	0	0.0	199	28.3
VIL1	ENST00000248444	19	0		0		0		6	4,11-12,15,17,19	2864	0	0.0	0	0.0	0	0.0	1032	36.0
VIM	ENST00000544301	9	0		0		0		3	2-3,9	1581	0	0.0	0	0.0	0	0.0	770	48.7
VIP	ENST00000367244	5	0		0		0		3	3-5	613	0	0.0	0	0.0	0	0.0	420	68.5
VIPAS39	ENST00000557658	19	0		0		0		3	3,12,19	1862	0	0.0	0	0.0	0	0.0	342	18.4
VKORC1	ENST00000394975	3	0		0		0		2	1,3	552	0	0.0	0	0.0	0	0.0	422	76.4
VLDLR	ENST00000382100	19	0		0		0		5	6,10,15,17-18	3002	0	0.0	0	0.0	0	0.0	793	26.4
VMA12	ENST00000292114	6	0		0		0		2	4-5	747	0	0.0	0	0.0	0	0.0	196	26.2
VMA21	ENST00000330374	3	0		0		0		3	1-3	366	0	0.0	0	0.0	0	0.0	366	100.0
VMA22	ENST00000259229	5	0		0		0		4	1-3,5	643	0	0.0	0	0.0	0	0.0	491	76.4
VNN1	ENST00000367928	7	0		0		0		3	1,3,6	1682	0	0.0	0	0.0	0	0.0	634	37.7
VOPP1	ENST00000285279	5	0		0		0		2	4-5	619	0	0.0	0	0.0	0	0.0	368	59.5
VPS11	ENST00000621676	16	0		0		0		7	1,3,6,12-15	3146	0	0.0	0	0.0	0	0.0	1403	44.6
VPS13A	ENST00000360280	72	0		0		0		29	1-2,4-7,11,15,17-18,22,24,28,30,34,38-43,46-47,50,52,55,58,60,69	10965	0	0.0	0	0.0	0	0.0	4468	40.7
VPS13B	ENST00000357162	61	0		0		0		0		13214	0	0.0	0	0.0	0	0.0	0	0.0
VPS13B	ENST00000358544	61	0		0		0		20	8-12,16,26-28,34-36,42,45,47-49,56,58,60	13289	0	0.0	0	0.0	0	0.0	5145	38.7
VPS13C	ENST00000644861	85	0		0		0		32	1,3-4,8,10,16,18,21-23,27-28,30-33,38,42,46-47,52,54,56,61,63,68,70,72-74,76,84	12962	0	0.0	0	0.0	0	0.0	5160	39.8
VPS13D	ENST00000620676	69	0		0		0		18	14,16,19,22,26,30,35,38,45,48,50-51,55,59,61,64,68-69	14547	0	0.0	0	0.0	0	0.0	5117	35.2
VPS16	ENST00000380445	24	0		0		0		5	2,5,15,17,19	3000	0	0.0	0	0.0	0	0.0	660	22.0
VPS18	ENST00000220509	5	0		0		0		3	2,4-5	3022	0	0.0	0	0.0	0	0.0	2799	92.6
VPS26C	ENST00000309117	8	0		0		0		3	2,6-7	1054	0	0.0	0	0.0	0	0.0	508	48.2
VPS33A	ENST00000267199	13	0		0		0		4	1-2,5,7	2051	0	0.0	0	0.0	0	0.0	559	27.3
VPS33B	ENST00000333371	23	0		0		0		6	1,7,12,16-18	2314	0	0.0	0	0.0	0	0.0	633	27.4
VPS35	ENST00000299138	17	0		0		0		7	3,9,11-15	2731	0	0.0	0	0.0	0	0.0	1241	45.4
VPS35L	ENST00000417362	31	0		0		0		11	3-4,13,19-20,22,24,26-27,29-30	3512	0	0.0	0	0.0	0	0.0	1434	40.8
VPS37A	ENST00000324849	11	0		0		0		8	1-2,4,6-10	1414	0	0.0	0	0.0	0	0.0	932	65.9
VPS39	ENST00000318006	25	0		0		0		7	1,4-5,7-8,14,16	3128	0	0.0	0	0.0	0	0.0	844	27.0
VPS41	ENST00000310301	29	0		0		0		6	4,6,8,24-25,27	3145	0	0.0	0	0.0	0	0.0	704	22.4
VPS45	ENST00000644510	15	0		0		0		5	1,3-5,9	2013	0	0.0	0	0.0	0	0.0	517	25.7
VPS4A	ENST00000254950	11	0		0		0		7	3-7,9-10	1534	0	0.0	0	0.0	0	0.0	1137	74.1
VPS4B	ENST00000238497	11	0		0		0		5	4-8	1555	0	0.0	0	0.0	0	0.0	676	43.5
VPS50	ENST00000305866	28	0		0		0		9	1,5,9,11,15,17,21,26-27	3455	0	0.0	0	0.0	0	0.0	1069	30.9
VPS51	ENST00000279281	10	0		0		0		2	1,5	2549	0	0.0	0	0.0	0	0.0	986	38.7
VPS52	ENST00000445902	20	0		0		0		3	1,5-6	2572	0	0.0	0	0.0	0	0.0	394	15.3
VPS53	ENST00000437048	22	0		0		0		5	2,13,18,21-22	2939	0	0.0	0	0.0	0	0.0	701	23.9
VPS8	ENST00000625842	47	0		0		0		17	10-11,13,15,19,23,28-29,31,33,36-38,42-43,45,48	5227	0	0.0	0	0.0	0	0.0	2049	39.2
VRK1	ENST00000216639	12	0		0		0		4	5-6,11-12	1431	0	0.0	0	0.0	0	0.0	547	38.2
VRK2	ENST00000340157	12	0		0		0		3	2,4,6	1767	0	0.0	0	0.0	0	0.0	372	21.1
VSX1	ENST00000376709	5	0		0		0		1	1	1198	0	0.0	0	0.0	0	0.0	444	37.1
VSX2	ENST00000261980	5	0		0		0		2	4-5	1186	0	0.0	0	0.0	0	0.0	547	46.1
VTN	ENST00000226218	8	0		0		0		5	2-5,7	1597	0	0.0	0	0.0	0	0.0	1207	75.6
VWA1	ENST00000476993	3	0		0		0		1	2	1398	0	0.0	0	0.0	0	0.0	578	41.3
VWA2	ENST00000392982	13	0		0		0		4	3,8,11-12	2528	0	0.0	0	0.0	0	0.0	1413	55.9
VWA3B	ENST00000477737	27	0		0		1	2	10	2,5,9,12-13,18,22,24-25,27	4425	0	0.0	0	0.0	216	4.9	1751	39.6
VWA8	ENST00000379310	45	0		0		0		12	8,10,18,20,22,29,33,35,38,40,42,44	6618	0	0.0	0	0.0	0	0.0	1858	28.1
VWF	ENST00000261405	51	0		0		0		16	2-3,5,7,12,18-19,21,28-29,35,37-38,44-45,52	9462	0	0.0	0	0.0	0	0.0	4245	44.9
WAC	ENST00000354911	14	0		0		0		6	1,4,6,10-11,14	2224	0	0.0	0	0.0	0	0.0	719	32.3
WAPL	ENST00000298767	18	0		0		0		5	2-3,5,10,12	3933	0	0.0	0	0.0	0	0.0	1910	48.6
WARS1	ENST00000392882	10	0		0		0		3	3,6,11	1616	0	0.0	0	0.0	0	0.0	619	38.3
WARS2	ENST00000235521	6	0		0		0		3	1,3,6	1203	0	0.0	0	0.0	0	0.0	680	56.5
WAS	ENST00000376701	12	0		0		0		11	1-11	1749	0	0.0	0	0.0	0	0.0	1673	95.7
WASF1	ENST00000392589	8	0		0		0		1	8	1840	0	0.0	0	0.0	0	0.0	193	10.5
WASHC3	ENST00000240079	7	0		0		0		2	3,7	725	0	0.0	0	0.0	0	0.0	191	26.3
WASHC4	ENST00000332180	33	0		0		0		8	1,3,7,12-13,16,28-29	4182	0	0.0	0	0.0	0	0.0	990	23.7
WASHC5	ENST00000318410	28	0		0		0		11	5,8,10,12-13,16,19,24,27-29	4040	0	0.0	0	0.0	0	0.0	1567	38.8
WASL	ENST00000223023	11	0		0		0		3	1,8-9	1738	0	0.0	0	0.0	0	0.0	852	49.0
WBP11	ENST00000261167	11	0		0		0		2	10,12	2146	0	0.0	0	0.0	0	0.0	768	35.8
WBP2	ENST00000254806	8	0		0		0		2	3,6	946	0	0.0	0	0.0	0	0.0	299	31.6
WBP4	ENST00000379487	10	0		0		0		2	1,6	1331	0	0.0	0	0.0	0	0.0	89	6.7
WDFY3	ENST00000295888	65	0		0		0		19	5-6,9,11,18,23,25,30,34,43,54,57,59-65	11881	0	0.0	0	0.0	0	0.0	3490	29.4
WDFY4	ENST00000325239	61	0		0		0		24	2,5-6,8-12,14,18,23,26,29-31,37,39,41,47,52-53,56-58	10775	0	0.0	0	0.0	0	0.0	5115	47.5
WDHD1	ENST00000360586	25	0		0		0		7	5,8,11,17,19,23,26	3890	0	0.0	0	0.0	0	0.0	1264	32.5
WDPCP	ENST00000272321	18	0		0		0		7	1,7-8,10-11,13,17	2601	0	0.0	0	0.0	0	0.0	1359	52.2
WDR1	ENST00000499869	15	0		0		0		8	1-2,6,9-10,12-14	2121	0	0.0	0	0.0	0	0.0	1051	49.6
WDR11	ENST00000263461	29	0		0		0		10	4,10,12,16,20,23,25-27,29	4255	0	0.0	0	0.0	0	0.0	1661	39.0
WDR12	ENST00000261015	13	0		0		0		5	3,5,7,9-10	1532	0	0.0	0	0.0	0	0.0	604	39.4
WDR13	ENST00000376729	9	0		0		2	6-7	9	2-10	1638	0	0.0	0	0.0	529	32.3	1638	100.0
WDR19	ENST00000399820	36	0		0		0		6	12,14,20,25-26,28	4749	0	0.0	0	0.0	0	0.0	809	17.0
WDR26	ENST00000414423	14	0		0		0		3	3,5,7	2566	0	0.0	0	0.0	0	0.0	402	15.7
WDR3	ENST00000349139	26	0		0		0		6	3,7,10,16,21,24	3352	0	0.0	0	0.0	0	0.0	719	21.4
WDR33	ENST00000322313	21	0		0		0		6	2,12,16,18,21-22	4431	0	0.0	0	0.0	0	0.0	2393	54.0
WDR35	ENST00000281405	27	0		0		0		0		4053	0	0.0	0	0.0	0	0.0	0	0.0
WDR35	ENST00000345530	28	0		0		0		9	1,9,12,20-21,23-24,26-27	4106	0	0.0	0	0.0	0	0.0	1416	34.5
WDR36	ENST00000513710	23	0		0		0		6	1,6,9,19-20,23	3148	0	0.0	0	0.0	0	0.0	874	27.8
WDR37	ENST00000263150	13	0		0		0		2	6,10	1745	0	0.0	0	0.0	0	0.0	411	23.6
WDR4	ENST00000398208	11	0		0		0		4	1,3,5-6	1459	0	0.0	0	0.0	0	0.0	484	33.2
WDR41	ENST00000296679	13	0		0		0		4	1,5-6,12	1640	0	0.0	0	0.0	0	0.0	440	26.8
WDR44	ENST00000254029	20	0		0		3	8,15,20	19	1-2,4-20	3142	0	0.0	0	0.0	431	13.7	3047	97.0
WDR45	ENST00000376372	10	0		0		1	10	10	2-11	1283	0	0.0	0	0.0	166	12.9	1283	100.0
WDR45B	ENST00000392325	10	0		0		1	10	2	5,10	1235	0	0.0	0	0.0	127	10.3	242	19.6
WDR47	ENST00000369962	14	0		0		0		5	3-5,9,15	3040	0	0.0	0	0.0	0	0.0	1291	42.5
WDR48	ENST00000302313	19	0		0		0		4	5-6,17-18	2414	0	0.0	0	0.0	0	0.0	569	23.6
WDR5	ENST00000358625	13	0		0		0		2	7,13	1265	0	0.0	0	0.0	0	0.0	212	16.8
WDR59	ENST00000262144	26	0		0		0		8	3,8,10,13,16,20-21,24	3445	0	0.0	0	0.0	0	0.0	1174	34.1
WDR62	ENST00000401500	32	0		0		0		13	4-6,8,13-14,19-20,23,25,27-28,30	5212	0	0.0	0	0.0	0	0.0	2359	45.3
WDR72	ENST00000360509	19	0		0		1	10	6	8,10-11,13,15,18	3689	0	0.0	0	0.0	168	4.6	1870	50.7
WDR73	ENST00000434634	8	0		0		0		4	2-3,7-8	1297	0	0.0	0	0.0	0	0.0	857	66.1
WDR75	ENST00000314761	21	0		0		0		7	1-2,5,8,11,16-17	2913	0	0.0	0	0.0	0	0.0	952	32.7
WDR81	ENST00000409644	10	0		0		0		4	1,4,7,10	6026	0	0.0	0	0.0	0	0.0	4949	82.1
WDR83OS	ENST00000596731	4	0		0		0		0		401	0	0.0	0	0.0	0	0.0	0	0.0
WDR87	ENST00000447313	5	0		0		0		1	4	8839	0	0.0	0	0.0	0	0.0	2899	32.8
WDR91	ENST00000354475	15	0		0		0		6	3,7-9,11,14	2544	0	0.0	0	0.0	0	0.0	1199	47.1
WDR93	ENST00000268130	16	0		0		0		6	6,9,12,15-17	2381	0	0.0	0	0.0	0	0.0	981	41.2
WEE2	ENST00000397541	12	0		0		0		1	10	1944	0	0.0	0	0.0	0	0.0	163	8.4
WFDC2	ENST00000372676	3	0		0		0		2	2-3	435	0	0.0	0	0.0	0	0.0	336	77.2
WFS1	ENST00000226760	7	0		0		0		2	3,8	2813	0	0.0	0	0.0	0	0.0	1935	68.8
WHAMM	ENST00000286760	10	0		0		0		3	4-6	2630	0	0.0	0	0.0	0	0.0	584	22.2
WHRN	ENST00000362057	12	0		0		0		5	1,4-7	2964	0	0.0	0	0.0	0	0.0	1381	46.6
WIPF1	ENST00000679041	7	0		0		0		3	2,5,7	1652	0	0.0	0	0.0	0	0.0	996	60.3
WIPI2	ENST00000288828	13	0		0		0		8	1,4,6-11	1625	0	0.0	0	0.0	0	0.0	1047	64.4
WLS	ENST00000262348	12	0		0		0		5	1-3,5-6	1866	0	0.0	0	0.0	0	0.0	910	48.8
WNK1	ENST00000315939	28	0		0		0		0		7709	0	0.0	0	0.0	0	0.0	0	0.0
WNK1	ENST00000340908	28	0		0		1	24	12	1-3,10,14,17,19,22-24,26,28	8465	0	0.0	0	0.0	682	8.1	5599	66.1
WNK3	ENST00000354646	23	0		0		7	3-4,6,12,16-17,20	22	2-10,12-24	5863	0	0.0	0	0.0	2461	42.0	5778	98.6
WNK4	ENST00000246914	19	0		0		0		4	1,4,6,16	4112	0	0.0	0	0.0	0	0.0	1482	36.0
WNT1	ENST00000293549	4	0		0		0		2	2,4	1193	0	0.0	0	0.0	0	0.0	783	65.6
WNT10A	ENST00000258411	4	0		0		0		2	3-4	1334	0	0.0	0	0.0	0	0.0	918	68.8
WNT10B	ENST00000301061	4	0		0		0		2	3-4	1250	0	0.0	0	0.0	0	0.0	677	54.2
WNT11	ENST00000322563	5	0		0		0		1	4	1165	0	0.0	0	0.0	0	0.0	313	26.9
WNT2B	ENST00000369684	5	0		0		0		3	2-4	1276	0	0.0	0	0.0	0	0.0	824	64.6
WNT3	ENST00000225512	4	0		0		0		1	4	1148	0	0.0	0	0.0	0	0.0	500	43.6
WNT3A	ENST00000284523	4	0		0		0		3	2-4	1139	0	0.0	0	0.0	0	0.0	1048	92.0
WNT4	ENST00000290167	5	0		0		0		1	4	1156	0	0.0	0	0.0	0	0.0	163	14.1
WNT5A	ENST00000264634	5	0		0		0		2	4-5	1243	0	0.0	0	0.0	0	0.0	792	63.7
WNT7A	ENST00000285018	4	0		0		0		2	2,4	1130	0	0.0	0	0.0	0	0.0	747	66.1
WNT7B	ENST00000339464	4	0		0		0		3	2-4	1130	0	0.0	0	0.0	0	0.0	1039	91.9
WNT9B	ENST00000290015	4	0		0		0		2	3-4	1154	0	0.0	0	0.0	0	0.0	780	67.6
WRAP53	ENST00000396463	10	0		0		0		3	2-3,10	1847	0	0.0	0	0.0	0	0.0	725	39.3
WRAP73	ENST00000270708	12	0		0		0		5	1,3,6,8-9	1623	0	0.0	0	0.0	0	0.0	557	34.3
WRN	ENST00000298139	34	0		0		0		14	2,7-8,12-15,20,23-25,30,33-34	4979	0	0.0	0	0.0	0	0.0	2025	40.7
WSB2	ENST00000315436	9	0		0		0		5	2-5,7	1395	0	0.0	0	0.0	0	0.0	858	61.5
WT1	ENST00000452863	10	0		0		0		4	1,6-7,9	1769	0	0.0	0	0.0	0	0.0	1082	61.2
WWC1	ENST00000265293	23	0		0		0		8	6-7,9,11-12,14,19,21	3802	0	0.0	0	0.0	0	0.0	1811	47.6
WWOX	ENST00000566780	9	0		0		0		3	2,4,8	1425	0	0.0	0	0.0	0	0.0	569	39.9
XBP1	ENST00000344347	6	0		0		0		2	3,6	1251	0	0.0	0	0.0	0	0.0	727	58.1
XDH	ENST00000379416	36	0		0		0		15	3-5,8,10-12,14,17,22,26-27,31-32,35	4722	0	0.0	0	0.0	0	0.0	2121	44.9
XIAP	ENST00000371199	6	0		0		1	5	6	2-7	1614	0	0.0	0	0.0	63	3.9	1614	100.0
XK	ENST00000378616	3	0		0		1	3	3	1-3	1395	0	0.0	0	0.0	847	60.7	1395	100.0
XPA	ENST00000375128	6	0		0		0		2	1,6	942	0	0.0	0	0.0	0	0.0	361	38.3
XPC	ENST00000285021	16	0		0		0		6	4,7-9,14,16	3143	0	0.0	0	0.0	0	0.0	1650	52.5
XPNPEP2	ENST00000371106	21	0		0		3	6,10,21	20	1-8,10-21	2445	0	0.0	0	0.0	538	22.0	2343	95.8
XPNPEP3	ENST00000357137	10	0		0		0		3	3,6,8	1724	0	0.0	0	0.0	0	0.0	763	44.3
XPO5	ENST00000265351	32	0		0		0		8	2,5,15,17-18,21,26,29	4255	0	0.0	0	0.0	0	0.0	1218	28.6
XPO7	ENST00000252512	28	0		0		0		5	6,17-18,23-24	3824	0	0.0	0	0.0	0	0.0	732	19.1
XPR1	ENST00000367590	15	0		0		0		4	1,3,9,12	2391	0	0.0	0	0.0	0	0.0	598	25.0
XRCC1	ENST00000262887	17	0		0		0		1	7	2242	0	0.0	0	0.0	0	0.0	130	5.8
XRCC2	ENST00000359321	3	0		0		0		3	1-3	903	0	0.0	0	0.0	0	0.0	903	100.0
XRCC3	ENST00000555055	7	0		0		0		1	5	1181	0	0.0	0	0.0	0	0.0	158	13.4
XRCC4	ENST00000396027	7	0		0		0		4	4-6,8	1145	0	0.0	0	0.0	0	0.0	622	54.3
XRCC5	ENST00000392132	21	0		0		0		7	3,6-7,14,18-20	2619	0	0.0	0	0.0	0	0.0	1065	40.7
XRCC6	ENST00000360079	12	0		0		0		4	8-9,11,13	2070	0	0.0	0	0.0	0	0.0	706	34.1
XYLT1	ENST00000261381	12	0		0		0		8	1,3,5,7,9-12	3120	0	0.0	0	0.0	0	0.0	2570	82.4
XYLT2	ENST00000017003	11	0		0		0		2	3,10	2818	0	0.0	0	0.0	0	0.0	550	19.5
YAP1	ENST00000282441	9	0		0		0		1	5	1695	0	0.0	0	0.0	0	0.0	202	11.9
YARS1	ENST00000373477	13	0		0		0		7	3,5-8,12-13	1847	0	0.0	0	0.0	0	0.0	965	52.2
YARS2	ENST00000324868	5	0		0		0		3	1-2,5	1534	0	0.0	0	0.0	0	0.0	1167	76.1
YEATS2	ENST00000305135	30	0		0		0		10	2,11,13-14,17,19,24,26,28,31	4869	0	0.0	0	0.0	0	0.0	1592	32.7
YIF1B	ENST00000339413	8	0		0		0		2	6-7	1105	0	0.0	0	0.0	0	0.0	290	26.2
YIPF5	ENST00000274496	5	0		0		0		1	4	874	0	0.0	0	0.0	0	0.0	166	19.0
YKT6	ENST00000223369	7	0		0		0		2	3,6	737	0	0.0	0	0.0	0	0.0	243	33.0
YME1L1	ENST00000376016	19	0		0		0		9	1,5-6,11,13-15,18-19	2531	0	0.0	0	0.0	0	0.0	1259	49.7
YPEL2	ENST00000312655	4	0		0		0		1	4	440	0	0.0	0	0.0	0	0.0	129	29.3
YRDC	ENST00000373044	5	0		0		0		2	1-2	940	0	0.0	0	0.0	0	0.0	544	57.9
YTHDC1	ENST00000344157	17	0		0		0		7	1-3,8-9,12,15	2524	0	0.0	0	0.0	0	0.0	972	38.5
YTHDC2	ENST00000161863	29	0		0		0		12	4-8,10,15-16,19,22-23,27	4873	0	0.0	0	0.0	0	0.0	2006	41.2
YWHAE	ENST00000264335	6	0		0		0		2	3,5	888	0	0.0	0	0.0	0	0.0	284	32.0
YWHAG	ENST00000307630	2	0		0		0		1	2	784	0	0.0	0	0.0	0	0.0	677	86.4
YWHAZ	ENST00000395958	5	0		0		0		3	2,5-6	838	0	0.0	0	0.0	0	0.0	510	60.9
YY1	ENST00000262238	5	0		0		0		2	1-2	1345	0	0.0	0	0.0	0	0.0	882	65.6
YY1AP1	ENST00000355499	9	0		0		0		3	4,7,11	2433	0	0.0	0	0.0	0	0.0	1593	65.5
ZAP70	ENST00000264972	12	0		0		0		3	4,10-11	2100	0	0.0	0	0.0	0	0.0	621	29.6
ZAR1	ENST00000327939	4	0		0		0		2	1,4	1355	0	0.0	0	0.0	0	0.0	1147	84.6
ZBTB11	ENST00000312938	11	0		0		0		4	1-2,4,11	3382	0	0.0	0	0.0	0	0.0	1989	58.8
ZBTB16	ENST00000335953	6	0		0		0		5	2-6	2142	0	0.0	0	0.0	0	0.0	1892	88.3
ZBTB18	ENST00000358704	2	0		0		0		1	2	1636	0	0.0	0	0.0	0	0.0	1603	98.0
ZBTB20	ENST00000675478	4	0		0		0		2	10-11	2306	0	0.0	0	0.0	0	0.0	1833	79.5
ZBTB24	ENST00000230122	6	0		0		0		2	2,7	2214	0	0.0	0	0.0	0	0.0	1716	77.5
ZBTB40	ENST00000375647	17	0		0		0		5	2-3,8,12,18	4060	0	0.0	0	0.0	0	0.0	1535	37.8
ZBTB42	ENST00000342537	1	0		0		0		1	1	1289	0	0.0	0	0.0	0	0.0	1289	100.0
ZBTB47	ENST00000232974	5	0		0		0		2	2-3	2344	0	0.0	0	0.0	0	0.0	1661	70.9
ZBTB7A	ENST00000322357	2	0		0		0		2	2-3	1795	0	0.0	0	0.0	0	0.0	1795	100.0
ZC2HC1C	ENST00000524913	2	0		0		0		1	2	1411	0	0.0	0	0.0	0	0.0	1358	96.2
ZC3H12B	ENST00000338957	5	0		0		2	6,10	4	6,8-10	2611	0	0.0	0	0.0	2069	79.2	2451	93.9
ZC3H14	ENST00000251038	17	0		0		0		4	6,9,12,15	2551	0	0.0	0	0.0	0	0.0	991	38.8
ZC3HC1	ENST00000358303	10	0		0		0		4	1,5,7,10	1709	0	0.0	0	0.0	0	0.0	667	39.0
ZC4H2	ENST00000374839	5	0		0		1	4	5	1-5	775	0	0.0	0	0.0	183	23.6	775	100.0
ZCCHC14	ENST00000671377	13	0		0		1	1	4	1,3,10,12	3521	0	0.0	0	0.0	590	16.8	2313	65.7
ZCCHC8	ENST00000633063	14	0		0		0		6	1,3-4,7-8,14	2404	0	0.0	0	0.0	0	0.0	1406	58.5
ZDBF2	ENST00000374423	3	0		0		0		1	5	7125	0	0.0	0	0.0	0	0.0	6897	96.8
ZDHHC1	ENST00000565726	11	0		0		0		3	3-4,12	1669	0	0.0	0	0.0	0	0.0	763	45.7
ZDHHC15	ENST00000373367	11	0		0		1	9	11	1-11	1234	0	0.0	0	0.0	147	11.9	1234	100.0
ZDHHC16	ENST00000393760	10	0		0		0		4	3-4,9,11	1334	0	0.0	0	0.0	0	0.0	675	50.6
ZDHHC5	ENST00000287169	11	0		0		0		1	11	2368	0	0.0	0	0.0	0	0.0	880	37.2
ZDHHC9	ENST00000357166	9	0		0		0		8	3-8,10-11	1275	0	0.0	0	0.0	0	0.0	1151	90.3
ZEB1	ENST00000424869	9	0		0		0		3	3,7-8	3558	0	0.0	0	0.0	0	0.0	2115	59.4
ZEB2	ENST00000627532	9	0		0		0		6	2-3,6,8-10	3825	0	0.0	0	0.0	0	0.0	3395	88.8
ZFAT	ENST00000377838	16	0		0		0		8	3-6,10-11,15-16	4052	0	0.0	0	0.0	0	0.0	2840	70.1
ZFHX2	ENST00000419474	9	0		0		0		3	2,9-10	7899	0	0.0	0	0.0	0	0.0	6558	83.0
ZFHX3	ENST00000268489	9	0		0		0		5	2-3,7-9	11292	0	0.0	0	0.0	0	0.0	9080	80.4
ZFHX4	ENST00000651372	10	0		0		0		4	2,7-8,10	11051	0	0.0	0	0.0	0	0.0	8420	76.2
ZFP36L1	ENST00000439696	2	0		0		0		1	2	1057	0	0.0	0	0.0	0	0.0	980	92.7
ZFP36L2	ENST00000282388	2	0		0		0		1	2	1525	0	0.0	0	0.0	0	0.0	1454	95.3
ZFP57	ENST00000376883	4	0		0		0		1	5	1691	0	0.0	0	0.0	0	0.0	1279	75.6
ZFPM1	ENST00000319555	10	0		0		0		2	6,10	3221	0	0.0	0	0.0	0	0.0	2079	64.5
ZFPM2	ENST00000407775	8	0		0		0		5	1-2,4,7-8	3616	0	0.0	0	0.0	0	0.0	3135	86.7
ZFR	ENST00000265069	20	0		0		0		6	2-4,6,13,18	3625	0	0.0	0	0.0	0	0.0	1214	33.5
ZFR2	ENST00000262961	19	0		0		0		6	2,5,8-9,13,19	3200	0	0.0	0	0.0	0	0.0	1212	37.9
ZFTRAF1	ENST00000530374	4	0		0		0		2	1,4	1295	0	0.0	0	0.0	0	0.0	804	62.1
ZFX	ENST00000304543	7	0		0		5	5-9	7	4-10	2558	0	0.0	0	0.0	1276	49.9	2558	100.0
ZFYVE19	ENST00000355341	11	0		0		0		2	8-9	1636	0	0.0	0	0.0	0	0.0	219	13.4
ZFYVE26	ENST00000347230	41	0		0		0		12	3,5,7,10-12,19,21-22,34,36,38	8440	0	0.0	0	0.0	0	0.0	3616	42.8
ZFYVE27	ENST00000684270	12	0		0		0		2	3,5	1476	0	0.0	0	0.0	0	0.0	207	14.0
ZGPAT	ENST00000355969	6	0		0		0		2	2,6	1656	0	0.0	0	0.0	0	0.0	1030	62.2
ZGRF1	ENST00000505019	27	0		0		0		9	2,6,8-9,12,19-20,22,27	6855	0	0.0	0	0.0	0	0.0	4070	59.4
ZHX3	ENST00000683867	2	0		0		0		2	3-4	2911	0	0.0	0	0.0	0	0.0	2911	100.0
ZIC1	ENST00000282928	3	0		0		0		2	1,3	1404	0	0.0	0	0.0	0	0.0	1220	86.9
ZIC2	ENST00000376335	3	0		0		0		2	1-2	1659	0	0.0	0	0.0	0	0.0	1279	77.1
ZIC3	ENST00000287538	3	0		0		2	1-2	3	1-3	1464	0	0.0	0	0.0	1264	86.3	1464	100.0
ZKSCAN2	ENST00000328086	7	0		0		0		4	1,5-7	3044	0	0.0	0	0.0	0	0.0	2578	84.7
ZMAT2	ENST00000274712	6	0		0		0		0		720	0	0.0	0	0.0	0	0.0	0	0.0
ZMIZ1	ENST00000334512	21	0		0		0		2	11,17	3624	0	0.0	0	0.0	0	0.0	450	12.4
ZMPSTE24	ENST00000372759	10	0		0		0		3	4-5,8	1628	0	0.0	0	0.0	0	0.0	435	26.7
ZMYM2	ENST00000610343	23	0		0		0		5	3-4,19,23-24	4594	0	0.0	0	0.0	0	0.0	1701	37.0
ZMYM3	ENST00000314425	24	0		0		0		24	2-25	4593	0	0.0	0	0.0	0	0.0	4593	100.0
ZMYM5	ENST00000337963	6	0		0		0		4	3,5-6,8	2130	0	0.0	0	0.0	0	0.0	1783	83.7
ZMYM6	ENST00000357182	15	0		0		0		5	2,12-14,16	4278	0	0.0	0	0.0	0	0.0	2352	55.0
ZMYND10	ENST00000231749	12	0		0		0		3	5,7,12	1563	0	0.0	0	0.0	0	0.0	375	24.0
ZMYND11	ENST00000381604	14	0		0		0		6	7-8,10-13	2089	0	0.0	0	0.0	0	0.0	933	44.7
ZMYND15	ENST00000433935	13	0		0		0		2	4,7	2489	0	0.0	0	0.0	0	0.0	277	11.1
ZMYND8	ENST00000471951	23	0		0		0		6	11,14-15,19-21	4165	0	0.0	0	0.0	0	0.0	1961	47.1
ZNF141	ENST00000240499	4	0		0		0		1	4	1505	0	0.0	0	0.0	0	0.0	1219	81.0
ZNF142	ENST00000411696	8	0		0		0		5	4-5,7,9,11	5824	0	0.0	0	0.0	0	0.0	5312	91.2
ZNF143	ENST00000396602	15	0		0		0		2	4,8	2217	0	0.0	0	0.0	0	0.0	244	11.0
ZNF148	ENST00000360647	6	0		0		0		3	5,8-9	2505	0	0.0	0	0.0	0	0.0	1904	76.0
ZNF165	ENST00000683778	3	0		0		0		2	2,4	1518	0	0.0	0	0.0	0	0.0	1359	89.5
ZNF208	ENST00000397126	4	0		0		0		3	1,3-4	3923	0	0.0	0	0.0	0	0.0	3776	96.3
ZNF219	ENST00000360947	4	0		0		0		3	3-5	2249	0	0.0	0	0.0	0	0.0	2223	98.8
ZNF221	ENST00000587682	4	0		0		0		1	5	1934	0	0.0	0	0.0	0	0.0	1573	81.3
ZNF248	ENST00000395867	4	0		0		0		3	4-6	1820	0	0.0	0	0.0	0	0.0	1785	98.1
ZNF292	ENST00000369577	8	0		0		0		4	1,3,5,8	8332	0	0.0	0	0.0	0	0.0	7682	92.2
ZNF3	ENST00000299667	4	0		0		0		1	6	1421	0	0.0	0	0.0	0	0.0	1090	76.7
ZNF302	ENST00000505242	4	0		0		0		1	3	1280	0	0.0	0	0.0	0	0.0	141	11.0
ZNF317	ENST00000247956	6	0		0		0		1	7	1908	0	0.0	0	0.0	0	0.0	1340	70.2
ZNF318	ENST00000361428	10	0		0		0		5	1,3-4,6,10	7040	0	0.0	0	0.0	0	0.0	6268	89.0
ZNF335	ENST00000322927	27	0		0		0		10	2,5-6,10,13,18,20,22-24	4569	0	0.0	0	0.0	0	0.0	1998	43.7
ZNF341	ENST00000375200	15	0		0		0		5	3-4,7,9,12	2865	0	0.0	0	0.0	0	0.0	862	30.1
ZNF343	ENST00000278772	4	0		0		0		1	6	1880	0	0.0	0	0.0	0	0.0	1516	80.6
ZNF345	ENST00000420450	1	0		0		0		1	3	1487	0	0.0	0	0.0	0	0.0	1487	100.0
ZNF350	ENST00000243644	4	0		0		0		1	5	1679	0	0.0	0	0.0	0	0.0	1381	82.3
ZNF354A	ENST00000335815	4	0		0		0		3	3-5	1898	0	0.0	0	0.0	0	0.0	1845	97.2
ZNF365	ENST00000395254	4	0		0		0		4	2-5	1304	0	0.0	0	0.0	0	0.0	1304	100.0
ZNF385A	ENST00000394313	7	0		0		0		2	4-5	1241	0	0.0	0	0.0	0	0.0	453	36.5
ZNF385B	ENST00000410066	8	0		0		0		4	4,6-7,9	1621	0	0.0	0	0.0	0	0.0	734	45.3
ZNF397	ENST00000330501	3	0		0		0		2	2,4	1665	0	0.0	0	0.0	0	0.0	1503	90.3
ZNF407	ENST00000299687	8	0		0		0		5	2-3,5,8-9	6907	0	0.0	0	0.0	0	0.0	6567	95.1
ZNF408	ENST00000311764	5	0		0		0		4	1-2,4-5	2263	0	0.0	0	0.0	0	0.0	2181	96.4
ZNF41	ENST00000684689	4	0		0		1	5	4	2-5	2420	0	0.0	0	0.0	2065	85.3	2420	100.0
ZNF420	ENST00000337995	3	0		0		0		1	5	2127	0	0.0	0	0.0	0	0.0	1951	91.7
ZNF423	ENST00000563137	8	0		0		0		1	4	4039	0	0.0	0	0.0	0	0.0	3235	80.1
ZNF433	ENST00000550507	4	0		0		0		2	1,4	2093	0	0.0	0	0.0	0	0.0	1865	89.1
ZNF44	ENST00000355684	4	0		0		0		2	3-4	1928	0	0.0	0	0.0	0	0.0	1758	91.2
ZNF443	ENST00000301547	4	0		0		0		1	4	2096	0	0.0	0	0.0	0	0.0	1845	88.0
ZNF445	ENST00000396077	6	0		0		0		3	3-4,8	3216	0	0.0	0	0.0	0	0.0	2823	87.8
ZNF462	ENST00000277225	12	0		0		0		4	3,8,10,13	7761	0	0.0	0	0.0	0	0.0	6407	82.6
ZNF469	ENST00000565624	1	0		0		0		1	3	11882	0	0.0	0	0.0	0	0.0	11882	100.0
ZNF475	ENST00000509403	2	0		0		0		0		367	0	0.0	0	0.0	0	0.0	0	0.0
ZNF483	ENST00000309235	5	0		1	3	1	3	3	2-3,6	2335	0	0.0	109	4.7	109	4.7	2075	88.9
ZNF507	ENST00000355898	5	0		0		0		3	3,5,7	2962	0	0.0	0	0.0	0	0.0	2669	90.1
ZNF513	ENST00000323703	4	0		0		0		2	2,4	1706	0	0.0	0	0.0	0	0.0	1023	60.0
ZNF517	ENST00000359971	4	0		0		0		1	5	1559	0	0.0	0	0.0	0	0.0	1225	78.6
ZNF526	ENST00000301215	1	0		0		0		1	3	2033	0	0.0	0	0.0	0	0.0	2033	100.0
ZNF527	ENST00000436120	4	0		0		0		2	2,5	1910	0	0.0	0	0.0	0	0.0	1647	86.2
ZNF536	ENST00000355537	4	0		0		0		2	2,4	3983	0	0.0	0	0.0	0	0.0	3782	95.0
ZNF541	ENST00000391901	15	0		0		0		7	3-5,9,13-14,16	4341	0	0.0	0	0.0	0	0.0	3182	73.3
ZNF565	ENST00000304116	4	0		0		0		1	5	1580	0	0.0	0	0.0	0	0.0	1288	81.5
ZNF570	ENST00000330173	4	0		0		0		1	5	1691	0	0.0	0	0.0	0	0.0	1375	81.3
ZNF585B	ENST00000532828	4	0		0		0		2	2,5	2390	0	0.0	0	0.0	0	0.0	2130	89.1
ZNF589	ENST00000354698	4	0		0		0		2	1,4	1175	0	0.0	0	0.0	0	0.0	955	81.3
ZNF592	ENST00000560079	8	0		0		0		4	4,7-8,10	3964	0	0.0	0	0.0	0	0.0	2884	72.8
ZNF606	ENST00000551380	6	0		0		0		4	4-7	2499	0	0.0	0	0.0	0	0.0	2371	94.9
ZNF644	ENST00000337393	5	0		0		0		2	3,5	4084	0	0.0	0	0.0	0	0.0	3181	77.9
ZNF654	ENST00000636215	9	0		0		0		4	1,4,7-8	3567	0	0.0	0	0.0	0	0.0	2888	81.0
ZNF655	ENST00000252713	2	0		0		0		1	3	1516	0	0.0	0	0.0	0	0.0	1360	89.7
ZNF668	ENST00000300849	2	0		0		0		2	2-3	1900	0	0.0	0	0.0	0	0.0	1900	100.0
ZNF674	ENST00000683375	4	0		0		2	4,6	4	3-6	1811	0	0.0	0	0.0	1660	91.7	1811	100.0
ZNF675	ENST00000359788	4	0		0		0		2	1,4	1787	0	0.0	0	0.0	0	0.0	1524	85.3
ZNF687	ENST00000336715	8	0		0		0		3	2-3,9	3874	0	0.0	0	0.0	0	0.0	2849	73.5
ZNF699	ENST00000591998	5	0		0		0		3	4-6	2029	0	0.0	0	0.0	0	0.0	1814	89.4
ZNF711	ENST00000674551	8	0		0		2	5,11	7	4-8,10-11	2584	0	0.0	0	0.0	1761	68.2	2516	97.4
ZNF713	ENST00000429591	4	0		0		0		2	4,7	1412	0	0.0	0	0.0	0	0.0	1152	81.6
ZNF727	ENST00000456806	4	0		0		0		0		1580	0	0.0	0	0.0	0	0.0	0	0.0
ZNF750	ENST00000269394	2	0		0		0		2	2-3	2212	0	0.0	0	0.0	0	0.0	2212	100.0
ZNF774	ENST00000354377	3	0		0		0		1	4	1512	0	0.0	0	0.0	0	0.0	1261	83.4
ZNF789	ENST00000331410	4	0		0		0		2	3,5	1358	0	0.0	0	0.0	0	0.0	1180	86.9
ZNF804A	ENST00000302277	4	0		0		0		1	4	3710	0	0.0	0	0.0	0	0.0	3264	88.0
ZNF808	ENST00000359798	3	0		0		0		2	3,5	2772	0	0.0	0	0.0	0	0.0	2625	94.7
ZNF81	ENST00000338637	4	0		0		0		4	2-5	2066	0	0.0	0	0.0	0	0.0	2066	100.0
ZNF813	ENST00000396403	3	0		0		0		2	2,4	1914	0	0.0	0	0.0	0	0.0	1767	92.3
ZNF814	ENST00000435989	3	0		0		0		1	3	2628	0	0.0	0	0.0	0	0.0	2425	92.3
ZNF844	ENST00000439326	4	0		0		0		3	1,3-4	2081	0	0.0	0	0.0	0	0.0	1934	92.9
ZNF862	ENST00000223210	8	0		0		0		3	4-5,7	3670	0	0.0	0	0.0	0	0.0	3048	83.1
ZNFX1	ENST00000396105	13	0		0		0		5	3-4,6,9,14	6017	0	0.0	0	0.0	0	0.0	4776	79.4
ZNHIT3	ENST00000617429	5	0		0		0		1	5	568	0	0.0	0	0.0	0	0.0	202	35.6
ZNRF3	ENST00000544604	9	0		0		0		2	5,8	2991	0	0.0	0	0.0	0	0.0	1903	63.6
ZP1	ENST00000278853	12	0		0		0		1	12	2157	0	0.0	0	0.0	0	0.0	163	7.6
ZP2	ENST00000574091	19	0		0		0		7	1-2,6-7,10,12,19	2618	0	0.0	0	0.0	0	0.0	863	33.0
ZP3	ENST00000394857	8	0		0		0		5	1-2,5-6,8	1435	0	0.0	0	0.0	0	0.0	956	66.6
ZPBP	ENST00000046087	8	0		0		0		5	1-5	1216	0	0.0	0	0.0	0	0.0	806	66.3
ZPBP2	ENST00000348931	8	0		0		0		2	2,4	1177	0	0.0	0	0.0	0	0.0	268	22.8
ZPR1	ENST00000227322	14	0		0		0		2	1-2	1660	0	0.0	0	0.0	0	0.0	373	22.5
ZRSR2	ENST00000307771	11	0		0		2	7,11	7	1-2,6-8,10-11	1669	0	0.0	0	0.0	671	40.2	1255	75.2
ZSCAN10	ENST00000576985	5	0		0		0		3	2-3,6	2443	0	0.0	0	0.0	0	0.0	2280	93.3
ZSWIM6	ENST00000252744	14	0		1	1	1	1	4	1-2,4,14	3928	0	0.0	696	17.7	696	17.7	2127	54.1
ZSWIM7	ENST00000399277	5	0		0		0		0		523	0	0.0	0	0.0	0	0.0	0	0.0
ZWILCH	ENST00000307897	18	0		0		0		7	1,5-6,9-10,13,15	2136	0	0.0	0	0.0	0	0.0	908	42.5
ZYG11A	ENST00000371528	14	0		0		0		3	3-4,9	2560	0	0.0	0	0.0	0	0.0	1115	43.6
ZYG11B	ENST00000294353	14	0		0		1	8	7	3,5,7-9,12,14	2515	0	0.0	0	0.0	71	2.8	1629	64.8
ZYX	ENST00000322764	9	0		0		0		6	3-8	1899	0	0.0	0	0.0	0	0.0	1405	74.0
