alias	existing_or_reason	candidate_target	source
2F1	multiple_targets	KLRG1|SLC25A5	hgnc_alias_symbol
60B8AG	multiple_targets	S100A8|S100A9	hgnc_alias_symbol
87U6	multiple_targets	GNAI3|RNU6V	hgnc_alias_symbol
9G8	multiple_targets	SLU7|SRSF7	hgnc_alias_symbol
A1	multiple_targets	RFC1|RFC2|RFC4	hgnc_alias_symbol
A2	multiple_targets	CFAP410|GPHA2|SGCA	hgnc_alias_symbol
A20	multiple_targets	IGKV1-27|TNFAIP3	hgnc_alias_symbol
A3GALNT	multiple_targets	ABO|GBGT1	hgnc_alias_symbol
A4	multiple_targets	PLP2|SGCG	hgnc_alias_symbol
AAC1	NAT1	SLC25A4	hgnc_alias_symbol
AAVS1	current_symbol	PPP1R12C	hgnc_alias_symbol
ABC1	ABCA1	HEATR6	hgnc_alias_symbol
ABCE1P2	current_symbol	ABCE1P1	hgnc_alias_symbol
ABL	multiple_targets	DSP-AS1|MTTP	hgnc_alias_symbol
ABP	AOC1	SHBG	hgnc_alias_symbol
ABP-280	multiple_targets	FLNA|FLNC	hgnc_alias_symbol
ABP1	AOC1	DBNL	hgnc_alias_symbol
AC008392.1	multiple_targets	CARD8-AS1|ZNF114-AS1	hgnc_alias_symbol
AC073352.1	multiple_targets	ADPRH-AS1|TIMMDC1-DT	hgnc_alias_symbol
AC079630.2	multiple_targets	LINC02471|LINC02555	hgnc_alias_symbol
AC107464.2	multiple_targets	PCGF3-AS2|YAP1-DT	hgnc_alias_symbol
ACA59	multiple_targets	SNORA59A|SNORA59B	hgnc_alias_symbol
ACAT	ACAT1	SOAT1	hgnc_alias_symbol
ACAT1	current_symbol	SOAT1	hgnc_alias_symbol
ACAT2	current_symbol	SOAT2	hgnc_alias_symbol
ACBP	CPN2	DBI	hgnc_alias_symbol
ACC1	multiple_targets	ACACA|BCL2A1	hgnc_alias_symbol
ACC2	multiple_targets	ACACB|BCL2A1	hgnc_alias_symbol
ACCA	multiple_targets	ACACA|GPR3	hgnc_alias_symbol
ACKR5	current_symbol	CCRL2	hgnc_alias_symbol
ACP1	current_symbol	NDUFAB1	hgnc_alias_symbol
ACS	multiple_targets	ACCS|ACSS2	hgnc_alias_symbol
ACS2	multiple_targets	ACSL5|ACSL6	hgnc_alias_symbol
ACS3	TWIST1	ACSL3	hgnc_alias_symbol
ACSM2	multiple_targets	ACSM2A|ACSM2B	hgnc_prev_symbol
ACT	multiple_targets	ACOT7|FHL5|POTEM|SERPINA3	hgnc_alias_symbol
ACTBP2	current_symbol	ACTBP8	hgnc_alias_symbol
ACVRLK4	ACVR1B	TGFBR1	hgnc_alias_symbol
AD026	multiple_targets	ADORA3|TMIGD3	hgnc_alias_symbol
AD1	APP	CD63	hgnc_alias_symbol
AD3	PSEN1	TBC1D8	hgnc_alias_symbol
ADA1	multiple_targets	ADA|TADA1	hgnc_alias_symbol
ADA2	current_symbol	TADA2A	hgnc_alias_symbol
ADAM23	current_symbol	ADAM28	hgnc_alias_symbol
ADCY3	current_symbol	ADCY8	hgnc_prev_symbol
ADK	current_symbol	AK1	hgnc_alias_symbol
ADRA1A	current_symbol	ADRA1D	hgnc_alias_symbol
AE2	SLC4A2	NBPF3	hgnc_alias_symbol
AF-1	multiple_targets	IFNGR2|PSMD4	hgnc_alias_symbol
AG2	multiple_targets	AGR2|C11orf96	hgnc_alias_symbol
AGC1	ACAN	SLC25A12	hgnc_alias_symbol
AGPAT10	multiple_targets	GPAT3|LPCAT1	hgnc_alias_symbol
AGPAT9	GPAT3	LPCAT1	hgnc_alias_symbol
AGS1	TREX1	RASD1	hgnc_alias_symbol
AGS3	multiple_targets	GPSM1|RNASEH2C	hgnc_alias_symbol
AGS4	multiple_targets	GPSM3|RNASEH2A	hgnc_alias_symbol
AGT	current_symbol	AGXT	hgnc_alias_symbol
AIM-1	multiple_targets	AURKB|SLC45A2	hgnc_alias_symbol
AIP	current_symbol	AURKAIP1	hgnc_alias_symbol
AIP1	multiple_targets	ACTRT1|ARL6IP1|DAB2IP|MAGI2|PDCD6IP|WDR1	hgnc_alias_symbol
AK3	current_symbol	AK4	hgnc_prev_symbol
AK3L1	multiple_targets	AK3|AK4	hgnc_prev_symbol
AK6	current_symbol	AK3	hgnc_prev_symbol
AK6	current_symbol	AK3	hgnc_withdrawn
ALB	current_symbol	FBF1	hgnc_alias_symbol
ALC1	multiple_targets	CHD1L|MYL4	hgnc_alias_symbol
ALDH4	multiple_targets	ALDH4A1|ALDH9A1	hgnc_prev_symbol
ALDH7	multiple_targets	ALDH3B1|ALDH9A1	hgnc_prev_symbol
ALDRP	AKR1B1P2	ABCD2	hgnc_alias_symbol
ALIEN	multiple_targets	COPS2|LINC00261	hgnc_alias_symbol
ALK1	multiple_targets	ACVRL1|ALK|SLPI	hgnc_alias_symbol
ALP	multiple_targets	ASRGL1|ATRNL1|CCL27|PDLIM3|SLPI	hgnc_alias_symbol
ALP1	multiple_targets	ASRGL1|ASZ1	hgnc_alias_symbol
ALR	multiple_targets	AKR1A1|GFER|KMT2D	hgnc_alias_symbol
ALS	SOD1	IGFALS	hgnc_alias_symbol
ALX	multiple_targets	FPR2|HSH2D	hgnc_alias_symbol
AM	multiple_targets	ADM|ATF7IP	hgnc_alias_symbol
AMCD2B	TNNI2	TNNT3	hgnc_alias_symbol
AMN	current_symbol	ABCD1	hgnc_alias_symbol
AMY1	multiple_targets	AMY1A|AMY1B|AMY1C	hgnc_prev_symbol
AMY2	multiple_targets	AMY2A|AMY2B	hgnc_prev_symbol
AN	multiple_targets	CCDC102B|DIAPH3|PAX6	hgnc_alias_symbol
ANCR	current_symbol	DANCR|UBE3A	hgnc_alias_symbol
ANG3	multiple_targets	ANGPTL1|VPS51	hgnc_alias_symbol
ANK	ANK1	ANKH	hgnc_alias_symbol
ANKRD30BP3	current_symbol	ANKRD30BL	hgnc_prev_symbol
AOH1	multiple_targets	AOX1|AOX3P	hgnc_alias_symbol
AP-1	multiple_targets	FOS|FOSB|JUN|JUND	hgnc_alias_symbol
AP000695.2	multiple_targets	LNCTSI|PPP1R3B-DT	hgnc_alias_symbol
AP3Aase	multiple_targets	ENPP4|FHIT	hgnc_alias_symbol
AP47B	multiple_targets	AP3M2|AP4S1	hgnc_alias_symbol
APC1	multiple_targets	ANAPC1|SLC25A24	hgnc_alias_symbol
APC2	current_symbol	ANAPC2|SLC25A23	hgnc_alias_symbol
APC4	multiple_targets	ANAPC4|SLC25A41	hgnc_alias_symbol
APC7	multiple_targets	ANAPC7|SCARA3	hgnc_alias_symbol
APE	multiple_targets	APEX1|CCDC88A	hgnc_alias_symbol
APH2	multiple_targets	NCSTN|ZDHHC16	hgnc_alias_symbol
API5L1	API5P1	API5	hgnc_alias_symbol
APPL2	current_symbol	APLP2	hgnc_prev_symbol
APPL2	current_symbol	APLP2	hgnc_withdrawn
APR	LRP1	PMAIP1	hgnc_alias_symbol
APRIL	multiple_targets	ANP32B|TNFSF13	hgnc_alias_symbol
APRO5	multiple_targets	TOB1|TOB2	hgnc_alias_symbol
APS	KLK3	SH2B2	hgnc_alias_symbol
APT1	FAS	LYPLA1	hgnc_alias_symbol
AQP9	current_symbol	AQP7	hgnc_alias_symbol
AR	current_symbol	AKR1B1|AREG|FDXR	hgnc_alias_symbol
ARA	ABCC6	FOXC1	hgnc_alias_symbol
ARC	current_symbol	NOL3	hgnc_alias_symbol
ARD1	multiple_targets	PPP1R8|TRIM23	hgnc_alias_symbol
ARF1P2	current_symbol	ARL17A	hgnc_prev_symbol
ARFGAP1	current_symbol	ARFGAP3	hgnc_prev_symbol
ARG	multiple_targets	ABL2|RERE	hgnc_alias_symbol
ARG1	current_symbol	TINAGL1	hgnc_alias_symbol
ARH2	multiple_targets	ADPRHL1|LDLRAP1	hgnc_alias_symbol
ARHGAP10	current_symbol	ARHGAP21	hgnc_alias_symbol
ARIP1	multiple_targets	ACTRT1|MAGI2	hgnc_alias_symbol
ARK	multiple_targets	AXL|RNF111	hgnc_alias_symbol
ARL1	current_symbol	AKR1B10	hgnc_alias_symbol
ARP	multiple_targets	ARFRP1|CRISP1|MANF|RERE	hgnc_alias_symbol
ARP1	multiple_targets	ACTR1A|ANGPTL1|APOBEC2|PITX2	hgnc_alias_symbol
ARP11	multiple_targets	ACTR3B|ACTR3C	hgnc_alias_symbol
ARP2	multiple_targets	ACTR2|AICDA|ANGPTL2	hgnc_alias_symbol
ARP3	multiple_targets	ACTR3|APOBEC3A	hgnc_alias_symbol
ARP5	multiple_targets	ANGPTL6|APOBEC3C	hgnc_alias_symbol
ARP6	multiple_targets	ACTR6|APOBEC3D	hgnc_alias_symbol
ARP8	multiple_targets	ACTR8|APOBEC3F	hgnc_alias_symbol
ARSC	ARSC2	STS	hgnc_alias_symbol
AS	HLA-B	UBE3A	hgnc_alias_symbol
ASAP	multiple_targets	LINC00467|MAP9	hgnc_alias_symbol
ASB	ALAS2	ARSB	hgnc_alias_symbol
ASC2	multiple_targets	NCOA6|PYDC1	hgnc_alias_symbol
ASF	multiple_targets	ARSF|SRSF1	hgnc_alias_symbol
ASH1	multiple_targets	ASCL1|ASH1L	hgnc_alias_symbol
ASH2	multiple_targets	ASCL2|ASH2L	hgnc_alias_symbol
ASIP	current_symbol	PARD3	hgnc_alias_symbol
ASM	multiple_targets	H19|SMPD1	hgnc_alias_symbol
ASP	multiple_targets	A1CF|ASIP|ASPA|ASPM|ATG5|ROPN1L|TMPRSS11D	hgnc_alias_symbol
AST	multiple_targets	GOT1|SLC17A5	hgnc_alias_symbol
AT1	multiple_targets	AGTR1|PGR-AS1|SLC33A1	hgnc_alias_symbol
AT2	multiple_targets	AGTR2|PGR-AS1	hgnc_alias_symbol
AT3	SERPINC1	PGR-AS1	hgnc_alias_symbol
ATDC	ATM	TRIM29	hgnc_alias_symbol
ATF1	current_symbol	GDNF	hgnc_alias_symbol
ATF2	current_symbol	GDNF	hgnc_alias_symbol
ATP2B2	current_symbol	ATP2B4	hgnc_prev_symbol
ATP5A	ATP5PF	ATP5F1A	hgnc_alias_symbol
ATP6C	multiple_targets	ATP6V0C|ATP6V1C1	hgnc_prev_symbol
ATP6D	multiple_targets	ATP6V0D1|ATP6V1C1	hgnc_prev_symbol
ATP6G	ATP6V1G2	ATP6V1G1	hgnc_alias_symbol
ATPM	multiple_targets	ATP5F1A|ATP5PF	hgnc_prev_symbol
ATR	current_symbol	ANTXR1|SERPINA2	hgnc_alias_symbol
ATR1	multiple_targets	AGTR1|SLC3A1	hgnc_alias_symbol
ATX	multiple_targets	ENPP2|SMG1	hgnc_alias_symbol
AUTL1	ATG4C	ATG4B	hgnc_alias_symbol
AVP	current_symbol	NLRP3	hgnc_alias_symbol
AZ1	multiple_targets	CEP131|OAZ1	hgnc_alias_symbol
B1	multiple_targets	BBS9|MS4A1	hgnc_alias_symbol
B12	multiple_targets	NDUFB3|TNFAIP1	hgnc_alias_symbol
B17	multiple_targets	DONSON|NDUFB6	hgnc_alias_symbol
B18	multiple_targets	EVA1C|NDUFB7	hgnc_alias_symbol
B29	multiple_targets	CD79B|MRO	hgnc_alias_symbol
B37	multiple_targets	ATN1|EPCIP	hgnc_alias_symbol
B3GN-T1	multiple_targets	B3GNT2|B4GAT1	hgnc_alias_symbol
B3GNT1	multiple_targets	B3GNT2|B4GAT1	hgnc_prev_symbol
B3GNT6	current_symbol	B4GAT1	hgnc_prev_symbol
B3GNT8	current_symbol	QTGAL	hgnc_alias_symbol
B7-H5	multiple_targets	HHLA2|VSIR	hgnc_alias_symbol
B9	multiple_targets	B9D1|NDUFA3	hgnc_alias_symbol
bA548K23.1	multiple_targets	AGAP13P|C10orf62	hgnc_alias_symbol
BACH1	current_symbol	BRIP1	hgnc_alias_symbol
BAF190	multiple_targets	SMARCA2|SMARCA4	hgnc_alias_symbol
BAP1	current_symbol	MAGI1|RNF2	hgnc_alias_symbol
BAR	multiple_targets	ADRB2|BFAR	hgnc_alias_symbol
BART	multiple_targets	ARL2BP|BSND	hgnc_alias_symbol
BAT1	DDX39B	SLC7A9	hgnc_alias_symbol
BB1	multiple_targets	MBOAT7|NMBR	hgnc_alias_symbol
BB2	multiple_targets	GRPR|ICAM1	hgnc_alias_symbol
BBP	multiple_targets	SF1|TM2D1	hgnc_alias_symbol
BCAM	current_symbol	BCAT2	hgnc_alias_symbol
BCAP	multiple_targets	PHF11|PIK3AP1	hgnc_alias_symbol
BCD1	KLF6	ZNHIT6	hgnc_alias_symbol
BCD541	multiple_targets	SMN1|SMN2	hgnc_alias_symbol
BCRP1	current_symbol	BANF1P1	hgnc_alias_symbol
BCRP2	current_symbol	DCAF5	hgnc_alias_symbol
BDP	multiple_targets	ARID3B|PPM1K	hgnc_alias_symbol
BDP1	current_symbol	PTPN18	hgnc_alias_symbol
BEC1	multiple_targets	CLDN5|KCNH3	hgnc_alias_symbol
BEDP	multiple_targets	APOBEC1|DUSP13A	hgnc_alias_symbol
BFNC	multiple_targets	CHRNA4|KCNQ2	hgnc_alias_symbol
BGP	CEACAM1	BGLAP	hgnc_alias_symbol
BMD	multiple_targets	BEST1|DMD	hgnc_alias_symbol
BNC1	current_symbol	ASIC2	hgnc_alias_symbol
BOP	multiple_targets	OPN1SW|RTL10|SMYD1	hgnc_alias_symbol
BOR	EYA1	CDCA8	hgnc_alias_symbol
BRAP	current_symbol	C6orf89	hgnc_alias_symbol
BRCC1	multiple_targets	BRCA1|ICE2	hgnc_alias_symbol
BRCC2	multiple_targets	BLID|BRCA2	hgnc_alias_symbol
BRCC3	current_symbol	DEPDC1B	hgnc_alias_symbol
BRF1	current_symbol	ZFP36L1	hgnc_prev_symbol
BRF2	current_symbol	ZFP36L2	hgnc_prev_symbol
BRI3	current_symbol	ITM2C	hgnc_alias_symbol
BRMS1	current_symbol	BRMS1L	hgnc_prev_symbol
BRWD2	WDR11	PHIP	hgnc_alias_symbol
BRX	multiple_targets	AKAP13|CHIC1	hgnc_alias_symbol
BTF2	multiple_targets	BTN2A2|ERCC3|GTF2H1|GTF2H2|GTF2H3	hgnc_alias_symbol
BTF3	current_symbol	BTN3A3	hgnc_alias_symbol
BTF4	multiple_targets	GTF2F1|GTF2F2	hgnc_alias_symbol
BTN1	multiple_targets	BTN1A1|CLN3	hgnc_alias_symbol
C1	multiple_targets	ARHGAP4|PFDN4|TRGC1	hgnc_alias_symbol
C11	multiple_targets	AKR1C4|POLR3K	hgnc_alias_symbol
C11orf2	VPS51	IFT46	hgnc_alias_symbol
C11orf3	VPS51	EMC7	hgnc_alias_symbol
C11orf4	MRPL49	GPR137	hgnc_alias_symbol
C11orf48	multiple_targets	C11orf98|LBHD1	hgnc_prev_symbol
C11orf5	ZNHIT2	CWC15	hgnc_alias_symbol
C17	multiple_targets	CRCP|CYTL1	hgnc_alias_symbol
C17orf1	FBXW10	FMNL1	hgnc_alias_symbol
C18orf2	LINC00470	CHMP1B	hgnc_alias_symbol
C18orf21	multiple_targets	RMP24|RMP24P1	hgnc_prev_symbol
C1QTNF15	multiple_targets	ERFE|OTOL1	hgnc_alias_symbol
C1QTNF5	current_symbol	MFRP	hgnc_alias_symbol
C2TA	multiple_targets	CIITA|DONSON	hgnc_alias_symbol
C4B	current_symbol	C4A	hgnc_alias_symbol
C4BP	multiple_targets	C4BPA|C4BPB	hgnc_prev_symbol
C53	multiple_targets	CDK5RAP3|POLR3D	hgnc_alias_symbol
C6	current_symbol	PSMA7	hgnc_alias_symbol
C6orf37	TENT5A	MUCL3	hgnc_alias_symbol
C6ST	multiple_targets	CHST1|CHST2|CHST3	hgnc_alias_symbol
C7	current_symbol	CXCL10	hgnc_alias_symbol
C8orf9	MTMR9	MTMR8	hgnc_withdrawn
CA11	current_symbol	GKN1	hgnc_alias_symbol
CA125	multiple_targets	MUC16|NBR1	hgnc_alias_symbol
CABP1	current_symbol	S100G	hgnc_alias_symbol
CAD	current_symbol	ACOD1|DFFB	hgnc_alias_symbol
CAF-1	multiple_targets	CHAF1A|CHAF1B	hgnc_alias_symbol
CAF1	multiple_targets	CHAF1A|CHAF1B|CNOT8	hgnc_alias_symbol
CAK	DDR1	CDK7	hgnc_alias_symbol
CAK1	multiple_targets	CDK7|MSLN	hgnc_alias_symbol
CAL	multiple_targets	FBLIM1|GOPC	hgnc_alias_symbol
CALM	multiple_targets	PICALM|SNAP91	hgnc_alias_symbol
CaMKIINalpha	multiple_targets	CAMK2A|CAMK2N1	hgnc_alias_symbol
CAMP	current_symbol	CHAMP1	hgnc_alias_symbol
CANP	multiple_targets	CAPN1|CAPNS1|FAM111B	hgnc_alias_symbol
CAP	multiple_targets	BRD4|CAP1|HACD1|LNPEP|SERPINB6|SORBS1	hgnc_alias_symbol
CAP1	current_symbol	PRSS8	hgnc_alias_symbol
CAP2	current_symbol	SERPINB8|TMPRSS4	hgnc_alias_symbol
CAP3	multiple_targets	SERPINB9|ST14	hgnc_alias_symbol
CAPS	current_symbol	CADPS	hgnc_alias_symbol
CAPS1	multiple_targets	CADPS|CAPS	hgnc_alias_symbol
CAPS2	current_symbol	CADPS2	hgnc_alias_symbol
CAR	multiple_targets	CXADR|CXADRP1|NR1I3|SPG7	hgnc_alias_symbol
CARD2	multiple_targets	KRT8|NOL3	hgnc_alias_symbol
CARDINAL	multiple_targets	CARD8|LINC00670	hgnc_alias_symbol
CARF	current_symbol	CDKN2AIP	hgnc_alias_symbol
CARMEN	multiple_targets	BCL10|CARMN	hgnc_alias_symbol
CARP	multiple_targets	ANKRD1|CA8|MINDY3	hgnc_alias_symbol
CARP2	multiple_targets	CA11|RFFL	hgnc_alias_symbol
CART1	ALX1	TRAF4	hgnc_alias_symbol
CAS	multiple_targets	BCAR1|CSE1L	hgnc_alias_symbol
CASP	multiple_targets	CRTAP|CUX1|CYTIP	hgnc_alias_symbol
CAST	current_symbol	ERC2|POLR1G	hgnc_alias_symbol
CATCH22	multiple_targets	DGCR|TBX1	hgnc_alias_symbol
CAV	multiple_targets	CA5A|CAV2	hgnc_alias_symbol
CBBM	multiple_targets	OPN1LW|OPN1MW	hgnc_prev_symbol
CBL-3	multiple_targets	CBLC|VTRNA2-1	hgnc_alias_symbol
CBP	multiple_targets	CREBBP|PAG1	hgnc_alias_symbol
CCBP2	ACKR2	ACKR4	hgnc_alias_symbol
CCN1	current_symbol	CCNA2	hgnc_prev_symbol
CCNL1	current_symbol	MCM2	hgnc_prev_symbol
CCNL1	current_symbol	MCM2	hgnc_withdrawn
CCR10	current_symbol	ACKR2	hgnc_alias_symbol
CCR4	current_symbol	CNOT6	hgnc_alias_symbol
CCR9	current_symbol	ACKR2	hgnc_alias_symbol
CCRL1	ACKR4	CX3CR1	hgnc_alias_symbol
CD	multiple_targets	CTLA4|NOD2	hgnc_alias_symbol
CD1	multiple_targets	CD1A|CD1B|CD1C	hgnc_prev_symbol
CD16	multiple_targets	FCGR3A|FCGR3B	hgnc_alias_symbol
CD25	multiple_targets	IL2RA|ISG20	hgnc_alias_symbol
CD32	multiple_targets	FCGR2A|FCGR2B	hgnc_alias_symbol
CD85	multiple_targets	LILRA5|LILRB1	hgnc_alias_symbol
CD98	multiple_targets	SLC3A2|SLC7A5	hgnc_alias_symbol
CDC2	CDK1	POLD1	hgnc_alias_symbol
CDC25	CDC25C	RASGRF1	hgnc_alias_symbol
CDH1	current_symbol	FZR1	hgnc_alias_symbol
CDH14	CDH15	CDH18	hgnc_alias_symbol
CDH20	current_symbol	PCDHGB4	hgnc_alias_symbol
CDH3	current_symbol	CDH15	hgnc_prev_symbol
CDH7	current_symbol	CDH19	hgnc_alias_symbol
CDK11-p110	multiple_targets	CDK11A|CDK11B	hgnc_alias_symbol
CDK11-p46	multiple_targets	CDK11A|CDK11B	hgnc_alias_symbol
CDK11-p58	multiple_targets	CDK11A|CDK11B	hgnc_alias_symbol
CDK4I	multiple_targets	CDKN2A|CDKN2B	hgnc_alias_symbol
CDKN1A	current_symbol	CDPF1	hgnc_alias_symbol
CDM	multiple_targets	BCAP31|CALD1	hgnc_alias_symbol
CDR	multiple_targets	AKR1C4|RUNX1T1	hgnc_alias_symbol
CDS1	current_symbol	CHEK2	hgnc_alias_symbol
CEA	multiple_targets	CEACAM7|PSG2	hgnc_alias_symbol
CED-12	multiple_targets	ELMO1|ELMO2|ELMO3	hgnc_alias_symbol
CED12	multiple_targets	ELMO1|ELMO2|ELMO3	hgnc_alias_symbol
CELIAC1	multiple_targets	HLA-DQA1|HLA-DQB1	hgnc_alias_symbol
CENPC	current_symbol	CENPCP1	hgnc_prev_symbol
CENPC	current_symbol	CENPCP1	hgnc_withdrawn
CEP1	CNTRL	CDC42EP1	hgnc_alias_symbol
CEP2	CEP250	CDC42EP2	hgnc_alias_symbol
CEP4	CEP135	CDC42EP4	hgnc_alias_symbol
CER1	current_symbol	C3CER1	hgnc_alias_symbol
CES2	current_symbol	CES1	hgnc_alias_symbol
CFAG	multiple_targets	S100A8|S100A9	hgnc_prev_symbol
CFD1	FGFR2	NUBP2	hgnc_alias_symbol
CFP1	multiple_targets	CCNY|CXXC1	hgnc_alias_symbol
CG1	multiple_targets	KTN1|MAMLD1|NUP42	hgnc_alias_symbol
CGI-141	multiple_targets	GOLT1A|GOLT1B	hgnc_alias_symbol
CGRP	multiple_targets	CALCA|S100A12	hgnc_alias_symbol
CHAMP	multiple_targets	CHAMP1|MOV10L1	hgnc_alias_symbol
CHD5	current_symbol	CHD6|GET1	hgnc_alias_symbol
CHE1	BCHE	AATF	hgnc_alias_symbol
CHED	multiple_targets	CDK13|OVOL2	hgnc_alias_symbol
CHK	CHKA	MATK	hgnc_alias_symbol
CHL1	current_symbol	DDX11	hgnc_alias_symbol
CHN	CHN1	NR4A3	hgnc_alias_symbol
CHP1	current_symbol	CHORDC1	hgnc_alias_symbol
CHS1	multiple_targets	LYST|VPS13B	hgnc_prev_symbol
CIA	multiple_targets	ASF1A|NCOA5	hgnc_alias_symbol
CIB	multiple_targets	ABHD14B|CIB1	hgnc_alias_symbol
CIC	current_symbol	SLC25A1	hgnc_alias_symbol
CINAP	multiple_targets	AK6|TSPYL2	hgnc_alias_symbol
CIP1	multiple_targets	CDKN1A|SLC12A9	hgnc_alias_symbol
CIR	multiple_targets	CIRSR|KCNJ5|VIM2P	hgnc_alias_symbol
CKLF	current_symbol	KLF5	hgnc_alias_symbol
CKMT1	multiple_targets	CKMT1A|CKMT1B	hgnc_prev_symbol
CKR-1	multiple_targets	CCR1|CXCR1	hgnc_alias_symbol
CKS1	CKS1BP7	CKS1B	hgnc_alias_symbol
CL2	multiple_targets	CCDC80|ERVW-5	hgnc_alias_symbol
CLA1	PMPCA	SCARB1	hgnc_alias_symbol
CLA20	multiple_targets	AP3M2|AP4S1	hgnc_alias_symbol
CLAMP	multiple_targets	PDZK1|SPEF1	hgnc_alias_symbol
CLAN	multiple_targets	LINC02577|NLRC4	hgnc_alias_symbol
CLC	current_symbol	CLCF1	hgnc_alias_symbol
CLC2	multiple_targets	CLCN2|LGALS14	hgnc_alias_symbol
CLCP1	current_symbol	DCBLD2	hgnc_alias_symbol
CLDN21	CLDN24	CLDN22	hgnc_alias_symbol
CLECSF13	multiple_targets	CLEC10A|CLEC4F	hgnc_prev_symbol
CLF	multiple_targets	CRLF1|CRNKL1	hgnc_alias_symbol
CLG	MMP1	PLEKHG2	hgnc_alias_symbol
CLIC5	current_symbol	CLIC6	hgnc_alias_symbol
CLIM1	PDLIM1	LDB2	hgnc_alias_symbol
CLIP	multiple_targets	CD74|CLIP1|CLIP2|POMC	hgnc_alias_symbol
CLIP4	current_symbol	UBASH3A	hgnc_alias_symbol
CLM	LAMB1	CST9	hgnc_alias_symbol
CLMF	multiple_targets	IL12A|IL12B	hgnc_alias_symbol
CLP	multiple_targets	CALML3|COTL1|CSRP3	hgnc_alias_symbol
CLPSMCR	multiple_targets	COTL1P1|COTL1P2	hgnc_prev_symbol
CLU1	multiple_targets	CLU|CLUH	hgnc_alias_symbol
CMPD2	multiple_targets	SCN5A|TNNT2	hgnc_alias_symbol
CMT2	KIF1B	MAD2L1BP	hgnc_alias_symbol
CN1	multiple_targets	CNDP1|NT5C1A	hgnc_alias_symbol
CNA2	KERA	PPP3CB	hgnc_alias_symbol
CNK	PLK3	CNKSR1	hgnc_alias_symbol
CNP	current_symbol	NPPC	hgnc_alias_symbol
CNR1	current_symbol	PCDHA4|PCDHA@	hgnc_alias_symbol
CNR2	current_symbol	PCDHA6	hgnc_alias_symbol
CO4	multiple_targets	C4A|C4B	hgnc_alias_symbol
COD1	RPGR	COG4	hgnc_alias_symbol
COD5	multiple_targets	OPN1LW|OPN1MW	hgnc_alias_symbol
COL6A4	multiple_targets	COL6A4P1|COL6A4P2	hgnc_alias_symbol
COM1	multiple_targets	NUPR1|RBBP8	hgnc_alias_symbol
COMT2	multiple_targets	LRTOMT|TOMT	hgnc_alias_symbol
COP1	current_symbol	CARD16	hgnc_alias_symbol
COQ8	multiple_targets	COQ8A|COQ8B	hgnc_alias_symbol
COT	MAP3K8	CROT	hgnc_alias_symbol
COX1	multiple_targets	MT-CO1|PTGS1	hgnc_alias_symbol
COX11P	COX11P1	COX11	hgnc_alias_symbol
COX2	multiple_targets	MT-CO2|PTGS2	hgnc_alias_symbol
CP27	multiple_targets	CFDP1|CYP27A1	hgnc_alias_symbol
CPA3	current_symbol	CPA4	hgnc_alias_symbol
CPA6	current_symbol	CYP2A6	hgnc_alias_symbol
CPD	current_symbol	HOMER2	hgnc_alias_symbol
CPI17-like	multiple_targets	PPP1R14C|PPP1R14D	hgnc_alias_symbol
CPN1	current_symbol	CPNE1|CYP11B1	hgnc_alias_symbol
CPN2	current_symbol	CPNE2|CYP11B2	hgnc_alias_symbol
CPO	current_symbol	CPOX	hgnc_prev_symbol
CPS1	current_symbol	CYP21A2	hgnc_alias_symbol
CPT1	multiple_targets	CPT1A|CPT2	hgnc_prev_symbol
CPX	multiple_targets	CPOX|EBP	hgnc_alias_symbol
CR	multiple_targets	CD55|CRIPTO|EDARADD	hgnc_alias_symbol
CRA	multiple_targets	LUC7L3|MTMR11	hgnc_alias_symbol
CRABP-I	multiple_targets	CRABP1|RBP1	hgnc_alias_symbol
CRABP-II	multiple_targets	CRABP2|RBP2	hgnc_alias_symbol
CRD	RPGR	CRX	hgnc_alias_symbol
CREB3	current_symbol	CREB3L4	hgnc_alias_symbol
CRF	multiple_targets	C1QL1|CRH	hgnc_alias_symbol
CRIP1	current_symbol	CNRIP1	hgnc_alias_symbol
CRN	multiple_targets	CORIN|CRNKL1	hgnc_alias_symbol
CRP	current_symbol	PPIAP10	hgnc_alias_symbol
CRP2	multiple_targets	CEBPB|CRIP2|CSRP2	hgnc_alias_symbol
CRT	multiple_targets	CALR|SLC6A8	hgnc_alias_symbol
CRT2	multiple_targets	CALR3|SLC16A12	hgnc_alias_symbol
CRYG5	CRYGEP	CRYGA	hgnc_alias_symbol
CS-1	multiple_targets	ITPRID2|MYOZ2	hgnc_alias_symbol
CS-2	multiple_targets	CSH2|MYOZ1	hgnc_alias_symbol
CSA	multiple_targets	CSH1|ERCC8	hgnc_alias_symbol
CSB	multiple_targets	CSH2|ERCC6	hgnc_alias_symbol
CSE	SLC2A1	CTH	hgnc_alias_symbol
CSN1	CSN1S1	GPS1	hgnc_alias_symbol
CSN2	current_symbol	COPS2	hgnc_alias_symbol
CSN3	current_symbol	COPS3	hgnc_alias_symbol
CSNK2A1	current_symbol	CSNK2A2	hgnc_alias_symbol
CSRP	multiple_targets	CSRP1|MED14	hgnc_alias_symbol
CSRP2BP	KAT14	PET117	hgnc_alias_symbol
CST6	current_symbol	CSTB	hgnc_alias_symbol
CSTP1	current_symbol	CPPED1	hgnc_alias_symbol
CT1	multiple_targets	CTF1|SLC6A8	hgnc_alias_symbol
CT58	multiple_targets	CCN5|NLRP4	hgnc_alias_symbol
CT78	multiple_targets	TSPY1|TSPY3	hgnc_alias_symbol
CT90	multiple_targets	KIF20B|MPHOSPH10	hgnc_alias_symbol
CTAGE4	current_symbol	ARHGEF35	hgnc_alias_symbol
CTB	CTBS	PCYT1B	hgnc_alias_symbol
CTH	current_symbol	VSIG2	hgnc_alias_symbol
CTLA1	GZMB	GZMH	hgnc_alias_symbol
CTSO	current_symbol	CTSK	hgnc_prev_symbol
CXorf2	TEX28	SLITRK2	hgnc_alias_symbol
CXXC11	RTP5	FBXL19	hgnc_alias_symbol
CYK4	KRT4	RACGAP1	hgnc_alias_symbol
CYP1	CYP1A1	CYP27B1	hgnc_alias_symbol
CYP11B	multiple_targets	CYP11B1|CYP11B2	hgnc_prev_symbol
CYP2A	multiple_targets	CYP2A13|CYP2A6|CYP2A7	hgnc_alias_symbol
CYP2B	CYP2B6	CYP2B7P	hgnc_alias_symbol
CYP2C	CYP2C19	CYP2C18	hgnc_alias_symbol
CYP2D	CYP2D7	CYP2D6	hgnc_alias_symbol
CypD	multiple_targets	PPID|PPIF	hgnc_alias_symbol
CYPL1	multiple_targets	CYP51A1|PPIL1	hgnc_alias_symbol
D-X	multiple_targets	ULK4P1|ULK4P2|ULK4P3	hgnc_alias_symbol
D3F15S2	multiple_targets	APEH|MST1	hgnc_prev_symbol
D6S230E	TCP11	TCP1	hgnc_alias_symbol
DA1	multiple_targets	IGHD4-11|TPM2	hgnc_alias_symbol
DA2B	multiple_targets	TNNI2|TNNT3	hgnc_alias_symbol
DAGK	DGKA	DGKQ	hgnc_alias_symbol
DAGK6	multiple_targets	DGKE|DGKZ	hgnc_alias_symbol
DAN	multiple_targets	NBL1|PARN	hgnc_alias_symbol
DAO	current_symbol	AOC1	hgnc_alias_symbol
DAP	current_symbol	DNPEP|IAPP	hgnc_alias_symbol
DAP3	current_symbol	DLGAP3	hgnc_alias_symbol
DAP4	multiple_targets	DLGAP4|THAP12	hgnc_alias_symbol
DAT1	SLC6A3	LMO3	hgnc_alias_symbol
DBC1	BRINP1	CCAR2	hgnc_alias_symbol
DBI	current_symbol	TSPO	hgnc_alias_symbol
DBP	current_symbol	GC|HSD17B4	hgnc_alias_symbol
DBS	multiple_targets	LRP2|MCF2L	hgnc_alias_symbol
DC7	multiple_targets	MOGAT3|VPS29	hgnc_alias_symbol
DCR	current_symbol	DCXR	hgnc_alias_symbol
DD3	multiple_targets	AKR1A1|PCA3	hgnc_alias_symbol
DDX11L1	current_symbol	DDX11L10	hgnc_prev_symbol
DEC1	DELEC1	BHLHE40	hgnc_alias_symbol
DEF3	DEFA3	RBM6	hgnc_alias_symbol
DEF6	current_symbol	DEFA6	hgnc_alias_symbol
DEFA1	current_symbol	DEFA1A3	hgnc_alias_symbol
DEFA3	current_symbol	DEFA1A3	hgnc_alias_symbol
DEFB4	DEFB4A	DEFB104A	hgnc_alias_symbol
DEFT1P	current_symbol	DEFA1A3	hgnc_alias_symbol
DELTA	multiple_targets	PSMB6|YY1	hgnc_alias_symbol
DFNA2	multiple_targets	GJB3|KCNQ4	hgnc_prev_symbol
DFNA3	multiple_targets	GJB2|GJB6	hgnc_prev_symbol
DFNB6	TMIE	OTOF	hgnc_alias_symbol
DGK	multiple_targets	DGKB|DGKE	hgnc_alias_symbol
DIA	multiple_targets	DIAPH2|LIF	hgnc_alias_symbol
DIA1	CYB5R3	DIPK2A	hgnc_alias_symbol
DIFF6	multiple_targets	SEPTIN1|SEPTIN2	hgnc_prev_symbol
DIO1	current_symbol	DIDO1	hgnc_alias_symbol
DIP	multiple_targets	GRAMD4|TSC22D3	hgnc_alias_symbol
DIP1	multiple_targets	CCNDBP1|NCKIPSD	hgnc_alias_symbol
dJ760C5.1	multiple_targets	CFTR|CFTRP1	hgnc_alias_symbol
DK1	multiple_targets	DOLK|IGHD5-12	hgnc_alias_symbol
DKFZp547P234	multiple_targets	ATP6V1G1|TMEM268	hgnc_alias_symbol
DLC1	current_symbol	DLEC1|DYNLL1	hgnc_alias_symbol
DLG1	current_symbol	DLGAP5	hgnc_alias_symbol
DLG2	current_symbol	MPP2	hgnc_prev_symbol
DLG3	current_symbol	MPP3	hgnc_prev_symbol
DLG4	current_symbol	LLGL1	hgnc_prev_symbol
DM1	DMPK	IGHD1-7	hgnc_alias_symbol
DM2	CNBP	IGHD1-14	hgnc_alias_symbol
DMC	multiple_targets	CXCL17|DYM	hgnc_alias_symbol
DMC1	current_symbol	HID1	hgnc_alias_symbol
DMP1	current_symbol	DMTF1	hgnc_alias_symbol
DMT1	multiple_targets	DMRT1|SLC11A2	hgnc_alias_symbol
DNAJ	multiple_targets	DNAJA2|DNAJC14	hgnc_alias_symbol
DNAL1	current_symbol	DNAH9	hgnc_alias_symbol
DNF15S2	multiple_targets	APEH|MST1	hgnc_prev_symbol
DNM1DN10@	multiple_targets	DNM1P37|DNM1P38	hgnc_prev_symbol
DNM1DN11@	multiple_targets	DNM1P38|DNM1P39|DNM1P40|DNM1P41|DNM1P43|DNM1P44	hgnc_prev_symbol
DNM1DN14@	multiple_targets	DNM1P46|DNM1P47	hgnc_prev_symbol
DNM1DN15@	multiple_targets	DNM1P24|DNM1P25	hgnc_prev_symbol
DNM1DN16@	multiple_targets	DNM1P26|DNM1P27	hgnc_prev_symbol
DNM1DN3@	multiple_targets	DNM1P28|DNM1P29|DNM1P30	hgnc_prev_symbol
DNM1DN4@	multiple_targets	DNM1P30|DNM1P31|DNM1P32	hgnc_prev_symbol
DNM1DN8@	multiple_targets	DNM1P34|DNM1P35|DNM1P36	hgnc_prev_symbol
DOC1	multiple_targets	ANAPC10|CDK2AP1	hgnc_alias_symbol
DOK1	current_symbol	ART4	hgnc_alias_symbol
DP	multiple_targets	DSP|PTGDR	hgnc_alias_symbol
DP1	multiple_targets	PTGDR|REEP5|TFDP1	hgnc_alias_symbol
DP2	multiple_targets	APC|PTGDR2	hgnc_alias_symbol
DP3	multiple_targets	APC|JUP	hgnc_alias_symbol
DPK	multiple_targets	KCNK1|TAOK3	hgnc_alias_symbol
DPPIV	multiple_targets	DPP4|FAP	hgnc_alias_symbol
DRC3	current_symbol	EPS8L1	hgnc_alias_symbol
DRG1	current_symbol	NDRG1	hgnc_alias_symbol
DRP	multiple_targets	DENR|UTRN	hgnc_alias_symbol
DRP-1	multiple_targets	CRMP1|DAPK2	hgnc_alias_symbol
DRP1	multiple_targets	DENR|DNM1L|UTRN	hgnc_alias_symbol
DRP2	current_symbol	DPYSL2	hgnc_alias_symbol
DRS1	multiple_targets	DDX27|ECI2	hgnc_alias_symbol
DSC1	current_symbol	DSC3	hgnc_alias_symbol
DSC2	current_symbol	DSC3	hgnc_alias_symbol
DSC3	current_symbol	DSC2	hgnc_prev_symbol
DTD	SLC26A2	NQO1	hgnc_alias_symbol
DUP	multiple_targets	CDT1|MSH3	hgnc_alias_symbol
DUSP1	current_symbol	DUSP12	hgnc_alias_symbol
DUSP23	current_symbol	PTPMT1	hgnc_alias_symbol
DUSP24	STYXL1	DUSP26	hgnc_alias_symbol
DUSP26	current_symbol	DUSP28	hgnc_alias_symbol
DUSP27	STYXL2	DUSP29	hgnc_alias_symbol
DUX4	current_symbol	DUX4L1	hgnc_prev_symbol
DXS648E	multiple_targets	RPL10|SNORA70	hgnc_alias_symbol
E1	multiple_targets	BCHE|ENOPH1|SNORA73A	hgnc_alias_symbol
E2	multiple_targets	CST12P|DLAT|SNORA62	hgnc_alias_symbol
E3	multiple_targets	ALDH9A1|DLD|SNORA63	hgnc_alias_symbol
E4	multiple_targets	UBE4A|UBE4B	hgnc_alias_symbol
EAF2	current_symbol	DMAP1	hgnc_alias_symbol
EAP1	multiple_targets	EXOSC7|IRF2BPL|PTTG1	hgnc_alias_symbol
EB1	multiple_targets	COX7A2L|MAPRE1|MAPRE2	hgnc_alias_symbol
EBN	multiple_targets	CHRNA4|KCNQ2	hgnc_prev_symbol
EBN1	multiple_targets	CHRNA4|KCNQ2	hgnc_prev_symbol
EBP	current_symbol	GLB1|SH3D19	hgnc_alias_symbol
ECD	current_symbol	SEM1	hgnc_alias_symbol
EDG1	S1PR1	HEXIM1	hgnc_alias_symbol
EDG2	LPAR1	BUD31	hgnc_alias_symbol
EDHB17	multiple_targets	HSD17B1|HSD17B1P1	hgnc_prev_symbol
EEF1AL	EEF1A1P3	EEF1A2	hgnc_alias_symbol
EHK1	KRT1	EPHA5	hgnc_alias_symbol
EIF-2B	multiple_targets	EIF2B1|EIF2B3|EIF2B4|EIF2B5	hgnc_alias_symbol
EIF1A	EIF1AX	EIF1	hgnc_alias_symbol
EIF2	EIF2S1	EIF2S3	hgnc_alias_symbol
EIF2	multiple_targets	EIF2S1|EIF2S2	hgnc_prev_symbol
EIF2A	current_symbol	EIF2S1	hgnc_alias_symbol
EIF2B	multiple_targets	EIF2B2|EIF2B4	hgnc_alias_symbol
EIF3A	current_symbol	EIF6	hgnc_prev_symbol
EIF3A	current_symbol	EIF6	hgnc_withdrawn
EIF4A	EIF4A1	EIF4A2	hgnc_alias_symbol
EIF4F	multiple_targets	EIF4A2|EIF4E|EIF4G1	hgnc_prev_symbol
ELF1	current_symbol	ELOF1	hgnc_alias_symbol
ELN	current_symbol	ERLN	hgnc_alias_symbol
EMA	multiple_targets	ETFA|MUC1	hgnc_alias_symbol
EMAP-2	multiple_targets	AIMP1|EML2|EML5	hgnc_alias_symbol
EMC19	multiple_targets	SKP1|SKP1P1	hgnc_alias_symbol
EMILIN3	current_symbol	MMRN2	hgnc_prev_symbol
EMT	multiple_targets	ITK|SLC22A3	hgnc_alias_symbol
EP2	multiple_targets	PTGER2|SPAG11B	hgnc_alias_symbol
EPB41L4A-AS2	current_symbol	EPB41L4A-DT	hgnc_prev_symbol
EPO	current_symbol	EPX|TIMP1	hgnc_alias_symbol
EPR-1	multiple_targets	BIRC5|ELF3	hgnc_alias_symbol
ER	multiple_targets	EREG|ESR1	hgnc_alias_symbol
ERF	current_symbol	ETF1	hgnc_prev_symbol
ERF1	multiple_targets	TFAP2C|ZFP36L1	hgnc_alias_symbol
ERIS	multiple_targets	CISD2|STING1	hgnc_alias_symbol
ERK	EPHB2	MAPK1	hgnc_alias_symbol
ERV1	multiple_targets	CMKLR1|GFER	hgnc_alias_symbol
ESA	multiple_targets	EPCAM|FLOT2|PON1	hgnc_alias_symbol
ESA1	multiple_targets	FLOT2|KAT5	hgnc_alias_symbol
ESG	multiple_targets	TLE1|TLE2|TLE3|TLE4	hgnc_alias_symbol
ESO1	multiple_targets	CTAG1A|CTAG1B|ESCO1	hgnc_alias_symbol
ESP1	multiple_targets	CRIP2|ESPL1	hgnc_alias_symbol
EST	multiple_targets	MAP3K8|SULT1E1	hgnc_alias_symbol
ETK	EPHA3	BMX	hgnc_alias_symbol
ETL1	multiple_targets	LGI1|SMARCAD1	hgnc_alias_symbol
EVR1	multiple_targets	FZD4|LRP5	hgnc_prev_symbol
EWSR2	ETS1	FLI1	hgnc_alias_symbol
EZH1	current_symbol	EZH2	hgnc_alias_symbol
F11	current_symbol	ZNF160	hgnc_alias_symbol
F3	current_symbol	CNTN1	hgnc_alias_symbol
F379	multiple_targets	FAM138A|FAM138B|FAM138C|FAM138D|FAM138E|FAM138F	hgnc_alias_symbol
F5F8D	LMAN1	MCFD2	hgnc_alias_symbol
FAAH	current_symbol	FA2H	hgnc_alias_symbol
FABP5	current_symbol	FABP5P1	hgnc_alias_symbol
FABP5P1	current_symbol	FABP5P11	hgnc_prev_symbol
FACD	multiple_targets	BRCA2|FANCD2	hgnc_prev_symbol
FAD	multiple_targets	BRCA2|FANCD2|PSEN1	hgnc_alias_symbol
FAD1	multiple_targets	BRCA2|FLAD1	hgnc_alias_symbol
FADS6	current_symbol	FADS1	hgnc_alias_symbol
FAF	multiple_targets	FANCF|USP9X	hgnc_alias_symbol
FAH	current_symbol	FANCA	hgnc_alias_symbol
FANCD	multiple_targets	BRCA2|FANCD2	hgnc_prev_symbol
FAS	current_symbol	FASN	hgnc_alias_symbol
FAST	multiple_targets	FASTK|FOXD3-AS1	hgnc_alias_symbol
FAT	FAT1	CD36	hgnc_alias_symbol
FBL3	multiple_targets	FBXL2|FBXL3	hgnc_alias_symbol
FBL4	multiple_targets	FBXL4|FBXL5	hgnc_alias_symbol
FBL5	multiple_targets	FBXL4|FBXL5	hgnc_alias_symbol
FBL6	multiple_targets	FBXL6|FBXL7	hgnc_alias_symbol
FBL7	multiple_targets	FBXL7|KDM2A	hgnc_alias_symbol
FBP	multiple_targets	FUBP1|RAB14	hgnc_alias_symbol
FBP2	current_symbol	KHSRP	hgnc_alias_symbol
FBS	multiple_targets	FBRS|FBXO8	hgnc_alias_symbol
FBX30	multiple_targets	FBXO44|FBXW7	hgnc_alias_symbol
FCG2	multiple_targets	FCGR2A|FCGR2B	hgnc_prev_symbol
FCG3	multiple_targets	FCGR3A|FCGR3B	hgnc_prev_symbol
FCGR2	multiple_targets	FCGR2A|FCGR2B	hgnc_prev_symbol
FCGR3	multiple_targets	FCGR3A|FCGR3B	hgnc_prev_symbol
FCRL2	current_symbol	FCRLB	hgnc_alias_symbol
FCT3A	FUT4	FUT6	hgnc_alias_symbol
FDH	ADH5	ALDH1L1	hgnc_alias_symbol
FE	multiple_targets	GTF2E1|GTF2E2	hgnc_alias_symbol
FEM1A	current_symbol	FEM1C	hgnc_alias_symbol
FEZ1	current_symbol	LZTS1	hgnc_alias_symbol
FGF2	current_symbol	FGF13	hgnc_alias_symbol
FHC	multiple_targets	FTH1|MYBPC3	hgnc_alias_symbol
FHL1	current_symbol	CFH	hgnc_alias_symbol
FIG	multiple_targets	DEPP1|GOPC	hgnc_alias_symbol
FIL1	multiple_targets	IL36A|IL36B|IL36RN|IL37	hgnc_alias_symbol
FIR	multiple_targets	FARP2|PUF60	hgnc_alias_symbol
FKBP6	current_symbol	FKBP10	hgnc_alias_symbol
FKBP9	current_symbol	FKBP1B	hgnc_alias_symbol
FLG	current_symbol	FGFR1	hgnc_alias_symbol
FLIP	multiple_targets	CFLAR|FIRRM	hgnc_alias_symbol
FLJ10052	multiple_targets	SUSD4|TLR5	hgnc_alias_symbol
FLJ10883	multiple_targets	PCMTD1|PCMTD2	hgnc_alias_symbol
FLJ20375	multiple_targets	BRD10|FOCAD	hgnc_alias_symbol
FLJ22167	multiple_targets	CHST5|TMEM231	hgnc_alias_symbol
FLJ37712	multiple_targets	SLC35F3|SLC35F4	hgnc_alias_symbol
FLJ43692	multiple_targets	ARHGEF35|CTAGE4	hgnc_alias_symbol
FMO2	current_symbol	FMO4	hgnc_prev_symbol
FOP	multiple_targets	CEP43|CHTOP	hgnc_alias_symbol
FP	multiple_targets	PTGFR|SDHA	hgnc_alias_symbol
FPP	multiple_targets	ALX4|MSX2	hgnc_alias_symbol
FRA3B	current_symbol	FHIT	hgnc_alias_symbol
FRAG1	multiple_targets	ATAD5|PGAP2	hgnc_alias_symbol
FRAXA	current_symbol	FMR1	hgnc_alias_symbol
FRAXE	current_symbol	AFF2	hgnc_alias_symbol
FRP	multiple_targets	FSTL1|SFRP1	hgnc_alias_symbol
FS	multiple_targets	FST|GBGT1	hgnc_alias_symbol
FSP1	multiple_targets	AIFM2|ATL1|S100A4	hgnc_alias_symbol
FSSV	multiple_targets	TNNI2|TNNT3	hgnc_alias_symbol
FUS1	multiple_targets	FUS|TUSC2	hgnc_alias_symbol
FZD3	current_symbol	FZD9	hgnc_alias_symbol
G10	BUD31	ZBTB12	hgnc_alias_symbol
G13	multiple_targets	ATF6B|GNA13	hgnc_alias_symbol
G17	multiple_targets	PBX2|SLC38A3	hgnc_alias_symbol
G18	multiple_targets	CISH|GPSM3	hgnc_alias_symbol
G2	multiple_targets	CRYGEP|KIAA1549L|PRRC2A	hgnc_alias_symbol
G6PT	G6PC1	SLC37A4	hgnc_alias_symbol
GAB1	current_symbol	PIGU	hgnc_alias_symbol
GABPB1	current_symbol	GABPAP1	hgnc_prev_symbol
GABPB2	current_symbol	GABPB1	hgnc_prev_symbol
GAGE8	current_symbol	GAGE2D|GAGE2E	hgnc_alias_symbol
GAL	current_symbol	GALP	hgnc_alias_symbol
GAL3ST2	current_symbol	GAL3ST3	hgnc_alias_symbol
GAL7	multiple_targets	LGALS7|LGALS7B	hgnc_alias_symbol
GalNAc-T5L	multiple_targets	GALNT17|GALNTL5	hgnc_alias_symbol
GALNT15	current_symbol	GALNT18	hgnc_alias_symbol
GALNT15	current_symbol	GALNTL5	hgnc_prev_symbol
GALNT17	current_symbol	GALNTL6	hgnc_alias_symbol
GALNT7	current_symbol	GALNT15	hgnc_alias_symbol
GAR1	current_symbol	CNGB1	hgnc_alias_symbol
GARP	LRRC32	CNGB1	hgnc_alias_symbol
GAS	multiple_targets	GALNS|PAGR1	hgnc_alias_symbol
GASP	multiple_targets	GPRASP1|VOPP1	hgnc_alias_symbol
GBP	multiple_targets	HADHA|LGALS1|PIAS1|TMEM132A	hgnc_alias_symbol
GC1	multiple_targets	OLFM4|SLC25A22|SOD2	hgnc_alias_symbol
GCAP	multiple_targets	ALPG|GUCA1A	hgnc_alias_symbol
GCD10	multiple_targets	CRLS1|TRMT6	hgnc_alias_symbol
GCK	current_symbol	MAP4K2	hgnc_alias_symbol
GCKR	current_symbol	MAP4K5	hgnc_alias_symbol
GCL	multiple_targets	GCA|GMCL2	hgnc_alias_symbol
GCN5	multiple_targets	KAT2A|KAT2B	hgnc_alias_symbol
GCOM1	current_symbol	MYZAP	hgnc_alias_symbol
GCP	OPN1MW	GOLGB1	hgnc_alias_symbol
GCP2	multiple_targets	FOLH1|GOLGA4|TUBGCP2	hgnc_alias_symbol
GCS	multiple_targets	GCLC|UGCG	hgnc_alias_symbol
GDA	current_symbol	SLC25A16	hgnc_alias_symbol
GDH	multiple_targets	CRYL1|GLUD1|UGDH	hgnc_alias_symbol
GDIL	GDI1	SNTB1-AS1	hgnc_alias_symbol
GDN	multiple_targets	MAML3|SERPINE2	hgnc_alias_symbol
GEMIN1	multiple_targets	SMN1|SMN2	hgnc_alias_symbol
GF1	GATA1	SOS1	hgnc_alias_symbol
GGT	multiple_targets	GGT1|GGT2P	hgnc_prev_symbol
GGTA1P	multiple_targets	GGTA1|GGTA2P	hgnc_prev_symbol
GID2	multiple_targets	RMND5A|RMND5B	hgnc_alias_symbol
GIF	multiple_targets	MIF|MT3	hgnc_alias_symbol
GIG1	multiple_targets	CCN1|NKG7	hgnc_alias_symbol
GIP	current_symbol	C1QTNF1|GNAI2	hgnc_alias_symbol
GJA10	current_symbol	GJA9	hgnc_prev_symbol
GJA9	current_symbol	GJD2	hgnc_prev_symbol
GJC1	current_symbol	GJD3	hgnc_prev_symbol
GJE1	current_symbol	GJC3	hgnc_prev_symbol
GK2	current_symbol	GALK2	hgnc_alias_symbol
GL	multiple_targets	OSTM1|PPP1R3B	hgnc_alias_symbol
GLP	multiple_targets	EHMT1|GOLGA6A	hgnc_alias_symbol
GLP-1	multiple_targets	GCG|ZGLP1	hgnc_alias_symbol
GLP1	multiple_targets	GCG|ZGLP1	hgnc_alias_symbol
GLS	current_symbol	GLS2	hgnc_alias_symbol
GLUC	GBA1	GBA3	hgnc_alias_symbol
GLUR7	multiple_targets	GRIK3|GRM7	hgnc_alias_symbol
GLUT6	SLC2A3P1	SLC2A6	hgnc_alias_symbol
GLUT8	multiple_targets	SLC2A12|SLC2A8	hgnc_alias_symbol
GLYT1	MGAT1	SLC6A9	hgnc_alias_symbol
GLYT2	GGTA1	SLC6A5	hgnc_alias_symbol
GM2AP	GM2AP1	GM2A	hgnc_alias_symbol
GNT1	UGT1A1	UGT1A6	hgnc_alias_symbol
GOT1	current_symbol	GOLT1A|GOLT1B	hgnc_alias_symbol
GP110	multiple_targets	ADRM1|CD68	hgnc_alias_symbol
GP130	multiple_targets	IL6ST|LRPPRC	hgnc_alias_symbol
GP180	multiple_targets	CPD|PTPRC	hgnc_alias_symbol
GP40	multiple_targets	CD7|PDPN	hgnc_alias_symbol
GPCR	multiple_targets	GPBAR1|OXER1	hgnc_alias_symbol
GPD	multiple_targets	ACKR1|GYPC	hgnc_alias_symbol
GPI	current_symbol	GNPDA1	hgnc_alias_symbol
GPRK7	multiple_targets	GRK7|MKNK2	hgnc_prev_symbol
GPT	current_symbol	DPAGT1	hgnc_alias_symbol
GPX6	current_symbol	GPX7	hgnc_alias_symbol
GPXL2	GPX1P1	GPX1P2	hgnc_alias_symbol
GRF2	RAPGEF1	RASGRF2	hgnc_alias_symbol
GRIK2	current_symbol	GRIK5	hgnc_prev_symbol
GRIN1	current_symbol	GPRIN1	hgnc_alias_symbol
GRINL1A	POLR2M	GCOM1	hgnc_alias_symbol
GRIP1	current_symbol	LGALS12|NCOA2	hgnc_alias_symbol
GRP	current_symbol	LGALSL|UCMA	hgnc_alias_symbol
GRTH	multiple_targets	DDX25|THRB	hgnc_alias_symbol
GS1	multiple_targets	MYO5A|PUDP	hgnc_alias_symbol
GS2	multiple_targets	PNPLA4|RAB27A	hgnc_alias_symbol
GSG1	current_symbol	TRAPPC8	hgnc_alias_symbol
GSS	current_symbol	PRNP	hgnc_prev_symbol
GST1	GSTM1	GSPT1	hgnc_alias_symbol
GSTAP2	GSTA7P	GSTA10P	hgnc_alias_symbol
GTK	multiple_targets	FRK|KYAT1	hgnc_alias_symbol
GUCY2B	multiple_targets	NPR2|NPR3	hgnc_alias_symbol
H1	multiple_targets	CLIC4|RLN1|VPS45	hgnc_alias_symbol
H2	multiple_targets	FGFR1|RLN2	hgnc_alias_symbol
H2-ALPHA	multiple_targets	TUBA3D|TUBA4A	hgnc_alias_symbol
H2A.1	multiple_targets	H2AC17|H2AC8	hgnc_alias_symbol
H2A.B.1	multiple_targets	H2AB2|H2AB3	hgnc_alias_symbol
H2A/q	multiple_targets	H2AC18|H2AC20	hgnc_alias_symbol
H2B.1	multiple_targets	H2BC21|H2BC4	hgnc_alias_symbol
H3	multiple_targets	FGFR1|H3C14|RLN3	hgnc_alias_symbol
H3.1	multiple_targets	H3C3|H3C6	hgnc_alias_symbol
H3F3AP1	H3P38	H3C9P	hgnc_alias_symbol
H4	multiple_targets	CCDC6|FGFR1|H4C6	hgnc_alias_symbol
H5	multiple_targets	FGFR1|SEPTIN4|SEPTIN5	hgnc_alias_symbol
HAI	multiple_targets	SPINT1|ST14	hgnc_alias_symbol
HAP	multiple_targets	RARB|RTN3	hgnc_alias_symbol
HAP1	current_symbol	APEX1	hgnc_alias_symbol
HAP2	HAP1	NFYA	hgnc_alias_symbol
HARP	multiple_targets	ANGPTL2|ANKS4B|PANK2|SMARCAL1	hgnc_alias_symbol
HARS2	current_symbol	DTD1	hgnc_prev_symbol
HAS1	current_symbol	HNF1A-AS1	hgnc_alias_symbol
HB-1	multiple_targets	HMHB1|PEG10	hgnc_alias_symbol
HBK	multiple_targets	HBD|HBM	hgnc_alias_symbol
HBM	current_symbol	LRP5	hgnc_alias_symbol
HBP	multiple_targets	AZU1|HDLBP|HEBP1|SLBP	hgnc_alias_symbol
HBSCI	multiple_targets	SCN1A|SCN2A	hgnc_alias_symbol
HC2	multiple_targets	CYCSP38|PSMA1|SERPIND1	hgnc_alias_symbol
HC3	multiple_targets	CYCSP24|PSMA2	hgnc_alias_symbol
HC5	multiple_targets	CYCSP1|PSMB1	hgnc_alias_symbol
HC8	multiple_targets	CYCSP35|PSMA3	hgnc_alias_symbol
HCA2	multiple_targets	ADCY10|HCAR2|MAGEC3	hgnc_alias_symbol
HCA3	multiple_targets	HCAR3|MAGEE2	hgnc_alias_symbol
HCAP	multiple_targets	DCD|SMC3	hgnc_alias_symbol
HCC-2	multiple_targets	CCL15|MRPS11	hgnc_alias_symbol
HCC-4	multiple_targets	CCL16|RBMS1	hgnc_alias_symbol
HCCA2	multiple_targets	MOB2|YY1AP1	hgnc_alias_symbol
HCCR-2	multiple_targets	BRI3BP|LETMD1	hgnc_alias_symbol
HCG	multiple_targets	CGA|CGB5	hgnc_alias_symbol
HCNP	multiple_targets	PEBP1|XAB2	hgnc_alias_symbol
HCP	multiple_targets	AMBP|CPOX|PTPN6	hgnc_alias_symbol
HCP1	multiple_targets	CYCSP51|PDE7A|PRMT1|SLC46A1	hgnc_alias_symbol
HCP5	current_symbol	CYCSP5	hgnc_alias_symbol
HCR	multiple_targets	CCHCR1|CCRL2|EIF2AK1	hgnc_alias_symbol
HCRTR2	current_symbol	CD200R1	hgnc_alias_symbol
HCS	multiple_targets	CYCS|HLCS	hgnc_alias_symbol
HDC	current_symbol	HECA	hgnc_alias_symbol
HE2	multiple_targets	SPAG11A|SPAG11B	hgnc_alias_symbol
HED	multiple_targets	EDA|GJB6	hgnc_alias_symbol
HEN1	NHLH1	HENMT1	hgnc_alias_symbol
HEP	multiple_targets	DNLZ|EPHB6	hgnc_alias_symbol
HEPIS	multiple_targets	BACC1|IFTAP	hgnc_alias_symbol
Hero20	multiple_targets	BEX3|C11orf58	hgnc_alias_symbol
HES1	current_symbol	GATD3	hgnc_alias_symbol
HGF	current_symbol	IL6|SOS1	hgnc_alias_symbol
HGFL	MST1	PIK3IP1	hgnc_alias_symbol
HGL	multiple_targets	LIPF|LLGL2	hgnc_alias_symbol
HGPS	multiple_targets	LMNA|ROBO3|ZMPSTE24	hgnc_alias_symbol
HGRG8	multiple_targets	YTHDF2|YTHDF2P1	hgnc_alias_symbol
HHM	multiple_targets	CCNDBP1|PTHLH	hgnc_alias_symbol
HI	multiple_targets	ABCC8|AKAP4	hgnc_alias_symbol
HIP	multiple_targets	HHIP|REG3A|RPL29|ST13	hgnc_alias_symbol
HIS	HAL	AKR1B10	hgnc_alias_symbol
HIS1	multiple_targets	HEXIM1|HTN1|VIS1	hgnc_alias_symbol
HK	KNG1	ATP12A	hgnc_alias_symbol
HK1	current_symbol	HOOK1|KCNA4	hgnc_alias_symbol
HK2	current_symbol	HOOK2|KCNA5|KIF2A	hgnc_alias_symbol
HK3	current_symbol	HOOK3	hgnc_alias_symbol
HK4	multiple_targets	GCK|KCNA2	hgnc_alias_symbol
HL	multiple_targets	HMGCL|LIPC	hgnc_alias_symbol
HL-2	multiple_targets	DNAH6|ITLN2	hgnc_alias_symbol
HLA-H	current_symbol	HFE	hgnc_alias_symbol
HLAL	HLA-L	LIPF	hgnc_alias_symbol
HLF	current_symbol	EPAS1	hgnc_alias_symbol
HLP	multiple_targets	GZMB|HAP1|SKIC2	hgnc_alias_symbol
HLP2	multiple_targets	DDX3X|HPCAL1	hgnc_alias_symbol
HLP3	SHH	VSNL1	hgnc_alias_symbol
HMAT1	multiple_targets	ALG1|PEA15	hgnc_alias_symbol
HNPCC	multiple_targets	MLH1|MSH2	hgnc_alias_symbol
HNRPA3	multiple_targets	HNRNPA3|HNRNPA3P1	hgnc_prev_symbol
HNT	multiple_targets	NTM|RREB1	hgnc_alias_symbol
HOKPP	CACNA1S	KCNE3	hgnc_alias_symbol
HOP	multiple_targets	HOPX|STIP1	hgnc_alias_symbol
HOPS	ALPL	TMUB1	hgnc_alias_symbol
HOX1	multiple_targets	HOXA1|HOXA10|HOXA11|HOXA13|HOXA3|HOXA4|HOXA5|HOXA6|HOXA7|HOXA9	hgnc_prev_symbol
HOX1D	multiple_targets	HOXA4|HOXD3	hgnc_prev_symbol
HOX2	multiple_targets	HOXB1|HOXB2|HOXB3|HOXB4|HOXB5|HOXB6|HOXB7|HOXB8|HOXB9	hgnc_prev_symbol
HOX3	multiple_targets	HOXC12|HOXC13|HOXC4|HOXC5|HOXC6|HOXC8|HOXC9	hgnc_prev_symbol
HOX4	multiple_targets	HOXD1|HOXD10|HOXD11|HOXD3|HOXD4|HOXD8|HOXD9	hgnc_prev_symbol
HP	current_symbol	DLC1	hgnc_alias_symbol
HPCA	current_symbol	CACNA1A	hgnc_alias_symbol
HPF1	current_symbol	ZNF83	hgnc_alias_symbol
HPIP	multiple_targets	HCFC1R1|PBXIP1	hgnc_alias_symbol
HPR	current_symbol	MT-HPR	hgnc_alias_symbol
HPS	HPS1	FGL1	hgnc_alias_symbol
HPS2	multiple_targets	AP3B1|TFF1	hgnc_alias_symbol
HRAS1	HRAS	RASSF7	hgnc_alias_symbol
HREP	multiple_targets	FBXW10|FBXW10B	hgnc_alias_symbol
HRG	current_symbol	NRG1	hgnc_alias_symbol
HRG4	multiple_targets	NRG4|UNC119	hgnc_alias_symbol
HRH1	current_symbol	DHX8	hgnc_alias_symbol
HRH2	current_symbol	DHX15	hgnc_alias_symbol
HRMT1L3	multiple_targets	PRMT3|PRMT8	hgnc_prev_symbol
HS1	multiple_targets	EEF1A2|HCLS1|YWHAQ	hgnc_alias_symbol
HS3ST5	current_symbol	HS3ST6	hgnc_prev_symbol
HSD17	multiple_targets	HSD17B1|HSD17B2	hgnc_alias_symbol
HSD17B7	current_symbol	HSD17B7P2	hgnc_alias_symbol
HSDJ0798C17	multiple_targets	OR2A7|OR2A9P	hgnc_alias_symbol
HSPCA	HSP90AA1	HSP90AA2P	hgnc_alias_symbol
HSS	multiple_targets	GFER|PANK2|SGSH|SPAG9	hgnc_alias_symbol
HSST2	multiple_targets	NDST2|SULT2B1	hgnc_alias_symbol
HSTF1	FGF4	HSF1	hgnc_alias_symbol
HTR3	HTR3A	CCT6A	hgnc_alias_symbol
HTRA3	current_symbol	CAPN5	hgnc_alias_symbol
HTT	current_symbol	SLC6A4	hgnc_prev_symbol
HTT	current_symbol	SLC6A4	hgnc_withdrawn
HXBL	multiple_targets	TNXA|TNXB	hgnc_alias_symbol
HYDINP1	current_symbol	HYDIN2	hgnc_prev_symbol
HZF2	multiple_targets	NR1D2|ZNF267	hgnc_alias_symbol
IAP	multiple_targets	ALPI|CD47|IAPP|MAGT1	hgnc_alias_symbol
IBP	multiple_targets	DEF6|TSPO	hgnc_alias_symbol
IBP1	multiple_targets	IGBP1|IGFBP1	hgnc_prev_symbol
ICIS	multiple_targets	MTUS1|MTUS2	hgnc_alias_symbol
ICln	multiple_targets	CLNS1A|CLNS1AP1	hgnc_alias_symbol
IDD	multiple_targets	COL9A3|DGCR2	hgnc_alias_symbol
IDDM1	INS	HLA-DQB1	hgnc_alias_symbol
IF	CFI	CBLIF	hgnc_alias_symbol
IFN-alphaI	multiple_targets	IFNA17|IFNA21	hgnc_alias_symbol
IFNA13	current_symbol	IFNA1	hgnc_alias_symbol
IGER	MS4A2	PHF11	hgnc_alias_symbol
IGFBP-3R	multiple_targets	LRP1|TMEM219	hgnc_alias_symbol
IGHV4-3	multiple_targets	IGHV4-30-2|IGHV4-30-4	hgnc_alias_symbol
IGLC	multiple_targets	IGLC1|IGLC2|IGLC3|IGLC4|IGLC5|IGLC6	hgnc_prev_symbol
IGO1	GSTP1P1	IGKV1OR2-108	hgnc_alias_symbol
IK	current_symbol	KCNN4	hgnc_alias_symbol
IL-20	multiple_targets	IL17B|IL20	hgnc_alias_symbol
IL-21	multiple_targets	IL17C|IL21|IL22	hgnc_alias_symbol
IL-25	multiple_targets	IL25|MYDGF	hgnc_alias_symbol
IL-27	multiple_targets	IL17D|IL27|MYDGF	hgnc_alias_symbol
IL1RA	IL1R1	IL1RN	hgnc_alias_symbol
IL25	current_symbol	MYDGF	hgnc_alias_symbol
IL27	current_symbol	IL17D	hgnc_alias_symbol
IL27	current_symbol	MYDGF	hgnc_prev_symbol
ILWEQ	multiple_targets	HIP1|HIP1R|TLN1|TLN2	hgnc_alias_symbol
IMP1	multiple_targets	HM13|IGF2BP1	hgnc_alias_symbol
IMP2	multiple_targets	IMMP2L|SPPL3	hgnc_alias_symbol
IMP3	current_symbol	IGF2BP3|SPPL2A	hgnc_alias_symbol
IMP4	current_symbol	SPPL2B	hgnc_alias_symbol
ING2	current_symbol	INGX	hgnc_prev_symbol
INPP5E	current_symbol	PMPCA	hgnc_prev_symbol
INT1	WNT1	INTS1	hgnc_alias_symbol
INT2	FGF3	INTS2	hgnc_alias_symbol
INT3	NOTCH4	INTS3	hgnc_alias_symbol
INT4	WNT3	INTS4	hgnc_alias_symbol
INT6	EIF3E	INTS6	hgnc_alias_symbol
IP	multiple_targets	ATP5IF1|PTGIR	hgnc_alias_symbol
IPO3	multiple_targets	SLAMF1|TNPO2	hgnc_alias_symbol
IPOB	multiple_targets	KPNB1|SOD2	hgnc_alias_symbol
IQCH	current_symbol	SPATA17	hgnc_alias_symbol
IRAP	multiple_targets	IL1RN|LNPEP	hgnc_alias_symbol
ISO1	multiple_targets	EIF1|SRR	hgnc_alias_symbol
ISWI	multiple_targets	SMARCA1|SMARCA5	hgnc_alias_symbol
ISY1	current_symbol	RAB43	hgnc_alias_symbol
J1	multiple_targets	IGKJ1|TRGJ1	hgnc_alias_symbol
J2	multiple_targets	IGKJ2|TRGJ2	hgnc_alias_symbol
JDP1	multiple_targets	BATF3|DNAJC12	hgnc_alias_symbol
JP1	multiple_targets	JPH1|TRGJP1	hgnc_alias_symbol
JP2	multiple_targets	JPH2|TRGJP2	hgnc_alias_symbol
JTK5	multiple_targets	RYK|RYKP1	hgnc_alias_symbol
K-REV	multiple_targets	RAP1B|RAP2A	hgnc_alias_symbol
K12	multiple_targets	KRT12|SECTM1	hgnc_alias_symbol
K13	multiple_targets	KCNG1|KRT13	hgnc_alias_symbol
K7	multiple_targets	KRT7|RBPJP4	hgnc_alias_symbol
KAL	ANOS1	SERPINA4	hgnc_alias_symbol
KAP	multiple_targets	CDKN3|NAPSA	hgnc_alias_symbol
KAP-1	multiple_targets	KIFAP3|TRIM28	hgnc_alias_symbol
KAT3	multiple_targets	KYAT3|RBMXL1	hgnc_alias_symbol
KAT4	multiple_targets	GOT2|TAF1	hgnc_alias_symbol
KCNMB2	current_symbol	KCNMB3	hgnc_prev_symbol
KGA	multiple_targets	GLS|KCNJ3	hgnc_alias_symbol
KIAA0172	multiple_targets	KANK1|KANK4	hgnc_alias_symbol
KIAA0229	multiple_targets	ANKS1A|TCP11	hgnc_alias_symbol
KIAA0266	UTP14C	ALG11	hgnc_alias_symbol
KIAA0351	multiple_targets	RALGPS1|RALGPS2	hgnc_alias_symbol
KIAA0563	multiple_targets	LRRC37A|LRRC37A3	hgnc_alias_symbol
KIAA0700	multiple_targets	SIN3A|SIN3B	hgnc_alias_symbol
KIAA0705	multiple_targets	ACTRT1|MAGI2	hgnc_alias_symbol
KIAA1426	multiple_targets	CRAMP1|JPT2	hgnc_alias_symbol
KIP2	multiple_targets	CDKN1C|CIB2	hgnc_alias_symbol
KIR	KIR3DL1	GEM	hgnc_alias_symbol
KIR2DL5	multiple_targets	KIR2DL5A|KIR2DL5B	hgnc_alias_symbol
KLF14	current_symbol	SP6	hgnc_alias_symbol
KLHL6	current_symbol	KLHL7	hgnc_alias_symbol
KLIP1	multiple_targets	CENPU|YIPF3	hgnc_alias_symbol
KLK3	current_symbol	KLKB1	hgnc_prev_symbol
KNTC1AP	multiple_targets	ZW10|ZWILCH	hgnc_alias_symbol
KNTC2AP	multiple_targets	MIS12|ZWINT	hgnc_alias_symbol
KOX21	multiple_targets	ZNF37A|ZNF37BP	hgnc_alias_symbol
KOX31	multiple_targets	ZNF33A|ZNF33B	hgnc_alias_symbol
KPNA7	current_symbol	KPNA6	hgnc_alias_symbol
KRT6C	current_symbol	KRT6A	hgnc_prev_symbol
KRTAP5-1	current_symbol	KRTAP5-9	hgnc_alias_symbol
KRTAP5-11	current_symbol	KRTAP5-5	hgnc_alias_symbol
KRTAP5-2	current_symbol	KRTAP5-8	hgnc_alias_symbol
KRTAP5-3	current_symbol	KRTAP5-7	hgnc_alias_symbol
KRTAP5-6	current_symbol	KRTAP5-11	hgnc_alias_symbol
KRTAP5-8	current_symbol	KRTAP5-2	hgnc_alias_symbol
KRTAP5-9	current_symbol	KRTAP5-3	hgnc_alias_symbol
KS	multiple_targets	COL18A1|OXSM	hgnc_alias_symbol
KS1	multiple_targets	CXCL14|ZNF382	hgnc_alias_symbol
KSP37	multiple_targets	FGFBP2|TMEM72	hgnc_alias_symbol
KSR	KSR1	CNKSR1	hgnc_alias_symbol
KSR2	current_symbol	CNKSR2	hgnc_alias_symbol
L11	multiple_targets	JPT2|RPL11	hgnc_alias_symbol
L12	multiple_targets	RPL12|RSL1D1	hgnc_alias_symbol
L13	multiple_targets	MRPL13|RPL13	hgnc_alias_symbol
L13A	multiple_targets	MRPL13|RPL13A	hgnc_alias_symbol
L15	multiple_targets	CCDC34|RPL15	hgnc_alias_symbol
L19	multiple_targets	IGKV1-12|RPL19|SIK3	hgnc_alias_symbol
L2	multiple_targets	PPFIBP1|ZACN	hgnc_alias_symbol
L30	multiple_targets	RPL30|RSL24D1	hgnc_alias_symbol
L5	multiple_targets	KNCN|RPL5	hgnc_alias_symbol
L6	multiple_targets	MED10|RPL6|TM4SF1	hgnc_alias_symbol
L8	multiple_targets	IGKV1-9|RPL8	hgnc_alias_symbol
L9	multiple_targets	IGKV1-8|RPL9	hgnc_alias_symbol
LACS2	multiple_targets	ACSL1|ACSL6	hgnc_alias_symbol
LAG1	CCL4	CERS1	hgnc_alias_symbol
LAGE2A	multiple_targets	CTAG1A|CTAG1B	hgnc_alias_symbol
LAM	multiple_targets	TSC1|TSC2	hgnc_alias_symbol
LAMA3	current_symbol	LAMA4	hgnc_alias_symbol
LAMB2	current_symbol	LAMC1	hgnc_prev_symbol
LAMP	multiple_targets	LAMP3|LSAMP	hgnc_alias_symbol
LAP	multiple_targets	ACP2|CEBPB|CPAP|LAP3	hgnc_alias_symbol
LAP1	multiple_targets	ANPEP|TOR1AIP1|TRAF3	hgnc_alias_symbol
LAP2	multiple_targets	ERBIN|TMPO	hgnc_alias_symbol
LAT	current_symbol	SPNS1	hgnc_alias_symbol
LAT1	multiple_targets	LAT|SLC7A5	hgnc_alias_symbol
LAT2	current_symbol	SLC7A8	hgnc_alias_symbol
LBH	current_symbol	SMIM29	hgnc_alias_symbol
LCA	GUCY2D	PTPRC	hgnc_alias_symbol
LCA10	multiple_targets	CEP290|L1CAM-AS1	hgnc_alias_symbol
LCP1	current_symbol	TOX4	hgnc_alias_symbol
LD	FMN1	EPM2A	hgnc_alias_symbol
LDB1	current_symbol	LDB2	hgnc_alias_symbol
LE	FUT3	HPS4	hgnc_alias_symbol
LEU1	CD5	DLEU1	hgnc_alias_symbol
LFA-1	multiple_targets	ITGAL|ITGB2	hgnc_alias_symbol
LGALS2	current_symbol	LGALS3	hgnc_prev_symbol
LGCR	EXT1	TRPS1	hgnc_alias_symbol
LGS	EXT1	LGSN	hgnc_alias_symbol
LGTN	current_symbol	EIF2D	hgnc_alias_symbol
LHFPL4	current_symbol	LHFPL3	hgnc_prev_symbol
LHFPL4	current_symbol	LHFPL3	hgnc_withdrawn
LIG1	current_symbol	LRIG1	hgnc_alias_symbol
LIM1	multiple_targets	LHX1|MIP	hgnc_alias_symbol
LIP1	multiple_targets	CPAP|STK11IP	hgnc_alias_symbol
LIP2	multiple_targets	ANXA2|ANXA2P3	hgnc_alias_symbol
LIPA	current_symbol	SCGB1D1	hgnc_alias_symbol
LIPB	current_symbol	SCGB1D2	hgnc_alias_symbol
LMNL1	LMNA	LMLN	hgnc_alias_symbol
lnc	multiple_targets	DHCR7-DT|SCARNA10	hgnc_alias_symbol
LNP	multiple_targets	LNPK|NUSAP1	hgnc_alias_symbol
LNP1	current_symbol	LNPK	hgnc_alias_symbol
LOR	LORICRIN	LOXL2	hgnc_alias_symbol
LPAP	multiple_targets	ACP6|PTPRCAP	hgnc_alias_symbol
LPP1	multiple_targets	PLPP1|VANGL2	hgnc_alias_symbol
LRF	multiple_targets	CREBRF|ZBTB7A	hgnc_alias_symbol
LRH-1	multiple_targets	NR5A2|P2RX5	hgnc_alias_symbol
LRP	multiple_targets	LRP1|MVP|PTPRA|RPSA	hgnc_alias_symbol
LRP1	current_symbol	C1D	hgnc_alias_symbol
LRP9	multiple_targets	LRP10|SORL1	hgnc_alias_symbol
LRRC51	current_symbol	LRTOMT	hgnc_prev_symbol
LRRN1	current_symbol	LRCH4	hgnc_prev_symbol
LSH	SLC11A1	HELLS	hgnc_alias_symbol
LST-1	multiple_targets	LST1|SLCO1B1	hgnc_alias_symbol
LTBP2	current_symbol	LTBP3	hgnc_prev_symbol
LTBP3	current_symbol	LTBP2	hgnc_prev_symbol
LY6G6D	current_symbol	LY6G6F	hgnc_prev_symbol
LYPLAL1-AS1	current_symbol	LYPLAL1-DT	hgnc_prev_symbol
M-ABC1	multiple_targets	ABCB8|ABCF2	hgnc_alias_symbol
M-ABC2	multiple_targets	ABCB10|ABCB10P1	hgnc_alias_symbol
M130	multiple_targets	CD163|PPP1R12A	hgnc_alias_symbol
MAC-1	multiple_targets	ITGAM|ITGB2	hgnc_alias_symbol
MAD	MXD1	AMPD1	hgnc_alias_symbol
MAD1	multiple_targets	MAD1L1|MXD1	hgnc_alias_symbol
MAD2	multiple_targets	MAD2L1|MXI1	hgnc_alias_symbol
MADA	multiple_targets	AMPD1|LMNA	hgnc_alias_symbol
MADD	current_symbol	ETFA	hgnc_alias_symbol
MADH6	multiple_targets	SMAD6|SMAD9	hgnc_prev_symbol
MADH7	multiple_targets	SMAD6|SMAD7	hgnc_prev_symbol
MADM	multiple_targets	ADAM10|NRBP1	hgnc_alias_symbol
MAFA	current_symbol	KLRG1	hgnc_alias_symbol
MAFG-AS1	current_symbol	MILIP	hgnc_prev_symbol
MAG	current_symbol	ERCC2	hgnc_alias_symbol
MAGE1	MAGEA1	MAGED4	hgnc_alias_symbol
MAGE2	MAGEA2	MAGEA2B	hgnc_alias_symbol
MAGEA2	current_symbol	MAGEA2B	hgnc_alias_symbol
MAGEE1	current_symbol	MAGEC2	hgnc_prev_symbol
MAGI1	current_symbol	CNKSR3	hgnc_prev_symbol
MAK	current_symbol	ALPK3	hgnc_alias_symbol
MAK3	NAA50	NAA30	hgnc_alias_symbol
MAL	current_symbol	MRTFA	hgnc_alias_symbol
MAP-1	multiple_targets	MASP1|MOAP1	hgnc_alias_symbol
MAP1A	current_symbol	METAP1	hgnc_alias_symbol
MAP2	current_symbol	METAP2	hgnc_alias_symbol
MART1	multiple_targets	MLANA|RTL1	hgnc_alias_symbol
MAS1	current_symbol	PMPCB	hgnc_alias_symbol
MASA	L1CAM	ENOPH1	hgnc_alias_symbol
MASK	multiple_targets	ANKHD1|STK26	hgnc_alias_symbol
MAST1	current_symbol	CLASP1	hgnc_alias_symbol
MAT1	multiple_targets	MNAT1|MSC-AS1|PEA15	hgnc_alias_symbol
MB1	multiple_targets	CD79A|PSMB5	hgnc_alias_symbol
MBP	current_symbol	MBL2|PRG2	hgnc_alias_symbol
MBP-1	multiple_targets	ENO1|HIVEP1	hgnc_alias_symbol
MCAF	multiple_targets	ATF7IP|CCL2	hgnc_alias_symbol
MCD	multiple_targets	MLYCD|MUC1	hgnc_alias_symbol
MCDR2	PROM1	AKR1C2	hgnc_alias_symbol
MCH2	multiple_targets	CASP6|MCHR2	hgnc_alias_symbol
MCM2	current_symbol	MCM7	hgnc_prev_symbol
MCP	CD46	CAPG	hgnc_alias_symbol
MCRIP2P1	current_symbol	MCRIP2P2	hgnc_prev_symbol
MCS	ZC4H2	MOCOS	hgnc_alias_symbol
MCSP	multiple_targets	CSPG4|GPX4	hgnc_alias_symbol
MCT	multiple_targets	MCAT|SLC16A1	hgnc_alias_symbol
MCT1	multiple_targets	MCAT|SLC16A1	hgnc_alias_symbol
MCT3	multiple_targets	SLC16A3|SLC16A8	hgnc_alias_symbol
MCT4	multiple_targets	SLC16A3|SLC16A4	hgnc_alias_symbol
MCT5	multiple_targets	SLC16A4|SLC16A5	hgnc_alias_symbol
MCT6	multiple_targets	SLC16A5|SLC16A6	hgnc_alias_symbol
MCT7	multiple_targets	SLC16A2|SLC16A6	hgnc_alias_symbol
MDC	ADAM11	CCL22	hgnc_alias_symbol
MDR1	ABCB1	TBC1D9	hgnc_alias_symbol
ME1	current_symbol	PCDHB16	hgnc_alias_symbol
ME2	current_symbol	CELSR1|PCDHB11	hgnc_alias_symbol
ME3	current_symbol	PCDHGA5	hgnc_alias_symbol
MED	multiple_targets	COL9A2|COL9A3|COMP	hgnc_alias_symbol
MED1	current_symbol	MBD4	hgnc_alias_symbol
MED25	current_symbol	MED9	hgnc_alias_symbol
MEF	multiple_targets	ELF4|TRERNA1	hgnc_alias_symbol
MEGT1	multiple_targets	LY6G6D|LY6G6F-LY6G6D	hgnc_alias_symbol
MEIS3	current_symbol	MEIS3P1	hgnc_prev_symbol
METTL2	METTL2B	METTL2A	hgnc_alias_symbol
MGA	current_symbol	MGAM	hgnc_alias_symbol
MGAT1	current_symbol	MOGAT1	hgnc_alias_symbol
MGAT2	current_symbol	MOGAT2	hgnc_alias_symbol
MGAT3	current_symbol	MOGAT3	hgnc_alias_symbol
MGC15397	multiple_targets	GLYATL1|TMEM41A	hgnc_alias_symbol
MGC22679	multiple_targets	KLHL23|PHOSPHO2	hgnc_alias_symbol
MGC45441	multiple_targets	CCDC24|SVBP	hgnc_alias_symbol
MGC5228	multiple_targets	PRSS30P|SRSF1	hgnc_alias_symbol
MGF	KITLG	STAT5A	hgnc_alias_symbol
MIA1	multiple_targets	CFAP100|MIA	hgnc_alias_symbol
MIA2	current_symbol	CFAP73	hgnc_alias_symbol
MIC1	multiple_targets	GDF15|RMC1	hgnc_alias_symbol
MICE	current_symbol	CASP14	hgnc_alias_symbol
MIF	current_symbol	AMH|S100A9	hgnc_alias_symbol
MIF2	multiple_targets	CENPC|DDT	hgnc_alias_symbol
MIFR	multiple_targets	MMP23A|MMP23B	hgnc_alias_symbol
MIO	multiple_targets	MIOS|MLXIPL	hgnc_alias_symbol
MIP	current_symbol	MAFIP|MIPEP|TNPO1	hgnc_alias_symbol
MIP-2A	multiple_targets	TRAPPC2|TRAPPC2B	hgnc_alias_symbol
MIP1	multiple_targets	MAPKAP1|TNPO1	hgnc_alias_symbol
MIR	multiple_targets	MLXIP|MYLIP	hgnc_alias_symbol
MIR499A	current_symbol	MIR499B	hgnc_prev_symbol
MK	multiple_targets	MDK|MVK	hgnc_alias_symbol
MK3	multiple_targets	KCNA3|MAPKAPK3	hgnc_alias_symbol
ML-1	multiple_targets	ATP8A2|IL17F	hgnc_alias_symbol
MLC1	current_symbol	MYL1	hgnc_alias_symbol
MLCK	multiple_targets	MYLK|MYLK3	hgnc_alias_symbol
MLL2	KMT2D	KMT2B	hgnc_alias_symbol
MLL4	multiple_targets	KMT2B|KMT2D	hgnc_alias_symbol
MLN	current_symbol	MRLN	hgnc_alias_symbol
MLP	multiple_targets	CSRP3|MUC2	hgnc_alias_symbol
MLP1	multiple_targets	ABCC6|MARCKSL1	hgnc_alias_symbol
MMP20	current_symbol	MMP25	hgnc_prev_symbol
MMP21	current_symbol	MMP23A	hgnc_prev_symbol
MMP21	current_symbol	MMP23A	hgnc_withdrawn
MN	multiple_targets	CA9|GYPA	hgnc_alias_symbol
MNAB	RC3H2	OR1K1	hgnc_alias_symbol
MNS	multiple_targets	GYPA|GYPB	hgnc_prev_symbol
MOP	multiple_targets	OPN4|OPRM1	hgnc_alias_symbol
MOP3	multiple_targets	BMAL1|SBNO1	hgnc_alias_symbol
MOS	current_symbol	MOCOS	hgnc_alias_symbol
MOX1	multiple_targets	MEOX1|NOX1	hgnc_alias_symbol
MOX2	CD200	MEOX2	hgnc_alias_symbol
MP1	multiple_targets	LAMTOR3|PITRM1	hgnc_alias_symbol
MP44	multiple_targets	MTUS1|NUP35	hgnc_alias_symbol
MPDZ	current_symbol	LNX1	hgnc_alias_symbol
MPP1	current_symbol	KIF20B	hgnc_alias_symbol
MPP2	current_symbol	FOXM1	hgnc_alias_symbol
MPP4	current_symbol	ILF3	hgnc_alias_symbol
MPP6	PALS2	MPHOSPH6	hgnc_alias_symbol
MPP7	current_symbol	CHAF1B	hgnc_alias_symbol
MPS-1	multiple_targets	MPEG1|RPS27	hgnc_alias_symbol
MPS1	multiple_targets	IDUA|RPS27|TTK	hgnc_alias_symbol
MRCL3	CLEC18C	MYL12A	hgnc_alias_symbol
MRF	multiple_targets	MYRF|STEAP1B-AS2	hgnc_alias_symbol
MRG1	multiple_targets	CITED2|MEIS2|MORF4L1P1	hgnc_alias_symbol
MRG2	multiple_targets	MEIS3|MEIS3P1	hgnc_alias_symbol
MRK	multiple_targets	CILK1|MAP3K20	hgnc_alias_symbol
MRLC2	multiple_targets	MYL11|MYL12B	hgnc_alias_symbol
MRP	ABCC1	WLS	hgnc_alias_symbol
MRP-L15	multiple_targets	MRPL15|MRPL19	hgnc_alias_symbol
MRP-L32	multiple_targets	MRPL14|MRPL32	hgnc_alias_symbol
MRP1	ABCC1	MSH3	hgnc_alias_symbol
MRP2	multiple_targets	ABCC2|KLHL1|SYCE1L	hgnc_alias_symbol
MRP6	multiple_targets	ABCC6|S100A12	hgnc_alias_symbol
MRP7	multiple_targets	ABCC10|CFTR	hgnc_alias_symbol
MRP8	multiple_targets	ABCC11|ABCC8|S100A8	hgnc_alias_symbol
MRPL27	current_symbol	MRPL41	hgnc_alias_symbol
MRPS28	current_symbol	MRPS35	hgnc_alias_symbol
MRPS35	current_symbol	MRPS28	hgnc_alias_symbol
MS4A4	MS4A4A	MS4A8	hgnc_alias_symbol
MS4A7	current_symbol	MS4A4A	hgnc_alias_symbol
MS4A8	current_symbol	MS4A7	hgnc_alias_symbol
MSF	multiple_targets	FN1|PRG4	hgnc_alias_symbol
MSH	multiple_targets	MSX2|POMC	hgnc_alias_symbol
MSK16	ACAN	CSPG4	hgnc_alias_symbol
MSP	multiple_targets	MSMB|MST1	hgnc_alias_symbol
MSS1	multiple_targets	GTPBP3|PSMC2	hgnc_alias_symbol
MST	multiple_targets	MAP3K10|MPST|MSTO1	hgnc_alias_symbol
MST1	current_symbol	STK4	hgnc_alias_symbol
MT-A70	multiple_targets	METTL3|PCIF1	hgnc_alias_symbol
MT1	multiple_targets	MT1A|MT1B|MT1E|MT1F|MT1G|MT1H|MT1IP|MT1JP|MT1L|MT1M|MT1X	hgnc_prev_symbol
MT1K	MT1M	MT1G	hgnc_alias_symbol
MT2	MT2A	TMPRSS6	hgnc_alias_symbol
MTB	multiple_targets	MT1JP|NCAPG2	hgnc_alias_symbol
MTCP1	current_symbol	SH2D1A	hgnc_alias_symbol
MTF1	current_symbol	MELTF|MYT1	hgnc_alias_symbol
MTFR2P1	current_symbol	MTFR2P2	hgnc_prev_symbol
MTMR8	current_symbol	MTMR9	hgnc_prev_symbol
MTS1	S100A4	CDKN2A	hgnc_alias_symbol
MTTF1	multiple_targets	TFAMP1|TFAMP2	hgnc_alias_symbol
MTTP	current_symbol	MT-TP	hgnc_prev_symbol
MU	multiple_targets	BLOC1S5|GSTM1|PSMA2	hgnc_alias_symbol
mu2	multiple_targets	AP1M2|AP2M1	hgnc_alias_symbol
MUC5	MUC5B	MUC5AC	hgnc_alias_symbol
MUM1	multiple_targets	IRF4|PWWP3A	hgnc_prev_symbol
MYH14	current_symbol	MYH7B	hgnc_alias_symbol
MYM	multiple_targets	ZMYM1|ZMYM2|ZMYM3|ZMYM4|ZMYM5|ZMYM6	hgnc_alias_symbol
MYO1C	current_symbol	MYO1E	hgnc_alias_symbol
MYT1	current_symbol	PKMYT1	hgnc_alias_symbol
NAC	XK	NLRP1	hgnc_alias_symbol
NAC1	multiple_targets	NACC1|SCN1A	hgnc_alias_symbol
NAF1	current_symbol	TNIP1	hgnc_alias_symbol
NAG	multiple_targets	NAGLU|NBAS	hgnc_alias_symbol
NANOGP2	current_symbol	NANOGP4	hgnc_alias_symbol
NANOGP3	current_symbol	NANOGP7	hgnc_alias_symbol
NANOGP4	current_symbol	NANOGP2	hgnc_alias_symbol
NAP1	multiple_targets	ACOT8|AZI2|CXCL8|NAP1L1|NAPSA	hgnc_alias_symbol
NAP1L	multiple_targets	NAP1L1|NAPSB	hgnc_alias_symbol
NAP2	multiple_targets	NAP1L4|NAPSB	hgnc_alias_symbol
NAPA	current_symbol	NAPSA	hgnc_alias_symbol
NAPB	current_symbol	NAPSB	hgnc_alias_symbol
NARF	current_symbol	RNF138	hgnc_alias_symbol
NAS1	multiple_targets	NR2F1-AS1|SLC13A1	hgnc_alias_symbol
NAT1	current_symbol	EIF4G2	hgnc_alias_symbol
NAT1	current_symbol	SLC6A2	hgnc_prev_symbol
NAT2	current_symbol	SLC38A1	hgnc_alias_symbol
NAT3	multiple_targets	NAA20|SLC38A4	hgnc_alias_symbol
NAT5	NAA20	NAA50	hgnc_alias_symbol
NBC3	multiple_targets	SLC4A7|SLC4A8	hgnc_alias_symbol
NBN	current_symbol	ARTN	hgnc_alias_symbol
NBP	multiple_targets	COASY|TP63	hgnc_alias_symbol
NBS1	NBN	NLRP2	hgnc_alias_symbol
ND1	multiple_targets	IVNS1ABP|MT-ND1	hgnc_alias_symbol
NDR	multiple_targets	HEMGN|STK38	hgnc_alias_symbol
NDR1	multiple_targets	NDRG1|STK38	hgnc_alias_symbol
NEP	DDR1	MME	hgnc_alias_symbol
NET	multiple_targets	ELK3|SLC6A2	hgnc_alias_symbol
NET1	current_symbol	NTN1|PRPF38B	hgnc_alias_symbol
NET1	current_symbol	SLC6A2|SLC6A5	hgnc_prev_symbol
NET1	current_symbol	SLC6A5	hgnc_withdrawn
NEU	NEU1	ERBB2	hgnc_alias_symbol
neuropsin	multiple_targets	KLK8|OPN5	hgnc_alias_symbol
NF-E1	multiple_targets	GATA1|YY1	hgnc_alias_symbol
NG2	multiple_targets	CSPG4|RNF5	hgnc_alias_symbol
NGB	current_symbol	GTPBP4	hgnc_alias_symbol
NIK	multiple_targets	MAP3K14|MAP4K4	hgnc_alias_symbol
NIP	multiple_targets	DUOXA1|GIPC1	hgnc_alias_symbol
NIP1	multiple_targets	NCBP2|NECAB3	hgnc_alias_symbol
NIRF	multiple_targets	IL17B|UHRF2	hgnc_alias_symbol
NKH	multiple_targets	AMT|GLDC	hgnc_alias_symbol
NKIR	multiple_targets	CD300LF|TACR1	hgnc_alias_symbol
NKR	KLRB1	TACR3	hgnc_alias_symbol
NL2	multiple_targets	ANGPTL4|MMEL1	hgnc_alias_symbol
NLG1	multiple_targets	KIRREL2|NLGN1	hgnc_alias_symbol
NLK	current_symbol	GPI	hgnc_alias_symbol
NMB	current_symbol	GPNMB	hgnc_alias_symbol
NME1	current_symbol	RMRP	hgnc_alias_symbol
NMI	current_symbol	MYO1C	hgnc_alias_symbol
NOP9	current_symbol	LTB4R2	hgnc_alias_symbol
NOR1	multiple_targets	NR4A3|OSCP1	hgnc_alias_symbol
NOS	NOS1	NOS2	hgnc_alias_symbol
NOS1	current_symbol	NANOS1	hgnc_alias_symbol
NOS2	current_symbol	NANOS2	hgnc_alias_symbol
NOS3	current_symbol	NANOS3	hgnc_alias_symbol
NOV	multiple_targets	PLXNA1|RPL10	hgnc_alias_symbol
NP	multiple_targets	CTF2P|ZNF384	hgnc_alias_symbol
NPH3	multiple_targets	NPHP3|NXPH3	hgnc_alias_symbol
NPR2	current_symbol	NPRL2	hgnc_alias_symbol
NPR3	current_symbol	NPRL3	hgnc_alias_symbol
NPYR	NPY1R	CXCR4	hgnc_alias_symbol
NR1	multiple_targets	GRIN1|NDOR1	hgnc_alias_symbol
NRF1	current_symbol	NFE2L1	hgnc_alias_symbol
NRF2	multiple_targets	GABPA|NFE2L2	hgnc_alias_symbol
NRK2	multiple_targets	NEK4|NMRK2	hgnc_alias_symbol
NRP	multiple_targets	NAP1L1|NRP1|OPTN	hgnc_alias_symbol
NRP2	current_symbol	NELL2	hgnc_alias_symbol
NRXN4	CNTNAP1	CNTNAP2	hgnc_alias_symbol
NS	multiple_targets	GNL3|SPINK5	hgnc_alias_symbol
NSCL2	multiple_targets	NHLH2|TAF1	hgnc_alias_symbol
NSE1	multiple_targets	LRATD1|NSMCE1	hgnc_alias_symbol
NSE2	multiple_targets	LRATD2|NSMCE2	hgnc_alias_symbol
NSL1	current_symbol	KANSL1	hgnc_alias_symbol
NSP	RTN1	SPECC1	hgnc_alias_symbol
NSP2	multiple_targets	BCAR3|RTN2	hgnc_alias_symbol
NTN	multiple_targets	CX3CL1|NRTN	hgnc_alias_symbol
NTN4	current_symbol	MLF2	hgnc_alias_symbol
NTNG1	current_symbol	NTNG2	hgnc_prev_symbol
NY-REN-2	multiple_targets	YTHDF2|YTHDF2P1	hgnc_alias_symbol
OAT4	multiple_targets	SLC22A11|SLC22A9	hgnc_alias_symbol
OATP1	current_symbol	SLCO1C1	hgnc_alias_symbol
OAZ	OAZ1	ZNF423	hgnc_alias_symbol
OB	LEP	CDH11	hgnc_alias_symbol
OCC-1	multiple_targets	C12orf75|FSTL1	hgnc_alias_symbol
OCC1	multiple_targets	C12orf75|FSTL1	hgnc_alias_symbol
OCIF	multiple_targets	BTF3P11|TNFRSF11B	hgnc_alias_symbol
OCP2	SKP1P1	SKP1	hgnc_alias_symbol
OCT1	multiple_targets	POU2F1|SLC22A1	hgnc_alias_symbol
OCT2	multiple_targets	POU2F2|SLC22A2	hgnc_alias_symbol
OCT3	multiple_targets	POU5F1|SLC22A3	hgnc_alias_symbol
oda6	multiple_targets	DNAI1|DNAI2	hgnc_alias_symbol
ODC	multiple_targets	ODC1|SLC25A21|UMPS	hgnc_alias_symbol
ODC1	current_symbol	SLC25A21	hgnc_alias_symbol
ODC1L	multiple_targets	AZIN1|AZIN2	hgnc_alias_symbol
ODD	OSR1	GJA1	hgnc_alias_symbol
ODZ3	multiple_targets	TENM1|TENM3	hgnc_prev_symbol
OF	multiple_targets	BRIP1|SPI1	hgnc_alias_symbol
OFD1P1	multiple_targets	OFD1P17|OFD1P1Y	hgnc_prev_symbol
OFD1P2	multiple_targets	OFD1P2Y|OFD1P6Y	hgnc_prev_symbol
OI4	COL1A2	COL1A1	hgnc_alias_symbol
OLF1	multiple_targets	EBF1|OR5I1	hgnc_alias_symbol
OLF4p	multiple_targets	OR7A1P|OR7A2P	hgnc_alias_symbol
OP-2	multiple_targets	BMP8A|BMP8B	hgnc_alias_symbol
OPA1	current_symbol	MED12	hgnc_alias_symbol
OPG	TNFRSF11B	BTF3P11	hgnc_alias_symbol
OR11-1	multiple_targets	OR7E10P|OR7E126P	hgnc_alias_symbol
OR11-11a	multiple_targets	OR7E4P|OR7E8P	hgnc_alias_symbol
OR19-18	multiple_targets	OR7A2P|OR7C2	hgnc_alias_symbol
OR4F18	OR4F17	OR4F4	hgnc_alias_symbol
OR7E68P	multiple_targets	OR7E110P|OR7E26P	hgnc_prev_symbol
ORC1	current_symbol	SLC25A15	hgnc_alias_symbol
ORF1	multiple_targets	AHI1|NCKIPSD	hgnc_alias_symbol
ORP1	multiple_targets	OSBPL1A|RP1	hgnc_alias_symbol
OSCP	multiple_targets	ATP5PO|ITGBL1	hgnc_alias_symbol
OSM	current_symbol	CCM2	hgnc_alias_symbol
OSR1	current_symbol	OXSR1	hgnc_prev_symbol
OST	multiple_targets	DDOST|MCF2L	hgnc_alias_symbol
OTX3	DMBX1	CRX	hgnc_alias_symbol
OX2R	multiple_targets	CD200R1|HCRTR2	hgnc_alias_symbol
OXR1	current_symbol	HCRTR1	hgnc_alias_symbol
P0	multiple_targets	MPZ|RPLP0	hgnc_alias_symbol
P1	multiple_targets	PRF1|RPLP1	hgnc_alias_symbol
p100	multiple_targets	SND1|TPX2	hgnc_alias_symbol
p105	multiple_targets	NFKB1|NFKB2	hgnc_alias_symbol
P11	multiple_targets	ENDOU|S100A10	hgnc_alias_symbol
p115	multiple_targets	ARHGAP4|USO1	hgnc_alias_symbol
p12	multiple_targets	H3P5|POLD4|POLE4	hgnc_alias_symbol
p120	multiple_targets	BRD8|CTNND1|NOP2|RASA1	hgnc_alias_symbol
p13	multiple_targets	EXOSC1|H3P6	hgnc_alias_symbol
P14	multiple_targets	CTNNBL1|RPP14|S100A9|SF3B6	hgnc_alias_symbol
p14	multiple_targets	CDK2AP2|CDKN2A|H3P8|LAMTOR2|SUB1	hgnc_alias_symbol
P15	multiple_targets	CDKN2B|NXT1	hgnc_alias_symbol
p15	multiple_targets	H3P9|MRPL28|SUB1	hgnc_alias_symbol
p150	multiple_targets	ABL1|ANPEP|PIK3R4	hgnc_alias_symbol
p16	multiple_targets	CDKN2A|H3P10	hgnc_alias_symbol
p17	multiple_targets	FAM72A|H3P11|POLE3|RPL29P31	hgnc_alias_symbol
P18	multiple_targets	MAFK|ZNF197	hgnc_alias_symbol
p18	multiple_targets	ATRAID|CDKN2C|H3P12|LAMTOR1|TPPP2	hgnc_alias_symbol
p180	multiple_targets	POLA1|RRBP1	hgnc_alias_symbol
p19	multiple_targets	CDKN2A|CDKN2D|H3P13	hgnc_alias_symbol
P2	multiple_targets	MPEG1|RPLP2	hgnc_alias_symbol
p20	multiple_targets	H3P14|TPPP3	hgnc_alias_symbol
p200	multiple_targets	ARFGEF1|ARID2|HEATR5B	hgnc_alias_symbol
P21	multiple_targets	CDKN1A|NSG1|TCEAL1	hgnc_alias_symbol
p21	multiple_targets	CDKN1A|H3P16|TCEAL1	hgnc_alias_symbol
p22	multiple_targets	CHP1|DYNC1H1|PHB2	hgnc_alias_symbol
p220	multiple_targets	EIF4G1|NPAT	hgnc_alias_symbol
p23	multiple_targets	H3P17|PTGES3|TMED10	hgnc_alias_symbol
p24	multiple_targets	CHP1|H3P19|NRSN1	hgnc_alias_symbol
p25	multiple_targets	DCTN5|TPPP	hgnc_alias_symbol
p27	multiple_targets	DCTN6|H3P23|PSMD9|ZNRD2	hgnc_alias_symbol
P28	multiple_targets	DNALI1|GOSR1|GSTO1	hgnc_alias_symbol
p28	multiple_targets	H3P24|IL27|PSMD10	hgnc_alias_symbol
p29	multiple_targets	PRDX6|SYF2	hgnc_alias_symbol
p31	multiple_targets	PSMD8|USE1	hgnc_alias_symbol
p32	multiple_targets	C1QBP|CD8A	hgnc_alias_symbol
p33	multiple_targets	ING1|LTB	hgnc_alias_symbol
p34	multiple_targets	AAGAB|CCNH	hgnc_alias_symbol
p35	multiple_targets	CDK5R1|IL12A|UPK3B	hgnc_alias_symbol
p36	multiple_targets	H3C9P|NT5C3A	hgnc_alias_symbol
p37	multiple_targets	CCNH|UBXN2B	hgnc_alias_symbol
p38	multiple_targets	AHSA1|AIMP2|MAPK14	hgnc_alias_symbol
P39	multiple_targets	ATP6V0D1|CDK5R2	hgnc_alias_symbol
P40	multiple_targets	ARHGEF2|EBNA1BP2|IL9|PSMD7	hgnc_alias_symbol
p40	multiple_targets	ARMH1|BRMS1L|H3P28|LANCL1|RPSA|TP63	hgnc_alias_symbol
p42	multiple_targets	CDK20|H3P30|PSMC6	hgnc_alias_symbol
p43	multiple_targets	AIMP1|H3P31	hgnc_alias_symbol
p44	multiple_targets	GTF2H2|H3P33|IFI44|WDR77	hgnc_alias_symbol
p45	multiple_targets	PSMC5|SKP2	hgnc_alias_symbol
P47	multiple_targets	CLEC11A|PLEK	hgnc_alias_symbol
p47	multiple_targets	H3P37|ING1|NSFL1C	hgnc_alias_symbol
p48	multiple_targets	H3P38|PTF1A	hgnc_alias_symbol
p49	multiple_targets	H3P39|SRFBP1	hgnc_alias_symbol
p50	multiple_targets	ASCC1|CD40|H3P40|NFKB1	hgnc_alias_symbol
p51	multiple_targets	H3P41|TP63	hgnc_alias_symbol
p52	multiple_targets	H3P42|NFKB2|PSIP1	hgnc_alias_symbol
P54	multiple_targets	FKBP5|NONO	hgnc_alias_symbol
p54	multiple_targets	H3P43|SRSF11	hgnc_alias_symbol
p55	multiple_targets	ERG|FSCN1|H3P44|PIK3R3|PSMD12	hgnc_alias_symbol
p56	multiple_targets	CCDC91|H3P45|PSMC1	hgnc_alias_symbol
p57	multiple_targets	CORO1A|H3P47	hgnc_alias_symbol
P58	multiple_targets	DNAJC3|PDIA3|PSMD3|RAD23B	hgnc_alias_symbol
p58	multiple_targets	H3P20|KIR2DL3	hgnc_alias_symbol
p6	multiple_targets	EXOSC9|S100A12	hgnc_alias_symbol
p60	multiple_targets	H3P7|SQSTM1	hgnc_alias_symbol
P62	multiple_targets	GTF2H1|IGF2BP2	hgnc_alias_symbol
p62	multiple_targets	DCTN4|IGF2BP2|KHDRBS1|NUP62|SQSTM1	hgnc_alias_symbol
P65	multiple_targets	GORASP1|SYT1	hgnc_alias_symbol
p67	multiple_targets	CD33|METAP2	hgnc_alias_symbol
p75	multiple_targets	PSIP1|TCF3|TNFRSF1B	hgnc_alias_symbol
P8	multiple_targets	NUPR2|S100A8	hgnc_alias_symbol
p8	multiple_targets	CMC4|EXOSC7|NUPR1	hgnc_alias_symbol
P84	multiple_targets	SIRPA|THOC1	hgnc_alias_symbol
p85	multiple_targets	PIK3R1|PIK3R2|PPP1R12C|PPP1R13B	hgnc_alias_symbol
p90	multiple_targets	CCDC8|TFRC	hgnc_alias_symbol
p97	multiple_targets	CFDP1|EIF4G2|GEMIN4|VCP	hgnc_alias_symbol
PA	BLOC1S6	EPB42	hgnc_alias_symbol
PAAT	multiple_targets	C10orf88|SLC38A4	hgnc_alias_symbol
PABP1	multiple_targets	PABPC1|PABPC1P1	hgnc_alias_symbol
PABP2	PABPN1	PABPC1P2	hgnc_alias_symbol
PABP3	multiple_targets	PABPC1P3|PABPC3	hgnc_alias_symbol
PABPL1	PABPC1P10	PABPC1	hgnc_alias_symbol
PAC1	multiple_targets	ADCYAP1R1|KLF6|PSMG1	hgnc_alias_symbol
PACAP	multiple_targets	ADCYAP1|MZB1	hgnc_alias_symbol
PACER	multiple_targets	PACERR|RUBCNL	hgnc_alias_symbol
PACT	multiple_targets	PRKRA|RBBP6	hgnc_alias_symbol
PAD	multiple_targets	DHX40|PADI4	hgnc_alias_symbol
PAFAH	multiple_targets	PAFAH1B1|PLA2G7	hgnc_alias_symbol
PAK1	current_symbol	PKN1	hgnc_alias_symbol
PAK3	current_symbol	ARHGEF7	hgnc_alias_symbol
PAK5	current_symbol	PAK6	hgnc_alias_symbol
PAL	multiple_targets	LRIT1|PAM|SHCBP1	hgnc_alias_symbol
PAM	current_symbol	MYCBP2	hgnc_alias_symbol
PAM-1	multiple_targets	F11R|PAM	hgnc_alias_symbol
PAN2	current_symbol	NLRP4|RDH14	hgnc_alias_symbol
PAN3	current_symbol	NLRP6	hgnc_alias_symbol
PAO	multiple_targets	PAOX|SMOX	hgnc_alias_symbol
PAP	multiple_targets	ACP3|ASAP1|ASAP2|MRPS30|PAPOLA|PDAP1|TUSC2	hgnc_alias_symbol
PAP1	multiple_targets	PDAP1|REG3A	hgnc_alias_symbol
PAP2	multiple_targets	MYBBP1A|PLPPR5	hgnc_alias_symbol
PAPA	multiple_targets	GLI3|PAPPA	hgnc_alias_symbol
PAR-1	multiple_targets	F2R|MARK2|PWAR1	hgnc_alias_symbol
PAR-6	multiple_targets	PARD6A|PWAR6	hgnc_alias_symbol
PAR1	multiple_targets	F2R|PWAR1|SLC52A2	hgnc_alias_symbol
PAR2	multiple_targets	F2RL1|NR1I2|SLC52A1	hgnc_alias_symbol
PAR3	multiple_targets	F2RL2|PARD3	hgnc_alias_symbol
PAR4	multiple_targets	F2RL3|PAWR|PWAR4	hgnc_alias_symbol
PARC	multiple_targets	CCL18|CUL9	hgnc_alias_symbol
PARS	multiple_targets	EPRS1|PARP1	hgnc_alias_symbol
PAT1	multiple_targets	APPBP2|SLC36A1	hgnc_alias_symbol
PBF	multiple_targets	PTTG1IP|ZNF395	hgnc_alias_symbol
PBI	multiple_targets	APOBEC3C|SMR3A	hgnc_alias_symbol
PBP	multiple_targets	DOCK3|MED1|PKD1|PPBP	hgnc_alias_symbol
PBX2	current_symbol	PBX2P1	hgnc_prev_symbol
PC	current_symbol	PODXL	hgnc_alias_symbol
PC2	multiple_targets	CBX4|PCSK2|PKD2	hgnc_alias_symbol
PC3	multiple_targets	BTG2|CBX8|PCSK1	hgnc_alias_symbol
PC4	multiple_targets	IFRD1|PCSK4|SUB1	hgnc_alias_symbol
PCA1	multiple_targets	ENPP1|PCAT1	hgnc_alias_symbol
PCD	multiple_targets	DNAAF3|DNAH5|DNAI1|PCBD1	hgnc_alias_symbol
PCDH2	PCDHGC3	PCDHG@	hgnc_alias_symbol
PCL	multiple_targets	FLT4|PKD2L1	hgnc_alias_symbol
PCL1	multiple_targets	PCYOX1|PHF1	hgnc_alias_symbol
PCM1	current_symbol	MBD1	hgnc_alias_symbol
PCN	multiple_targets	PCNT|PLEC	hgnc_alias_symbol
PD1	multiple_targets	PDCD1|SNCA|SPATA2	hgnc_alias_symbol
PDC	current_symbol	PNKD	hgnc_alias_symbol
PDF	current_symbol	GDF15	hgnc_alias_symbol
PDI	multiple_targets	P4HB|PADI1|PDIA2	hgnc_alias_symbol
PDIP1	multiple_targets	HELZ2|KCTD13	hgnc_alias_symbol
PDIR	multiple_targets	PDIA2|PDIA5	hgnc_alias_symbol
PDK1	current_symbol	PDPK1	hgnc_alias_symbol
PDP1	current_symbol	PLPP6	hgnc_alias_symbol
PDX1	current_symbol	PDHX	hgnc_alias_symbol
PEN	multiple_targets	PCSK1N|PUM3	hgnc_alias_symbol
PEPP1	multiple_targets	PLEKHA4|RHOXF1	hgnc_alias_symbol
PEPP2	multiple_targets	PLEKHA5|RHOXF2	hgnc_alias_symbol
PER1	current_symbol	PGAP3	hgnc_alias_symbol
PERRS	multiple_targets	RGS9|RGS9BP	hgnc_alias_symbol
PFM	multiple_targets	ALX4|MSX2	hgnc_alias_symbol
PFM1	MSX2	PRDM4	hgnc_alias_symbol
PFM2	ALX4	PRDM5	hgnc_alias_symbol
PGAM-B	multiple_targets	PGAM1|PGAM4	hgnc_alias_symbol
PGAM1	current_symbol	PGAM4	hgnc_alias_symbol
PGDS	multiple_targets	HPGDS|PTGDS	hgnc_alias_symbol
PGP	current_symbol	PGPEP1	hgnc_alias_symbol
PGR1	multiple_targets	GPR153|MRFAP1	hgnc_alias_symbol
pH2A/f	multiple_targets	H2AC11|H2AC5P	hgnc_alias_symbol
PHKD	multiple_targets	CALM1|CALM2|CALM3	hgnc_alias_symbol
PHR1	multiple_targets	MYCBP2|PLEKHB1	hgnc_alias_symbol
PIG1	multiple_targets	LGALS7|NUFIP2	hgnc_alias_symbol
PIG3	multiple_targets	MRPL41|TP53I3	hgnc_alias_symbol
PIG6	multiple_targets	PRODH|SPAG9	hgnc_alias_symbol
PIGF	current_symbol	PGF	hgnc_alias_symbol
PIM1	current_symbol	LONP1	hgnc_alias_symbol
PIR-B	multiple_targets	LILRB1|LILRB3	hgnc_alias_symbol
PIRB	multiple_targets	LILRB1|LILRB3	hgnc_alias_symbol
PISD	current_symbol	SFI1	hgnc_alias_symbol
PKD1	current_symbol	PRKD1	hgnc_alias_symbol
PKD2	current_symbol	PRKD2	hgnc_alias_symbol
PKNOX2-AS1	current_symbol	PKNOX2-DT	hgnc_prev_symbol
PKR1	PRKAR1A	PROKR1	hgnc_alias_symbol
PL	multiple_targets	CSH1|PNLIP	hgnc_alias_symbol
PLA2L	multiple_targets	HHLA1|OC90|PLA2G2A	hgnc_prev_symbol
PLAC8	current_symbol	LGALS13	hgnc_alias_symbol
PLAP	multiple_targets	ALPP|LNPEP|PLAA	hgnc_alias_symbol
PLB	PLN	PLB1	hgnc_alias_symbol
PLCE	PLCL1	PLCE1	hgnc_alias_symbol
PLD1	current_symbol	PRKCSH	hgnc_prev_symbol
PLIP	multiple_targets	KAT5|PTPMT1	hgnc_alias_symbol
PLP	multiple_targets	PRDX5|PTHLH	hgnc_alias_symbol
PM5	multiple_targets	NOMO1|NOMO2	hgnc_alias_symbol
PMI	multiple_targets	PMM2|TMEM11	hgnc_alias_symbol
PMP22	current_symbol	PXMP2	hgnc_alias_symbol
PMR1	multiple_targets	ATP2C1|PXDNL	hgnc_alias_symbol
PMS2P13	current_symbol	PMS2CL	hgnc_alias_symbol
PN-I	multiple_targets	NT5C|NT5C3A	hgnc_alias_symbol
PN1	multiple_targets	SCN9A|SERPINE2	hgnc_alias_symbol
PNK	multiple_targets	PDXK|PNKP	hgnc_alias_symbol
PNP	current_symbol	PPY	hgnc_alias_symbol
PNR	multiple_targets	NR2E3|TAAR5	hgnc_alias_symbol
POB1	multiple_targets	REPS2|TRIM37	hgnc_alias_symbol
POD1	multiple_targets	CORO7|TCF21	hgnc_alias_symbol
POF	multiple_targets	DIAPH2|POF1B	hgnc_alias_symbol
POLH	current_symbol	POLQ	hgnc_alias_symbol
POLK	current_symbol	TENT4A	hgnc_alias_symbol
POLQ	current_symbol	POLK	hgnc_alias_symbol
POM121	current_symbol	POMZP3	hgnc_alias_symbol
POMP	current_symbol	NT5C3A	hgnc_alias_symbol
POP1	current_symbol	POPDC1|PYDC1	hgnc_alias_symbol
POP2	multiple_targets	POPDC2|PYDC2	hgnc_alias_symbol
POP3	multiple_targets	POPDC3|PYDC5	hgnc_alias_symbol
POP4	current_symbol	NLRP2B	hgnc_alias_symbol
PORC	HMBS	PORCN	hgnc_alias_symbol
POST	multiple_targets	DESI1|SLC35G1	hgnc_alias_symbol
POTE2beta	multiple_targets	POTEI|POTEJ	hgnc_alias_symbol
PP1	multiple_targets	NPY4R|PPA1	hgnc_alias_symbol
PP17	multiple_targets	PLIN3|STMN1	hgnc_alias_symbol
PP2Calpha	multiple_targets	PPM1A|PPP2CA	hgnc_alias_symbol
PP5	multiple_targets	PPP5C|TFPI2	hgnc_alias_symbol
PPAT	current_symbol	COASY	hgnc_alias_symbol
PPCD	VSX1	COL8A2	hgnc_alias_symbol
PPD	HPD	VSX1	hgnc_alias_symbol
PPIase	multiple_targets	FKBP1B|FKBP2|FKBP5|FKBP6|PPIB	hgnc_alias_symbol
PPOX	current_symbol	HCRT	hgnc_alias_symbol
PPP1R6	multiple_targets	PPP1R3D|PPP1R9B	hgnc_prev_symbol
PR	multiple_targets	PGR|TMEM37	hgnc_alias_symbol
PRAF1	POLR1E	RABAC1	hgnc_alias_symbol
PRB1	current_symbol	RBL1	hgnc_alias_symbol
PRC17	multiple_targets	TBC1D3|TBC1D3B	hgnc_alias_symbol
PRDX6	current_symbol	PRDX5	hgnc_alias_symbol
PRG	SRGN	PRB3	hgnc_alias_symbol
PRG1	SRGN	IER3	hgnc_alias_symbol
PRG2	current_symbol	PLPPR3|PXDN	hgnc_alias_symbol
PRG3	current_symbol	AIFM2	hgnc_alias_symbol
PRIP	multiple_targets	NCOA6|PLCL1	hgnc_alias_symbol
PRK1	multiple_targets	PKN1|PROK1	hgnc_alias_symbol
PRKAR2	multiple_targets	PRKAR2A|PRKAR2B	hgnc_prev_symbol
PRL1	multiple_targets	OPRPN|PLRG1|PTP4A1	hgnc_alias_symbol
PRL3	multiple_targets	PTP4A3|SMR3B	hgnc_alias_symbol
PRO1	LMNA	ZMPSTE24	hgnc_alias_symbol
PRODH2	current_symbol	PRODH	hgnc_alias_symbol
PRP	multiple_targets	PRDX2|PRNP	hgnc_alias_symbol
PRR	multiple_targets	ATP6AP2|NECTIN1	hgnc_alias_symbol
PRR2	multiple_targets	NECTIN2|PNRC1	hgnc_alias_symbol
PRR4	current_symbol	NECTIN4	hgnc_alias_symbol
PRSSL1	multiple_targets	KLK10|PRSS57	hgnc_prev_symbol
PRX	current_symbol	PRDX6	hgnc_alias_symbol
PRX2	multiple_targets	PRDX2|PRRX2	hgnc_alias_symbol
PSA	multiple_targets	KLK3|NPEPPS|PSAT1	hgnc_alias_symbol
PSAP	current_symbol	MTCH1	hgnc_alias_symbol
PSF	multiple_targets	IGFBP7|SFPQ	hgnc_alias_symbol
PSF1	multiple_targets	GINS1|TAP1	hgnc_alias_symbol
PSF2	multiple_targets	GINS2|TAP2	hgnc_alias_symbol
PSG1	current_symbol	PSG2	hgnc_alias_symbol
PSG11	current_symbol	PSG9	hgnc_prev_symbol
PSK-1	multiple_targets	SEZ6L2|TAOK2	hgnc_alias_symbol
PSMD15	PSMD4P1	SEM1	hgnc_alias_symbol
PSP	multiple_targets	BPIFA2|MSMB|PSPN|REG1A|RIDA	hgnc_alias_symbol
PTB	PTBP1	PTBP2	hgnc_alias_symbol
PTC	multiple_targets	CCDC6|RET	hgnc_alias_symbol
PTEN2	multiple_targets	PTENP1|TPTE	hgnc_alias_symbol
pTEX	multiple_targets	TEX28P1|TEX28P2	hgnc_alias_symbol
PTH1	multiple_targets	PTH|PTRH1	hgnc_alias_symbol
PTH2	current_symbol	PTENP1|PTRH2	hgnc_alias_symbol
PTHR	PTH1R	PTHLH	hgnc_alias_symbol
PTP	multiple_targets	PTPRU|REG1A|SLC25A3	hgnc_alias_symbol
PTPA	current_symbol	PTPRA	hgnc_prev_symbol
PTPRO	current_symbol	PTPRU	hgnc_alias_symbol
PTPRQ	current_symbol	PTPRR	hgnc_prev_symbol
PTPRZ	PTPRZ1	PTPRZ2	hgnc_alias_symbol
PTX1	multiple_targets	CRP|ERGIC2|PITX1	hgnc_alias_symbol
PUM	MUC1	MYOD1	hgnc_alias_symbol
PVALB	current_symbol	MB	hgnc_alias_symbol
PWCR	SNRPN	NDN	hgnc_alias_symbol
PXMP1	ABCD3	PEX19	hgnc_alias_symbol
PXN	current_symbol	PXDN	hgnc_alias_symbol
QARS	multiple_targets	EPRS1|QARS1	hgnc_prev_symbol
QP-C	multiple_targets	UQCRB|UQCRQ	hgnc_alias_symbol
RAB1	RAB1A	RNASE4	hgnc_alias_symbol
RAB11B	current_symbol	RAB43	hgnc_alias_symbol
RAB39	RAB39A	RAB34	hgnc_alias_symbol
RAB41	current_symbol	RAB43	hgnc_alias_symbol
RAB42	current_symbol	RAB42P1	hgnc_prev_symbol
RAC1	current_symbol	RNASE1	hgnc_alias_symbol
RAC3	current_symbol	NCOA3	hgnc_alias_symbol
RAD1	current_symbol	ERCC4|RNASE6	hgnc_alias_symbol
RAD26L	multiple_targets	ERCC6L|ERCC6L2	hgnc_alias_symbol
RAE1	current_symbol	RNASE7	hgnc_alias_symbol
RAF1	current_symbol	RNASE3	hgnc_alias_symbol
RAGE	MOK	AGER	hgnc_alias_symbol
RAI	multiple_targets	PPP1R13L|RNH1	hgnc_alias_symbol
RAI1	current_symbol	RNASE12	hgnc_alias_symbol
RAM	multiple_targets	CCDC26|RAB27A|RAMAC	hgnc_alias_symbol
RAMP	multiple_targets	DTL|PAMR1|ZMYM2	hgnc_alias_symbol
RAR	multiple_targets	RAB40B|RARA	hgnc_alias_symbol
RASSF4	current_symbol	RIN2	hgnc_alias_symbol
RAX	current_symbol	PRKRA	hgnc_alias_symbol
RBM1	RBMY1A1	KYAT3	hgnc_alias_symbol
RBM5-AS1	current_symbol	SEMA3F-AS1	hgnc_alias_symbol
RBP	multiple_targets	RENBP|SUGP1	hgnc_alias_symbol
RBP1	current_symbol	ARID4A	hgnc_alias_symbol
RBP2	current_symbol	RIMBP2	hgnc_alias_symbol
RBP3	current_symbol	E2F1	hgnc_alias_symbol
RBP5	current_symbol	CRABP1	hgnc_prev_symbol
RC3	multiple_targets	DMXL2|NRGN	hgnc_alias_symbol
RCK	multiple_targets	DDX6|MAP3K19	hgnc_alias_symbol
RCP	multiple_targets	CRCP|RAB11FIP1	hgnc_alias_symbol
RD	multiple_targets	NELFE|PEX7|PHYH	hgnc_alias_symbol
RDC1	multiple_targets	ACKR3|VIPR1	hgnc_alias_symbol
RDS	PRPH2	TST	hgnc_alias_symbol
RED	multiple_targets	DYRK3|IK	hgnc_alias_symbol
REF1	multiple_targets	APEX1|TFPI2	hgnc_alias_symbol
REGL	REG1CP	REG1B	hgnc_alias_symbol
REN	current_symbol	KCTD11	hgnc_alias_symbol
RF1	multiple_targets	ETF1|MTRF1	hgnc_alias_symbol
RFC1	current_symbol	SLC19A1	hgnc_alias_symbol
RGP1	current_symbol	RGPD1	hgnc_alias_symbol
RGS13	current_symbol	RGS18	hgnc_alias_symbol
RH	multiple_targets	RHCE|RHD	hgnc_prev_symbol
RHBDL4	RHBDL3	RHBDD1	hgnc_alias_symbol
RHEB	current_symbol	RHEBP1	hgnc_alias_symbol
RHEB2	RHEB	RHEBL1	hgnc_alias_symbol
RhoGAP2	multiple_targets	ARHGAP22|CHN1	hgnc_alias_symbol
RIF	multiple_targets	RHOF|RNF34	hgnc_alias_symbol
RIF1	current_symbol	INSL6|LRIF1	hgnc_alias_symbol
RIG	multiple_targets	DIRAS1|DKK3|RPS15	hgnc_alias_symbol
RIG1	multiple_targets	PLAAT4|RIGI	hgnc_alias_symbol
RILP	current_symbol	PRICKLE1	hgnc_alias_symbol
RIM	multiple_targets	RBBP8|RIMS1	hgnc_alias_symbol
RING2	multiple_targets	HSD17B8|RNF2	hgnc_alias_symbol
RING5	multiple_targets	RNF5|SLC39A7	hgnc_alias_symbol
RINZF	multiple_targets	ZBTB10|ZBTB46	hgnc_alias_symbol
RIP	multiple_targets	AGFG1|DGCR5|RALBP1|RIPK1|RPAIN	hgnc_alias_symbol
RIP-1	multiple_targets	KRR1|RIPK1	hgnc_alias_symbol
RIP1	multiple_targets	RALBP1|RIPK1|UQCRFS1	hgnc_alias_symbol
RIP2	multiple_targets	ARHGEF28|RIPK2	hgnc_alias_symbol
RIP5	multiple_targets	DSTYK|RAB5IF	hgnc_alias_symbol
RIS1	multiple_targets	TMEM158|UQCRFS1	hgnc_alias_symbol
RITA	multiple_targets	RITA1|ZNF331	hgnc_alias_symbol
RLF	current_symbol	INSL3	hgnc_alias_symbol
RMD1	multiple_targets	RMDN1|RMND1	hgnc_alias_symbol
RN	multiple_targets	U2AF1|ZNF362	hgnc_alias_symbol
RNASE9	current_symbol	RNASE10	hgnc_alias_symbol
RNASEH1	current_symbol	RNASEH1P1	hgnc_prev_symbol
RNF35	TRIM61	TRIM40	hgnc_alias_symbol
RNH1	current_symbol	RNASEH1P1	hgnc_alias_symbol
RNR1	current_symbol	NR4A2	hgnc_alias_symbol
RNU1-5	multiple_targets	RNU1-5P|RNVU1-18	hgnc_prev_symbol
RNU1-6P	current_symbol	RNVU1-7	hgnc_prev_symbol
RNU1-7P	current_symbol	RNU1-27P	hgnc_prev_symbol
RNU1-8	multiple_targets	RNU1-28P|RNU1-8P	hgnc_prev_symbol
RNU1-8P	current_symbol	RNU1-28P	hgnc_prev_symbol
RNU12	current_symbol	RNU12-2P	hgnc_prev_symbol
RNU12P	multiple_targets	RNU12|RNU12-2P	hgnc_prev_symbol
RNU1P1	RNVU1-18	RNU1-11P	hgnc_alias_symbol
RNU1P1	RNVU1-18	RNU1-5P	hgnc_withdrawn
ROC1	multiple_targets	RBX1|RIT1	hgnc_alias_symbol
ROR1	current_symbol	RORA	hgnc_alias_symbol
ROR2	current_symbol	RORA	hgnc_alias_symbol
RP1	current_symbol	MAPRE2|TMEM184B-AS1|WHR1	hgnc_alias_symbol
RP11	PRPF31	LINC02598	hgnc_alias_symbol
RP2	current_symbol	NUDT19|WHR1B	hgnc_alias_symbol
RP3	RPGR	MAPRE3	hgnc_alias_symbol
RP42	multiple_targets	DCUN1D1|KLHL7	hgnc_alias_symbol
RP58	multiple_targets	ZBTB18|ZNF513	hgnc_alias_symbol
RP66	ARL2BP	RBP3	hgnc_alias_symbol
RP8	multiple_targets	MT-TS2|PDCD2	hgnc_alias_symbol
RPA1	current_symbol	POLR1A	hgnc_alias_symbol
RPA2	current_symbol	POLR1B	hgnc_alias_symbol
RPD3	multiple_targets	HDAC2|HDAC3|HDAC8	hgnc_alias_symbol
RPEL1	current_symbol	PHACTR1	hgnc_prev_symbol
RPF1	current_symbol	NEDD4	hgnc_alias_symbol
RPL10	current_symbol	RPL15	hgnc_alias_symbol
RPL13	current_symbol	MRPL13	hgnc_alias_symbol
RPL24	current_symbol	RSL24D1	hgnc_alias_symbol
RPL29P3	current_symbol	RPL29P4	hgnc_prev_symbol
RPL36A	current_symbol	RPL36AL	hgnc_prev_symbol
RPML3	MRPL3	MRPL38	hgnc_alias_symbol
RPP2	multiple_targets	POP7|RPLP2	hgnc_alias_symbol
RPS12	current_symbol	MRPS12	hgnc_alias_symbol
RPS17L1	RPS17P2	RPS17	hgnc_alias_symbol
RPS17L2	RPS17P3	RPS17	hgnc_alias_symbol
RPS27AP	RPS27AP3	RPS27AP1	hgnc_alias_symbol
RPT5	multiple_targets	PSMC3|PSMC6	hgnc_alias_symbol
RRP1	current_symbol	RRP1B	hgnc_alias_symbol
RRP17	multiple_targets	NOL12|RASL10B	hgnc_alias_symbol
RS	multiple_targets	PITX2|REG1CP	hgnc_alias_symbol
Rsc6p	multiple_targets	SMARCD1|SMARCD2|SMARCD3	hgnc_alias_symbol
Rsc8	multiple_targets	SMARCC1|SMARCC2	hgnc_alias_symbol
RU2	multiple_targets	DCDC2|HPS5|KAAG1	hgnc_alias_symbol
S10	multiple_targets	PSMD6|RPS10	hgnc_alias_symbol
S100A14	current_symbol	S100A11P1	hgnc_prev_symbol
S100A15	S100A7A	S100A14	hgnc_alias_symbol
S100A16	current_symbol	HRNR	hgnc_alias_symbol
S12	multiple_targets	HTR1B|PSMD7|RPS12	hgnc_alias_symbol
S14	multiple_targets	PSMD8|RPS14|THRSP	hgnc_alias_symbol
S2	multiple_targets	PSMD2|RPS2	hgnc_alias_symbol
S3	multiple_targets	PSMD3|RPS3	hgnc_alias_symbol
S4	multiple_targets	PSMC1|RPS4Y1	hgnc_alias_symbol
S6	multiple_targets	PSMC4|RPS6	hgnc_alias_symbol
S7	multiple_targets	PSMC2|RPS7	hgnc_alias_symbol
S8	multiple_targets	PSMC5|RPS8	hgnc_alias_symbol
S9	multiple_targets	PSMD11|RPS9	hgnc_alias_symbol
SA	multiple_targets	ACSM3|RPSA	hgnc_alias_symbol
SAC3	multiple_targets	FIG4|MCM3AP	hgnc_alias_symbol
SAG	current_symbol	RNF7	hgnc_alias_symbol
SAP	multiple_targets	APCS|SH2D1A	hgnc_alias_symbol
SAP1	multiple_targets	DEFB4A|ELK4	hgnc_alias_symbol
SAP130	current_symbol	SF3B3	hgnc_alias_symbol
SAP190	multiple_targets	PPP6R1|PPP6R2|PPP6R3	hgnc_alias_symbol
SAP2	PSAP	ELK3	hgnc_alias_symbol
SAPL	multiple_targets	NUSAP1|PPP6R3	hgnc_alias_symbol
SAR1	multiple_targets	IQGAP1|SAR1A	hgnc_alias_symbol
SARS	SARS1	SARS2	hgnc_alias_symbol
SAS	TSPAN31	NANS	hgnc_alias_symbol
SAST	multiple_targets	MAST1|OLAH	hgnc_alias_symbol
SAT1	current_symbol	SLC38A1	hgnc_alias_symbol
SAT2	current_symbol	SLC38A2	hgnc_alias_symbol
SAX2	KIF1C	NKX1-1	hgnc_alias_symbol
SBBI31	multiple_targets	SNX24|SNX25	hgnc_alias_symbol
SCA31	BEAN1	TK2	hgnc_alias_symbol
SCAF1	current_symbol	COX7A2L	hgnc_alias_symbol
SCAR1	SETX	WASF1	hgnc_alias_symbol
SCAR2	PMPCA	WASF2	hgnc_alias_symbol
SCCA1	SERPINB3	SERPINB4	hgnc_alias_symbol
SCD	current_symbol	SLC22A5	hgnc_alias_symbol
SCG3	current_symbol	SGCG	hgnc_alias_symbol
SCKL4	multiple_targets	CPAP|PCNT	hgnc_alias_symbol
SCL	multiple_targets	KRT7|SCLY|TAL1	hgnc_alias_symbol
SCP1	multiple_targets	CTDSP1|SYCP1	hgnc_alias_symbol
SCP2	current_symbol	CTDSP2|SYCP2	hgnc_alias_symbol
SCYL1	current_symbol	CCL13	hgnc_alias_symbol
SCYL2	current_symbol	CCL14	hgnc_alias_symbol
SCYL3	current_symbol	CCL15	hgnc_alias_symbol
SD	RANGAP1	SLC17A5	hgnc_alias_symbol
SDH	multiple_targets	SARDH|SDS|SORD	hgnc_alias_symbol
SDP1	multiple_targets	SCAND1|SNX9	hgnc_alias_symbol
SDR1	multiple_targets	DHRS3|NPTN	hgnc_alias_symbol
SDS	current_symbol	SBDS	hgnc_alias_symbol
SEF	multiple_targets	IL17RD|TFCP2	hgnc_alias_symbol
SELP	current_symbol	SELENOP	hgnc_alias_symbol
SEP	multiple_targets	MMEL1|PLXNB1	hgnc_alias_symbol
SEP2	multiple_targets	SEPTIN6|SEPTIN8	hgnc_alias_symbol
SEPT2	SEPTIN2	SEPTIN6	hgnc_alias_symbol
SERPINB11	current_symbol	SERPINB8P1	hgnc_prev_symbol
SERS	multiple_targets	SARS1|SARS2	hgnc_alias_symbol
SES1	multiple_targets	CES1|PHETA1	hgnc_alias_symbol
SES2	multiple_targets	PHETA2|SESN2	hgnc_alias_symbol
SF	multiple_targets	HGF|KITLG	hgnc_alias_symbol
SF1	current_symbol	NR5A1	hgnc_alias_symbol
SFD	TIMP3	ATP6V1H	hgnc_alias_symbol
SFN	current_symbol	REXO2	hgnc_alias_symbol
SGK2	current_symbol	SGK3	hgnc_prev_symbol
SGK2	current_symbol	SGK3	hgnc_withdrawn
SGT1	multiple_targets	SGTA|SUGT1	hgnc_alias_symbol
SHMT	SHMT2	SHMT1	hgnc_alias_symbol
SI	current_symbol	PMEL	hgnc_alias_symbol
SIGLECL1	current_symbol	SIGLEC12	hgnc_prev_symbol
SIII	multiple_targets	ELOA|ELOB|ELOC	hgnc_alias_symbol
SIL	multiple_targets	PMEL|STIL	hgnc_prev_symbol
SIN	multiple_targets	EFS|POLR3E	hgnc_alias_symbol
SIP	multiple_targets	CACYBP|KANK2|RBM14|TP53INP1|TSACC	hgnc_alias_symbol
SIP-1	multiple_targets	NHERF2|ZEB2	hgnc_alias_symbol
SIP1	multiple_targets	SCAF11|ZEB2	hgnc_alias_symbol
SIRPB2	current_symbol	SIRPG	hgnc_prev_symbol
SIT1	current_symbol	SLC6A20	hgnc_alias_symbol
SKD1	VPS4B	VPS4A	hgnc_alias_symbol
SKD2	multiple_targets	NSF|VPS4A	hgnc_alias_symbol
SKIP	multiple_targets	INPP5K|SNW1|SPHKAP	hgnc_alias_symbol
SKP2	current_symbol	UXT	hgnc_alias_symbol
SL1	multiple_targets	TAF1A|TAF1B|TAF1C	hgnc_alias_symbol
SLA	current_symbol	SEPSECS	hgnc_alias_symbol
SLAP	multiple_targets	FAM169A|SLA|SLMAP	hgnc_alias_symbol
SLC17A2	current_symbol	SLC34A1	hgnc_prev_symbol
SLC23A1	current_symbol	SLC23A2	hgnc_prev_symbol
SLC23A2	current_symbol	SLC23A1	hgnc_prev_symbol
SLC4A5	current_symbol	SLC4A4	hgnc_prev_symbol
SLC4A5	current_symbol	SLC4A4	hgnc_withdrawn
SLC6A5	current_symbol	SLC6A2	hgnc_prev_symbol
SLIT1	current_symbol	SLIT3	hgnc_alias_symbol
SLIT3	current_symbol	SLIT1	hgnc_alias_symbol
SLK	current_symbol	FYN	hgnc_alias_symbol
SLP1	multiple_targets	SUCO|SYTL1	hgnc_alias_symbol
SLURP2	current_symbol	LYNX1	hgnc_alias_symbol
SMA3	multiple_targets	GUSBP14|SMN1	hgnc_alias_symbol
SMA3-L	multiple_targets	GUSBP2|GUSBP4	hgnc_alias_symbol
SMAC3L	GUSBP4	GUSBP2	hgnc_alias_symbol
SMAD1	current_symbol	GARS1	hgnc_alias_symbol
SMAP	multiple_targets	BRD8|C11orf58|KIFAP3	hgnc_alias_symbol
SMAP-1	multiple_targets	SMAP1|UNC45A	hgnc_alias_symbol
SMAP2	current_symbol	SMOC2	hgnc_alias_symbol
SMCC	multiple_targets	CNN1|TAGLN	hgnc_alias_symbol
SMILE	multiple_targets	CREBZF|TMTC3	hgnc_alias_symbol
smk1	multiple_targets	PPP4R3A|PPP4R3C	hgnc_alias_symbol
SMN	multiple_targets	SNRPN|STMN1	hgnc_alias_symbol
SMN-AS1	multiple_targets	SMN1-AS1|SMN2-AS1	hgnc_alias_symbol
SMO	current_symbol	SMOX	hgnc_alias_symbol
SMS	current_symbol	RAI1	hgnc_alias_symbol
SN	SIGLEC1	SCG2	hgnc_alias_symbol
SNF2	multiple_targets	SMARCA2|SMARCA4	hgnc_alias_symbol
SNF2L3	HLTF	FOXN2	hgnc_withdrawn
SNF2LB	multiple_targets	SMARCA1|SMARCA4	hgnc_alias_symbol
Sno	multiple_targets	SBNO1|SBNO2	hgnc_alias_symbol
SNORA58B	current_symbol	SNORA58	hgnc_alias_symbol
SNORD115-48	current_symbol	SNORD115-45	hgnc_alias_symbol
SNRNP65	multiple_targets	RNPC3|USP39	hgnc_alias_symbol
SNRPD1	current_symbol	SNRPD2	hgnc_prev_symbol
SNT1	SNTA1	FRS2	hgnc_alias_symbol
SNURF	current_symbol	RNF4	hgnc_alias_symbol
SNX30	current_symbol	SNX33	hgnc_alias_symbol
SOAT	SOAT1	SLC10A6	hgnc_alias_symbol
SOCS4	current_symbol	SOCS6	hgnc_prev_symbol
SOCS7	current_symbol	SOCS4	hgnc_prev_symbol
SP17	multiple_targets	CCDC54|SPA17	hgnc_alias_symbol
SPANX	multiple_targets	SPANXA1|SPANXA2	hgnc_prev_symbol
SPAT	AGXT	SFSPAT	hgnc_alias_symbol
SPATA8	current_symbol	SPATS1	hgnc_alias_symbol
SPB1	multiple_targets	FTSJ1|FTSJ3	hgnc_alias_symbol
SPC1	multiple_targets	FURIN|SPCS1	hgnc_alias_symbol
SPC3	multiple_targets	PCSK1|SPCS3	hgnc_alias_symbol
SPIN	SPIN1	GTF2I	hgnc_alias_symbol
SPIN1	current_symbol	SPNS1	hgnc_alias_symbol
SPK	multiple_targets	PBK|SYMPK	hgnc_alias_symbol
SPN	current_symbol	DEAF1	hgnc_alias_symbol
SPO	multiple_targets	LPO|SYNPR	hgnc_alias_symbol
SPP1	current_symbol	CXXC1	hgnc_alias_symbol
SPP2	current_symbol	SGPP2	hgnc_alias_symbol
SPR	current_symbol	TACR1	hgnc_alias_symbol
SPRING	multiple_targets	SPRING1|TRIM9	hgnc_alias_symbol
SPS1	multiple_targets	SEPHS1|SRM	hgnc_alias_symbol
SPTBN1-AS2	current_symbol	SPTBN1-AS1	hgnc_prev_symbol
SPX1	multiple_targets	SLC37A1|SPX	hgnc_alias_symbol
SRA1	current_symbol	SOX9	hgnc_alias_symbol
SRBC	CD2	CAVIN3	hgnc_alias_symbol
SRC1	SRC	NCOA1	hgnc_alias_symbol
SRGAP2	current_symbol	SRGAP3	hgnc_prev_symbol
SRM	current_symbol	SRMS	hgnc_alias_symbol
SRPSMCR	multiple_targets	SRP68P2|SRP68P3	hgnc_alias_symbol
SS	multiple_targets	GYPB|SHOX	hgnc_alias_symbol
SSS1	multiple_targets	SCN5A|SEC61G	hgnc_alias_symbol
ST2L	multiple_targets	IL1RL1|TMED1	hgnc_alias_symbol
ST7	current_symbol	LRP12	hgnc_alias_symbol
STAG1	current_symbol	PMEPA1	hgnc_alias_symbol
STAP1	current_symbol	UXT	hgnc_alias_symbol
STAR	current_symbol	GUCY2C	hgnc_alias_symbol
STD	SULT2A1	ZAP70	hgnc_alias_symbol
STK1	multiple_targets	CDK7|FLT3	hgnc_alias_symbol
STK2	NEK4	SLK	hgnc_alias_symbol
STK3	current_symbol	STK24	hgnc_alias_symbol
STK7	multiple_targets	AURKA|PKN2	hgnc_alias_symbol
STP	SULT1A1	TRIP10	hgnc_alias_symbol
STRA13	multiple_targets	BHLHE40|CENPX	hgnc_prev_symbol
STRAP	current_symbol	SRFBP1	hgnc_alias_symbol
Stv1	multiple_targets	ATP6V0A1|ATP6V0A2|ATP6V0A4	hgnc_alias_symbol
SUH	multiple_targets	RBPJ|RBPJL	hgnc_alias_symbol
SULT1C2	current_symbol	SULT1C4	hgnc_prev_symbol
SWAP	multiple_targets	ITSN2|SFSWAP	hgnc_alias_symbol
SWI2	multiple_targets	SMARCA2|SMARCA4	hgnc_alias_symbol
SYD1	multiple_targets	SPAG9|SYDE1	hgnc_alias_symbol
SYM1	NOG	MPV17	hgnc_alias_symbol
SYN	multiple_targets	FYN|SYNM	hgnc_alias_symbol
SYT	SYT1	SS18	hgnc_alias_symbol
SYT14L	multiple_targets	SYT14P1|SYT16	hgnc_prev_symbol
T1	multiple_targets	CD5|IL1RL1|SLC25A4|TRAPPC9	hgnc_alias_symbol
TAF2A	multiple_targets	TAF1|TAF10	hgnc_prev_symbol
TAF2C2	TAF4B	PAPPA-AS1	hgnc_alias_symbol
TAF4B	current_symbol	PAPPA-AS1	hgnc_alias_symbol
TAFII105	multiple_targets	PAPPA-AS1|TAF4B	hgnc_alias_symbol
TAK1	MAP3K7	NR2C2	hgnc_alias_symbol
tamo	multiple_targets	SPATA2|SPATA2L	hgnc_alias_symbol
TAO1	multiple_targets	TAOK1|TAOK2	hgnc_alias_symbol
TAP	multiple_targets	FLNB|NXF1|SEC14L2|USO1	hgnc_alias_symbol
TAP1	current_symbol	SEC14L2	hgnc_alias_symbol
TAP2	current_symbol	SEC14L3	hgnc_alias_symbol
TAT1	multiple_targets	SLC16A10|SLC26A8	hgnc_alias_symbol
TAZ	TAFAZZIN	WWTR1	hgnc_alias_symbol
TBC1D3I	current_symbol	TBC1D3B	hgnc_prev_symbol
TBL1	TBL1X	TBL1Y	hgnc_alias_symbol
TBP1	multiple_targets	PSMC3|TBP	hgnc_alias_symbol
TC1	multiple_targets	TCIM|TCN1	hgnc_alias_symbol
TCEA1	current_symbol	TCEA1P2	hgnc_alias_symbol
TCEB1L	SKP1P1	SKP1	hgnc_alias_symbol
TCF3	current_symbol	TCF7L1	hgnc_prev_symbol
TCF4	current_symbol	TCF7L2	hgnc_prev_symbol
TCRAV17S1	multiple_targets	TRAV17|TRAV23DV6	hgnc_alias_symbol
TCRAV19S1	multiple_targets	TRAV19|TRAV41	hgnc_alias_symbol
TCRAV25S1	multiple_targets	TRAV25|TRAV35	hgnc_alias_symbol
TCRAV31S1	multiple_targets	TRAV31|TRAV40	hgnc_alias_symbol
TCRAV4S1	multiple_targets	TRAV26-2|TRAV4	hgnc_alias_symbol
TCRBV12S2	multiple_targets	TRBV10-1|TRBV12-2	hgnc_alias_symbol
TCRBV12S3	multiple_targets	TRBV10-2|TRBV12-3	hgnc_alias_symbol
TCRBV13S1	multiple_targets	TRBV13|TRBV6-5	hgnc_alias_symbol
TCRBV14S1	multiple_targets	TRBV14|TRBV27	hgnc_alias_symbol
TCRBV15S1	multiple_targets	TRBV15|TRBV24-1	hgnc_alias_symbol
TCRBV21S1	multiple_targets	TRBV11-1|TRBV21-1	hgnc_alias_symbol
TCRBV2S1	multiple_targets	TRBV2|TRBV20-1	hgnc_alias_symbol
TCRBV3S1	multiple_targets	TRBV28|TRBV3-1	hgnc_alias_symbol
TCRGV5P	TRGV5P	TRGV6	hgnc_alias_symbol
TDE2	SERINC1	SERINC2	hgnc_alias_symbol
TDGF2	CRIPTOP2	CRIPTO3	hgnc_alias_symbol
TE2	multiple_targets	NAA10|OLAH	hgnc_alias_symbol
TEL2	multiple_targets	ETV7|TELO2	hgnc_alias_symbol
TEN1	current_symbol	TENM1	hgnc_alias_symbol
TEP1	current_symbol	PTEN	hgnc_alias_symbol
TER	multiple_targets	TECR|TERC	hgnc_alias_symbol
TERA	multiple_targets	SINHCAF|VCP	hgnc_alias_symbol
TF	current_symbol	F3	hgnc_alias_symbol
TFIIA	multiple_targets	GTF2A1|GTF2A2	hgnc_alias_symbol
TFIIF	multiple_targets	GTF2F1|GTF2F2|GTF2F2P1	hgnc_alias_symbol
TFIIH	multiple_targets	GTF2H1|GTF2H2|GTF2H3|GTF2H4|GTF2H5	hgnc_alias_symbol
TFIIS	multiple_targets	TCEA1|TCEA2	hgnc_alias_symbol
TGIF	TGIF1	IL10	hgnc_alias_symbol
TGT	multiple_targets	QTRT1|USP14	hgnc_alias_symbol
THC2	ANKRD26	MASTL	hgnc_alias_symbol
THRA1	THRA	NR1D1	hgnc_alias_symbol
THY1-AS1	current_symbol	USP2-AS1	hgnc_alias_symbol
TIG1	multiple_targets	GPRC5A|RARRES1	hgnc_alias_symbol
TIH1	multiple_targets	PHLDA3|RUVBL1	hgnc_alias_symbol
TIM	multiple_targets	ARHGEF5|TIMELESS	hgnc_alias_symbol
TIM1	multiple_targets	ARHGEF5|HAVCR1|TIMELESS	hgnc_alias_symbol
TIP	multiple_targets	ITFG1|METTL8	hgnc_alias_symbol
TIP39	multiple_targets	PTH2|TFIP11	hgnc_alias_symbol
TKT	current_symbol	DDR2	hgnc_alias_symbol
TLN	TLN1	ICAM5	hgnc_alias_symbol
TLP	multiple_targets	CRIP3|TBPL1	hgnc_alias_symbol
TLX	NR2E1	CD46	hgnc_alias_symbol
TMPRSS3	current_symbol	TMPRSS4	hgnc_alias_symbol
TMS-1	multiple_targets	PYCARD|SERINC3	hgnc_alias_symbol
TN	multiple_targets	CLEC3B|TNC	hgnc_alias_symbol
TNFRSF11B	current_symbol	BTF3P11	hgnc_alias_symbol
TNNC1	current_symbol	TNNI3	hgnc_alias_symbol
TNT	multiple_targets	C16orf82|TNNT1	hgnc_alias_symbol
TNX	TNXA	TNXB	hgnc_alias_symbol
TP	multiple_targets	LCN1|TMPO	hgnc_alias_symbol
TP2	multiple_targets	TERT|TNP2	hgnc_alias_symbol
TPC	multiple_targets	CCDC6|SLC25A19	hgnc_alias_symbol
TPH2	current_symbol	TDO2	hgnc_alias_symbol
TPO	current_symbol	THPO	hgnc_alias_symbol
TPRKB	current_symbol	TP53RK	hgnc_alias_symbol
TPT	multiple_targets	PDSS1|SHH	hgnc_alias_symbol
TR	multiple_targets	F2R|TERC|TMEFF2|TXNRD2	hgnc_alias_symbol
TR1	multiple_targets	TAS1R1|TNFRSF11B	hgnc_alias_symbol
TR2	multiple_targets	TAS1R2|TNFRSF14|TXNRD3	hgnc_alias_symbol
TR3	multiple_targets	NR4A1|TNFRSF25|TXNRD2	hgnc_alias_symbol
TRA-TGC3-1	current_symbol	TRA-TGC3-2	hgnc_prev_symbol
TRA-TGC3-2	current_symbol	TRA-TGC3-1	hgnc_prev_symbol
TRAF2	current_symbol	TANK	hgnc_prev_symbol
TRAM	multiple_targets	TICAM2|TRAM1	hgnc_alias_symbol
TRAMP	multiple_targets	TNFRSF25|TRAM1|ZBED1	hgnc_alias_symbol
TRAP	multiple_targets	ACP5|CD40LG|SCYL1	hgnc_alias_symbol
TRAP1	current_symbol	TGFBRAP1	hgnc_alias_symbol
TRAP1	current_symbol	HSP90B2P	hgnc_prev_symbol
TRAP2	HSP90B3P	PSMD2	hgnc_alias_symbol
TRAV11	current_symbol	TRAV1-1	hgnc_alias_symbol
TRB1	multiple_targets	TAS2R14|TRIB1	hgnc_alias_symbol
TRB2	multiple_targets	TAS2R10|TRIB2	hgnc_alias_symbol
TRB3	multiple_targets	TAS2R13|TRIB3	hgnc_alias_symbol
TRBP	multiple_targets	NCOA6|TARBP2P1	hgnc_alias_symbol
TRC-GCA2-1	current_symbol	TRC-GCA2-2	hgnc_prev_symbol
TRC-GCA2-2	current_symbol	TRC-GCA2-3	hgnc_prev_symbol
TRC-GCA2-3	current_symbol	TRC-GCA2-4	hgnc_prev_symbol
TRC-GCA2-4	current_symbol	TRC-GCA2-1	hgnc_prev_symbol
TRD	current_symbol	TRD-GTC9-1	hgnc_prev_symbol
TRD-GTC2-10	current_symbol	TRD-GTC2-6	hgnc_prev_symbol
TRD-GTC2-11	current_symbol	TRD-GTC2-7	hgnc_prev_symbol
TRD-GTC2-6	current_symbol	TRD-GTC2-8	hgnc_prev_symbol
TRD-GTC2-7	current_symbol	TRD-GTC2-9	hgnc_prev_symbol
TRD-GTC2-8	current_symbol	TRD-GTC2-10	hgnc_prev_symbol
TRD-GTC2-9	current_symbol	TRD-GTC2-11	hgnc_prev_symbol
TRE	TRE-TTC3-1	TREH	hgnc_alias_symbol
TRE-TTC1-1	current_symbol	TRE-TTC1-2	hgnc_prev_symbol
TRE-TTC1-2	current_symbol	TRE-TTC1-1	hgnc_prev_symbol
TRF	multiple_targets	IL5|TERF1	hgnc_alias_symbol
TRF-GAA1-1	current_symbol	TRF-GAA1-3	hgnc_prev_symbol
TRF-GAA1-2	current_symbol	TRF-GAA1-4	hgnc_prev_symbol
TRF-GAA1-3	current_symbol	TRF-GAA1-5	hgnc_prev_symbol
TRF-GAA1-4	current_symbol	TRF-GAA1-6	hgnc_prev_symbol
TRF-GAA1-5	current_symbol	TRF-GAA1-1	hgnc_prev_symbol
TRF-GAA1-6	current_symbol	TRF-GAA1-2	hgnc_prev_symbol
TRF2	multiple_targets	TBPL1|TERF2	hgnc_alias_symbol
TRG-CCC2-1	current_symbol	TRG-CCC2-2	hgnc_prev_symbol
TRG-CCC2-2	current_symbol	TRG-CCC2-1	hgnc_prev_symbol
TRG-GCC2-2	current_symbol	TRG-GCC2-4	hgnc_prev_symbol
TRG-GCC2-3	current_symbol	TRG-GCC2-5	hgnc_prev_symbol
TRG-GCC2-4	current_symbol	TRG-GCC2-6	hgnc_prev_symbol
TRG-GCC2-5	current_symbol	TRG-GCC2-2	hgnc_prev_symbol
TRG-GCC2-6	current_symbol	TRG-GCC2-3	hgnc_prev_symbol
TRH-GTG1-5	current_symbol	TRH-GTG1-7	hgnc_prev_symbol
TRH-GTG1-6	current_symbol	TRH-GTG1-8	hgnc_prev_symbol
TRH-GTG1-7	current_symbol	TRH-GTG1-9	hgnc_prev_symbol
TRH-GTG1-8	current_symbol	TRH-GTG1-5	hgnc_prev_symbol
TRH-GTG1-9	current_symbol	TRH-GTG1-6	hgnc_prev_symbol
TRI-AAT5-1	current_symbol	TRI-AAT5-4	hgnc_prev_symbol
TRI-AAT5-2	current_symbol	TRI-AAT5-5	hgnc_prev_symbol
TRI-AAT5-3	current_symbol	TRI-AAT5-1	hgnc_prev_symbol
TRI-AAT5-4	current_symbol	TRI-AAT5-2	hgnc_prev_symbol
TRI-AAT5-5	current_symbol	TRI-AAT5-3	hgnc_prev_symbol
TRIM80P	current_symbol	TRIM53BP	hgnc_prev_symbol
TRIP	multiple_targets	LRRFIP1|TRAIP	hgnc_alias_symbol
TRK	multiple_targets	NTRK1|TPM3	hgnc_alias_symbol
TRK-CTT2-2	current_symbol	TRK-CTT2-5	hgnc_prev_symbol
TRK-CTT2-3	current_symbol	TRK-CTT2-2	hgnc_prev_symbol
TRK-CTT2-4	current_symbol	TRK-CTT2-3	hgnc_prev_symbol
TRK-CTT2-5	current_symbol	TRK-CTT2-4	hgnc_prev_symbol
TRK-TTT3-3	current_symbol	TRK-TTT3-4	hgnc_prev_symbol
TRK-TTT3-4	current_symbol	TRK-TTT3-5	hgnc_prev_symbol
TRK-TTT3-5	current_symbol	TRK-TTT3-3	hgnc_prev_symbol
TRL-AAG2-1	current_symbol	TRL-AAG2-3	hgnc_prev_symbol
TRL-AAG2-2	current_symbol	TRL-AAG2-4	hgnc_prev_symbol
TRL-AAG2-3	current_symbol	TRL-AAG2-1	hgnc_prev_symbol
TRL-AAG2-4	current_symbol	TRL-AAG2-2	hgnc_prev_symbol
TRM1	multiple_targets	TRX-CAT1-2|TRX-CAT2-1	hgnc_prev_symbol
TRN	TRN-GTT2-1	TNPO1	hgnc_alias_symbol
TRN2	TRN-GTT4-1	TNPO2	hgnc_alias_symbol
TRNP1	current_symbol	TRL-AAG2-3|TRP-AGG2-5|TRP-AGG2-6	hgnc_prev_symbol
TRP-AGG2-2	current_symbol	TRP-AGG2-4	hgnc_prev_symbol
TRP-AGG2-3	current_symbol	TRP-AGG2-5	hgnc_prev_symbol
TRP-AGG2-4	current_symbol	TRP-AGG2-6	hgnc_prev_symbol
TRP-AGG2-5	current_symbol	TRP-AGG2-7	hgnc_prev_symbol
TRP-AGG2-6	current_symbol	TRP-AGG2-8	hgnc_prev_symbol
TRP-AGG2-7	current_symbol	TRP-AGG2-2	hgnc_prev_symbol
TRP-AGG2-8	current_symbol	TRP-AGG2-3	hgnc_prev_symbol
TRP-TGG3-1	current_symbol	TRP-TGG3-2	hgnc_prev_symbol
TRP-TGG3-2	current_symbol	TRP-TGG3-3	hgnc_prev_symbol
TRP-TGG3-3	current_symbol	TRP-TGG3-4	hgnc_prev_symbol
TRP-TGG3-4	current_symbol	TRP-TGG3-5	hgnc_prev_symbol
TRP-TGG3-5	current_symbol	TRP-TGG3-1	hgnc_prev_symbol
TRP2	TRP-AGG2-6	DCT	hgnc_alias_symbol
TRPC7	current_symbol	TRPM2	hgnc_prev_symbol
TRQ-CTG1-1	current_symbol	TRQ-CTG1-4	hgnc_prev_symbol
TRQ-CTG1-2	current_symbol	TRQ-CTG1-5	hgnc_prev_symbol
TRQ-CTG1-3	current_symbol	TRQ-CTG1-1	hgnc_prev_symbol
TRQ-CTG1-4	current_symbol	TRQ-CTG1-2	hgnc_prev_symbol
TRQ-CTG1-5	current_symbol	TRQ-CTG1-3	hgnc_prev_symbol
TRR-ACG1-1	current_symbol	TRR-ACG1-3	hgnc_prev_symbol
TRR-ACG1-2	current_symbol	TRR-ACG1-1	hgnc_prev_symbol
TRR-ACG1-3	current_symbol	TRR-ACG1-2	hgnc_prev_symbol
TRR-CCG1-1	current_symbol	TRR-CCG1-3	hgnc_prev_symbol
TRR-CCG1-2	current_symbol	TRR-CCG1-1	hgnc_prev_symbol
TRR-CCG1-3	current_symbol	TRR-CCG1-2	hgnc_prev_symbol
TRR-TCT3-1	current_symbol	TRR-TCT3-2	hgnc_prev_symbol
TRR-TCT3-2	current_symbol	TRR-TCT3-1	hgnc_prev_symbol
TRS-AGA2-1	current_symbol	TRS-AGA2-6	hgnc_prev_symbol
TRS-AGA2-2	current_symbol	TRS-AGA2-1	hgnc_prev_symbol
TRS-AGA2-3	current_symbol	TRS-AGA2-2	hgnc_prev_symbol
TRS-AGA2-4	current_symbol	TRS-AGA2-3	hgnc_prev_symbol
TRS-AGA2-5	current_symbol	TRS-AGA2-4	hgnc_prev_symbol
TRS-AGA2-6	current_symbol	TRS-AGA2-5	hgnc_prev_symbol
TRS-GCT4-1	current_symbol	TRS-GCT4-2	hgnc_prev_symbol
TRS-GCT4-2	current_symbol	TRS-GCT4-3	hgnc_prev_symbol
TRS-GCT4-3	current_symbol	TRS-GCT4-1	hgnc_prev_symbol
TRT-AGT4-1	current_symbol	TRT-AGT5-1	hgnc_prev_symbol
TRT-AGT5-1	current_symbol	TRT-AGT4-1	hgnc_prev_symbol
TRW-CCA3-1	current_symbol	TRW-CCA3-3	hgnc_prev_symbol
TRW-CCA3-2	current_symbol	TRW-CCA3-1	hgnc_prev_symbol
TRW-CCA3-3	current_symbol	TRW-CCA3-2	hgnc_prev_symbol
TRX-CAT1-2	current_symbol	TRX-CAT1-8	hgnc_prev_symbol
TRX-CAT1-3	current_symbol	TRX-CAT1-2	hgnc_prev_symbol
TRX-CAT1-4	current_symbol	TRX-CAT1-3	hgnc_prev_symbol
TRX-CAT1-5	current_symbol	TRX-CAT1-4	hgnc_prev_symbol
TRX-CAT1-6	current_symbol	TRX-CAT1-5	hgnc_prev_symbol
TRX-CAT1-7	current_symbol	TRX-CAT1-6	hgnc_prev_symbol
TRX-CAT1-8	current_symbol	TRX-CAT1-7	hgnc_prev_symbol
TRY-GTA5-1	current_symbol	TRY-GTA5-3	hgnc_prev_symbol
TRY-GTA5-2	current_symbol	TRY-GTA5-4	hgnc_prev_symbol
TRY-GTA5-3	current_symbol	TRY-GTA5-5	hgnc_prev_symbol
TRY-GTA5-4	current_symbol	TRY-GTA5-1	hgnc_prev_symbol
TRY-GTA5-5	current_symbol	TRY-GTA5-2	hgnc_prev_symbol
TRY3	multiple_targets	PRSS3|PRSS3P3	hgnc_alias_symbol
TS	multiple_targets	CACNA1C|TBXAS1	hgnc_alias_symbol
TSBP	multiple_targets	CTR9|TSBP1	hgnc_alias_symbol
TSC	multiple_targets	SLC12A3|TESC	hgnc_alias_symbol
TSG	multiple_targets	RASEF|TWSG1	hgnc_alias_symbol
TSH1	multiple_targets	THNSL1|TSHZ1	hgnc_alias_symbol
TSH2	multiple_targets	THNSL2|TSHZ2	hgnc_alias_symbol
TSN	current_symbol	SND1	hgnc_alias_symbol
TSSK1	TSSK1B	TSSK1A	hgnc_alias_symbol
TTF1	current_symbol	NKX2-1	hgnc_alias_symbol
TTG1	multiple_targets	LMO1|ODR4	hgnc_alias_symbol
TTL	current_symbol	LINC00598	hgnc_alias_symbol
TTLL5	current_symbol	TTLL10	hgnc_prev_symbol
TTP	multiple_targets	ADAMTS13|ZFP36	hgnc_alias_symbol
TTY11	multiple_targets	TTTY11|TTTY12	hgnc_alias_symbol
TUBB	current_symbol	TUBB2A	hgnc_prev_symbol
TYRO4	EPHA3	EPHA5	hgnc_alias_symbol
U13	multiple_targets	SNORD13|SNORD13P1|SNORD13P2|SNORD13P3	hgnc_alias_symbol
U14	multiple_targets	SNORD14A|SNORD14B	hgnc_alias_symbol
U19	multiple_targets	EAF2|SNORA74A	hgnc_alias_symbol
U2	multiple_targets	RNU2-1|RNU2-2|RNU2-3P|RNU2-4P|RNU2-5P	hgnc_alias_symbol
U2AF1L4	current_symbol	IGFLR1	hgnc_prev_symbol
U3	multiple_targets	SNORD3A|SNORD3F|SNORD3P1|SNORD3P3|SNORD3P4	hgnc_alias_symbol
U3b2	multiple_targets	SNORD3B-1|SNORD3B-2	hgnc_alias_symbol
U4	multiple_targets	RNU4-1|RNU4-3P|RNU4-4P|RNU4-5P|RNU4-6P|RNU4-7P|RNU4-8P	hgnc_alias_symbol
U5B1	multiple_targets	RNU5A-1|RNU5B-1	hgnc_alias_symbol
U6	multiple_targets	RNU6-1|RNU6-50P	hgnc_alias_symbol
U62	multiple_targets	SNORD62A|SNORD62B	hgnc_alias_symbol
U87	multiple_targets	SCARNA5|SNORD87	hgnc_alias_symbol
UBC2	multiple_targets	UBE2A|UBE2B	hgnc_alias_symbol
UBC7	multiple_targets	UBE2G1|UBE2G2	hgnc_alias_symbol
UBXD10	multiple_targets	NSFL1C|UBXN1	hgnc_alias_symbol
uc.115	multiple_targets	LINC03179|LINC03180	hgnc_alias_symbol
uc.162	multiple_targets	LINC03194|LINC03195	hgnc_alias_symbol
uc.17	multiple_targets	LINC03166|LINC03167	hgnc_alias_symbol
uc.206	multiple_targets	LINC01162|LINC03188	hgnc_alias_symbol
uc.250	multiple_targets	LINC00583|LINC03190	hgnc_alias_symbol
uc.303	multiple_targets	LINC02681|LINC03191	hgnc_alias_symbol
uc.321	multiple_targets	LINC02751|LINC03196	hgnc_alias_symbol
uc.357	multiple_targets	SOX1-AS1|SOX1-OT	hgnc_alias_symbol
uc.362	multiple_targets	LINC02326|LINC02327|LINC03199	hgnc_alias_symbol
UCN2	current_symbol	UTS2	hgnc_alias_symbol
UFD2	multiple_targets	UBE4A|UBE4B	hgnc_alias_symbol
UFM1P1	current_symbol	UFM1P3	hgnc_prev_symbol
UGD	multiple_targets	UGDH|UXS1	hgnc_alias_symbol
UGT	multiple_targets	SLC35A2|UGT1A	hgnc_alias_symbol
UGT1	UGT1A1	SLC35A2	hgnc_alias_symbol
UGT1A	current_symbol	UGT1A1	hgnc_alias_symbol
UGT2B11	current_symbol	UGT2B4	hgnc_alias_symbol
ULG5	multiple_targets	LHCGR|SIL1	hgnc_alias_symbol
UNG2	multiple_targets	CCNO|UNG	hgnc_alias_symbol
UNR	multiple_targets	CSDE1|P2RY4	hgnc_alias_symbol
UP2	multiple_targets	UPK2|UPP2	hgnc_alias_symbol
UPA	multiple_targets	PLAU|PRAP1	hgnc_alias_symbol
URP	multiple_targets	UCN2|UNC50|UTS2B|ZRSR2	hgnc_alias_symbol
USE1	current_symbol	UBE2Z	hgnc_alias_symbol
USP10	current_symbol	USP32	hgnc_alias_symbol
USP12	current_symbol	USP12P1	hgnc_prev_symbol
USP12P2	current_symbol	USP12PX	hgnc_prev_symbol
USP12P3	current_symbol	USP12PY	hgnc_prev_symbol
USP16	current_symbol	USP21	hgnc_alias_symbol
USP21	current_symbol	USP25	hgnc_alias_symbol
USP31	current_symbol	USP48	hgnc_prev_symbol
UT2	multiple_targets	ARMH4|SLC14A2	hgnc_alias_symbol
V1S5P	multiple_targets	TRGV5P|TRGV6	hgnc_alias_symbol
VARS2	current_symbol	VARS1	hgnc_prev_symbol
VAT1	current_symbol	SLC18A1	hgnc_prev_symbol
VAT1	current_symbol	SLC18A1	hgnc_withdrawn
VATB	multiple_targets	ATP6V1B1|ATP6V1B2	hgnc_alias_symbol
VDAC3	current_symbol	VDAC1P5	hgnc_prev_symbol
VINC	multiple_targets	NEAT1|VCL	hgnc_alias_symbol
VIP	current_symbol	CPAMD8	hgnc_alias_symbol
Vma10	multiple_targets	ATP6V1G1|ATP6V1G2|ATP6V1G3	hgnc_alias_symbol
Vma2	multiple_targets	ATP6V1B1|ATP6V1B2	hgnc_alias_symbol
Vph1	multiple_targets	ATP6V0A1|ATP6V0A2|ATP6V0A4	hgnc_alias_symbol
VPP2	ATP6V1A	ATP6V0A4	hgnc_alias_symbol
VPP3	multiple_targets	ATP6V1B1|ATP6V1B2	hgnc_prev_symbol
VR1	TRPV1	VTRNA1-1	hgnc_alias_symbol
VRP	multiple_targets	TBC1D8|VEGFC	hgnc_alias_symbol
VWS1	multiple_targets	CAMK1G|IRF6	hgnc_alias_symbol
WAGR	multiple_targets	PAX6|WT1	hgnc_alias_symbol
WBP1	current_symbol	DDOST	hgnc_alias_symbol
WBSCR20B	multiple_targets	NSUN5P1|NSUN5P2	hgnc_alias_symbol
WDR11	current_symbol	PHIP	hgnc_prev_symbol
WDR82	current_symbol	WDR82P1	hgnc_prev_symbol
XAP4	multiple_targets	POLR2E|RBCK1	hgnc_alias_symbol
XBP1	current_symbol	XBP1P1	hgnc_prev_symbol
XCE	current_symbol	ECEL1	hgnc_alias_symbol
XDH	current_symbol	SORD	hgnc_alias_symbol
YDR084C	multiple_targets	TVP23A|TVP23B	hgnc_alias_symbol
YMR292W	multiple_targets	GOLT1A|GOLT1B	hgnc_alias_symbol
ZAC	multiple_targets	PLAGL1|ZACN	hgnc_alias_symbol
ZAP	multiple_targets	YLPM1|ZC3HAV1	hgnc_alias_symbol
Zfp27	multiple_targets	ZNF585A|ZNF585B	hgnc_alias_symbol
ZIN	multiple_targets	RNF216|STRN4	hgnc_alias_symbol
ZIP	multiple_targets	DAPK3|ZGPAT	hgnc_alias_symbol
ZIP4	multiple_targets	SLC39A4|TEX11	hgnc_alias_symbol
ZNF20	current_symbol	ZNF121	hgnc_alias_symbol
ZNF230	current_symbol	RNF141	hgnc_alias_symbol
ZNF322	current_symbol	ZNF322P1	hgnc_prev_symbol
ZNF422	multiple_targets	PHF8|ZNF22	hgnc_alias_symbol
ZNF474	current_symbol	ZNF106	hgnc_alias_symbol
ZNF475	current_symbol	ZFP1	hgnc_alias_symbol
ZNF72	ZNF72BP	ZNF72AP	hgnc_alias_symbol
ZNT8	multiple_targets	SLC30A10|SLC30A8	hgnc_alias_symbol
ZRC1	multiple_targets	SLC30A1|SLC30A10	hgnc_alias_symbol
ZYG11	ZYG11B	ZYG11A	hgnc_alias_symbol
